o hand_left
v -0.219704 0.532865 0.886021
v -0.211948 0.539193 0.884066
v -0.209991 0.528256 0.886185
v -0.217976 0.522780 0.886971
v -0.190776 0.539463 0.884466
v -0.181879 0.539046 0.875941
v -0.184033 0.523875 0.880565
v -0.190859 0.526629 0.887666
v -0.217705 0.514151 0.885749
v -0.208903 0.519690 0.887575
v -0.217632 0.510465 0.880352
v -0.229320 0.507499 0.875854
v -0.226925 0.510288 0.882851
v -0.237804 0.505232 0.876317
v -0.230420 0.512566 0.865660
v -0.245302 0.509033 0.871168
v -0.245871 0.538890 0.865360
v -0.249463 0.551095 0.870227
v -0.261569 0.541486 0.878507
v -0.256226 0.529764 0.873514
v -0.259134 0.560910 0.886170
v -0.261095 0.549869 0.882327
v -0.250097 0.559604 0.873154
v -0.248879 0.568975 0.877160
v -0.221849 0.549610 0.887366
v -0.214645 0.556750 0.884464
v -0.214345 0.550688 0.883228
v -0.220869 0.544105 0.885968
v -0.207738 0.505164 0.873716
v -0.211645 0.511631 0.865078
v -0.216897 0.509920 0.871373
v -0.209011 0.506046 0.879119
v -0.196120 0.579379 0.883938
v -0.191137 0.586331 0.873483
v -0.189533 0.581648 0.870363
v -0.194939 0.576377 0.880380
v -0.182819 0.560295 0.867145
v -0.183546 0.568186 0.860180
v -0.182096 0.565495 0.846524
v -0.183612 0.556701 0.850781
v -0.181996 0.549676 0.872586
v -0.180935 0.547049 0.858646
v -0.180666 0.536313 0.864577
v -0.182441 0.520993 0.871687
v -0.196657 0.596995 0.878013
v -0.200661 0.593432 0.886651
v -0.242401 0.485120 0.915604
v -0.242733 0.489822 0.919168
v -0.243172 0.491808 0.915822
v -0.243011 0.486743 0.912824
v -0.215348 0.604432 0.876457
v -0.222198 0.604496 0.869051
v -0.216916 0.609120 0.867094
v -0.209611 0.607792 0.872882
v -0.222842 0.599865 0.881204
v -0.228958 0.597558 0.872003
v -0.252831 0.477772 0.916950
v -0.247983 0.478109 0.915249
v -0.250522 0.479614 0.911357
v -0.255626 0.480046 0.912818
v -0.225540 0.517135 0.887306
v -0.225969 0.526671 0.889432
v -0.238642 0.510023 0.893382
v -0.235094 0.516954 0.892029
v -0.232697 0.511847 0.887441
v -0.236836 0.506731 0.888331
v -0.238959 0.539462 0.898228
v -0.230955 0.546052 0.892859
v -0.230407 0.539646 0.891105
v -0.238084 0.531006 0.896765
v -0.231983 0.558235 0.900041
v -0.240085 0.550826 0.904422
v -0.239813 0.558641 0.907998
v -0.233417 0.562348 0.904945
v -0.253437 0.536282 0.909414
v -0.257816 0.532411 0.911455
v -0.258023 0.534692 0.913706
v -0.253572 0.539687 0.910834
v -0.212215 0.613509 0.864104
v -0.204167 0.610307 0.868759
v -0.255771 0.579379 0.896920
v -0.248587 0.585923 0.902547
v -0.258665 0.580874 0.910717
v -0.263910 0.575207 0.902244
v -0.226405 0.599027 0.861286
v -0.222471 0.605583 0.859476
v -0.257049 0.480676 0.920429
v -0.259537 0.483175 0.916516
v -0.187826 0.536183 0.853194
v -0.187068 0.519048 0.863083
v -0.189265 0.549175 0.846352
v -0.190728 0.558332 0.841514
v -0.189003 0.565144 0.836731
v -0.239518 0.519709 0.896392
v -0.225953 0.536190 0.888800
v -0.222467 0.554312 0.889371
v -0.226920 0.578160 0.908478
v -0.219064 0.583533 0.903796
v -0.218767 0.573087 0.901496
v -0.226132 0.570664 0.905633
v -0.242219 0.585453 0.910021
v -0.237991 0.579318 0.913313
v -0.245595 0.575380 0.917545
v -0.251129 0.580780 0.915703
v -0.202060 0.503119 0.868954
v -0.205736 0.513415 0.860202
v -0.207230 0.601130 0.882378
v -0.201834 0.602751 0.877019
v -0.197663 0.606514 0.870676
v -0.204567 0.567085 0.884210
v -0.193998 0.574254 0.878042
v -0.192915 0.570163 0.876900
v -0.205030 0.564315 0.882535
v -0.202959 0.546521 0.884450
v -0.191629 0.553400 0.880853
v -0.201617 0.534642 0.888058
v -0.186246 0.576382 0.865277
v -0.183605 0.586901 0.863758
v -0.181292 0.580398 0.858168
v -0.187587 0.594866 0.867859
v -0.192368 0.601877 0.870609
v -0.219880 0.612345 0.854992
v -0.180899 0.574216 0.852463
v -0.191860 0.517535 0.888901
v -0.192499 0.509569 0.889922
v -0.200316 0.510157 0.890118
v -0.200539 0.517438 0.889536
v -0.245233 0.501597 0.879820
v -0.239179 0.502730 0.884367
v -0.232706 0.506928 0.881357
v -0.204355 0.577715 0.891856
v -0.207695 0.589709 0.893986
v -0.242728 0.512340 0.897774
v -0.256894 0.483388 0.908006
v -0.251182 0.482592 0.906631
v -0.248983 0.493927 0.890474
v -0.255901 0.494524 0.891627
v -0.251101 0.510951 0.901914
v -0.244282 0.510038 0.899818
v -0.245428 0.508990 0.901281
v -0.250545 0.509903 0.905395
v -0.257291 0.543535 0.916480
v -0.252946 0.547927 0.913868
v -0.263903 0.521210 0.884944
v -0.260321 0.511589 0.875757
v -0.251377 0.518749 0.868983
v -0.239301 0.546374 0.901035
v -0.246689 0.541189 0.906224
v -0.247254 0.544938 0.908009
v -0.243361 0.520288 0.899129
v -0.247306 0.515160 0.900900
v -0.248497 0.520171 0.901441
v -0.244122 0.525442 0.900273
v -0.239780 0.591706 0.894292
v -0.232449 0.591429 0.903321
v -0.244271 0.480842 0.914491
v -0.245771 0.482259 0.911174
v -0.231423 0.552689 0.895717
v -0.240729 0.528206 0.863305
v -0.222889 0.559189 0.891905
v -0.268583 0.556692 0.906005
v -0.265203 0.557125 0.912926
v -0.266922 0.551900 0.916742
v -0.271210 0.550456 0.912667
v -0.252164 0.500362 0.917585
v -0.246637 0.498908 0.916558
v -0.246506 0.495801 0.919324
v -0.251956 0.496744 0.921415
v -0.240594 0.507288 0.896092
v -0.239182 0.503436 0.891474
v -0.240343 0.500933 0.895495
v -0.242337 0.505314 0.899201
v -0.242204 0.499545 0.887545
v -0.243293 0.496542 0.891770
v -0.258322 0.498187 0.917028
v -0.262281 0.492315 0.914377
v -0.262266 0.503821 0.899968
v -0.257605 0.507143 0.905621
v -0.240134 0.576989 0.867717
v -0.239328 0.586029 0.874165
v -0.248168 0.578368 0.883666
v -0.258034 0.571606 0.892588
v -0.266509 0.564043 0.900965
v -0.268628 0.554794 0.893446
v -0.246159 0.585217 0.887693
v -0.258947 0.516055 0.896868
v -0.262147 0.511949 0.890453
v -0.262924 0.517725 0.891711
v -0.222952 0.564791 0.896835
v -0.245987 0.484782 0.906963
v -0.210598 0.568539 0.836127
v -0.218477 0.578599 0.839713
v -0.221962 0.571588 0.843736
v -0.212636 0.560343 0.840367
v -0.242580 0.494575 0.913163
v -0.241995 0.489313 0.909378
v -0.254803 0.552945 0.917911
v -0.258955 0.548039 0.919485
v -0.262056 0.549489 0.920510
v -0.258291 0.555218 0.921806
v -0.237375 0.590893 0.876984
v -0.263495 0.575166 0.916946
v -0.267993 0.571176 0.908698
v -0.231689 0.592388 0.865611
v -0.232776 0.584800 0.859556
v -0.227593 0.590929 0.854012
v -0.269636 0.539604 0.892972
v -0.241205 0.568921 0.864690
v -0.232841 0.577700 0.856672
v -0.226630 0.584704 0.849918
v -0.222842 0.590386 0.845082
v -0.224158 0.596611 0.850170
v -0.260839 0.487160 0.911521
v -0.261205 0.488600 0.920379
v -0.221562 0.603652 0.845019
v -0.219637 0.596188 0.839856
v -0.231465 0.569273 0.853176
v -0.228433 0.558995 0.849703
v -0.239498 0.561088 0.861223
v -0.237396 0.550155 0.858296
v -0.270623 0.533042 0.884256
v -0.251594 0.485164 0.934798
v -0.255977 0.490891 0.926458
v -0.251075 0.493872 0.925394
v -0.248774 0.488446 0.934733
v -0.257479 0.494383 0.921921
v -0.258522 0.486146 0.924295
v -0.229906 0.537405 0.855857
v -0.252536 0.516639 0.902524
v -0.216851 0.545659 0.847647
v -0.222544 0.520813 0.857170
v -0.211192 0.527198 0.852788
v -0.202104 0.552621 0.840164
v -0.199725 0.537474 0.846476
v -0.198596 0.568000 0.832537
v -0.201734 0.561073 0.836593
v -0.196706 0.523081 0.854372
v -0.238679 0.483765 0.925395
v -0.240351 0.488449 0.928296
v -0.207490 0.574777 0.831609
v -0.201119 0.524722 0.889181
v -0.213737 0.568622 0.892484
v -0.214281 0.564230 0.888915
v -0.214452 0.586188 0.900196
v -0.212409 0.575021 0.897115
v -0.239994 0.478823 0.923829
v -0.262185 0.531043 0.912243
v -0.261466 0.532734 0.911060
v -0.185217 0.515295 0.883657
v -0.186419 0.508503 0.885284
v -0.188559 0.502384 0.873624
v -0.185089 0.504849 0.879496
v -0.183488 0.512278 0.875636
v -0.186997 0.509990 0.869037
v -0.204466 0.569106 0.885988
v -0.204883 0.572077 0.888539
v -0.230702 0.596288 0.887600
v -0.223800 0.595297 0.896800
v -0.248051 0.498612 0.884845
v -0.253319 0.504148 0.877837
v -0.254987 0.500448 0.884569
v -0.260936 0.499385 0.893513
v -0.255789 0.514703 0.901486
v -0.256829 0.511630 0.899722
v -0.192543 0.562334 0.878916
v -0.204724 0.557222 0.882268
v -0.207753 0.514351 0.886638
v -0.206921 0.508665 0.886229
v -0.244535 0.533377 0.901890
v -0.270622 0.530793 0.901661
v -0.270759 0.525618 0.894028
v -0.250896 0.527950 0.904721
v -0.246558 0.474467 0.926720
v -0.242363 0.475951 0.924538
v -0.260362 0.505132 0.885682
v -0.246923 0.552384 0.912208
v -0.269161 0.538104 0.901024
v -0.268158 0.531527 0.908658
v -0.255208 0.576964 0.919545
v -0.214318 0.584857 0.834916
v -0.245739 0.493742 0.923341
v -0.243668 0.490917 0.931244
v -0.253117 0.481531 0.933037
v -0.251754 0.476931 0.929333
v -0.215234 0.597275 0.890296
v -0.214856 0.561005 0.886847
v -0.194981 0.511817 0.861864
v -0.194944 0.502428 0.869348
v -0.254464 0.525411 0.905943
v -0.267579 0.562865 0.908475
v -0.271961 0.549432 0.901049
v -0.274642 0.543462 0.908192
v -0.272167 0.536360 0.907354
v -0.266902 0.531891 0.909758
v -0.249916 0.480271 0.937632
v -0.248436 0.475583 0.934188
v -0.243284 0.473271 0.931544
v -0.239606 0.474762 0.929079
v -0.237880 0.478543 0.927478
v -0.248394 0.484031 0.939454
v -0.245834 0.486970 0.939060
v -0.242334 0.489786 0.934461
v -0.245016 0.483929 0.942956
v -0.244566 0.478823 0.944119
v -0.232800 0.472296 0.941457
v -0.238016 0.472050 0.938688
v -0.237711 0.472286 0.941408
v -0.233850 0.472403 0.944554
v -0.230983 0.472637 0.948848
v -0.229148 0.472453 0.945786
v -0.241810 0.474392 0.941950
v -0.237120 0.474769 0.946736
v -0.238926 0.478162 0.948521
v -0.235364 0.477652 0.952697
v -0.233732 0.474465 0.951352
v -0.242136 0.477443 0.945278
v -0.243628 0.474288 0.940428
v -0.227774 0.473700 0.950045
v -0.229775 0.473044 0.951483
v -0.231599 0.474947 0.953535
v -0.228917 0.476282 0.954267
v -0.236350 0.474083 0.933167
v -0.231133 0.473527 0.939839
v -0.227824 0.475131 0.944665
v -0.226647 0.476124 0.949024
v -0.229525 0.477322 0.939923
v -0.227562 0.478061 0.944310
v -0.226744 0.479338 0.948082
v -0.229358 0.481483 0.940948
v -0.227942 0.481188 0.944912
v -0.235736 0.482273 0.930992
v -0.235899 0.478096 0.930154
v -0.226898 0.481362 0.947330
v -0.228096 0.478324 0.953734
v -0.240559 0.481440 0.948017
v -0.235239 0.480913 0.952531
v -0.240047 0.483741 0.947598
v -0.235061 0.483305 0.952348
v -0.232258 0.479625 0.955544
v -0.233039 0.477399 0.954437
v -0.237946 0.483650 0.927879
v -0.239869 0.488336 0.931021
v -0.238056 0.487336 0.933725
v -0.231243 0.485496 0.942795
v -0.240257 0.489028 0.937212
v -0.242589 0.486795 0.942320
v -0.237927 0.485806 0.947321
v -0.235154 0.487054 0.945699
v -0.233887 0.484979 0.950730
v -0.232177 0.485374 0.948834
v -0.229288 0.484185 0.946576
v -0.230533 0.483431 0.952437
v -0.231546 0.481597 0.954599
v -0.227809 0.480961 0.951542
v -0.230248 0.484281 0.950644
v -0.228306 0.482405 0.949311
v -0.255404 0.505109 0.929448
v -0.256585 0.510444 0.932784
v -0.258536 0.510930 0.928724
v -0.257478 0.506350 0.926065
v -0.266830 0.496726 0.930173
v -0.260754 0.497903 0.928619
v -0.263859 0.498711 0.924192
v -0.270628 0.498967 0.925844
v -0.272050 0.500684 0.933287
v -0.275128 0.503520 0.928560
v -0.271778 0.501568 0.920383
v -0.264677 0.501327 0.919216
v -0.261710 0.513040 0.902288
v -0.268461 0.513870 0.901794
v -0.258309 0.527030 0.913096
v -0.261803 0.527719 0.914246
v -0.256941 0.501443 0.928554
v -0.259498 0.502156 0.924613
v -0.263918 0.518456 0.929813
v -0.259195 0.516261 0.928063
v -0.260177 0.514671 0.931434
v -0.265050 0.515918 0.933731
v -0.255310 0.517258 0.905702
v -0.256721 0.522563 0.909200
v -0.257441 0.514592 0.903930
v -0.270561 0.517563 0.930135
v -0.275899 0.513679 0.928176
v -0.274256 0.524350 0.910260
v -0.270240 0.527178 0.914278
v -0.259718 0.503461 0.920126
v -0.256740 0.511703 0.925521
v -0.256444 0.507422 0.922461
v -0.275871 0.507208 0.923157
v -0.274792 0.509963 0.933615
v -0.262319 0.507128 0.949017
v -0.268119 0.511807 0.939629
v -0.263455 0.513930 0.938468
v -0.258077 0.510007 0.948757
v -0.270384 0.514252 0.934916
v -0.271609 0.507221 0.937975
v -0.248220 0.502891 0.942020
v -0.249775 0.508162 0.945055
v -0.249390 0.498591 0.941012
v -0.273309 0.518695 0.904433
v -0.258905 0.494149 0.941222
v -0.252548 0.495728 0.940351
v -0.259102 0.513959 0.935765
v -0.253282 0.510555 0.947609
v -0.264678 0.503292 0.947922
v -0.264582 0.497511 0.943472
v -0.261270 0.501604 0.952263
v -0.260362 0.496080 0.949036
v -0.254699 0.492857 0.946391
v -0.249435 0.494991 0.944648
v -0.247200 0.498250 0.944274
v -0.259287 0.505512 0.953323
v -0.255500 0.508638 0.952823
v -0.251500 0.509471 0.949586
v -0.254411 0.505510 0.958191
v -0.255491 0.501180 0.958788
v -0.238916 0.493511 0.961469
v -0.243233 0.493024 0.957313
v -0.244901 0.493344 0.959350
v -0.241082 0.493699 0.963304
v -0.248875 0.492168 0.954444
v -0.248896 0.493126 0.956914
v -0.252456 0.495856 0.958085
v -0.247659 0.496368 0.961906
v -0.249795 0.500638 0.962945
v -0.246169 0.500507 0.967375
v -0.244042 0.496174 0.966653
v -0.252897 0.499120 0.960193
v -0.239275 0.494552 0.966324
v -0.236833 0.495524 0.966320
v -0.254866 0.495156 0.955983
v -0.247048 0.493918 0.948706
v -0.240972 0.494339 0.955662
v -0.236667 0.495703 0.960535
v -0.235527 0.498295 0.966061
v -0.238982 0.498032 0.955150
v -0.235786 0.498816 0.960308
v -0.235499 0.500829 0.964953
v -0.238419 0.502746 0.955458
v -0.235974 0.503031 0.960804
v -0.245032 0.502629 0.946729
v -0.245063 0.497886 0.946669
v -0.235806 0.502729 0.963469
v -0.239121 0.497784 0.970025
v -0.237234 0.500508 0.969242
v -0.240648 0.496906 0.969287
v -0.250240 0.502711 0.963100
v -0.245541 0.502679 0.967504
v -0.249426 0.505421 0.962946
v -0.244341 0.504805 0.967688
v -0.242071 0.501541 0.970478
v -0.242594 0.499890 0.970200
v -0.247003 0.502570 0.944724
v -0.248856 0.507372 0.946949
v -0.247159 0.507530 0.948522
v -0.240822 0.507049 0.957328
v -0.250258 0.509617 0.951542
v -0.252655 0.508209 0.956377
v -0.248035 0.507573 0.961696
v -0.244567 0.508621 0.959930
v -0.243583 0.506772 0.966997
v -0.242178 0.507734 0.964143
v -0.238162 0.506316 0.961854
v -0.240062 0.504988 0.969408
v -0.241081 0.503048 0.970414
v -0.236841 0.502281 0.967862
v -0.239658 0.506386 0.966762
v -0.236903 0.504377 0.965366
v -0.261937 0.524695 0.934082
v -0.262630 0.529879 0.936558
v -0.263318 0.531127 0.933437
v -0.263151 0.525986 0.931084
v -0.273230 0.518581 0.933880
v -0.268319 0.518239 0.933317
v -0.269952 0.519746 0.929176
v -0.275286 0.520660 0.928495
v -0.276600 0.521460 0.937522
v -0.279606 0.524517 0.930488
v -0.276103 0.523133 0.923428
v -0.270485 0.521565 0.925246
v -0.267649 0.529772 0.913062
v -0.273885 0.531799 0.912142
v -0.264399 0.520907 0.933349
v -0.265615 0.522187 0.930088
v -0.268016 0.537881 0.934838
v -0.263956 0.535433 0.933706
v -0.266188 0.534792 0.936098
v -0.270326 0.535822 0.937510
v -0.258900 0.534805 0.916179
v -0.259632 0.540495 0.918135
v -0.262217 0.531090 0.915131
v -0.274658 0.537466 0.933914
v -0.280026 0.534143 0.930123
v -0.275615 0.543766 0.919408
v -0.270457 0.546069 0.921740
v -0.265804 0.523052 0.926976
v -0.261407 0.531571 0.931104
v -0.261897 0.526507 0.928776
v -0.279479 0.528221 0.925355
v -0.279871 0.530219 0.935049
v -0.270240 0.525235 0.955000
v -0.275158 0.532149 0.941259
v -0.269592 0.534256 0.940763
v -0.266716 0.527975 0.954864
v -0.275905 0.534359 0.937893
v -0.278041 0.527400 0.939920
v -0.256685 0.520772 0.948320
v -0.258414 0.525709 0.950225
v -0.258854 0.517302 0.946692
v -0.277625 0.537479 0.914321
v -0.263890 0.545697 0.921595
v -0.265294 0.513736 0.948175
v -0.261299 0.514923 0.946902
v -0.265747 0.533484 0.939009
v -0.262333 0.528590 0.953157
v -0.272094 0.521173 0.953107
v -0.270587 0.516195 0.949733
v -0.269736 0.520383 0.958351
v -0.267825 0.515319 0.955395
v -0.262848 0.512686 0.953865
v -0.259014 0.514213 0.952200
v -0.256728 0.516752 0.951532
v -0.267922 0.524630 0.959723
v -0.264849 0.527018 0.959011
v -0.261671 0.527669 0.954887
v -0.265418 0.524947 0.963270
v -0.266088 0.519634 0.964478
v -0.251397 0.513686 0.970022
v -0.254445 0.513425 0.965127
v -0.255414 0.513698 0.965874
v -0.252813 0.513647 0.971010
v -0.259616 0.512596 0.960801
v -0.259356 0.513152 0.962758
v -0.262762 0.514991 0.963659
v -0.259212 0.515628 0.969002
v -0.261395 0.521206 0.969401
v -0.258304 0.520758 0.973387
v -0.256393 0.515531 0.973580
v -0.264368 0.518848 0.965455
v -0.251962 0.514401 0.974006
v -0.250202 0.513545 0.974086
v -0.264443 0.514695 0.961817
v -0.256280 0.513262 0.957224
v -0.252028 0.514002 0.963572
v -0.248633 0.514285 0.968445
v -0.247857 0.515918 0.972493
v -0.250282 0.517209 0.962446
v -0.247840 0.517171 0.967306
v -0.247123 0.518499 0.970998
v -0.250028 0.520477 0.962214
v -0.248137 0.520380 0.966752
v -0.254906 0.520387 0.953672
v -0.254896 0.516407 0.954918
v -0.247613 0.520458 0.969867
v -0.252521 0.516655 0.976936
v -0.249980 0.519877 0.975909
v -0.253715 0.516362 0.975713
v -0.262046 0.522896 0.968963
v -0.258077 0.522991 0.974156
v -0.261129 0.525450 0.968106
v -0.257111 0.525412 0.973259
v -0.255481 0.520965 0.976770
v -0.255812 0.519962 0.976178
v -0.256383 0.520728 0.951142
v -0.258179 0.525264 0.952452
v -0.256726 0.524831 0.954528
v -0.251440 0.524753 0.963437
v -0.260082 0.527454 0.956763
v -0.262448 0.527059 0.962312
v -0.258487 0.526922 0.966804
v -0.254935 0.526963 0.965509
v -0.255172 0.526619 0.971610
v -0.253421 0.526319 0.969361
v -0.249343 0.524220 0.967619
v -0.252491 0.524439 0.973830
v -0.254093 0.523230 0.975992
v -0.248822 0.521724 0.973615
v -0.251317 0.525029 0.971714
v -0.248592 0.522917 0.971409
v -0.261071 0.544102 0.920237
v -0.259845 0.544596 0.938487
v -0.259937 0.548286 0.940679
v -0.260524 0.549181 0.939672
v -0.259816 0.546038 0.936675
v -0.270212 0.541329 0.934960
v -0.265574 0.540368 0.935560
v -0.266366 0.542035 0.931748
v -0.270819 0.543192 0.931084
v -0.273660 0.545055 0.936571
v -0.273977 0.547188 0.933500
v -0.270374 0.545925 0.928348
v -0.265745 0.544645 0.928689
v -0.263748 0.555048 0.916114
v -0.268006 0.558494 0.914716
v -0.257816 0.572212 0.923561
v -0.253175 0.569599 0.923219
v -0.256963 0.564798 0.929478
v -0.260791 0.567676 0.929383
v -0.262060 0.541877 0.936781
v -0.261856 0.543286 0.933675
v -0.266422 0.556959 0.941043
v -0.262150 0.554623 0.940435
v -0.262090 0.552471 0.941751
v -0.265764 0.554887 0.943461
v -0.252467 0.564449 0.922505
v -0.254227 0.560224 0.921254
v -0.255177 0.557923 0.924196
v -0.255516 0.560494 0.928034
v -0.258465 0.554532 0.921343
v -0.270545 0.556879 0.939428
v -0.274296 0.554324 0.935442
v -0.268822 0.569016 0.923439
v -0.264914 0.569666 0.926572
v -0.262219 0.544848 0.931734
v -0.259901 0.551287 0.937899
v -0.259911 0.547740 0.935794
v -0.274045 0.549853 0.930589
v -0.273839 0.551721 0.938387
v -0.269322 0.549674 0.950520
v -0.270188 0.553570 0.944197
v -0.265326 0.554098 0.944730
v -0.266185 0.550750 0.950557
v -0.270188 0.554500 0.942338
v -0.273549 0.549794 0.941518
v -0.258518 0.542371 0.944733
v -0.259690 0.547094 0.947107
v -0.260006 0.539628 0.943449
v -0.270269 0.563952 0.917156
v -0.267271 0.537668 0.943288
v -0.262813 0.537587 0.943352
v -0.261735 0.551419 0.942997
v -0.262506 0.549976 0.949312
v -0.272011 0.546177 0.948774
v -0.271806 0.541225 0.944846
v -0.270455 0.543970 0.952544
v -0.269802 0.539164 0.948874
v -0.264235 0.536297 0.947304
v -0.260795 0.537609 0.946146
v -0.258538 0.539855 0.946017
v -0.268067 0.548186 0.953584
v -0.265367 0.549704 0.952988
v -0.262035 0.549478 0.950836
v -0.266604 0.546738 0.956965
v -0.266804 0.541993 0.957425
v -0.254453 0.537710 0.960403
v -0.256390 0.537393 0.956721
v -0.257398 0.537350 0.957377
v -0.255237 0.537093 0.960868
v -0.260343 0.536506 0.952907
v -0.260539 0.536894 0.954666
v -0.264015 0.538100 0.955041
v -0.261067 0.538112 0.959521
v -0.263348 0.542413 0.961851
v -0.260809 0.541862 0.965058
v -0.259234 0.537930 0.962851
v -0.265522 0.540785 0.958126
v -0.254874 0.536938 0.963621
v -0.253603 0.537086 0.964222
v -0.265687 0.537630 0.953463
v -0.257598 0.537938 0.950232
v -0.254031 0.538346 0.956311
v -0.252222 0.538420 0.961105
v -0.252408 0.538982 0.964913
v -0.253253 0.540497 0.955243
v -0.251058 0.540401 0.960806
v -0.251392 0.541023 0.964427
v -0.253208 0.543830 0.955014
v -0.251469 0.542969 0.960392
v -0.256259 0.544321 0.949194
v -0.256188 0.540784 0.949328
v -0.251738 0.542500 0.963460
v -0.256135 0.538446 0.966894
v -0.254271 0.540756 0.967038
v -0.257439 0.537994 0.966073
v -0.263692 0.543738 0.961982
v -0.260542 0.543257 0.965877
v -0.263162 0.546151 0.961761
v -0.259350 0.545061 0.965782
v -0.258114 0.541414 0.967669
v -0.259025 0.540271 0.966473
v -0.257329 0.543476 0.947179
v -0.259015 0.546814 0.948431
v -0.258344 0.547667 0.950631
v -0.255220 0.547188 0.956195
v -0.261799 0.549765 0.953067
v -0.264847 0.549053 0.955505
v -0.261393 0.547981 0.960774
v -0.258599 0.548813 0.959001
v -0.257606 0.546194 0.965133
v -0.255453 0.546981 0.963140
v -0.253006 0.545837 0.961214
v -0.255013 0.543839 0.966582
v -0.256256 0.542849 0.967604
v -0.253293 0.542384 0.966178
v -0.253992 0.544742 0.965201
v -0.252802 0.543878 0.964447
v -0.261899 0.572045 0.923009
v -0.202621 0.492904 0.878470
v -0.206214 0.495403 0.881860
v -0.197290 0.499837 0.895118
v -0.203824 0.498731 0.892521
v -0.190630 0.498262 0.893813
v -0.186095 0.493616 0.884627
v -0.186859 0.496840 0.889398
v -0.206865 0.497103 0.887489
v -0.196884 0.491486 0.876712
v -0.189617 0.491760 0.878713
v -0.199059 0.483179 0.880501
v -0.190925 0.483260 0.882806
v -0.186452 0.485068 0.888270
v -0.187191 0.491210 0.893231
v -0.189949 0.494229 0.896491
v -0.204435 0.488245 0.882852
v -0.207157 0.491547 0.886077
v -0.206598 0.495092 0.891505
v -0.207628 0.483807 0.889444
v -0.204683 0.476055 0.895395
v -0.194554 0.472677 0.912300
v -0.192631 0.476824 0.907031
v -0.194341 0.474882 0.905864
v -0.195588 0.470920 0.910648
v -0.192104 0.477727 0.901313
v -0.194147 0.476537 0.901612
v -0.197994 0.475803 0.898061
v -0.199371 0.472435 0.902943
v -0.203185 0.475548 0.897902
v -0.205232 0.473814 0.901588
v -0.200817 0.468908 0.907435
v -0.197563 0.467661 0.912331
v -0.202005 0.466173 0.911438
v -0.197625 0.469141 0.915215
v -0.196918 0.474172 0.895386
v -0.188908 0.483849 0.900346
v -0.191620 0.480241 0.907968
v -0.194774 0.476050 0.914038
v -0.198676 0.471890 0.916758
v -0.193414 0.484153 0.909417
v -0.197068 0.479841 0.914133
v -0.201168 0.476225 0.916102
v -0.197648 0.486918 0.909499
v -0.200541 0.481884 0.913233
v -0.195747 0.494522 0.900128
v -0.190224 0.490588 0.900772
v -0.202392 0.478400 0.914653
v -0.203233 0.466380 0.914210
v -0.204438 0.469567 0.915719
v -0.208033 0.475496 0.900343
v -0.206727 0.470205 0.905623
v -0.209083 0.472137 0.905894
v -0.210088 0.478953 0.899767
v -0.210574 0.474457 0.906641
v -0.207967 0.468445 0.910486
v -0.205766 0.467492 0.908844
v -0.195667 0.497047 0.897556
v -0.202007 0.497315 0.895198
v -0.201899 0.495273 0.897468
v -0.203908 0.487906 0.906805
v -0.206969 0.492920 0.895078
v -0.208788 0.488226 0.891779
v -0.210720 0.482374 0.901199
v -0.208745 0.485938 0.903667
v -0.210234 0.477797 0.908074
v -0.208601 0.480153 0.909181
v -0.204803 0.481858 0.911784
v -0.208547 0.474766 0.912256
v -0.209169 0.471266 0.911573
v -0.205268 0.474195 0.915267
v -0.207673 0.477321 0.911861
v -0.205204 0.477551 0.913862
v -0.249232 0.572435 0.919864
v -0.247760 0.566061 0.918862
v -0.243007 0.569784 0.916476
v -0.235113 0.573767 0.912858
v -0.230931 0.582874 0.909338
v -0.234001 0.567668 0.909580
v -0.242048 0.563781 0.913645
v -0.248997 0.558518 0.916754
v -0.227358 0.565779 0.901824
f 2 3 1
f 1 3 4
f 5 6 8
f 8 6 7
f 9 4 10
f 10 4 3
f 12 13 11
f 11 13 9
f 14 12 16
f 16 12 15
f 18 19 17
f 17 19 20
f 22 23 21
f 21 23 24
f 26 27 25
f 25 27 28
f 30 31 29
f 29 31 32
f 33 34 36
f 36 34 35
f 37 38 40
f 40 38 39
f 41 42 6
f 6 42 43
f 6 43 7
f 7 43 44
f 45 34 46
f 46 34 33
f 48 49 47
f 47 49 50
f 52 53 51
f 51 53 54
f 56 52 55
f 55 52 51
f 58 59 57
f 57 59 60
f 61 62 4
f 4 62 1
f 64 65 63
f 63 65 66
f 68 69 67
f 67 69 70
f 72 73 71
f 71 73 74
f 76 77 75
f 75 77 78
f 53 79 54
f 54 79 80
f 82 83 81
f 81 83 84
f 85 86 52
f 52 86 53
f 57 60 87
f 87 60 88
f 89 90 43
f 43 90 44
f 43 42 89
f 89 42 91
f 40 39 92
f 92 39 93
f 94 70 64
f 64 70 69
f 13 61 9
f 9 61 4
f 25 28 69
f 69 28 95
f 96 25 68
f 68 25 69
f 98 99 97
f 97 99 100
f 101 102 104
f 104 102 103
f 106 30 105
f 105 30 29
f 51 54 107
f 107 54 108
f 54 80 108
f 108 80 109
f 111 112 110
f 110 112 113
f 115 5 114
f 114 5 116
f 115 41 5
f 5 41 6
f 36 35 111
f 111 35 117
f 35 118 117
f 117 118 119
f 34 120 35
f 35 120 118
f 34 45 120
f 120 45 121
f 125 126 124
f 124 126 127
f 128 129 14
f 14 129 130
f 33 131 46
f 46 131 132
f 133 94 63
f 63 94 64
f 134 135 137
f 137 135 136
f 139 140 138
f 138 140 141
f 77 142 78
f 78 142 143
f 144 145 20
f 20 145 146
f 148 149 147
f 147 149 72
f 151 152 150
f 150 152 153
f 82 101 83
f 83 101 104
f 101 82 155
f 155 82 154
f 156 157 58
f 58 157 59
f 158 68 147
f 147 68 67
f 159 146 15
f 15 146 16
f 68 158 96
f 96 158 160
f 129 66 130
f 130 66 65
f 162 163 161
f 161 163 164
f 166 167 165
f 165 167 168
f 170 171 169
f 169 171 172
f 174 171 173
f 173 171 170
f 176 177 175
f 175 177 178
f 180 181 179
f 179 181 24
f 182 183 21
f 21 183 184
f 81 185 82
f 82 185 154
f 186 187 188
f 188 187 144
f 158 71 160
f 160 71 189
f 190 135 157
f 157 135 59
f 169 172 139
f 139 172 140
f 147 72 158
f 158 72 71
f 192 193 191
f 191 193 194
f 167 166 49
f 49 166 195
f 196 190 50
f 50 190 157
f 197 198 200
f 200 198 199
f 21 24 182
f 182 24 181
f 146 159 20
f 20 159 17
f 182 181 81
f 81 181 185
f 201 185 180
f 180 185 181
f 202 203 83
f 83 203 84
f 205 206 204
f 204 206 85
f 207 22 184
f 184 22 21
f 179 24 208
f 208 24 23
f 208 209 179
f 179 209 205
f 209 210 205
f 205 210 206
f 212 206 211
f 211 206 210
f 179 205 180
f 180 205 204
f 213 176 88
f 88 176 214
f 86 85 212
f 212 85 206
f 193 217 218
f 217 219 218
f 218 219 220
f 219 18 220
f 220 18 17
f 19 221 20
f 20 221 144
f 222 223 225
f 225 223 224
f 175 226 176
f 176 226 214
f 227 87 214
f 214 87 88
f 220 17 228
f 228 17 159
f 134 213 60
f 60 213 88
f 138 229 151
f 151 229 152
f 193 192 210
f 210 192 211
f 230 194 218
f 218 194 193
f 231 232 228
f 228 232 230
f 233 234 91
f 91 234 89
f 235 236 93
f 93 236 92
f 230 232 234
f 234 232 237
f 47 238 48
f 48 238 239
f 240 191 235
f 235 191 236
f 5 8 116
f 116 8 241
f 242 243 189
f 189 243 160
f 244 245 98
f 98 245 99
f 156 246 47
f 47 246 238
f 76 247 77
f 77 247 248
f 250 125 249
f 249 125 124
f 252 253 251
f 251 253 254
f 111 110 36
f 36 110 255
f 256 33 255
f 255 33 36
f 257 258 154
f 154 258 155
f 63 169 133
f 133 169 139
f 66 170 63
f 63 170 169
f 173 170 129
f 129 170 66
f 129 128 173
f 173 128 259
f 128 260 259
f 259 260 261
f 213 134 262
f 262 134 137
f 263 264 186
f 186 264 187
f 112 265 113
f 113 265 266
f 11 267 268
f 234 233 230
f 230 233 194
f 153 269 70
f 70 269 67
f 175 178 165
f 165 178 141
f 150 153 94
f 94 153 70
f 271 221 270
f 270 221 207
f 269 153 272
f 272 153 152
f 121 45 109
f 109 45 108
f 47 50 156
f 156 50 157
f 57 273 58
f 58 273 274
f 145 275 260
f 260 275 261
f 276 149 143
f 143 149 78
f 148 269 75
f 75 269 272
f 207 277 270
f 270 277 278
f 195 196 49
f 49 196 50
f 59 135 60
f 60 135 134
f 83 104 202
f 202 104 279
f 149 148 78
f 78 148 75
f 247 278 248
f 248 278 277
f 183 182 84
f 84 182 81
f 48 239 281
f 281 239 282
f 227 223 283
f 283 223 222
f 223 226 224
f 224 226 168
f 281 282 224
f 224 282 225
f 165 168 175
f 175 168 226
f 264 263 138
f 138 263 229
f 14 16 128
f 128 16 260
f 220 228 218
f 218 228 230
f 87 227 284
f 284 227 283
f 260 16 145
f 145 16 146
f 244 98 258
f 258 98 155
f 58 274 156
f 156 274 246
f 107 285 51
f 51 285 55
f 243 286 160
f 160 286 96
f 234 237 89
f 89 237 90
f 46 132 107
f 107 132 285
f 253 252 249
f 249 252 250
f 286 26 96
f 96 26 25
f 106 105 287
f 287 105 288
f 272 152 289
f 289 152 229
f 138 151 139
f 139 151 133
f 183 290 161
f 161 290 162
f 291 292 277
f 277 292 293
f 151 150 133
f 133 150 94
f 262 275 177
f 177 275 187
f 144 187 145
f 145 187 275
f 273 57 284
f 284 57 87
f 174 136 190
f 190 136 135
f 111 117 112
f 112 117 38
f 117 119 38
f 38 119 123
f 112 38 265
f 265 38 37
f 287 288 254
f 254 288 251
f 228 159 231
f 231 159 15
f 223 227 226
f 226 227 214
f 147 67 148
f 148 67 269
f 224 168 281
f 281 168 167
f 199 163 200
f 200 163 162
f 45 46 108
f 108 46 107
f 281 167 48
f 48 167 49
f 161 164 291
f 291 164 292
f 38 123 39
f 293 294 277
f 277 294 248
f 284 283 296
f 296 283 295
f 284 296 273
f 273 296 297
f 274 273 298
f 298 273 297
f 246 274 299
f 299 274 298
f 283 222 295
f 295 222 300
f 222 225 300
f 300 225 301
f 301 225 302
f 302 225 282
f 303 304 300
f 300 304 295
f 306 307 305
f 305 307 308
f 309 310 308
f 308 310 305
f 308 307 312
f 312 307 311
f 313 314 312
f 312 314 315
f 311 316 312
f 312 316 313
f 317 304 311
f 311 304 316
f 315 309 312
f 312 309 308
f 318 319 321
f 321 319 320
f 319 318 309
f 309 318 310
f 311 307 317
f 317 307 306
f 306 297 317
f 317 297 296
f 306 322 297
f 297 322 298
f 305 323 306
f 306 323 322
f 323 305 324
f 324 305 310
f 304 317 295
f 295 317 296
f 318 325 310
f 310 325 324
f 323 324 326
f 326 324 327
f 324 325 327
f 327 325 328
f 326 327 329
f 329 327 330
f 329 331 326
f 326 331 332
f 333 330 328
f 328 330 327
f 323 326 322
f 322 326 332
f 322 332 298
f 298 332 299
f 325 318 334
f 334 318 321
f 313 316 335
f 335 316 304
f 335 336 313
f 313 336 314
f 304 303 335
f 335 303 337
f 336 335 338
f 338 335 337
f 336 339 314
f 314 339 340
f 246 299 238
f 238 299 341
f 239 342 282
f 282 342 302
f 342 239 341
f 341 239 238
f 341 331 342
f 342 331 343
f 331 329 343
f 343 329 344
f 342 343 302
f 302 343 345
f 341 299 331
f 331 299 332
f 346 301 345
f 345 301 302
f 346 303 301
f 301 303 300
f 347 337 346
f 346 337 303
f 347 346 348
f 348 346 345
f 349 347 350
f 350 347 348
f 343 344 345
f 345 344 348
f 344 351 348
f 348 351 350
f 337 347 338
f 338 347 349
f 353 338 352
f 352 338 349
f 352 355 354
f 354 355 356
f 352 349 355
f 355 349 350
f 352 354 353
f 353 354 334
f 353 334 339
f 339 334 321
f 339 336 353
f 353 336 338
f 329 330 344
f 344 330 351
f 356 351 333
f 333 351 330
f 356 355 351
f 351 355 350
f 354 356 328
f 328 356 333
f 328 325 354
f 354 325 334
f 309 315 319
f 319 315 320
f 320 340 321
f 321 340 339
f 320 315 340
f 340 315 314
f 137 136 261
f 261 136 259
f 140 166 141
f 141 166 165
f 172 171 195
f 195 171 196
f 171 174 196
f 196 174 190
f 178 177 264
f 264 177 187
f 172 195 140
f 140 195 166
f 137 261 262
f 262 261 275
f 178 264 141
f 141 264 138
f 262 177 213
f 213 177 176
f 136 174 259
f 259 174 173
f 358 359 357
f 357 359 360
f 362 363 361
f 361 363 364
f 361 364 365
f 365 364 366
f 367 368 370
f 370 368 369
f 76 371 247
f 247 371 372
f 373 374 362
f 362 374 363
f 376 377 375
f 375 377 378
f 289 229 380
f 380 229 379
f 381 379 263
f 263 379 229
f 383 384 382
f 382 384 385
f 386 368 374
f 374 368 363
f 76 289 371
f 371 289 380
f 377 376 359
f 359 376 387
f 388 386 360
f 360 386 374
f 389 383 366
f 366 383 390
f 392 393 391
f 391 393 394
f 383 382 390
f 390 382 395
f 396 365 390
f 390 365 366
f 389 366 367
f 367 366 364
f 357 397 358
f 358 397 398
f 373 399 357
f 357 399 397
f 389 367 400
f 400 367 370
f 382 385 375
f 375 385 372
f 357 360 373
f 373 360 374
f 361 401 362
f 362 401 402
f 387 388 359
f 359 388 360
f 363 368 364
f 364 368 367
f 358 398 403
f 403 398 404
f 396 392 405
f 405 392 391
f 392 395 393
f 393 395 378
f 393 403 394
f 394 403 404
f 375 378 382
f 382 378 395
f 365 396 406
f 406 396 405
f 362 402 373
f 373 402 399
f 271 270 400
f 400 270 384
f 401 361 406
f 406 361 365
f 381 369 386
f 386 369 368
f 392 396 395
f 395 396 390
f 393 378 403
f 403 378 377
f 403 377 358
f 358 377 359
f 406 405 408
f 408 405 407
f 406 408 401
f 401 408 409
f 401 409 402
f 402 409 410
f 402 410 399
f 399 410 411
f 405 391 407
f 407 391 412
f 391 394 412
f 412 394 413
f 394 404 413
f 413 404 414
f 415 416 412
f 412 416 407
f 418 419 417
f 417 419 420
f 421 422 418
f 418 422 419
f 419 422 424
f 424 422 423
f 425 426 424
f 424 426 427
f 423 428 424
f 424 428 425
f 427 420 424
f 424 420 419
f 420 429 417
f 417 429 430
f 423 422 431
f 431 422 421
f 421 409 431
f 431 409 408
f 421 432 409
f 409 432 410
f 418 433 421
f 421 433 432
f 434 433 417
f 417 433 418
f 431 416 423
f 423 416 428
f 416 431 407
f 407 431 408
f 435 434 430
f 430 434 417
f 433 434 436
f 436 434 437
f 434 435 437
f 437 435 438
f 436 437 439
f 439 437 440
f 439 441 436
f 436 441 442
f 438 443 437
f 437 443 440
f 436 442 433
f 433 442 432
f 432 442 410
f 410 442 411
f 435 430 445
f 445 430 444
f 430 429 444
f 444 429 446
f 425 428 447
f 447 428 416
f 426 425 448
f 448 425 447
f 416 415 447
f 447 415 449
f 447 449 448
f 448 449 450
f 451 452 448
f 448 452 426
f 446 452 444
f 444 452 451
f 399 411 397
f 397 411 453
f 398 454 404
f 404 454 414
f 454 398 453
f 453 398 397
f 453 441 454
f 454 441 455
f 441 439 455
f 455 439 456
f 454 455 414
f 414 455 457
f 441 453 442
f 442 453 411
f 458 413 457
f 457 413 414
f 458 415 413
f 413 415 412
f 458 459 415
f 415 459 449
f 459 458 460
f 460 458 457
f 461 459 462
f 462 459 460
f 455 456 457
f 457 456 460
f 456 463 460
f 460 463 462
f 459 461 449
f 449 461 450
f 465 450 464
f 464 450 461
f 464 467 466
f 466 467 468
f 464 461 467
f 467 461 462
f 464 466 465
f 465 466 445
f 465 445 451
f 451 445 444
f 451 448 465
f 465 448 450
f 439 440 456
f 456 440 463
f 468 463 443
f 443 463 440
f 468 467 463
f 463 467 462
f 466 468 438
f 438 468 443
f 438 435 466
f 466 435 445
f 420 427 429
f 429 427 446
f 446 427 452
f 452 427 426
f 370 369 188
f 188 369 186
f 371 376 372
f 372 376 375
f 380 379 387
f 387 379 388
f 379 381 388
f 388 381 386
f 385 384 278
f 278 384 270
f 380 387 371
f 371 387 376
f 400 370 271
f 271 370 188
f 385 278 372
f 372 278 247
f 400 384 389
f 389 384 383
f 369 381 186
f 186 381 263
f 221 271 144
f 144 271 188
f 221 19 207
f 207 19 22
f 19 18 22
f 22 18 23
f 18 219 23
f 23 219 208
f 469 470 472
f 472 470 471
f 474 475 473
f 473 475 476
f 473 476 477
f 477 476 478
f 480 481 479
f 479 481 482
f 483 484 474
f 474 484 475
f 486 487 485
f 485 487 488
f 489 490 77
f 77 490 142
f 491 489 248
f 248 489 77
f 493 494 492
f 492 494 495
f 496 480 484
f 484 480 475
f 486 497 487
f 487 497 471
f 498 496 472
f 472 496 484
f 499 493 478
f 478 493 500
f 501 502 504
f 504 502 503
f 493 492 500
f 500 492 505
f 506 477 500
f 500 477 478
f 499 478 479
f 479 478 476
f 469 507 470
f 470 507 508
f 483 509 469
f 469 509 507
f 479 482 499
f 499 482 510
f 492 495 485
f 485 495 511
f 483 469 484
f 484 469 472
f 473 512 474
f 474 512 513
f 497 498 471
f 471 498 472
f 475 480 476
f 476 480 479
f 470 508 514
f 514 508 515
f 506 502 516
f 516 502 501
f 503 502 488
f 488 502 505
f 514 515 503
f 503 515 504
f 485 488 492
f 492 488 505
f 477 506 517
f 517 506 516
f 474 513 483
f 483 513 509
f 510 292 494
f 494 292 164
f 512 473 517
f 517 473 477
f 491 481 496
f 496 481 480
f 502 506 505
f 505 506 500
f 503 488 514
f 514 488 487
f 514 487 470
f 470 487 471
f 517 516 519
f 519 516 518
f 517 519 512
f 512 519 520
f 512 520 513
f 513 520 521
f 513 521 509
f 509 521 522
f 516 501 518
f 518 501 523
f 501 504 523
f 523 504 524
f 524 504 525
f 525 504 515
f 526 527 523
f 523 527 518
f 529 530 528
f 528 530 531
f 532 533 529
f 529 533 530
f 530 533 535
f 535 533 534
f 536 537 535
f 535 537 538
f 534 539 535
f 535 539 536
f 538 531 535
f 535 531 530
f 540 541 531
f 531 541 528
f 533 532 534
f 534 532 542
f 532 520 542
f 542 520 519
f 532 543 520
f 520 543 521
f 529 544 532
f 532 544 543
f 544 529 545
f 545 529 528
f 534 542 539
f 539 542 527
f 527 542 518
f 518 542 519
f 541 546 528
f 528 546 545
f 547 544 548
f 548 544 545
f 546 549 545
f 545 549 548
f 550 547 551
f 551 547 548
f 547 550 553
f 553 550 552
f 549 554 548
f 548 554 551
f 544 547 543
f 543 547 553
f 543 553 521
f 521 553 522
f 546 541 556
f 556 541 555
f 541 540 555
f 555 540 557
f 536 539 558
f 558 539 527
f 537 536 559
f 559 536 558
f 527 526 558
f 558 526 560
f 559 558 561
f 561 558 560
f 559 562 537
f 537 562 563
f 557 563 555
f 555 563 562
f 509 522 507
f 507 522 564
f 508 565 515
f 515 565 525
f 565 508 564
f 564 508 507
f 564 552 565
f 565 552 566
f 552 550 566
f 566 550 567
f 565 566 525
f 525 566 568
f 564 522 552
f 552 522 553
f 569 524 568
f 568 524 525
f 569 526 524
f 524 526 523
f 570 560 569
f 569 560 526
f 570 569 571
f 571 569 568
f 572 570 573
f 573 570 571
f 566 567 568
f 568 567 571
f 567 574 571
f 571 574 573
f 570 572 560
f 560 572 561
f 576 561 575
f 575 561 572
f 575 578 577
f 577 578 579
f 575 572 578
f 578 572 573
f 575 577 576
f 576 577 556
f 576 556 562
f 562 556 555
f 562 559 576
f 576 559 561
f 550 551 567
f 567 551 574
f 579 574 554
f 554 574 551
f 579 578 574
f 574 578 573
f 579 554 577
f 577 554 549
f 549 546 577
f 577 546 556
f 531 538 540
f 540 538 557
f 557 538 563
f 563 538 537
f 481 294 482
f 482 294 293
f 580 486 511
f 511 486 485
f 490 489 497
f 497 489 498
f 489 491 498
f 498 491 496
f 163 495 164
f 164 495 494
f 580 490 486
f 486 490 497
f 482 293 510
f 510 293 292
f 495 163 511
f 511 163 199
f 494 493 510
f 510 493 499
f 481 491 294
f 294 491 248
f 582 583 581
f 581 583 584
f 586 587 585
f 585 587 588
f 585 588 589
f 589 588 590
f 592 593 591
f 591 593 594
f 595 596 598
f 598 596 597
f 599 600 586
f 586 600 587
f 601 602 604
f 604 602 603
f 605 606 608
f 608 606 607
f 609 607 200
f 200 607 606
f 610 611 613
f 613 611 612
f 600 614 587
f 587 614 592
f 596 605 597
f 597 605 608
f 602 615 603
f 603 615 583
f 616 614 584
f 584 614 600
f 611 618 617
f 617 618 590
f 620 621 619
f 619 621 622
f 610 623 611
f 611 623 618
f 624 589 618
f 618 589 590
f 617 590 591
f 591 590 588
f 581 625 582
f 582 625 626
f 599 627 581
f 581 627 625
f 591 594 617
f 617 594 628
f 601 610 598
f 598 610 613
f 581 584 599
f 599 584 600
f 585 629 586
f 586 629 630
f 615 616 583
f 583 616 584
f 587 592 588
f 588 592 591
f 582 626 631
f 631 626 632
f 624 620 633
f 633 620 619
f 621 620 604
f 604 620 623
f 631 632 621
f 621 632 622
f 610 601 623
f 623 601 604
f 589 624 634
f 634 624 633
f 586 630 599
f 599 630 627
f 203 202 628
f 628 202 612
f 629 585 634
f 634 585 589
f 609 593 614
f 614 593 592
f 620 624 623
f 623 624 618
f 631 621 603
f 603 621 604
f 582 631 583
f 583 631 603
f 634 633 636
f 636 633 635
f 634 636 629
f 629 636 637
f 629 637 630
f 630 637 638
f 630 638 627
f 627 638 639
f 633 619 635
f 635 619 640
f 619 622 640
f 640 622 641
f 641 622 642
f 642 622 632
f 644 635 643
f 643 635 640
f 645 646 648
f 648 646 647
f 649 650 646
f 646 650 647
f 647 650 652
f 652 650 651
f 652 653 655
f 655 653 654
f 651 656 652
f 652 656 653
f 655 648 652
f 652 648 647
f 648 657 645
f 645 657 658
f 650 649 651
f 651 649 659
f 649 637 659
f 659 637 636
f 649 660 637
f 637 660 638
f 661 660 646
f 646 660 649
f 662 661 645
f 645 661 646
f 651 659 656
f 656 659 644
f 644 659 635
f 635 659 636
f 663 662 658
f 658 662 645
f 664 661 665
f 665 661 662
f 663 666 662
f 662 666 665
f 667 664 668
f 668 664 665
f 664 667 670
f 670 667 669
f 666 671 665
f 665 671 668
f 661 664 660
f 660 664 670
f 660 670 638
f 638 670 639
f 658 672 663
f 663 672 673
f 658 657 672
f 672 657 674
f 653 656 675
f 675 656 644
f 653 675 654
f 654 675 676
f 675 644 677
f 677 644 643
f 676 675 678
f 678 675 677
f 679 680 676
f 676 680 654
f 674 680 672
f 672 680 679
f 627 639 625
f 625 639 681
f 626 682 632
f 632 682 642
f 681 682 625
f 625 682 626
f 669 683 681
f 681 683 682
f 667 684 669
f 669 684 683
f 682 683 642
f 642 683 685
f 681 639 669
f 669 639 670
f 686 641 685
f 685 641 642
f 641 686 640
f 640 686 643
f 686 687 643
f 643 687 677
f 687 686 688
f 688 686 685
f 689 687 690
f 690 687 688
f 683 684 685
f 685 684 688
f 684 691 688
f 688 691 690
f 687 689 677
f 677 689 678
f 693 678 692
f 692 678 689
f 692 695 694
f 694 695 696
f 692 689 695
f 695 689 690
f 692 694 693
f 693 694 673
f 693 673 679
f 679 673 672
f 679 676 693
f 693 676 678
f 684 667 691
f 691 667 668
f 696 691 671
f 671 691 668
f 696 695 691
f 691 695 690
f 694 696 666
f 666 696 671
f 666 663 694
f 694 663 673
f 648 655 657
f 657 655 674
f 674 655 680
f 680 655 654
f 593 162 594
f 594 162 290
f 598 597 601
f 601 597 602
f 615 608 616
f 616 608 607
f 607 609 616
f 616 609 614
f 697 595 613
f 613 595 598
f 597 608 602
f 602 608 615
f 594 290 628
f 628 290 203
f 628 612 617
f 617 612 611
f 593 609 162
f 162 609 200
f 105 29 698
f 698 29 699
f 268 126 701
f 701 126 700
f 126 125 700
f 700 125 702
f 252 703 250
f 250 703 704
f 32 268 705
f 705 268 701
f 288 105 706
f 706 105 698
f 29 32 699
f 699 32 705
f 707 251 706
f 706 251 288
f 250 704 125
f 125 704 702
f 703 252 707
f 707 252 251
f 706 708 707
f 707 708 709
f 707 709 703
f 703 709 710
f 703 710 704
f 704 710 711
f 704 711 702
f 702 711 712
f 706 698 708
f 708 698 713
f 698 699 713
f 713 699 714
f 699 705 714
f 714 705 715
f 717 708 716
f 716 708 713
f 719 720 718
f 718 720 721
f 722 723 719
f 719 723 720
f 724 725 723
f 723 725 720
f 724 726 725
f 725 726 727
f 728 721 725
f 725 721 720
f 721 728 729
f 729 728 730
f 729 731 721
f 721 731 718
f 724 723 732
f 732 723 722
f 722 710 732
f 732 710 709
f 722 733 710
f 710 733 711
f 719 734 722
f 722 734 733
f 734 719 735
f 735 719 718
f 724 732 726
f 726 732 717
f 717 732 708
f 708 732 709
f 731 736 718
f 718 736 735
f 737 734 738
f 738 734 735
f 736 739 735
f 735 739 738
f 740 737 741
f 741 737 738
f 737 740 743
f 743 740 742
f 739 744 738
f 738 744 741
f 734 737 733
f 733 737 743
f 733 743 711
f 711 743 712
f 736 731 746
f 746 731 745
f 731 729 745
f 745 729 730
f 727 726 747
f 747 726 717
f 748 727 749
f 749 727 747
f 747 717 750
f 750 717 716
f 749 747 751
f 751 747 750
f 749 752 748
f 748 752 753
f 730 753 745
f 745 753 752
f 728 725 748
f 748 725 727
f 730 728 753
f 753 728 748
f 700 702 754
f 754 702 712
f 705 701 715
f 715 701 755
f 754 755 700
f 700 755 701
f 742 756 754
f 754 756 755
f 740 757 742
f 742 757 756
f 755 756 715
f 715 756 758
f 754 712 742
f 742 712 743
f 759 714 758
f 758 714 715
f 714 759 713
f 713 759 716
f 759 760 716
f 716 760 750
f 760 759 761
f 761 759 758
f 762 760 763
f 763 760 761
f 756 757 758
f 758 757 761
f 757 764 761
f 761 764 763
f 760 762 750
f 750 762 751
f 766 751 765
f 765 751 762
f 767 765 769
f 769 765 768
f 765 762 768
f 768 762 763
f 765 767 766
f 766 767 746
f 766 746 752
f 752 746 745
f 752 749 766
f 766 749 751
f 757 740 764
f 764 740 741
f 769 764 744
f 744 764 741
f 769 768 764
f 764 768 763
f 767 769 739
f 739 769 744
f 739 736 767
f 767 736 746
f 219 217 208
f 208 217 209
f 209 217 210
f 210 217 193
f 198 580 199
f 199 580 511
f 76 75 289
f 289 75 272
f 277 207 291
f 291 207 184
f 290 183 203
f 203 183 84
f 490 580 142
f 142 580 198
f 142 198 143
f 143 198 197
f 149 276 72
f 72 276 73
f 104 103 279
f 279 103 770
f 770 596 279
f 279 596 595
f 605 596 771
f 771 596 770
f 771 770 772
f 772 770 103
f 772 103 773
f 773 103 102
f 155 774 101
f 101 774 102
f 773 102 97
f 97 102 774
f 775 773 100
f 100 773 97
f 773 775 772
f 772 775 776
f 772 776 771
f 771 776 777
f 200 606 197
f 197 606 777
f 189 71 778
f 778 71 74
f 97 774 98
f 98 774 155
f 183 161 184
f 184 161 291
f 777 276 197
f 197 276 143
f 777 606 771
f 771 606 605
f 613 612 697
f 697 612 202
f 595 697 279
f 279 697 202
f 73 276 776
f 776 276 777
f 776 775 73
f 73 775 74
f 100 778 775
f 775 778 74
f 778 100 189
f 189 100 99
f 245 242 99
f 99 242 189
f 131 33 256
f 28 1 95
f 95 1 62
f 27 2 28
f 28 2 1
f 265 115 266
f 266 115 114
f 95 62 69
f 69 62 64
f 62 61 64
f 64 61 65
f 61 13 65
f 65 13 130
f 13 12 130
f 130 12 14
f 31 11 32
f 32 11 268
f 15 12 31
f 31 12 11
f 31 30 15
f 15 30 231
f 30 106 231
f 231 106 232
f 287 237 106
f 106 237 232
f 254 90 287
f 287 90 237
f 253 44 254
f 254 44 90
f 253 249 44
f 44 249 7
f 267 127 268
f 268 127 126
f 10 3 241
f 241 3 116
f 3 2 116
f 116 2 114
f 2 27 114
f 114 27 266
f 27 26 266
f 266 26 113
f 26 286 113
f 113 286 110
f 286 243 110
f 110 243 255
f 243 242 255
f 255 242 256
f 242 245 256
f 256 245 131
f 245 244 131
f 131 244 132
f 265 37 115
f 115 37 41
f 41 37 42
f 42 37 40
f 92 91 40
f 40 91 42
f 236 233 92
f 92 233 91
f 191 194 236
f 236 194 233
f 258 285 244
f 244 285 132
f 257 55 258
f 258 55 285
f 257 154 201
f 201 154 185
f 56 201 204
f 204 201 180
f 55 257 56
f 56 257 201
f 204 85 56
f 56 85 52
f 86 122 53
f 53 122 79
f 212 215 86
f 86 215 122
f 211 216 212
f 212 216 215
f 192 280 211
f 211 280 216
f 191 240 192
f 192 240 280
f 249 124 7
f 7 124 8
f 124 127 8
f 8 127 241
f 127 267 241
f 241 267 10
f 10 267 9
f 9 267 11
o hand_right
v 0.136788 0.408407 0.909662
v 0.140920 0.417876 0.908168
v 0.130074 0.416513 0.909683
v 0.126825 0.407141 0.909968
v 0.134708 0.438337 0.907915
v 0.131729 0.446461 0.898975
v 0.117568 0.439422 0.903270
v 0.122492 0.434289 0.910783
v 0.119169 0.404984 0.908315
v 0.121881 0.415113 0.910594
v 0.117092 0.403986 0.903118
v 0.116823 0.391829 0.898064
v 0.117900 0.394911 0.905006
v 0.116620 0.383152 0.898174
v 0.122616 0.392376 0.888296
v 0.123044 0.377641 0.893325
v 0.151747 0.385695 0.889656
v 0.164017 0.385801 0.895486
v 0.157604 0.372235 0.903025
v 0.145390 0.373732 0.897087
v 0.174800 0.379571 0.912202
v 0.165166 0.374656 0.907485
v 0.172061 0.387617 0.899092
v 0.180286 0.391480 0.903848
v 0.153033 0.411231 0.912185
v 0.157985 0.420307 0.909777
v 0.152376 0.418906 0.908093
v 0.147686 0.410585 0.910365
v 0.110019 0.410289 0.897294
v 0.116511 0.409407 0.887880
v 0.116653 0.404222 0.894238
v 0.111482 0.409901 0.902673
v 0.173963 0.444664 0.910877
v 0.179953 0.451577 0.900953
v 0.175272 0.451758 0.897419
v 0.171041 0.444968 0.907031
v 0.153139 0.452030 0.892098
v 0.161468 0.453645 0.885934
v 0.159588 0.454356 0.872173
v 0.151228 0.450268 0.875631
v 0.142234 0.449663 0.896488
v 0.140332 0.449803 0.882433
v 0.129070 0.446464 0.887433
v 0.114229 0.439350 0.894348
v 0.191369 0.449408 0.906422
v 0.188470 0.444439 0.914785
v 0.095169 0.361664 0.937272
v 0.099590 0.361971 0.941094
v 0.101796 0.364061 0.937262
v 0.097198 0.363125 0.933906
v 0.204165 0.433812 0.905707
v 0.206867 0.427369 0.898397
v 0.209837 0.433822 0.896781
v 0.205935 0.440331 0.902370
v 0.201636 0.425244 0.910134
v 0.202041 0.418822 0.900837
v 0.093888 0.349666 0.933245
v 0.091758 0.354318 0.933567
v 0.094295 0.354549 0.929018
v 0.097103 0.350032 0.928679
v 0.123343 0.398158 0.909769
v 0.132284 0.400523 0.912545
v 0.119106 0.382802 0.915906
v 0.125304 0.388873 0.914551
v 0.120047 0.389765 0.909633
v 0.115929 0.383820 0.910388
v 0.147458 0.391717 0.922476
v 0.151839 0.401397 0.917502
v 0.145736 0.400060 0.915230
v 0.139248 0.390060 0.920351
v 0.163161 0.403921 0.925675
v 0.158106 0.393929 0.929605
v 0.165166 0.396456 0.933816
v 0.167089 0.403707 0.930935
v 0.147269 0.376583 0.933917
v 0.144864 0.369694 0.935592
v 0.147310 0.369860 0.937915
v 0.150634 0.377109 0.935430
v 0.212853 0.439642 0.894121
v 0.207041 0.446314 0.898414
v 0.190514 0.387875 0.924459
v 0.194167 0.396474 0.930589
v 0.191861 0.385305 0.938333
v 0.188592 0.379003 0.929475
v 0.203552 0.421818 0.890241
v 0.208751 0.427554 0.888951
v 0.098531 0.346143 0.935336
v 0.101779 0.346996 0.931195
v 0.132034 0.439611 0.876373
v 0.114320 0.434126 0.885991
v 0.145834 0.442498 0.870548
v 0.155591 0.443976 0.866555
v 0.162083 0.447746 0.862438
v 0.128756 0.385290 0.919288
v 0.141362 0.403345 0.912613
v 0.157498 0.411992 0.914571
v 0.179906 0.414593 0.935656
v 0.183070 0.423753 0.931301
v 0.173252 0.420947 0.928160
v 0.172788 0.413134 0.932199
v 0.191235 0.402232 0.937953
v 0.183872 0.404329 0.940724
v 0.182055 0.395803 0.944746
v 0.189070 0.392270 0.943311
v 0.105651 0.414106 0.892424
v 0.116071 0.415238 0.882856
v 0.198108 0.440503 0.911238
v 0.198475 0.446191 0.905974
v 0.201335 0.451361 0.899923
v 0.164788 0.433016 0.910195
v 0.168931 0.445296 0.904471
v 0.164843 0.445192 0.902902
v 0.162492 0.431857 0.908265
v 0.145205 0.428902 0.908784
v 0.148296 0.441737 0.905284
v 0.133610 0.426584 0.911763
v 0.169694 0.453400 0.891808
v 0.179054 0.459031 0.891205
v 0.172635 0.459387 0.885055
v 0.187481 0.457550 0.896008
v 0.195345 0.455030 0.899400
v 0.214766 0.432100 0.885018
v 0.167095 0.458012 0.878860
v 0.114456 0.430365 0.911901
v 0.107867 0.426288 0.913174
v 0.111945 0.419820 0.913670
v 0.117804 0.422622 0.912752
v 0.114858 0.374581 0.900894
v 0.113373 0.380362 0.905918
v 0.116080 0.388390 0.903245
v 0.174177 0.436203 0.918742
v 0.186407 0.436545 0.921878
v 0.122219 0.378997 0.920447
v 0.100696 0.351563 0.924461
v 0.097473 0.356395 0.924555
v 0.107816 0.366081 0.910949
v 0.110973 0.359942 0.910951
v 0.123107 0.368781 0.924150
v 0.120337 0.375341 0.922471
v 0.119573 0.373055 0.923777
v 0.121958 0.367927 0.927099
v 0.155139 0.373832 0.941084
v 0.158006 0.380190 0.938943
v 0.138362 0.363614 0.907548
v 0.129459 0.364759 0.897474
v 0.134191 0.375015 0.892053
v 0.153913 0.393406 0.925847
v 0.150603 0.384716 0.930827
v 0.154221 0.385184 0.932882
v 0.130184 0.381539 0.922116
v 0.126093 0.375359 0.923652
v 0.131073 0.376293 0.924749
v 0.135316 0.382470 0.923608
v 0.197751 0.406611 0.922720
v 0.194585 0.413359 0.931618
v 0.092311 0.358751 0.934799
v 0.094512 0.359600 0.930777
v 0.158070 0.402868 0.920900
v 0.140360 0.387415 0.886901
v 0.162058 0.412995 0.917497
v 0.172403 0.368915 0.931414
v 0.171310 0.371946 0.938390
v 0.167180 0.368134 0.941171
v 0.167866 0.363694 0.936868
v 0.113463 0.359610 0.937331
v 0.109820 0.364116 0.937414
v 0.106864 0.361806 0.940186
v 0.110226 0.357147 0.940524
v 0.116682 0.378314 0.918872
v 0.112980 0.379123 0.913740
v 0.110637 0.375579 0.917886
v 0.115172 0.374756 0.921728
v 0.110740 0.375145 0.909263
v 0.107906 0.371953 0.913394
v 0.114177 0.353625 0.934680
v 0.110920 0.348620 0.929997
v 0.121333 0.356059 0.918987
v 0.122040 0.360509 0.925697
v 0.186104 0.402184 0.894997
v 0.193960 0.405523 0.902151
v 0.188478 0.394832 0.911099
v 0.184176 0.383590 0.919493
v 0.178762 0.373459 0.927334
v 0.171239 0.369011 0.918951
v 0.194050 0.398698 0.915660
v 0.130412 0.362937 0.919773
v 0.128917 0.361115 0.911519
v 0.134164 0.361220 0.913995
v 0.166998 0.414532 0.922875
v 0.097254 0.361610 0.926393
v 0.171843 0.428184 0.862425
v 0.183509 0.423592 0.866919
v 0.177534 0.418157 0.870392
v 0.164254 0.423717 0.865972
v 0.104458 0.366949 0.934367
v 0.099519 0.366248 0.930271
v 0.163282 0.379907 0.943245
v 0.160082 0.373964 0.944081
v 0.162901 0.371573 0.945038
v 0.166674 0.377245 0.947131
v 0.197773 0.408789 0.905346
v 0.187776 0.378676 0.943700
v 0.185742 0.373614 0.935473
v 0.198459 0.414757 0.894058
v 0.192048 0.411551 0.887405
v 0.196798 0.418369 0.882322
v 0.157079 0.363107 0.916912
v 0.178998 0.398817 0.891316
v 0.185540 0.409439 0.883944
v 0.190912 0.417496 0.877703
v 0.195585 0.422854 0.873311
v 0.201483 0.423391 0.878935
v 0.105799 0.348694 0.927131
v 0.107268 0.346592 0.934898
v 0.207823 0.428031 0.874364
v 0.200577 0.427716 0.868569
v 0.177395 0.408310 0.879750
v 0.166949 0.408183 0.875403
v 0.171319 0.398192 0.887209
v 0.160508 0.397006 0.883399
v 0.151820 0.362204 0.907634
v 0.100629 0.345879 0.950737
v 0.107122 0.349099 0.942627
v 0.107409 0.354689 0.944262
v 0.102071 0.349515 0.952529
v 0.110667 0.351466 0.938578
v 0.104081 0.345793 0.938965
v 0.146383 0.400310 0.879979
v 0.128300 0.369478 0.926213
v 0.150863 0.415158 0.872179
v 0.128525 0.402221 0.880253
v 0.131187 0.414809 0.876058
v 0.153574 0.431359 0.864939
v 0.137752 0.428754 0.870136
v 0.168022 0.439518 0.858639
v 0.161929 0.434373 0.862090
v 0.122174 0.426726 0.877305
v 0.092614 0.359131 0.947891
v 0.097613 0.358705 0.950502
v 0.177252 0.433075 0.858420
v 0.124287 0.424167 0.912542
v 0.168270 0.424535 0.918730
v 0.164562 0.422764 0.914813
v 0.184535 0.428989 0.927867
v 0.173572 0.427650 0.923866
v 0.088885 0.356674 0.945097
v 0.145892 0.363795 0.935206
v 0.147211 0.365499 0.934939
v 0.109778 0.434912 0.906451
v 0.104109 0.430809 0.908334
v 0.099481 0.425449 0.897129
v 0.100108 0.429969 0.902771
v 0.106248 0.434647 0.898508
v 0.105614 0.430134 0.892163
v 0.166511 0.433641 0.912167
v 0.169245 0.434069 0.914976
v 0.200001 0.416648 0.916306
v 0.196255 0.422815 0.925306
v 0.112223 0.369733 0.905854
v 0.120097 0.368174 0.898679
v 0.116408 0.364076 0.905058
v 0.117172 0.356818 0.912546
v 0.127997 0.364439 0.924871
v 0.125776 0.363984 0.921263
v 0.157191 0.443346 0.904206
v 0.155828 0.430224 0.907410
v 0.117356 0.414731 0.909700
v 0.113211 0.413232 0.909741
v 0.142857 0.384552 0.925856
v 0.149888 0.356927 0.922689
v 0.145314 0.355964 0.915404
v 0.139036 0.376584 0.928567
v 0.088563 0.348411 0.944034
v 0.087606 0.353280 0.944185
v 0.122686 0.360774 0.905979
v 0.160857 0.387654 0.937667
v 0.155336 0.361784 0.924506
v 0.149216 0.358931 0.929955
v 0.186571 0.387026 0.946753
v 0.188623 0.429482 0.862622
v 0.104577 0.359543 0.944401
v 0.101500 0.356029 0.952131
v 0.098153 0.343750 0.947951
v 0.093335 0.344289 0.944568
v 0.196155 0.431635 0.918890
v 0.161843 0.421300 0.912500
v 0.110541 0.423631 0.885065
v 0.102178 0.419815 0.892963
v 0.136981 0.371281 0.930266
v 0.177728 0.371682 0.934592
v 0.167189 0.363349 0.925629
v 0.163014 0.357882 0.932021
v 0.155440 0.357055 0.931450
v 0.149114 0.359721 0.934180
v 0.095992 0.343465 0.952867
v 0.090991 0.343915 0.949788
v 0.086259 0.347873 0.949527
v 0.085473 0.352455 0.949439
v 0.087768 0.356297 0.949435
v 0.098517 0.345430 0.955802
v 0.099689 0.348763 0.957263
v 0.099982 0.354888 0.955454
v 0.097048 0.345736 0.960317
v 0.092670 0.342987 0.960438
v 0.080870 0.348959 0.962753
v 0.083163 0.346926 0.957818
v 0.083425 0.345762 0.960205
v 0.081772 0.346563 0.964761
v 0.080860 0.346125 0.969765
v 0.079496 0.349011 0.968158
v 0.087385 0.343798 0.959063
v 0.085670 0.344328 0.965395
v 0.089638 0.343762 0.966708
v 0.087758 0.343421 0.971793
v 0.084065 0.343729 0.970797
v 0.090401 0.343201 0.962271
v 0.088116 0.343440 0.957021
v 0.080241 0.348107 0.972598
v 0.080834 0.345630 0.972606
v 0.083583 0.344147 0.973757
v 0.083413 0.346192 0.976029
v 0.083507 0.352079 0.954421
v 0.080920 0.351557 0.962516
v 0.080991 0.351796 0.968505
v 0.081621 0.350589 0.972882
v 0.083312 0.354423 0.964181
v 0.083302 0.353560 0.968975
v 0.084281 0.352601 0.972784
v 0.086825 0.355968 0.966000
v 0.086175 0.354487 0.969966
v 0.089996 0.357721 0.954375
v 0.086431 0.355979 0.952852
v 0.085981 0.353892 0.972543
v 0.084676 0.348024 0.976436
v 0.093180 0.344604 0.966210
v 0.090420 0.345214 0.972497
v 0.094793 0.346267 0.966626
v 0.092328 0.346628 0.972973
v 0.088088 0.344842 0.976150
v 0.086496 0.343853 0.974330
v 0.092223 0.358415 0.950590
v 0.097330 0.357665 0.953309
v 0.095645 0.357094 0.956615
v 0.091311 0.355611 0.967490
v 0.098477 0.354503 0.958871
v 0.098193 0.349005 0.961594
v 0.095429 0.348792 0.967921
v 0.094909 0.352139 0.968258
v 0.092984 0.349119 0.972588
v 0.092238 0.351520 0.971979
v 0.089537 0.354115 0.971321
v 0.090094 0.349617 0.975353
v 0.089284 0.346830 0.976188
v 0.086523 0.350734 0.975433
v 0.090492 0.351226 0.974195
v 0.087787 0.352356 0.973672
v 0.123844 0.349684 0.953003
v 0.129601 0.350183 0.955847
v 0.130141 0.349961 0.951344
v 0.125279 0.349476 0.949075
v 0.122059 0.336036 0.949203
v 0.119966 0.342021 0.950085
v 0.121473 0.341070 0.944701
v 0.125155 0.335244 0.943768
v 0.128405 0.332760 0.950272
v 0.131639 0.332952 0.944807
v 0.127029 0.337011 0.938502
v 0.123308 0.343093 0.939972
v 0.129900 0.356508 0.924948
v 0.133728 0.350907 0.922504
v 0.140902 0.364260 0.936660
v 0.143391 0.361010 0.936601
v 0.121203 0.346930 0.951518
v 0.122382 0.346233 0.946838
v 0.139129 0.349099 0.950604
v 0.134727 0.352362 0.950701
v 0.134593 0.349679 0.953398
v 0.138317 0.345595 0.953777
v 0.130679 0.363692 0.929873
v 0.135971 0.364887 0.933077
v 0.129336 0.360610 0.927774
v 0.141715 0.343204 0.948473
v 0.140730 0.337492 0.944654
v 0.146483 0.349064 0.929074
v 0.147187 0.353382 0.933974
v 0.122925 0.347955 0.942700
v 0.129257 0.352831 0.949060
v 0.125004 0.351910 0.946160
v 0.134306 0.335605 0.939864
v 0.137822 0.334870 0.949864
v 0.131872 0.338748 0.968670
v 0.137184 0.339234 0.958058
v 0.136717 0.344433 0.958738
v 0.132434 0.343668 0.969968
v 0.139597 0.340084 0.952822
v 0.134565 0.334775 0.955071
v 0.120681 0.350513 0.966946
v 0.126532 0.350818 0.969351
v 0.117253 0.347825 0.965503
v 0.140792 0.348054 0.923813
v 0.117764 0.337793 0.962260
v 0.116074 0.344060 0.963731
v 0.134367 0.348893 0.957763
v 0.130619 0.348242 0.970587
v 0.129393 0.335384 0.966713
v 0.123617 0.334088 0.962443
v 0.126773 0.335884 0.971932
v 0.121134 0.335047 0.968974
v 0.115438 0.338912 0.968266
v 0.114717 0.344773 0.968461
v 0.116538 0.348283 0.968998
v 0.129461 0.338976 0.973764
v 0.130509 0.343688 0.974664
v 0.129108 0.348395 0.973033
v 0.127694 0.341695 0.980073
v 0.124343 0.338614 0.980117
v 0.110228 0.348224 0.987119
v 0.111400 0.345539 0.981861
v 0.112617 0.343707 0.983328
v 0.111573 0.345989 0.988240
v 0.112960 0.341202 0.977474
v 0.114027 0.340934 0.979842
v 0.118190 0.338883 0.980059
v 0.116823 0.342141 0.985112
v 0.121657 0.342025 0.985719
v 0.120298 0.343794 0.991013
v 0.115439 0.343763 0.990703
v 0.121466 0.339450 0.982109
v 0.111778 0.347075 0.991695
v 0.111503 0.349556 0.992462
v 0.118482 0.337084 0.977361
v 0.113140 0.345124 0.972712
v 0.111369 0.348527 0.981028
v 0.111046 0.351401 0.987002
v 0.113315 0.352017 0.992753
v 0.113667 0.352069 0.981325
v 0.113363 0.353668 0.987211
v 0.115426 0.353535 0.991842
v 0.117606 0.354647 0.982039
v 0.117212 0.355338 0.987861
v 0.119755 0.351417 0.971900
v 0.115521 0.349221 0.971593
v 0.117106 0.354587 0.990438
v 0.114883 0.347679 0.995451
v 0.116330 0.350748 0.995409
v 0.114755 0.346222 0.994247
v 0.123708 0.342590 0.985847
v 0.121928 0.345312 0.991425
v 0.125728 0.344579 0.986073
v 0.123248 0.347269 0.992060
v 0.119586 0.346860 0.995223
v 0.118351 0.345739 0.994718
v 0.120355 0.350294 0.969679
v 0.125726 0.350398 0.971365
v 0.125264 0.351406 0.973193
v 0.122704 0.354101 0.983351
v 0.128838 0.348928 0.975218
v 0.129134 0.344952 0.978985
v 0.126898 0.347107 0.985424
v 0.126068 0.351007 0.984820
v 0.124593 0.349001 0.991753
v 0.124539 0.351425 0.989502
v 0.121222 0.354760 0.988411
v 0.121598 0.350443 0.994999
v 0.120445 0.348405 0.995539
v 0.117584 0.352287 0.994306
v 0.122410 0.352176 0.992671
v 0.119236 0.353916 0.992025
v 0.141424 0.358269 0.959944
v 0.146399 0.360255 0.962039
v 0.147519 0.360706 0.958762
v 0.142791 0.358431 0.956611
v 0.142312 0.345433 0.958456
v 0.139321 0.349434 0.958605
v 0.140903 0.349376 0.954186
v 0.144420 0.345367 0.952763
v 0.146899 0.343789 0.961491
v 0.150204 0.343573 0.954150
v 0.146483 0.346238 0.947526
v 0.142386 0.350209 0.949995
v 0.147701 0.357604 0.937870
v 0.152396 0.353048 0.936307
v 0.139494 0.354159 0.959066
v 0.140776 0.354322 0.955494
v 0.156022 0.359718 0.959258
v 0.151918 0.362133 0.958660
v 0.152371 0.359923 0.960939
v 0.155466 0.356924 0.961729
v 0.148179 0.367792 0.941185
v 0.153728 0.369689 0.942992
v 0.146421 0.362991 0.940180
v 0.158833 0.353791 0.957666
v 0.158426 0.347764 0.953455
v 0.164216 0.356609 0.943065
v 0.163870 0.362172 0.945730
v 0.141486 0.354946 0.952147
v 0.147101 0.362675 0.956421
v 0.142707 0.359930 0.954236
v 0.152714 0.345653 0.948968
v 0.155506 0.345989 0.958437
v 0.148624 0.349372 0.979387
v 0.155477 0.350475 0.964858
v 0.154249 0.356346 0.965045
v 0.148999 0.353821 0.979782
v 0.157233 0.351345 0.961515
v 0.152892 0.345533 0.963390
v 0.136992 0.358878 0.975198
v 0.142238 0.359973 0.976584
v 0.135105 0.355352 0.973329
v 0.159330 0.352213 0.937979
v 0.160442 0.367988 0.946018
v 0.135790 0.347870 0.973869
v 0.134466 0.351979 0.973202
v 0.151343 0.359309 0.963893
v 0.147021 0.357962 0.978772
v 0.146067 0.345835 0.977383
v 0.140803 0.344663 0.974528
v 0.144719 0.346773 0.982796
v 0.139258 0.345787 0.980290
v 0.134214 0.348493 0.979660
v 0.133143 0.352635 0.978691
v 0.133887 0.356044 0.978427
v 0.147267 0.350409 0.984458
v 0.147464 0.354343 0.984352
v 0.145908 0.357814 0.980803
v 0.146416 0.352108 0.988499
v 0.142632 0.348318 0.989529
v 0.129889 0.355318 0.997584
v 0.131033 0.353639 0.992240
v 0.131867 0.352882 0.992798
v 0.130734 0.354004 0.998307
v 0.132955 0.349871 0.987022
v 0.133453 0.350025 0.988998
v 0.136952 0.348313 0.989303
v 0.135882 0.350491 0.995213
v 0.141660 0.351987 0.995334
v 0.139843 0.353427 0.999839
v 0.134548 0.351836 1.000228
v 0.141128 0.349002 0.990836
v 0.131113 0.354612 1.001414
v 0.129389 0.355502 1.001783
v 0.137466 0.347214 0.987160
v 0.131274 0.353424 0.984118
v 0.129982 0.356139 0.991162
v 0.128636 0.358146 0.996562
v 0.129848 0.359011 1.000715
v 0.131435 0.359582 0.990417
v 0.130413 0.360656 0.995656
v 0.131380 0.361363 0.999447
v 0.133899 0.361744 0.990261
v 0.133124 0.362396 0.995118
v 0.135974 0.359220 0.980856
v 0.132801 0.356716 0.982088
v 0.133135 0.362323 0.998299
v 0.133486 0.354987 1.004238
v 0.134533 0.359065 1.003796
v 0.133844 0.354075 1.002798
v 0.143341 0.352578 0.994800
v 0.141587 0.354815 1.000687
v 0.144775 0.354941 0.994136
v 0.142876 0.357172 1.000012
v 0.138658 0.355205 1.003681
v 0.137989 0.354445 1.003003
v 0.136973 0.358674 0.978069
v 0.141806 0.359618 0.979004
v 0.140663 0.360220 0.981425
v 0.138230 0.362888 0.991307
v 0.144881 0.358731 0.983073
v 0.146353 0.355811 0.988128
v 0.144326 0.358076 0.993363
v 0.142198 0.361093 0.992729
v 0.142587 0.359673 0.998760
v 0.141123 0.361235 0.996859
v 0.136956 0.363532 0.995847
v 0.139470 0.360117 1.001409
v 0.139606 0.357786 1.003220
v 0.135158 0.361460 1.001809
v 0.139085 0.361734 0.999540
v 0.135800 0.362715 0.999695
v 0.157685 0.369928 0.944895
v 0.156908 0.369395 0.964677
v 0.160303 0.370869 0.966733
v 0.161754 0.371239 0.965246
v 0.158448 0.370752 0.962575
v 0.158836 0.359159 0.960068
v 0.155849 0.362650 0.961057
v 0.157391 0.363536 0.957164
v 0.160192 0.360093 0.956265
v 0.163525 0.357760 0.961530
v 0.164919 0.358952 0.958416
v 0.162388 0.361793 0.953372
v 0.159552 0.365660 0.953917
v 0.168959 0.372337 0.941750
v 0.173607 0.369409 0.940348
v 0.182842 0.382782 0.949987
v 0.178715 0.386346 0.949801
v 0.175339 0.380963 0.955314
v 0.179413 0.378404 0.955229
v 0.155505 0.366328 0.962699
v 0.156672 0.367976 0.959410
v 0.171533 0.369102 0.965790
v 0.167736 0.372092 0.965505
v 0.165528 0.371239 0.966972
v 0.169297 0.368895 0.968061
v 0.173623 0.385344 0.948803
v 0.170127 0.382587 0.947211
v 0.168361 0.380644 0.949850
v 0.170813 0.381011 0.953838
v 0.166361 0.376801 0.946860
v 0.172888 0.365393 0.964030
v 0.171680 0.361241 0.959985
v 0.183452 0.371520 0.949183
v 0.182743 0.375330 0.952374
v 0.158340 0.368968 0.957113
v 0.163731 0.372967 0.963332
v 0.160282 0.371939 0.961226
v 0.167100 0.359733 0.955732
v 0.169437 0.360675 0.962626
v 0.166325 0.362112 0.975521
v 0.170037 0.364436 0.968550
v 0.168055 0.368814 0.969839
v 0.165428 0.365052 0.976173
v 0.170737 0.364825 0.966648
v 0.168173 0.359688 0.965669
v 0.154079 0.367609 0.971835
v 0.158810 0.368899 0.973939
v 0.152597 0.365100 0.970228
v 0.179312 0.368657 0.942954
v 0.154988 0.358142 0.968819
v 0.152405 0.361670 0.969541
v 0.164010 0.370722 0.968698
v 0.162799 0.367718 0.975557
v 0.164914 0.358352 0.973398
v 0.160370 0.356121 0.969803
v 0.162663 0.357716 0.977384
v 0.158059 0.355903 0.973727
v 0.152562 0.358646 0.973059
v 0.151374 0.362202 0.972675
v 0.151718 0.365335 0.973161
v 0.164511 0.361636 0.979090
v 0.163959 0.364727 0.979173
v 0.161808 0.367595 0.977742
v 0.162591 0.361249 0.982826
v 0.159339 0.357723 0.982728
v 0.147733 0.362547 0.987558
v 0.148744 0.362018 0.983620
v 0.149418 0.361069 0.983975
v 0.147792 0.361443 0.987735
v 0.150700 0.359774 0.979062
v 0.151229 0.359328 0.980646
v 0.154464 0.357675 0.980541
v 0.152541 0.358444 0.985391
v 0.157280 0.359101 0.987856
v 0.155187 0.359595 0.991382
v 0.151205 0.358654 0.988938
v 0.157537 0.357527 0.983529
v 0.147506 0.360844 0.990406
v 0.146757 0.361679 0.991235
v 0.155023 0.356808 0.978785
v 0.149764 0.363311 0.977150
v 0.147826 0.364360 0.983808
v 0.146765 0.364351 0.988754
v 0.147368 0.363565 0.992412
v 0.148864 0.366629 0.983172
v 0.147420 0.366582 0.988991
v 0.148172 0.365787 0.992481
v 0.151247 0.368971 0.983355
v 0.149592 0.368121 0.988842
v 0.153625 0.368759 0.976972
v 0.150943 0.366377 0.976801
v 0.149482 0.366761 0.991675
v 0.149533 0.360105 0.993474
v 0.149947 0.362887 0.994387
v 0.150070 0.359119 0.992397
v 0.158499 0.359759 0.988085
v 0.156045 0.360520 0.992411
v 0.159910 0.361882 0.988296
v 0.156529 0.362603 0.992844
v 0.153066 0.360485 0.994327
v 0.152813 0.359417 0.992821
v 0.153922 0.368250 0.974717
v 0.157874 0.368816 0.975796
v 0.157658 0.369139 0.978281
v 0.155047 0.369542 0.984489
v 0.161456 0.367535 0.980206
v 0.162993 0.364352 0.981918
v 0.159920 0.364611 0.987836
v 0.158523 0.367552 0.986727
v 0.156139 0.364768 0.992702
v 0.155157 0.367303 0.991287
v 0.152682 0.368755 0.989729
v 0.152699 0.364552 0.994271
v 0.152852 0.362753 0.994859
v 0.150475 0.364878 0.993973
v 0.152619 0.366240 0.993258
v 0.151199 0.366690 0.992617
v 0.184065 0.378902 0.949351
v 0.097199 0.408779 0.902649
v 0.101368 0.407023 0.905990
v 0.101601 0.417477 0.918961
v 0.103746 0.411148 0.916493
v 0.096849 0.422414 0.917643
v 0.090231 0.423654 0.908742
v 0.093624 0.424787 0.913284
v 0.103595 0.407517 0.911580
v 0.093179 0.413002 0.900985
v 0.090074 0.419478 0.902967
v 0.087071 0.406751 0.905078
v 0.083150 0.413994 0.907535
v 0.082750 0.418826 0.913005
v 0.088809 0.421426 0.917530
v 0.092971 0.420694 0.920602
v 0.094429 0.404788 0.907085
v 0.098921 0.404221 0.910137
v 0.101953 0.406702 0.915454
v 0.092971 0.399879 0.913772
v 0.085507 0.398547 0.920367
v 0.078947 0.405751 0.937815
v 0.080922 0.409477 0.932257
v 0.080091 0.407001 0.931211
v 0.077887 0.403934 0.936299
v 0.080837 0.410293 0.926462
v 0.080973 0.407946 0.926824
v 0.082070 0.404217 0.923231
v 0.080437 0.401377 0.928376
v 0.084561 0.399675 0.922951
v 0.084555 0.397119 0.926724
v 0.078695 0.398398 0.933133
v 0.076371 0.400569 0.938183
v 0.077412 0.396038 0.937295
v 0.077879 0.401331 0.940900
v 0.079730 0.404202 0.920625
v 0.084152 0.416177 0.925071
v 0.083307 0.412134 0.932922
v 0.082020 0.407372 0.939254
v 0.080860 0.401924 0.942176
v 0.087607 0.412690 0.933982
v 0.086384 0.407444 0.938960
v 0.085704 0.402103 0.941101
v 0.092135 0.410573 0.933747
v 0.089820 0.405564 0.937790
v 0.096598 0.415941 0.924098
v 0.090507 0.418574 0.925005
v 0.088026 0.402190 0.939444
v 0.078446 0.395142 0.939945
v 0.081852 0.395821 0.941132
v 0.087299 0.395589 0.925274
v 0.082708 0.394049 0.931008
v 0.085551 0.393088 0.931050
v 0.091220 0.395625 0.924357
v 0.088334 0.393047 0.931545
v 0.082310 0.392185 0.935936
v 0.080239 0.393520 0.934477
v 0.098380 0.417273 0.921516
v 0.101705 0.411913 0.919113
v 0.100208 0.410992 0.921297
v 0.096014 0.405733 0.930863
v 0.100735 0.405384 0.918911
v 0.097510 0.401306 0.915802
v 0.094543 0.396891 0.925515
v 0.096678 0.400505 0.927747
v 0.091065 0.395110 0.932701
v 0.092269 0.397754 0.933660
v 0.091925 0.401915 0.936237
v 0.088015 0.395033 0.937151
v 0.085378 0.392662 0.936738
v 0.086096 0.397558 0.940288
v 0.089650 0.397116 0.936581
v 0.088725 0.399361 0.938628
v 0.180251 0.391292 0.946859
v 0.173766 0.390743 0.945389
v 0.176027 0.396567 0.943250
v 0.177783 0.405396 0.939799
v 0.185498 0.412177 0.936948
v 0.171927 0.404674 0.936022
v 0.170243 0.395744 0.939941
v 0.167069 0.387314 0.942673
v 0.168821 0.410554 0.928007
f 780 781 779
f 779 781 782
f 783 784 786
f 786 784 785
f 787 782 788
f 788 782 781
f 790 791 789
f 789 791 787
f 792 790 794
f 794 790 793
f 796 797 795
f 795 797 798
f 800 801 799
f 799 801 802
f 804 805 803
f 803 805 806
f 808 809 807
f 807 809 810
f 811 812 814
f 814 812 813
f 815 816 818
f 818 816 817
f 819 820 784
f 784 820 821
f 784 821 785
f 785 821 822
f 823 812 824
f 824 812 811
f 826 827 825
f 825 827 828
f 830 831 829
f 829 831 832
f 834 830 833
f 833 830 829
f 836 837 835
f 835 837 838
f 839 840 782
f 782 840 779
f 842 843 841
f 841 843 844
f 846 847 845
f 845 847 848
f 850 851 849
f 849 851 852
f 854 855 853
f 853 855 856
f 831 857 832
f 832 857 858
f 860 861 859
f 859 861 862
f 863 864 830
f 830 864 831
f 835 838 865
f 865 838 866
f 867 868 821
f 821 868 822
f 821 820 867
f 867 820 869
f 818 817 870
f 870 817 871
f 872 848 842
f 842 848 847
f 791 839 787
f 787 839 782
f 803 806 847
f 847 806 873
f 874 803 846
f 846 803 847
f 876 877 875
f 875 877 878
f 879 880 882
f 882 880 881
f 884 808 883
f 883 808 807
f 829 832 885
f 885 832 886
f 832 858 886
f 886 858 887
f 889 890 888
f 888 890 891
f 893 783 892
f 892 783 894
f 893 819 783
f 783 819 784
f 814 813 889
f 889 813 895
f 813 896 895
f 895 896 897
f 812 898 813
f 813 898 896
f 812 823 898
f 898 823 899
f 903 904 902
f 902 904 905
f 906 907 792
f 792 907 908
f 811 909 824
f 824 909 910
f 911 872 841
f 841 872 842
f 912 913 915
f 915 913 914
f 917 918 916
f 916 918 919
f 855 920 856
f 856 920 921
f 922 923 798
f 798 923 924
f 926 927 925
f 925 927 850
f 929 930 928
f 928 930 931
f 860 879 861
f 861 879 882
f 879 860 933
f 933 860 932
f 934 935 836
f 836 935 837
f 936 846 925
f 925 846 845
f 937 924 793
f 793 924 794
f 846 936 874
f 874 936 938
f 907 844 908
f 908 844 843
f 940 941 939
f 939 941 942
f 944 945 943
f 943 945 946
f 948 949 947
f 947 949 950
f 952 949 951
f 951 949 948
f 954 955 953
f 953 955 956
f 958 959 957
f 957 959 802
f 960 961 799
f 799 961 962
f 859 963 860
f 860 963 932
f 964 965 966
f 966 965 922
f 936 849 938
f 938 849 967
f 968 913 935
f 935 913 837
f 947 950 917
f 917 950 918
f 925 850 936
f 936 850 849
f 970 971 969
f 969 971 972
f 945 944 827
f 827 944 973
f 974 968 828
f 828 968 935
f 975 976 978
f 978 976 977
f 799 802 960
f 960 802 959
f 924 937 798
f 798 937 795
f 960 959 859
f 859 959 963
f 979 963 958
f 958 963 959
f 980 981 861
f 861 981 862
f 983 984 982
f 982 984 863
f 985 800 962
f 962 800 799
f 957 802 986
f 986 802 801
f 986 987 957
f 957 987 983
f 987 988 983
f 983 988 984
f 990 984 989
f 989 984 988
f 957 983 958
f 958 983 982
f 991 954 866
f 866 954 992
f 864 863 990
f 990 863 984
f 971 995 996
f 995 997 996
f 996 997 998
f 997 796 998
f 998 796 795
f 797 999 798
f 798 999 922
f 1000 1001 1003
f 1003 1001 1002
f 953 1004 954
f 954 1004 992
f 1005 865 992
f 992 865 866
f 998 795 1006
f 1006 795 937
f 912 991 838
f 838 991 866
f 916 1007 929
f 929 1007 930
f 971 970 988
f 988 970 989
f 1008 972 996
f 996 972 971
f 1009 1010 1006
f 1006 1010 1008
f 1011 1012 869
f 869 1012 867
f 1013 1014 871
f 871 1014 870
f 1008 1010 1012
f 1012 1010 1015
f 825 1016 826
f 826 1016 1017
f 1018 969 1013
f 1013 969 1014
f 783 786 894
f 894 786 1019
f 1020 1021 967
f 967 1021 938
f 1022 1023 876
f 876 1023 877
f 934 1024 825
f 825 1024 1016
f 854 1025 855
f 855 1025 1026
f 1028 903 1027
f 1027 903 902
f 1030 1031 1029
f 1029 1031 1032
f 889 888 814
f 814 888 1033
f 1034 811 1033
f 1033 811 814
f 1035 1036 932
f 932 1036 933
f 841 947 911
f 911 947 917
f 844 948 841
f 841 948 947
f 951 948 907
f 907 948 844
f 907 906 951
f 951 906 1037
f 906 1038 1037
f 1037 1038 1039
f 991 912 1040
f 1040 912 915
f 1041 1042 964
f 964 1042 965
f 890 1043 891
f 891 1043 1044
f 789 1045 1046
f 1012 1011 1008
f 1008 1011 972
f 931 1047 848
f 848 1047 845
f 953 956 943
f 943 956 919
f 928 931 872
f 872 931 848
f 1049 999 1048
f 1048 999 985
f 1047 931 1050
f 1050 931 930
f 899 823 887
f 887 823 886
f 825 828 934
f 934 828 935
f 835 1051 836
f 836 1051 1052
f 923 1053 1038
f 1038 1053 1039
f 1054 927 921
f 921 927 856
f 926 1047 853
f 853 1047 1050
f 985 1055 1048
f 1048 1055 1056
f 973 974 827
f 827 974 828
f 837 913 838
f 838 913 912
f 861 882 980
f 980 882 1057
f 927 926 856
f 856 926 853
f 1025 1056 1026
f 1026 1056 1055
f 961 960 862
f 862 960 859
f 826 1017 1059
f 1059 1017 1060
f 1005 1001 1061
f 1061 1001 1000
f 1001 1004 1002
f 1002 1004 946
f 1059 1060 1002
f 1002 1060 1003
f 943 946 953
f 953 946 1004
f 1042 1041 916
f 916 1041 1007
f 792 794 906
f 906 794 1038
f 998 1006 996
f 996 1006 1008
f 865 1005 1062
f 1062 1005 1061
f 1038 794 923
f 923 794 924
f 1022 876 1036
f 1036 876 933
f 836 1052 934
f 934 1052 1024
f 885 1063 829
f 829 1063 833
f 1021 1064 938
f 938 1064 874
f 1012 1015 867
f 867 1015 868
f 824 910 885
f 885 910 1063
f 1031 1030 1027
f 1027 1030 1028
f 1064 804 874
f 874 804 803
f 884 883 1065
f 1065 883 1066
f 1050 930 1067
f 1067 930 1007
f 916 929 917
f 917 929 911
f 961 1068 939
f 939 1068 940
f 1069 1070 1055
f 1055 1070 1071
f 929 928 911
f 911 928 872
f 1040 1053 955
f 955 1053 965
f 922 965 923
f 923 965 1053
f 1051 835 1062
f 1062 835 865
f 952 914 968
f 968 914 913
f 889 895 890
f 890 895 816
f 895 897 816
f 816 897 901
f 890 816 1043
f 1043 816 815
f 1065 1066 1032
f 1032 1066 1029
f 1006 937 1009
f 1009 937 793
f 1001 1005 1004
f 1004 1005 992
f 925 845 926
f 926 845 1047
f 1002 946 1059
f 1059 946 945
f 977 941 978
f 978 941 940
f 823 824 886
f 886 824 885
f 1059 945 826
f 826 945 827
f 939 942 1069
f 1069 942 1070
f 816 901 817
f 1071 1072 1055
f 1055 1072 1026
f 1062 1061 1074
f 1074 1061 1073
f 1062 1074 1051
f 1051 1074 1075
f 1052 1051 1076
f 1076 1051 1075
f 1024 1052 1077
f 1077 1052 1076
f 1061 1000 1073
f 1073 1000 1078
f 1000 1003 1078
f 1078 1003 1079
f 1079 1003 1080
f 1080 1003 1060
f 1081 1082 1078
f 1078 1082 1073
f 1084 1085 1083
f 1083 1085 1086
f 1087 1088 1086
f 1086 1088 1083
f 1086 1085 1090
f 1090 1085 1089
f 1091 1092 1090
f 1090 1092 1093
f 1089 1094 1090
f 1090 1094 1091
f 1095 1082 1089
f 1089 1082 1094
f 1093 1087 1090
f 1090 1087 1086
f 1096 1097 1099
f 1099 1097 1098
f 1097 1096 1087
f 1087 1096 1088
f 1089 1085 1095
f 1095 1085 1084
f 1084 1075 1095
f 1095 1075 1074
f 1084 1100 1075
f 1075 1100 1076
f 1083 1101 1084
f 1084 1101 1100
f 1101 1083 1102
f 1102 1083 1088
f 1082 1095 1073
f 1073 1095 1074
f 1096 1103 1088
f 1088 1103 1102
f 1101 1102 1104
f 1104 1102 1105
f 1102 1103 1105
f 1105 1103 1106
f 1104 1105 1107
f 1107 1105 1108
f 1107 1109 1104
f 1104 1109 1110
f 1111 1108 1106
f 1106 1108 1105
f 1101 1104 1100
f 1100 1104 1110
f 1100 1110 1076
f 1076 1110 1077
f 1103 1096 1112
f 1112 1096 1099
f 1091 1094 1113
f 1113 1094 1082
f 1113 1114 1091
f 1091 1114 1092
f 1082 1081 1113
f 1113 1081 1115
f 1114 1113 1116
f 1116 1113 1115
f 1114 1117 1092
f 1092 1117 1118
f 1024 1077 1016
f 1016 1077 1119
f 1017 1120 1060
f 1060 1120 1080
f 1120 1017 1119
f 1119 1017 1016
f 1119 1109 1120
f 1120 1109 1121
f 1109 1107 1121
f 1121 1107 1122
f 1120 1121 1080
f 1080 1121 1123
f 1119 1077 1109
f 1109 1077 1110
f 1124 1079 1123
f 1123 1079 1080
f 1124 1081 1079
f 1079 1081 1078
f 1125 1115 1124
f 1124 1115 1081
f 1125 1124 1126
f 1126 1124 1123
f 1127 1125 1128
f 1128 1125 1126
f 1121 1122 1123
f 1123 1122 1126
f 1122 1129 1126
f 1126 1129 1128
f 1115 1125 1116
f 1116 1125 1127
f 1131 1116 1130
f 1130 1116 1127
f 1130 1133 1132
f 1132 1133 1134
f 1130 1127 1133
f 1133 1127 1128
f 1130 1132 1131
f 1131 1132 1112
f 1131 1112 1117
f 1117 1112 1099
f 1117 1114 1131
f 1131 1114 1116
f 1107 1108 1122
f 1122 1108 1129
f 1134 1129 1111
f 1111 1129 1108
f 1134 1133 1129
f 1129 1133 1128
f 1132 1134 1106
f 1106 1134 1111
f 1106 1103 1132
f 1132 1103 1112
f 1087 1093 1097
f 1097 1093 1098
f 1098 1118 1099
f 1099 1118 1117
f 1098 1093 1118
f 1118 1093 1092
f 915 914 1039
f 1039 914 1037
f 918 944 919
f 919 944 943
f 950 949 973
f 973 949 974
f 949 952 974
f 974 952 968
f 956 955 1042
f 1042 955 965
f 950 973 918
f 918 973 944
f 915 1039 1040
f 1040 1039 1053
f 956 1042 919
f 919 1042 916
f 1040 955 991
f 991 955 954
f 914 952 1037
f 1037 952 951
f 1136 1137 1135
f 1135 1137 1138
f 1140 1141 1139
f 1139 1141 1142
f 1139 1142 1143
f 1143 1142 1144
f 1145 1146 1148
f 1148 1146 1147
f 854 1149 1025
f 1025 1149 1150
f 1151 1152 1140
f 1140 1152 1141
f 1154 1155 1153
f 1153 1155 1156
f 1067 1007 1158
f 1158 1007 1157
f 1159 1157 1041
f 1041 1157 1007
f 1161 1162 1160
f 1160 1162 1163
f 1164 1146 1152
f 1152 1146 1141
f 854 1067 1149
f 1149 1067 1158
f 1155 1154 1137
f 1137 1154 1165
f 1166 1164 1138
f 1138 1164 1152
f 1167 1161 1144
f 1144 1161 1168
f 1170 1171 1169
f 1169 1171 1172
f 1161 1160 1168
f 1168 1160 1173
f 1174 1143 1168
f 1168 1143 1144
f 1167 1144 1145
f 1145 1144 1142
f 1135 1175 1136
f 1136 1175 1176
f 1151 1177 1135
f 1135 1177 1175
f 1167 1145 1178
f 1178 1145 1148
f 1160 1163 1153
f 1153 1163 1150
f 1135 1138 1151
f 1151 1138 1152
f 1139 1179 1140
f 1140 1179 1180
f 1165 1166 1137
f 1137 1166 1138
f 1141 1146 1142
f 1142 1146 1145
f 1136 1176 1181
f 1181 1176 1182
f 1174 1170 1183
f 1183 1170 1169
f 1170 1173 1171
f 1171 1173 1156
f 1171 1181 1172
f 1172 1181 1182
f 1153 1156 1160
f 1160 1156 1173
f 1143 1174 1184
f 1184 1174 1183
f 1140 1180 1151
f 1151 1180 1177
f 1049 1048 1178
f 1178 1048 1162
f 1179 1139 1184
f 1184 1139 1143
f 1159 1147 1164
f 1164 1147 1146
f 1170 1174 1173
f 1173 1174 1168
f 1171 1156 1181
f 1181 1156 1155
f 1181 1155 1136
f 1136 1155 1137
f 1184 1183 1186
f 1186 1183 1185
f 1184 1186 1179
f 1179 1186 1187
f 1179 1187 1180
f 1180 1187 1188
f 1180 1188 1177
f 1177 1188 1189
f 1183 1169 1185
f 1185 1169 1190
f 1169 1172 1190
f 1190 1172 1191
f 1172 1182 1191
f 1191 1182 1192
f 1193 1194 1190
f 1190 1194 1185
f 1196 1197 1195
f 1195 1197 1198
f 1199 1200 1196
f 1196 1200 1197
f 1197 1200 1202
f 1202 1200 1201
f 1203 1204 1202
f 1202 1204 1205
f 1201 1206 1202
f 1202 1206 1203
f 1205 1198 1202
f 1202 1198 1197
f 1198 1207 1195
f 1195 1207 1208
f 1201 1200 1209
f 1209 1200 1199
f 1199 1187 1209
f 1209 1187 1186
f 1199 1210 1187
f 1187 1210 1188
f 1196 1211 1199
f 1199 1211 1210
f 1212 1211 1195
f 1195 1211 1196
f 1209 1194 1201
f 1201 1194 1206
f 1194 1209 1185
f 1185 1209 1186
f 1213 1212 1208
f 1208 1212 1195
f 1211 1212 1214
f 1214 1212 1215
f 1212 1213 1215
f 1215 1213 1216
f 1214 1215 1217
f 1217 1215 1218
f 1217 1219 1214
f 1214 1219 1220
f 1216 1221 1215
f 1215 1221 1218
f 1214 1220 1211
f 1211 1220 1210
f 1210 1220 1188
f 1188 1220 1189
f 1213 1208 1223
f 1223 1208 1222
f 1208 1207 1222
f 1222 1207 1224
f 1203 1206 1225
f 1225 1206 1194
f 1204 1203 1226
f 1226 1203 1225
f 1194 1193 1225
f 1225 1193 1227
f 1225 1227 1226
f 1226 1227 1228
f 1229 1230 1226
f 1226 1230 1204
f 1224 1230 1222
f 1222 1230 1229
f 1177 1189 1175
f 1175 1189 1231
f 1176 1232 1182
f 1182 1232 1192
f 1232 1176 1231
f 1231 1176 1175
f 1231 1219 1232
f 1232 1219 1233
f 1219 1217 1233
f 1233 1217 1234
f 1232 1233 1192
f 1192 1233 1235
f 1219 1231 1220
f 1220 1231 1189
f 1236 1191 1235
f 1235 1191 1192
f 1236 1193 1191
f 1191 1193 1190
f 1236 1237 1193
f 1193 1237 1227
f 1237 1236 1238
f 1238 1236 1235
f 1239 1237 1240
f 1240 1237 1238
f 1233 1234 1235
f 1235 1234 1238
f 1234 1241 1238
f 1238 1241 1240
f 1237 1239 1227
f 1227 1239 1228
f 1243 1228 1242
f 1242 1228 1239
f 1242 1245 1244
f 1244 1245 1246
f 1242 1239 1245
f 1245 1239 1240
f 1242 1244 1243
f 1243 1244 1223
f 1243 1223 1229
f 1229 1223 1222
f 1229 1226 1243
f 1243 1226 1228
f 1217 1218 1234
f 1234 1218 1241
f 1246 1241 1221
f 1221 1241 1218
f 1246 1245 1241
f 1241 1245 1240
f 1244 1246 1216
f 1216 1246 1221
f 1216 1213 1244
f 1244 1213 1223
f 1198 1205 1207
f 1207 1205 1224
f 1224 1205 1230
f 1230 1205 1204
f 1148 1147 966
f 966 1147 964
f 1149 1154 1150
f 1150 1154 1153
f 1158 1157 1165
f 1165 1157 1166
f 1157 1159 1166
f 1166 1159 1164
f 1163 1162 1056
f 1056 1162 1048
f 1158 1165 1149
f 1149 1165 1154
f 1178 1148 1049
f 1049 1148 966
f 1163 1056 1150
f 1150 1056 1025
f 1178 1162 1167
f 1167 1162 1161
f 1147 1159 964
f 964 1159 1041
f 999 1049 922
f 922 1049 966
f 999 797 985
f 985 797 800
f 797 796 800
f 800 796 801
f 796 997 801
f 801 997 986
f 1247 1248 1250
f 1250 1248 1249
f 1252 1253 1251
f 1251 1253 1254
f 1251 1254 1255
f 1255 1254 1256
f 1258 1259 1257
f 1257 1259 1260
f 1261 1262 1252
f 1252 1262 1253
f 1264 1265 1263
f 1263 1265 1266
f 1267 1268 855
f 855 1268 920
f 1269 1267 1026
f 1026 1267 855
f 1271 1272 1270
f 1270 1272 1273
f 1274 1258 1262
f 1262 1258 1253
f 1264 1275 1265
f 1265 1275 1249
f 1276 1274 1250
f 1250 1274 1262
f 1277 1271 1256
f 1256 1271 1278
f 1279 1280 1282
f 1282 1280 1281
f 1271 1270 1278
f 1278 1270 1283
f 1284 1255 1278
f 1278 1255 1256
f 1277 1256 1257
f 1257 1256 1254
f 1247 1285 1248
f 1248 1285 1286
f 1261 1287 1247
f 1247 1287 1285
f 1257 1260 1277
f 1277 1260 1288
f 1270 1273 1263
f 1263 1273 1289
f 1261 1247 1262
f 1262 1247 1250
f 1251 1290 1252
f 1252 1290 1291
f 1275 1276 1249
f 1249 1276 1250
f 1253 1258 1254
f 1254 1258 1257
f 1248 1286 1292
f 1292 1286 1293
f 1284 1280 1294
f 1294 1280 1279
f 1281 1280 1266
f 1266 1280 1283
f 1292 1293 1281
f 1281 1293 1282
f 1263 1266 1270
f 1270 1266 1283
f 1255 1284 1295
f 1295 1284 1294
f 1252 1291 1261
f 1261 1291 1287
f 1288 1070 1272
f 1272 1070 942
f 1290 1251 1295
f 1295 1251 1255
f 1269 1259 1274
f 1274 1259 1258
f 1280 1284 1283
f 1283 1284 1278
f 1281 1266 1292
f 1292 1266 1265
f 1292 1265 1248
f 1248 1265 1249
f 1295 1294 1297
f 1297 1294 1296
f 1295 1297 1290
f 1290 1297 1298
f 1290 1298 1291
f 1291 1298 1299
f 1291 1299 1287
f 1287 1299 1300
f 1294 1279 1296
f 1296 1279 1301
f 1279 1282 1301
f 1301 1282 1302
f 1302 1282 1303
f 1303 1282 1293
f 1304 1305 1301
f 1301 1305 1296
f 1307 1308 1306
f 1306 1308 1309
f 1310 1311 1307
f 1307 1311 1308
f 1308 1311 1313
f 1313 1311 1312
f 1314 1315 1313
f 1313 1315 1316
f 1312 1317 1313
f 1313 1317 1314
f 1316 1309 1313
f 1313 1309 1308
f 1318 1319 1309
f 1309 1319 1306
f 1311 1310 1312
f 1312 1310 1320
f 1310 1298 1320
f 1320 1298 1297
f 1310 1321 1298
f 1298 1321 1299
f 1307 1322 1310
f 1310 1322 1321
f 1322 1307 1323
f 1323 1307 1306
f 1312 1320 1317
f 1317 1320 1305
f 1305 1320 1296
f 1296 1320 1297
f 1319 1324 1306
f 1306 1324 1323
f 1325 1322 1326
f 1326 1322 1323
f 1324 1327 1323
f 1323 1327 1326
f 1328 1325 1329
f 1329 1325 1326
f 1325 1328 1331
f 1331 1328 1330
f 1327 1332 1326
f 1326 1332 1329
f 1322 1325 1321
f 1321 1325 1331
f 1321 1331 1299
f 1299 1331 1300
f 1324 1319 1334
f 1334 1319 1333
f 1319 1318 1333
f 1333 1318 1335
f 1314 1317 1336
f 1336 1317 1305
f 1315 1314 1337
f 1337 1314 1336
f 1305 1304 1336
f 1336 1304 1338
f 1337 1336 1339
f 1339 1336 1338
f 1337 1340 1315
f 1315 1340 1341
f 1335 1341 1333
f 1333 1341 1340
f 1287 1300 1285
f 1285 1300 1342
f 1286 1343 1293
f 1293 1343 1303
f 1343 1286 1342
f 1342 1286 1285
f 1342 1330 1343
f 1343 1330 1344
f 1330 1328 1344
f 1344 1328 1345
f 1343 1344 1303
f 1303 1344 1346
f 1342 1300 1330
f 1330 1300 1331
f 1347 1302 1346
f 1346 1302 1303
f 1347 1304 1302
f 1302 1304 1301
f 1348 1338 1347
f 1347 1338 1304
f 1348 1347 1349
f 1349 1347 1346
f 1350 1348 1351
f 1351 1348 1349
f 1344 1345 1346
f 1346 1345 1349
f 1345 1352 1349
f 1349 1352 1351
f 1348 1350 1338
f 1338 1350 1339
f 1354 1339 1353
f 1353 1339 1350
f 1353 1356 1355
f 1355 1356 1357
f 1353 1350 1356
f 1356 1350 1351
f 1353 1355 1354
f 1354 1355 1334
f 1354 1334 1340
f 1340 1334 1333
f 1340 1337 1354
f 1354 1337 1339
f 1328 1329 1345
f 1345 1329 1352
f 1357 1352 1332
f 1332 1352 1329
f 1357 1356 1352
f 1352 1356 1351
f 1357 1332 1355
f 1355 1332 1327
f 1327 1324 1355
f 1355 1324 1334
f 1309 1316 1318
f 1318 1316 1335
f 1335 1316 1341
f 1341 1316 1315
f 1259 1072 1260
f 1260 1072 1071
f 1358 1264 1289
f 1289 1264 1263
f 1268 1267 1275
f 1275 1267 1276
f 1267 1269 1276
f 1276 1269 1274
f 941 1273 942
f 942 1273 1272
f 1358 1268 1264
f 1264 1268 1275
f 1260 1071 1288
f 1288 1071 1070
f 1273 941 1289
f 1289 941 977
f 1272 1271 1288
f 1288 1271 1277
f 1259 1269 1072
f 1072 1269 1026
f 1360 1361 1359
f 1359 1361 1362
f 1364 1365 1363
f 1363 1365 1366
f 1363 1366 1367
f 1367 1366 1368
f 1370 1371 1369
f 1369 1371 1372
f 1373 1374 1376
f 1376 1374 1375
f 1377 1378 1364
f 1364 1378 1365
f 1379 1380 1382
f 1382 1380 1381
f 1383 1384 1386
f 1386 1384 1385
f 1387 1385 978
f 978 1385 1384
f 1388 1389 1391
f 1391 1389 1390
f 1378 1392 1365
f 1365 1392 1370
f 1374 1383 1375
f 1375 1383 1386
f 1380 1393 1381
f 1381 1393 1361
f 1394 1392 1362
f 1362 1392 1378
f 1389 1396 1395
f 1395 1396 1368
f 1398 1399 1397
f 1397 1399 1400
f 1388 1401 1389
f 1389 1401 1396
f 1402 1367 1396
f 1396 1367 1368
f 1395 1368 1369
f 1369 1368 1366
f 1359 1403 1360
f 1360 1403 1404
f 1377 1405 1359
f 1359 1405 1403
f 1369 1372 1395
f 1395 1372 1406
f 1379 1388 1376
f 1376 1388 1391
f 1359 1362 1377
f 1377 1362 1378
f 1363 1407 1364
f 1364 1407 1408
f 1393 1394 1361
f 1361 1394 1362
f 1365 1370 1366
f 1366 1370 1369
f 1360 1404 1409
f 1409 1404 1410
f 1402 1398 1411
f 1411 1398 1397
f 1399 1398 1382
f 1382 1398 1401
f 1409 1410 1399
f 1399 1410 1400
f 1388 1379 1401
f 1401 1379 1382
f 1367 1402 1412
f 1412 1402 1411
f 1364 1408 1377
f 1377 1408 1405
f 981 980 1406
f 1406 980 1390
f 1407 1363 1412
f 1412 1363 1367
f 1387 1371 1392
f 1392 1371 1370
f 1398 1402 1401
f 1401 1402 1396
f 1409 1399 1381
f 1381 1399 1382
f 1360 1409 1361
f 1361 1409 1381
f 1412 1411 1414
f 1414 1411 1413
f 1412 1414 1407
f 1407 1414 1415
f 1407 1415 1408
f 1408 1415 1416
f 1408 1416 1405
f 1405 1416 1417
f 1411 1397 1413
f 1413 1397 1418
f 1397 1400 1418
f 1418 1400 1419
f 1419 1400 1420
f 1420 1400 1410
f 1422 1413 1421
f 1421 1413 1418
f 1423 1424 1426
f 1426 1424 1425
f 1427 1428 1424
f 1424 1428 1425
f 1425 1428 1430
f 1430 1428 1429
f 1430 1431 1433
f 1433 1431 1432
f 1429 1434 1430
f 1430 1434 1431
f 1433 1426 1430
f 1430 1426 1425
f 1426 1435 1423
f 1423 1435 1436
f 1428 1427 1429
f 1429 1427 1437
f 1427 1415 1437
f 1437 1415 1414
f 1427 1438 1415
f 1415 1438 1416
f 1439 1438 1424
f 1424 1438 1427
f 1440 1439 1423
f 1423 1439 1424
f 1429 1437 1434
f 1434 1437 1422
f 1422 1437 1413
f 1413 1437 1414
f 1441 1440 1436
f 1436 1440 1423
f 1442 1439 1443
f 1443 1439 1440
f 1441 1444 1440
f 1440 1444 1443
f 1445 1442 1446
f 1446 1442 1443
f 1442 1445 1448
f 1448 1445 1447
f 1444 1449 1443
f 1443 1449 1446
f 1439 1442 1438
f 1438 1442 1448
f 1438 1448 1416
f 1416 1448 1417
f 1436 1450 1441
f 1441 1450 1451
f 1436 1435 1450
f 1450 1435 1452
f 1431 1434 1453
f 1453 1434 1422
f 1431 1453 1432
f 1432 1453 1454
f 1453 1422 1455
f 1455 1422 1421
f 1454 1453 1456
f 1456 1453 1455
f 1457 1458 1454
f 1454 1458 1432
f 1452 1458 1450
f 1450 1458 1457
f 1405 1417 1403
f 1403 1417 1459
f 1404 1460 1410
f 1410 1460 1420
f 1459 1460 1403
f 1403 1460 1404
f 1447 1461 1459
f 1459 1461 1460
f 1445 1462 1447
f 1447 1462 1461
f 1460 1461 1420
f 1420 1461 1463
f 1459 1417 1447
f 1447 1417 1448
f 1464 1419 1463
f 1463 1419 1420
f 1419 1464 1418
f 1418 1464 1421
f 1464 1465 1421
f 1421 1465 1455
f 1465 1464 1466
f 1466 1464 1463
f 1467 1465 1468
f 1468 1465 1466
f 1461 1462 1463
f 1463 1462 1466
f 1462 1469 1466
f 1466 1469 1468
f 1465 1467 1455
f 1455 1467 1456
f 1471 1456 1470
f 1470 1456 1467
f 1470 1473 1472
f 1472 1473 1474
f 1470 1467 1473
f 1473 1467 1468
f 1470 1472 1471
f 1471 1472 1451
f 1471 1451 1457
f 1457 1451 1450
f 1457 1454 1471
f 1471 1454 1456
f 1462 1445 1469
f 1469 1445 1446
f 1474 1469 1449
f 1449 1469 1446
f 1474 1473 1469
f 1469 1473 1468
f 1472 1474 1444
f 1444 1474 1449
f 1444 1441 1472
f 1472 1441 1451
f 1426 1433 1435
f 1435 1433 1452
f 1452 1433 1458
f 1458 1433 1432
f 1371 940 1372
f 1372 940 1068
f 1376 1375 1379
f 1379 1375 1380
f 1393 1386 1394
f 1394 1386 1385
f 1385 1387 1394
f 1394 1387 1392
f 1475 1373 1391
f 1391 1373 1376
f 1375 1386 1380
f 1380 1386 1393
f 1372 1068 1406
f 1406 1068 981
f 1406 1390 1395
f 1395 1390 1389
f 1371 1387 940
f 940 1387 978
f 883 807 1476
f 1476 807 1477
f 1046 904 1479
f 1479 904 1478
f 904 903 1478
f 1478 903 1480
f 1030 1481 1028
f 1028 1481 1482
f 810 1046 1483
f 1483 1046 1479
f 1066 883 1484
f 1484 883 1476
f 807 810 1477
f 1477 810 1483
f 1485 1029 1484
f 1484 1029 1066
f 1028 1482 903
f 903 1482 1480
f 1481 1030 1485
f 1485 1030 1029
f 1484 1486 1485
f 1485 1486 1487
f 1485 1487 1481
f 1481 1487 1488
f 1481 1488 1482
f 1482 1488 1489
f 1482 1489 1480
f 1480 1489 1490
f 1484 1476 1486
f 1486 1476 1491
f 1476 1477 1491
f 1491 1477 1492
f 1477 1483 1492
f 1492 1483 1493
f 1495 1486 1494
f 1494 1486 1491
f 1497 1498 1496
f 1496 1498 1499
f 1500 1501 1497
f 1497 1501 1498
f 1502 1503 1501
f 1501 1503 1498
f 1502 1504 1503
f 1503 1504 1505
f 1506 1499 1503
f 1503 1499 1498
f 1499 1506 1507
f 1507 1506 1508
f 1507 1509 1499
f 1499 1509 1496
f 1502 1501 1510
f 1510 1501 1500
f 1500 1488 1510
f 1510 1488 1487
f 1500 1511 1488
f 1488 1511 1489
f 1497 1512 1500
f 1500 1512 1511
f 1512 1497 1513
f 1513 1497 1496
f 1502 1510 1504
f 1504 1510 1495
f 1495 1510 1486
f 1486 1510 1487
f 1509 1514 1496
f 1496 1514 1513
f 1515 1512 1516
f 1516 1512 1513
f 1514 1517 1513
f 1513 1517 1516
f 1518 1515 1519
f 1519 1515 1516
f 1515 1518 1521
f 1521 1518 1520
f 1517 1522 1516
f 1516 1522 1519
f 1512 1515 1511
f 1511 1515 1521
f 1511 1521 1489
f 1489 1521 1490
f 1514 1509 1524
f 1524 1509 1523
f 1509 1507 1523
f 1523 1507 1508
f 1505 1504 1525
f 1525 1504 1495
f 1526 1505 1527
f 1527 1505 1525
f 1525 1495 1528
f 1528 1495 1494
f 1527 1525 1529
f 1529 1525 1528
f 1527 1530 1526
f 1526 1530 1531
f 1508 1531 1523
f 1523 1531 1530
f 1506 1503 1526
f 1526 1503 1505
f 1508 1506 1531
f 1531 1506 1526
f 1478 1480 1532
f 1532 1480 1490
f 1483 1479 1493
f 1493 1479 1533
f 1532 1533 1478
f 1478 1533 1479
f 1520 1534 1532
f 1532 1534 1533
f 1518 1535 1520
f 1520 1535 1534
f 1533 1534 1493
f 1493 1534 1536
f 1532 1490 1520
f 1520 1490 1521
f 1537 1492 1536
f 1536 1492 1493
f 1492 1537 1491
f 1491 1537 1494
f 1537 1538 1494
f 1494 1538 1528
f 1538 1537 1539
f 1539 1537 1536
f 1540 1538 1541
f 1541 1538 1539
f 1534 1535 1536
f 1536 1535 1539
f 1535 1542 1539
f 1539 1542 1541
f 1538 1540 1528
f 1528 1540 1529
f 1544 1529 1543
f 1543 1529 1540
f 1545 1543 1547
f 1547 1543 1546
f 1543 1540 1546
f 1546 1540 1541
f 1543 1545 1544
f 1544 1545 1524
f 1544 1524 1530
f 1530 1524 1523
f 1530 1527 1544
f 1544 1527 1529
f 1535 1518 1542
f 1542 1518 1519
f 1547 1542 1522
f 1522 1542 1519
f 1547 1546 1542
f 1542 1546 1541
f 1545 1547 1517
f 1517 1547 1522
f 1517 1514 1545
f 1545 1514 1524
f 997 995 986
f 986 995 987
f 987 995 988
f 988 995 971
f 976 1358 977
f 977 1358 1289
f 854 853 1067
f 1067 853 1050
f 1055 985 1069
f 1069 985 962
f 1068 961 981
f 981 961 862
f 1268 1358 920
f 920 1358 976
f 920 976 921
f 921 976 975
f 927 1054 850
f 850 1054 851
f 882 881 1057
f 1057 881 1548
f 1548 1374 1057
f 1057 1374 1373
f 1383 1374 1549
f 1549 1374 1548
f 1549 1548 1550
f 1550 1548 881
f 1550 881 1551
f 1551 881 880
f 933 1552 879
f 879 1552 880
f 1551 880 875
f 875 880 1552
f 1553 1551 878
f 878 1551 875
f 1551 1553 1550
f 1550 1553 1554
f 1550 1554 1549
f 1549 1554 1555
f 978 1384 975
f 975 1384 1555
f 967 849 1556
f 1556 849 852
f 875 1552 876
f 876 1552 933
f 961 939 962
f 962 939 1069
f 1555 1054 975
f 975 1054 921
f 1555 1384 1549
f 1549 1384 1383
f 1391 1390 1475
f 1475 1390 980
f 1373 1475 1057
f 1057 1475 980
f 851 1054 1554
f 1554 1054 1555
f 1554 1553 851
f 851 1553 852
f 878 1556 1553
f 1553 1556 852
f 1556 878 967
f 967 878 877
f 1023 1020 877
f 877 1020 967
f 909 811 1034
f 806 779 873
f 873 779 840
f 805 780 806
f 806 780 779
f 1043 893 1044
f 1044 893 892
f 873 840 847
f 847 840 842
f 840 839 842
f 842 839 843
f 839 791 843
f 843 791 908
f 791 790 908
f 908 790 792
f 809 789 810
f 810 789 1046
f 793 790 809
f 809 790 789
f 809 808 793
f 793 808 1009
f 808 884 1009
f 1009 884 1010
f 1065 1015 884
f 884 1015 1010
f 1032 868 1065
f 1065 868 1015
f 1031 822 1032
f 1032 822 868
f 1031 1027 822
f 822 1027 785
f 1045 905 1046
f 1046 905 904
f 788 781 1019
f 1019 781 894
f 781 780 894
f 894 780 892
f 780 805 892
f 892 805 1044
f 805 804 1044
f 1044 804 891
f 804 1064 891
f 891 1064 888
f 1064 1021 888
f 888 1021 1033
f 1021 1020 1033
f 1033 1020 1034
f 1020 1023 1034
f 1034 1023 909
f 1023 1022 909
f 909 1022 910
f 1043 815 893
f 893 815 819
f 819 815 820
f 820 815 818
f 870 869 818
f 818 869 820
f 1014 1011 870
f 870 1011 869
f 969 972 1014
f 1014 972 1011
f 1036 1063 1022
f 1022 1063 910
f 1035 833 1036
f 1036 833 1063
f 1035 932 979
f 979 932 963
f 834 979 982
f 982 979 958
f 833 1035 834
f 834 1035 979
f 982 863 834
f 834 863 830
f 864 900 831
f 831 900 857
f 990 993 864
f 864 993 900
f 989 994 990
f 990 994 993
f 970 1058 989
f 989 1058 994
f 969 1018 970
f 970 1018 1058
f 1027 902 785
f 785 902 786
f 902 905 786
f 786 905 1019
f 905 1045 1019
f 1019 1045 788
f 788 1045 787
f 787 1045 789
o hand_right
v 0.209660 0.173380 0.959951
v 0.210208 0.178261 0.968867
v 0.205725 0.168441 0.966178
v 0.204801 0.164789 0.958240
v 0.208255 0.170788 0.987117
v 0.199597 0.171431 0.996448
v 0.195684 0.157862 0.987403
v 0.204197 0.159519 0.981262
v 0.199024 0.159302 0.955273
v 0.202172 0.161086 0.963807
v 0.192499 0.160259 0.953604
v 0.188573 0.161280 0.943342
v 0.195906 0.158731 0.946560
v 0.188903 0.160025 0.935200
v 0.182535 0.170856 0.944223
v 0.187305 0.167643 0.929532
v 0.197904 0.194642 0.936686
v 0.208772 0.202735 0.936138
v 0.212299 0.193126 0.921700
v 0.201303 0.185085 0.924230
v 0.228668 0.204665 0.928655
v 0.219823 0.197946 0.924051
v 0.215794 0.208376 0.937601
v 0.223914 0.213753 0.941062
v 0.219760 0.186047 0.962527
v 0.220152 0.191938 0.971651
v 0.215921 0.188094 0.970462
v 0.215585 0.182381 0.962083
v 0.183214 0.157031 0.959483
v 0.179127 0.166501 0.960323
v 0.184378 0.163860 0.954629
v 0.188588 0.155891 0.958193
v 0.229029 0.206363 0.995035
v 0.222932 0.216484 1.001805
v 0.217699 0.213836 1.002245
v 0.224334 0.205393 0.995637
v 0.203518 0.194662 1.003835
v 0.201597 0.205935 1.005215
v 0.188277 0.210764 1.005940
v 0.187739 0.201005 1.002293
v 0.202563 0.182028 1.000775
v 0.189099 0.187220 1.001879
v 0.188247 0.174403 0.997796
v 0.186290 0.158884 0.988814
v 0.232838 0.224193 0.998932
v 0.239018 0.217708 0.994043
v 0.218490 0.129638 0.920356
v 0.223341 0.133264 0.920812
v 0.221880 0.135155 0.920997
v 0.217338 0.131188 0.920350
v 0.237567 0.235599 0.982739
v 0.231932 0.241040 0.976217
v 0.231985 0.244605 0.982537
v 0.235498 0.238881 0.989187
v 0.240236 0.231148 0.974241
v 0.231756 0.235395 0.967845
v 0.218551 0.123845 0.908915
v 0.216720 0.123894 0.913762
v 0.213965 0.126535 0.911621
v 0.215562 0.127634 0.906516
v 0.203231 0.160959 0.950063
v 0.210132 0.167411 0.952357
v 0.206924 0.153598 0.935388
v 0.208351 0.159740 0.940989
v 0.201533 0.157398 0.942042
v 0.200593 0.152956 0.936497
v 0.225714 0.175905 0.942978
v 0.223662 0.182206 0.952590
v 0.218774 0.177870 0.951485
v 0.220059 0.169505 0.941671
v 0.236122 0.188759 0.954583
v 0.236917 0.182365 0.944719
v 0.243898 0.186877 0.947021
v 0.242563 0.189986 0.954166
v 0.234951 0.170927 0.927774
v 0.235351 0.168424 0.922336
v 0.239042 0.168416 0.923282
v 0.237869 0.172861 0.928666
v 0.231121 0.248707 0.988195
v 0.232554 0.241845 0.995100
v 0.246908 0.213428 0.937034
v 0.254038 0.214090 0.945746
v 0.259444 0.208104 0.935635
v 0.250322 0.209063 0.928351
v 0.222953 0.241552 0.970801
v 0.224252 0.246916 0.976308
v 0.222840 0.126395 0.905181
v 0.220118 0.130111 0.902696
v 0.179390 0.182942 0.992238
v 0.178413 0.163570 0.985016
v 0.180679 0.198172 0.995156
v 0.181225 0.209198 0.996065
v 0.180297 0.217307 0.999224
v 0.213978 0.160642 0.937356
v 0.214516 0.175389 0.954969
v 0.223980 0.188877 0.963038
v 0.252995 0.199714 0.964484
v 0.250894 0.204851 0.973509
v 0.243536 0.197283 0.971177
v 0.246650 0.194808 0.963355
v 0.259526 0.208367 0.951725
v 0.258747 0.200698 0.954162
v 0.260772 0.196911 0.946504
v 0.262574 0.203651 0.942851
v 0.177428 0.155189 0.964042
v 0.175039 0.168170 0.966681
v 0.239996 0.227882 0.989627
v 0.235534 0.230723 0.995339
v 0.231458 0.236265 1.000380
v 0.224073 0.198045 0.984095
v 0.221200 0.204551 0.996228
v 0.218095 0.201309 0.996526
v 0.221320 0.196797 0.983286
v 0.213364 0.181043 0.979180
v 0.212688 0.184217 0.992498
v 0.209809 0.169723 0.974786
v 0.210355 0.211213 1.004350
v 0.213926 0.220389 1.009327
v 0.205592 0.217326 1.010048
v 0.221949 0.225752 1.007421
v 0.228352 0.231210 1.004340
v 0.223619 0.254163 0.980515
v 0.197538 0.214986 1.009038
v 0.200645 0.152369 0.976524
v 0.197978 0.146230 0.972078
v 0.199254 0.150330 0.965611
v 0.202083 0.156147 0.968837
v 0.191256 0.155660 0.927070
v 0.195474 0.152469 0.933050
v 0.193699 0.157117 0.940558
v 0.235944 0.202832 0.986449
v 0.244328 0.212519 0.986181
v 0.212272 0.154858 0.931511
v 0.211902 0.132090 0.906537
v 0.210537 0.130269 0.912221
v 0.199833 0.143720 0.920081
v 0.200462 0.146163 0.913400
v 0.216218 0.155441 0.921741
v 0.214123 0.153483 0.928009
v 0.215261 0.153153 0.925869
v 0.218955 0.154659 0.920441
v 0.245168 0.174413 0.926895
v 0.244155 0.178028 0.931642
v 0.207319 0.173495 0.914375
v 0.193788 0.169825 0.916058
v 0.191296 0.177968 0.926421
v 0.231701 0.180207 0.944403
v 0.234199 0.174958 0.935771
v 0.237627 0.177305 0.936160
v 0.217033 0.160695 0.933615
v 0.216538 0.157018 0.927818
v 0.219594 0.160540 0.928552
v 0.220840 0.164515 0.934221
v 0.249111 0.221402 0.955576
v 0.255883 0.214753 0.962451
v 0.216401 0.126117 0.917842
v 0.214474 0.127950 0.916867
v 0.229527 0.186314 0.953777
v 0.190033 0.186293 0.939130
v 0.228689 0.191622 0.963813
v 0.244810 0.192624 0.918613
v 0.251605 0.188118 0.922332
v 0.252212 0.183694 0.920290
v 0.248557 0.185293 0.915564
v 0.226770 0.144148 0.914085
v 0.225737 0.141396 0.919179
v 0.226322 0.138819 0.918231
v 0.228705 0.140367 0.912874
v 0.209765 0.151079 0.931263
v 0.203616 0.148968 0.932283
v 0.207551 0.145903 0.929381
v 0.212313 0.149421 0.928054
v 0.198858 0.148082 0.928536
v 0.202414 0.143978 0.926013
v 0.225312 0.144026 0.907572
v 0.220865 0.140036 0.902629
v 0.211071 0.154476 0.908517
v 0.217610 0.154742 0.912805
v 0.218855 0.223223 0.951789
v 0.228901 0.227166 0.954725
v 0.234156 0.218006 0.943953
v 0.239488 0.209864 0.932590
v 0.243863 0.200843 0.922401
v 0.232919 0.197744 0.917422
v 0.240880 0.220968 0.947733
v 0.215429 0.161664 0.917609
v 0.206539 0.163525 0.912948
v 0.211894 0.166189 0.914569
v 0.235784 0.193716 0.965080
v 0.211926 0.130661 0.917821
v 0.184001 0.225732 0.978922
v 0.193046 0.234093 0.973512
v 0.193427 0.226981 0.968487
v 0.183759 0.217239 0.975116
v 0.221446 0.136846 0.922504
v 0.216014 0.133031 0.922388
v 0.250461 0.180506 0.931455
v 0.250327 0.177211 0.926882
v 0.253152 0.179256 0.924744
v 0.256243 0.181450 0.929326
v 0.233617 0.229244 0.957876
v 0.263313 0.202716 0.930858
v 0.255139 0.203521 0.923980
v 0.223916 0.235054 0.963937
v 0.214988 0.232148 0.961072
v 0.212725 0.238946 0.967624
v 0.224772 0.185320 0.912781
v 0.212298 0.218347 0.948843
v 0.208925 0.227763 0.959305
v 0.205926 0.235680 0.967081
v 0.204149 0.242053 0.972116
v 0.211899 0.244798 0.972392
v 0.216358 0.135589 0.903077
v 0.225619 0.134568 0.902044
v 0.210793 0.252567 0.976648
v 0.202283 0.248702 0.976608
v 0.201463 0.222289 0.958561
v 0.192952 0.215098 0.959159
v 0.205067 0.213291 0.948526
v 0.196732 0.205491 0.947902
v 0.213881 0.184797 0.910676
v 0.237707 0.126074 0.912529
v 0.231895 0.134320 0.907948
v 0.231151 0.136764 0.913251
v 0.238184 0.129081 0.915676
v 0.228650 0.139063 0.907061
v 0.228532 0.130763 0.904697
v 0.187142 0.195045 0.952233
v 0.219749 0.158284 0.923677
v 0.182865 0.202746 0.967522
v 0.178673 0.179921 0.954397
v 0.176808 0.184030 0.967326
v 0.178440 0.208152 0.983798
v 0.175757 0.191762 0.981805
v 0.179142 0.224250 0.990541
v 0.179501 0.216998 0.986027
v 0.174124 0.175234 0.979016
v 0.226106 0.125992 0.924481
v 0.230582 0.129965 0.923596
v 0.182887 0.232497 0.983393
v 0.205483 0.161796 0.971281
v 0.232950 0.197084 0.975070
v 0.227727 0.195426 0.973579
v 0.248710 0.207986 0.978662
v 0.240010 0.199731 0.977857
v 0.223415 0.121674 0.922366
v 0.236436 0.168373 0.917643
v 0.237099 0.168680 0.919180
v 0.194247 0.149984 0.982008
v 0.192794 0.144691 0.977468
v 0.180066 0.146498 0.974354
v 0.185890 0.143999 0.977738
v 0.185716 0.150553 0.983254
v 0.179308 0.153545 0.980002
v 0.226573 0.198723 0.984435
v 0.230308 0.199947 0.984628
v 0.244762 0.226679 0.965589
v 0.251319 0.219431 0.971862
v 0.195974 0.150063 0.922972
v 0.191310 0.160425 0.920413
v 0.196304 0.153670 0.916928
v 0.203487 0.151700 0.909729
v 0.218677 0.158226 0.919938
v 0.214485 0.158820 0.916573
v 0.215799 0.193344 0.994792
v 0.217404 0.191194 0.981739
v 0.198726 0.157845 0.962305
v 0.195820 0.153982 0.959994
v 0.226267 0.170319 0.935869
v 0.227882 0.174171 0.909571
v 0.218836 0.173520 0.909012
v 0.226570 0.165877 0.928191
v 0.225901 0.117324 0.915504
v 0.223681 0.118932 0.919643
v 0.198808 0.159377 0.913021
v 0.244809 0.181158 0.938515
v 0.231624 0.178858 0.912319
v 0.234181 0.171545 0.911783
v 0.264250 0.200005 0.938995
v 0.191637 0.240742 0.979071
v 0.228702 0.136500 0.918543
v 0.234678 0.131926 0.920788
v 0.234959 0.123266 0.910589
v 0.229727 0.119641 0.911037
v 0.245855 0.222459 0.980820
v 0.224379 0.194048 0.972332
v 0.174626 0.161975 0.974832
v 0.176977 0.151392 0.969523
v 0.226816 0.164288 0.924013
v 0.251326 0.195748 0.921799
v 0.237623 0.189418 0.913263
v 0.242765 0.181251 0.909994
v 0.239101 0.174304 0.909944
v 0.238369 0.168366 0.913947
v 0.238433 0.119952 0.914590
v 0.233338 0.116705 0.914970
v 0.228879 0.115165 0.919015
v 0.226382 0.117033 0.922256
v 0.226014 0.120769 0.924390
v 0.241310 0.122940 0.916695
v 0.241305 0.125928 0.919368
v 0.237218 0.129943 0.922204
v 0.243543 0.121765 0.921236
v 0.242472 0.116415 0.921866
v 0.233485 0.112717 0.932267
v 0.232747 0.112597 0.926313
v 0.235173 0.111968 0.927530
v 0.236581 0.111800 0.932404
v 0.239367 0.111185 0.936794
v 0.236031 0.112017 0.937364
v 0.237886 0.113213 0.923803
v 0.240493 0.112904 0.930174
v 0.243859 0.115284 0.929185
v 0.245867 0.114173 0.934318
v 0.243081 0.111871 0.935270
v 0.242057 0.115043 0.924791
v 0.237084 0.113353 0.921330
v 0.239611 0.112086 0.940309
v 0.241333 0.110904 0.938977
v 0.244319 0.111918 0.938155
v 0.244458 0.113129 0.940935
v 0.228283 0.116305 0.926212
v 0.231875 0.114485 0.933441
v 0.235427 0.114959 0.938388
v 0.239110 0.114730 0.941141
v 0.232723 0.118181 0.935223
v 0.235978 0.117859 0.938663
v 0.239392 0.118011 0.940786
v 0.235017 0.121790 0.935903
v 0.237736 0.120571 0.938584
v 0.229529 0.124170 0.926892
v 0.226990 0.120760 0.926100
v 0.239465 0.120184 0.940431
v 0.244446 0.115204 0.941659
v 0.245237 0.118292 0.927429
v 0.246760 0.117228 0.934365
v 0.245574 0.120715 0.927855
v 0.247458 0.119487 0.934507
v 0.247812 0.115504 0.938380
v 0.246389 0.113760 0.937194
v 0.228135 0.125486 0.925073
v 0.233020 0.129359 0.924052
v 0.234407 0.128102 0.925587
v 0.238686 0.124898 0.934772
v 0.238700 0.128557 0.924485
v 0.243076 0.124946 0.923620
v 0.245203 0.123010 0.929914
v 0.243178 0.124967 0.932060
v 0.246252 0.121676 0.935120
v 0.244152 0.122793 0.936044
v 0.240708 0.122741 0.937942
v 0.245886 0.120100 0.938903
v 0.247447 0.117612 0.938723
v 0.243320 0.118360 0.941100
v 0.244601 0.121504 0.938570
v 0.242077 0.120335 0.939846
v 0.241144 0.140093 0.918783
v 0.246648 0.143643 0.918364
v 0.243425 0.145268 0.915723
v 0.238991 0.142043 0.916115
v 0.239812 0.132541 0.906789
v 0.238254 0.133919 0.912703
v 0.235061 0.136336 0.908856
v 0.237427 0.136634 0.902669
v 0.244759 0.134942 0.902431
v 0.242020 0.139842 0.899034
v 0.233089 0.141369 0.902056
v 0.231540 0.140611 0.909040
v 0.220087 0.156958 0.914746
v 0.220439 0.159219 0.908363
v 0.235283 0.164710 0.920268
v 0.237001 0.165782 0.916828
v 0.238992 0.137039 0.916874
v 0.236294 0.138887 0.913737
v 0.247750 0.152382 0.912267
v 0.245125 0.150373 0.916634
v 0.247557 0.147885 0.914957
v 0.250696 0.148285 0.910335
v 0.224455 0.158260 0.921737
v 0.229715 0.161915 0.921131
v 0.221958 0.156902 0.919179
v 0.248178 0.152431 0.905535
v 0.245117 0.150287 0.899760
v 0.232707 0.166469 0.904134
v 0.237207 0.166972 0.908348
v 0.232891 0.141526 0.914252
v 0.240934 0.146683 0.918378
v 0.236392 0.143796 0.918054
v 0.237988 0.146160 0.898876
v 0.248993 0.143741 0.900343
v 0.260505 0.133953 0.914647
v 0.254821 0.142281 0.907684
v 0.254138 0.144528 0.912402
v 0.260802 0.136778 0.918871
v 0.251534 0.146682 0.904872
v 0.251585 0.139019 0.903852
v 0.249935 0.133291 0.927236
v 0.255264 0.137002 0.926476
v 0.247317 0.129686 0.925772
v 0.225115 0.163404 0.904422
v 0.247272 0.125333 0.916257
v 0.246060 0.127196 0.922502
v 0.251098 0.145722 0.916440
v 0.259228 0.138026 0.923434
v 0.258069 0.130888 0.912179
v 0.251446 0.127431 0.911321
v 0.260667 0.127214 0.916502
v 0.255180 0.123780 0.916430
v 0.250542 0.122243 0.920812
v 0.248616 0.125162 0.925448
v 0.249193 0.128473 0.927620
v 0.262965 0.130293 0.918667
v 0.263086 0.133681 0.922061
v 0.260007 0.136153 0.925194
v 0.265561 0.129108 0.925550
v 0.264458 0.124618 0.924622
v 0.256454 0.119598 0.940782
v 0.254664 0.120001 0.935036
v 0.257077 0.119187 0.934377
v 0.258889 0.118824 0.939574
v 0.254345 0.119360 0.928773
v 0.256675 0.119190 0.929716
v 0.260274 0.120594 0.926961
v 0.261523 0.120652 0.933088
v 0.265132 0.123602 0.931671
v 0.267058 0.122569 0.936973
v 0.263739 0.119398 0.938489
v 0.263580 0.122651 0.927593
v 0.260906 0.118797 0.942585
v 0.260385 0.119943 0.944822
v 0.259301 0.120262 0.923838
v 0.250027 0.123292 0.928383
v 0.252964 0.122162 0.936591
v 0.255702 0.122273 0.942565
v 0.260839 0.122713 0.946018
v 0.253342 0.126001 0.938411
v 0.256473 0.125338 0.943415
v 0.260993 0.125395 0.945644
v 0.255442 0.130257 0.939201
v 0.258801 0.128904 0.943568
v 0.251719 0.132113 0.929846
v 0.249410 0.127857 0.929715
v 0.260720 0.127636 0.944784
v 0.265181 0.120244 0.944461
v 0.264959 0.123243 0.945935
v 0.264754 0.119651 0.942730
v 0.266347 0.125394 0.931406
v 0.267773 0.124582 0.937673
v 0.267064 0.128085 0.932224
v 0.268262 0.126581 0.938964
v 0.268193 0.122998 0.942123
v 0.267493 0.121607 0.941502
v 0.251679 0.132114 0.927977
v 0.256274 0.135511 0.927068
v 0.256169 0.135583 0.928649
v 0.259931 0.133013 0.937868
v 0.260625 0.135909 0.926919
v 0.264516 0.132613 0.926551
v 0.266489 0.130786 0.933118
v 0.264150 0.132952 0.935648
v 0.268442 0.128725 0.939407
v 0.266041 0.130922 0.939498
v 0.261977 0.131164 0.942152
v 0.268159 0.126745 0.943626
v 0.268434 0.124472 0.943051
v 0.264456 0.125388 0.945734
v 0.266495 0.129084 0.942902
v 0.263401 0.128222 0.944691
v 0.258159 0.155506 0.923005
v 0.261717 0.160060 0.923844
v 0.259488 0.161503 0.922536
v 0.256099 0.157165 0.921130
v 0.260594 0.150687 0.911245
v 0.258450 0.149934 0.915725
v 0.255213 0.152442 0.912994
v 0.256358 0.154094 0.907888
v 0.265590 0.153137 0.909616
v 0.260351 0.157860 0.904966
v 0.252266 0.157609 0.906301
v 0.251880 0.154985 0.911821
v 0.241698 0.165249 0.913487
v 0.243171 0.168641 0.907971
v 0.257654 0.152156 0.919876
v 0.255113 0.154132 0.917865
v 0.264096 0.167564 0.919888
v 0.261375 0.164783 0.922980
v 0.263660 0.164775 0.921197
v 0.266391 0.165971 0.917763
v 0.243312 0.167463 0.923669
v 0.247165 0.172124 0.924810
v 0.242299 0.164980 0.919394
v 0.264846 0.168434 0.913160
v 0.262209 0.166964 0.906409
v 0.253758 0.178207 0.911021
v 0.255339 0.178577 0.916931
v 0.252450 0.155374 0.916971
v 0.257200 0.161427 0.924012
v 0.253848 0.157469 0.921892
v 0.256243 0.162531 0.904529
v 0.265784 0.162217 0.907153
v 0.280491 0.153037 0.921755
v 0.270462 0.162525 0.913569
v 0.268661 0.164337 0.919010
v 0.279643 0.155586 0.925409
v 0.267991 0.165105 0.912278
v 0.269306 0.158491 0.909819
v 0.268878 0.149131 0.931884
v 0.272101 0.153702 0.931493
v 0.267508 0.146138 0.928810
v 0.247768 0.174145 0.906455
v 0.253432 0.176789 0.922929
v 0.270454 0.142757 0.922580
v 0.268107 0.143932 0.926181
v 0.265658 0.163464 0.922077
v 0.276667 0.156274 0.929055
v 0.278670 0.149575 0.918790
v 0.274145 0.145252 0.918394
v 0.282368 0.147486 0.922829
v 0.277981 0.143039 0.922770
v 0.274153 0.140569 0.926535
v 0.271505 0.142223 0.929799
v 0.270603 0.144688 0.932103
v 0.283710 0.151246 0.925684
v 0.282432 0.153604 0.928620
v 0.277651 0.154964 0.930166
v 0.286023 0.150526 0.929496
v 0.286303 0.145132 0.928579
v 0.284172 0.137212 0.943405
v 0.280992 0.138321 0.938653
v 0.282094 0.138446 0.938065
v 0.285616 0.136994 0.942496
v 0.279015 0.138792 0.932138
v 0.280769 0.138855 0.933174
v 0.283329 0.140584 0.930694
v 0.286830 0.139683 0.936069
v 0.289207 0.145118 0.935034
v 0.291484 0.143509 0.939420
v 0.289780 0.138315 0.940503
v 0.286333 0.143975 0.930455
v 0.288088 0.136935 0.944591
v 0.287254 0.136005 0.946125
v 0.282283 0.140846 0.928349
v 0.274652 0.140170 0.933958
v 0.278732 0.139140 0.940368
v 0.281766 0.138073 0.945400
v 0.285378 0.138603 0.947952
v 0.277643 0.142410 0.942036
v 0.281018 0.141098 0.946091
v 0.284298 0.141425 0.948382
v 0.278015 0.145644 0.942695
v 0.281310 0.144353 0.946079
v 0.272461 0.147767 0.934986
v 0.272683 0.143635 0.934892
v 0.283894 0.143632 0.947763
v 0.291426 0.138350 0.945590
v 0.290136 0.141631 0.947955
v 0.290738 0.138465 0.943959
v 0.289433 0.146909 0.934536
v 0.292522 0.145477 0.940266
v 0.288832 0.149549 0.935421
v 0.291826 0.147974 0.941135
v 0.293407 0.142689 0.943455
v 0.292791 0.141911 0.942745
v 0.271033 0.148574 0.932904
v 0.273730 0.152880 0.932269
v 0.274819 0.152019 0.934193
v 0.280559 0.149629 0.942427
v 0.278627 0.154285 0.932280
v 0.284464 0.152690 0.932172
v 0.286907 0.151193 0.937546
v 0.284290 0.151458 0.940326
v 0.289813 0.149475 0.942402
v 0.287036 0.149711 0.943080
v 0.283365 0.147940 0.945837
v 0.290260 0.146675 0.945455
v 0.292599 0.145010 0.944719
v 0.287989 0.143954 0.948326
v 0.288013 0.147745 0.945751
v 0.286178 0.145668 0.947815
v 0.250706 0.175035 0.924804
v 0.279753 0.170653 0.926969
v 0.281668 0.173965 0.928898
v 0.280763 0.174912 0.928394
v 0.277881 0.171844 0.926978
v 0.279331 0.171973 0.915514
v 0.278764 0.169273 0.919424
v 0.275242 0.171108 0.918313
v 0.275783 0.173924 0.914714
v 0.281567 0.176567 0.914352
v 0.278706 0.178616 0.914173
v 0.272700 0.176361 0.915466
v 0.271778 0.173390 0.919076
v 0.257986 0.184188 0.922569
v 0.258425 0.189540 0.920072
v 0.266748 0.195996 0.935845
v 0.263438 0.191554 0.939235
v 0.270532 0.187727 0.934626
v 0.272111 0.192325 0.932231
v 0.278880 0.169176 0.923469
v 0.275721 0.170352 0.923280
v 0.283641 0.184154 0.926555
v 0.281889 0.180319 0.929222
v 0.283012 0.178475 0.928878
v 0.285529 0.182035 0.927038
v 0.260332 0.186907 0.937941
v 0.257320 0.184483 0.934510
v 0.261605 0.181486 0.933286
v 0.267837 0.183276 0.934083
v 0.259664 0.180212 0.928289
v 0.283252 0.185852 0.922494
v 0.280507 0.185138 0.917137
v 0.268725 0.198003 0.924206
v 0.270704 0.196484 0.928652
v 0.273496 0.171704 0.922983
v 0.278921 0.176564 0.929230
v 0.276657 0.172949 0.927135
v 0.275892 0.181208 0.914361
v 0.283059 0.182503 0.917347
v 0.293730 0.177964 0.923807
v 0.287520 0.182622 0.922877
v 0.286698 0.181183 0.927525
v 0.292948 0.177779 0.927039
v 0.285735 0.183431 0.922667
v 0.286015 0.180592 0.917690
v 0.285250 0.167826 0.928918
v 0.287859 0.172393 0.930386
v 0.284480 0.165983 0.926109
v 0.262481 0.194958 0.920132
v 0.286287 0.166964 0.918710
v 0.285147 0.165224 0.922746
v 0.284235 0.177427 0.929177
v 0.290749 0.175901 0.929683
v 0.292787 0.175886 0.919527
v 0.288906 0.171742 0.916524
v 0.295884 0.172542 0.921284
v 0.291757 0.168563 0.918463
v 0.288312 0.164360 0.921431
v 0.286297 0.164368 0.924854
v 0.285608 0.165539 0.927811
v 0.296501 0.175139 0.925397
v 0.295301 0.175591 0.928174
v 0.292189 0.174696 0.930315
v 0.298911 0.172308 0.927274
v 0.298866 0.168120 0.924856
v 0.296115 0.158059 0.933403
v 0.293500 0.159779 0.930512
v 0.294520 0.159960 0.929836
v 0.296805 0.157711 0.932593
v 0.291605 0.161904 0.925718
v 0.293324 0.161786 0.926201
v 0.295169 0.164230 0.924196
v 0.298094 0.161542 0.927963
v 0.301596 0.165492 0.929124
v 0.303532 0.162857 0.931924
v 0.300461 0.159489 0.930387
v 0.298863 0.166236 0.925394
v 0.299179 0.156541 0.933684
v 0.299167 0.155985 0.934984
v 0.294329 0.165022 0.922306
v 0.288248 0.162722 0.928024
v 0.292236 0.159724 0.932787
v 0.295875 0.157554 0.935796
v 0.299479 0.156899 0.937159
v 0.291129 0.161543 0.934295
v 0.295297 0.158866 0.937679
v 0.298834 0.158417 0.938875
v 0.291269 0.164457 0.936065
v 0.295393 0.161341 0.938615
v 0.287530 0.167995 0.932195
v 0.287191 0.164811 0.930492
v 0.298264 0.160111 0.939105
v 0.302854 0.157356 0.934488
v 0.302422 0.158512 0.937268
v 0.302648 0.157743 0.932916
v 0.302023 0.166792 0.929624
v 0.304330 0.163731 0.933151
v 0.301912 0.168726 0.931214
v 0.303954 0.164833 0.935032
v 0.304727 0.160501 0.934722
v 0.303950 0.160247 0.932978
v 0.286660 0.168159 0.930692
v 0.288834 0.171586 0.931168
v 0.290243 0.171461 0.932588
v 0.293619 0.167878 0.936579
v 0.293888 0.173976 0.931443
v 0.297199 0.173952 0.929381
v 0.300449 0.169831 0.933314
v 0.297745 0.169860 0.935497
v 0.302711 0.165279 0.936828
v 0.300056 0.165652 0.938356
v 0.297130 0.164195 0.939207
v 0.302686 0.161654 0.938161
v 0.304045 0.160997 0.936967
v 0.301399 0.159786 0.938653
v 0.301080 0.162438 0.939019
v 0.299778 0.161418 0.939285
v 0.267615 0.197607 0.931900
v 0.180559 0.143226 0.956785
v 0.185189 0.145386 0.954107
v 0.198137 0.138479 0.961707
v 0.195999 0.142125 0.955945
v 0.195740 0.134559 0.966813
v 0.185299 0.133406 0.970091
v 0.190975 0.133845 0.970153
v 0.191210 0.144683 0.953298
v 0.177991 0.140329 0.961422
v 0.179495 0.136285 0.967338
v 0.177015 0.134106 0.955023
v 0.178841 0.129254 0.961472
v 0.184277 0.125962 0.964665
v 0.191377 0.128022 0.965609
v 0.195895 0.129892 0.963997
v 0.181682 0.139132 0.951848
v 0.186551 0.141482 0.950163
v 0.193157 0.141296 0.951266
v 0.185134 0.135103 0.945625
v 0.186306 0.125523 0.943152
v 0.198253 0.110379 0.945780
v 0.196188 0.114619 0.950771
v 0.194132 0.114611 0.948797
v 0.195877 0.110369 0.944641
v 0.191918 0.117573 0.953154
v 0.191606 0.117564 0.950774
v 0.188292 0.120666 0.948024
v 0.190247 0.116807 0.944198
v 0.187977 0.123243 0.943562
v 0.189945 0.121532 0.940192
v 0.192048 0.113163 0.940287
v 0.195435 0.108459 0.941092
v 0.193884 0.110160 0.937036
v 0.198592 0.108326 0.940800
v 0.185339 0.120123 0.948837
v 0.194021 0.120901 0.958944
v 0.198691 0.116310 0.952894
v 0.201425 0.112248 0.946528
v 0.201321 0.110113 0.940611
v 0.201839 0.119454 0.952775
v 0.203502 0.116133 0.946315
v 0.203106 0.114763 0.940645
v 0.203376 0.123539 0.950492
v 0.203844 0.119773 0.944634
v 0.199404 0.131866 0.958372
v 0.197683 0.126091 0.960854
v 0.203124 0.117599 0.941027
v 0.196063 0.109709 0.935285
v 0.199038 0.111888 0.935093
v 0.189900 0.124713 0.938803
v 0.191131 0.117987 0.936301
v 0.192499 0.120417 0.935041
v 0.191241 0.128544 0.938717
v 0.194374 0.122559 0.934530
v 0.194149 0.115229 0.933217
v 0.192357 0.114161 0.935174
v 0.198576 0.134414 0.960452
v 0.197172 0.138914 0.955715
v 0.197805 0.136687 0.953878
v 0.201827 0.128681 0.946437
v 0.194710 0.138811 0.948881
v 0.189373 0.137862 0.945964
v 0.194282 0.130730 0.939293
v 0.198219 0.131223 0.942070
v 0.197382 0.124119 0.935867
v 0.199592 0.124466 0.937994
v 0.202713 0.122603 0.941359
v 0.199083 0.119220 0.934819
v 0.196581 0.117372 0.933034
v 0.201237 0.115781 0.936505
v 0.200215 0.120780 0.936836
v 0.201955 0.118780 0.938477
v 0.261595 0.194084 0.942753
v 0.257199 0.188885 0.942072
v 0.256869 0.192270 0.947137
v 0.255255 0.195712 0.955410
v 0.256525 0.204126 0.961797
v 0.249254 0.192135 0.954906
v 0.251391 0.188629 0.946310
v 0.251856 0.184188 0.938389
v 0.241018 0.193010 0.960962
f 1558 1559 1557
f 1557 1559 1560
f 1561 1562 1564
f 1564 1562 1563
f 1565 1560 1566
f 1566 1560 1559
f 1568 1569 1567
f 1567 1569 1565
f 1570 1568 1572
f 1572 1568 1571
f 1574 1575 1573
f 1573 1575 1576
f 1578 1579 1577
f 1577 1579 1580
f 1582 1583 1581
f 1581 1583 1584
f 1586 1587 1585
f 1585 1587 1588
f 1589 1590 1592
f 1592 1590 1591
f 1593 1594 1596
f 1596 1594 1595
f 1597 1598 1562
f 1562 1598 1599
f 1562 1599 1563
f 1563 1599 1600
f 1601 1590 1602
f 1602 1590 1589
f 1604 1605 1603
f 1603 1605 1606
f 1608 1609 1607
f 1607 1609 1610
f 1612 1608 1611
f 1611 1608 1607
f 1614 1615 1613
f 1613 1615 1616
f 1617 1618 1560
f 1560 1618 1557
f 1620 1621 1619
f 1619 1621 1622
f 1624 1625 1623
f 1623 1625 1626
f 1628 1629 1627
f 1627 1629 1630
f 1632 1633 1631
f 1631 1633 1634
f 1609 1635 1610
f 1610 1635 1636
f 1638 1639 1637
f 1637 1639 1640
f 1641 1642 1608
f 1608 1642 1609
f 1613 1616 1643
f 1643 1616 1644
f 1645 1646 1599
f 1599 1646 1600
f 1599 1598 1645
f 1645 1598 1647
f 1596 1595 1648
f 1648 1595 1649
f 1650 1626 1620
f 1620 1626 1625
f 1569 1617 1565
f 1565 1617 1560
f 1581 1584 1625
f 1625 1584 1651
f 1652 1581 1624
f 1624 1581 1625
f 1654 1655 1653
f 1653 1655 1656
f 1657 1658 1660
f 1660 1658 1659
f 1662 1586 1661
f 1661 1586 1585
f 1607 1610 1663
f 1663 1610 1664
f 1610 1636 1664
f 1664 1636 1665
f 1667 1668 1666
f 1666 1668 1669
f 1671 1561 1670
f 1670 1561 1672
f 1671 1597 1561
f 1561 1597 1562
f 1592 1591 1667
f 1667 1591 1673
f 1591 1674 1673
f 1673 1674 1675
f 1590 1676 1591
f 1591 1676 1674
f 1590 1601 1676
f 1676 1601 1677
f 1681 1682 1680
f 1680 1682 1683
f 1684 1685 1570
f 1570 1685 1686
f 1589 1687 1602
f 1602 1687 1688
f 1689 1650 1619
f 1619 1650 1620
f 1690 1691 1693
f 1693 1691 1692
f 1695 1696 1694
f 1694 1696 1697
f 1633 1698 1634
f 1634 1698 1699
f 1700 1701 1576
f 1576 1701 1702
f 1704 1705 1703
f 1703 1705 1628
f 1707 1708 1706
f 1706 1708 1709
f 1638 1657 1639
f 1639 1657 1660
f 1657 1638 1711
f 1711 1638 1710
f 1712 1713 1614
f 1614 1713 1615
f 1714 1624 1703
f 1703 1624 1623
f 1715 1702 1571
f 1571 1702 1572
f 1624 1714 1652
f 1652 1714 1716
f 1685 1622 1686
f 1686 1622 1621
f 1718 1719 1717
f 1717 1719 1720
f 1722 1723 1721
f 1721 1723 1724
f 1726 1727 1725
f 1725 1727 1728
f 1730 1727 1729
f 1729 1727 1726
f 1732 1733 1731
f 1731 1733 1734
f 1736 1737 1735
f 1735 1737 1580
f 1738 1739 1577
f 1577 1739 1740
f 1637 1741 1638
f 1638 1741 1710
f 1742 1743 1744
f 1744 1743 1700
f 1714 1627 1716
f 1716 1627 1745
f 1746 1691 1713
f 1713 1691 1615
f 1725 1728 1695
f 1695 1728 1696
f 1703 1628 1714
f 1714 1628 1627
f 1748 1749 1747
f 1747 1749 1750
f 1723 1722 1605
f 1605 1722 1751
f 1752 1746 1606
f 1606 1746 1713
f 1753 1754 1756
f 1756 1754 1755
f 1577 1580 1738
f 1738 1580 1737
f 1702 1715 1576
f 1576 1715 1573
f 1738 1737 1637
f 1637 1737 1741
f 1757 1741 1736
f 1736 1741 1737
f 1758 1759 1639
f 1639 1759 1640
f 1761 1762 1760
f 1760 1762 1641
f 1763 1578 1740
f 1740 1578 1577
f 1735 1580 1764
f 1764 1580 1579
f 1764 1765 1735
f 1735 1765 1761
f 1765 1766 1761
f 1761 1766 1762
f 1768 1762 1767
f 1767 1762 1766
f 1735 1761 1736
f 1736 1761 1760
f 1769 1732 1644
f 1644 1732 1770
f 1642 1641 1768
f 1768 1641 1762
f 1749 1773 1774
f 1773 1775 1774
f 1774 1775 1776
f 1775 1574 1776
f 1776 1574 1573
f 1575 1777 1576
f 1576 1777 1700
f 1778 1779 1781
f 1781 1779 1780
f 1731 1782 1732
f 1732 1782 1770
f 1783 1643 1770
f 1770 1643 1644
f 1776 1573 1784
f 1784 1573 1715
f 1690 1769 1616
f 1616 1769 1644
f 1694 1785 1707
f 1707 1785 1708
f 1749 1748 1766
f 1766 1748 1767
f 1786 1750 1774
f 1774 1750 1749
f 1787 1788 1784
f 1784 1788 1786
f 1789 1790 1647
f 1647 1790 1645
f 1791 1792 1649
f 1649 1792 1648
f 1786 1788 1790
f 1790 1788 1793
f 1603 1794 1604
f 1604 1794 1795
f 1796 1747 1791
f 1791 1747 1792
f 1561 1564 1672
f 1672 1564 1797
f 1798 1799 1745
f 1745 1799 1716
f 1800 1801 1654
f 1654 1801 1655
f 1712 1802 1603
f 1603 1802 1794
f 1632 1803 1633
f 1633 1803 1804
f 1806 1681 1805
f 1805 1681 1680
f 1808 1809 1807
f 1807 1809 1810
f 1667 1666 1592
f 1592 1666 1811
f 1812 1589 1811
f 1811 1589 1592
f 1813 1814 1710
f 1710 1814 1711
f 1619 1725 1689
f 1689 1725 1695
f 1622 1726 1619
f 1619 1726 1725
f 1729 1726 1685
f 1685 1726 1622
f 1685 1684 1729
f 1729 1684 1815
f 1684 1816 1815
f 1815 1816 1817
f 1769 1690 1818
f 1818 1690 1693
f 1819 1820 1742
f 1742 1820 1743
f 1668 1821 1669
f 1669 1821 1822
f 1567 1823 1824
f 1790 1789 1786
f 1786 1789 1750
f 1709 1825 1626
f 1626 1825 1623
f 1731 1734 1721
f 1721 1734 1697
f 1706 1709 1650
f 1650 1709 1626
f 1827 1777 1826
f 1826 1777 1763
f 1825 1709 1828
f 1828 1709 1708
f 1677 1601 1665
f 1665 1601 1664
f 1603 1606 1712
f 1712 1606 1713
f 1613 1829 1614
f 1614 1829 1830
f 1701 1831 1816
f 1816 1831 1817
f 1832 1705 1699
f 1699 1705 1634
f 1704 1825 1631
f 1631 1825 1828
f 1763 1833 1826
f 1826 1833 1834
f 1751 1752 1605
f 1605 1752 1606
f 1615 1691 1616
f 1616 1691 1690
f 1639 1660 1758
f 1758 1660 1835
f 1705 1704 1634
f 1634 1704 1631
f 1803 1834 1804
f 1804 1834 1833
f 1739 1738 1640
f 1640 1738 1637
f 1604 1795 1837
f 1837 1795 1838
f 1783 1779 1839
f 1839 1779 1778
f 1779 1782 1780
f 1780 1782 1724
f 1837 1838 1780
f 1780 1838 1781
f 1721 1724 1731
f 1731 1724 1782
f 1820 1819 1694
f 1694 1819 1785
f 1570 1572 1684
f 1684 1572 1816
f 1776 1784 1774
f 1774 1784 1786
f 1643 1783 1840
f 1840 1783 1839
f 1816 1572 1701
f 1701 1572 1702
f 1800 1654 1814
f 1814 1654 1711
f 1614 1830 1712
f 1712 1830 1802
f 1663 1841 1607
f 1607 1841 1611
f 1799 1842 1716
f 1716 1842 1652
f 1790 1793 1645
f 1645 1793 1646
f 1602 1688 1663
f 1663 1688 1841
f 1809 1808 1805
f 1805 1808 1806
f 1842 1582 1652
f 1652 1582 1581
f 1662 1661 1843
f 1843 1661 1844
f 1828 1708 1845
f 1845 1708 1785
f 1694 1707 1695
f 1695 1707 1689
f 1739 1846 1717
f 1717 1846 1718
f 1847 1848 1833
f 1833 1848 1849
f 1707 1706 1689
f 1689 1706 1650
f 1818 1831 1733
f 1733 1831 1743
f 1700 1743 1701
f 1701 1743 1831
f 1829 1613 1840
f 1840 1613 1643
f 1730 1692 1746
f 1746 1692 1691
f 1667 1673 1668
f 1668 1673 1594
f 1673 1675 1594
f 1594 1675 1679
f 1668 1594 1821
f 1821 1594 1593
f 1843 1844 1810
f 1810 1844 1807
f 1784 1715 1787
f 1787 1715 1571
f 1779 1783 1782
f 1782 1783 1770
f 1703 1623 1704
f 1704 1623 1825
f 1780 1724 1837
f 1837 1724 1723
f 1755 1719 1756
f 1756 1719 1718
f 1601 1602 1664
f 1664 1602 1663
f 1837 1723 1604
f 1604 1723 1605
f 1717 1720 1847
f 1847 1720 1848
f 1594 1679 1595
f 1849 1850 1833
f 1833 1850 1804
f 1840 1839 1852
f 1852 1839 1851
f 1840 1852 1829
f 1829 1852 1853
f 1830 1829 1854
f 1854 1829 1853
f 1802 1830 1855
f 1855 1830 1854
f 1839 1778 1851
f 1851 1778 1856
f 1778 1781 1856
f 1856 1781 1857
f 1857 1781 1858
f 1858 1781 1838
f 1859 1860 1856
f 1856 1860 1851
f 1862 1863 1861
f 1861 1863 1864
f 1865 1866 1864
f 1864 1866 1861
f 1864 1863 1868
f 1868 1863 1867
f 1869 1870 1868
f 1868 1870 1871
f 1867 1872 1868
f 1868 1872 1869
f 1873 1860 1867
f 1867 1860 1872
f 1871 1865 1868
f 1868 1865 1864
f 1874 1875 1877
f 1877 1875 1876
f 1875 1874 1865
f 1865 1874 1866
f 1867 1863 1873
f 1873 1863 1862
f 1862 1853 1873
f 1873 1853 1852
f 1862 1878 1853
f 1853 1878 1854
f 1861 1879 1862
f 1862 1879 1878
f 1879 1861 1880
f 1880 1861 1866
f 1860 1873 1851
f 1851 1873 1852
f 1874 1881 1866
f 1866 1881 1880
f 1879 1880 1882
f 1882 1880 1883
f 1880 1881 1883
f 1883 1881 1884
f 1882 1883 1885
f 1885 1883 1886
f 1885 1887 1882
f 1882 1887 1888
f 1889 1886 1884
f 1884 1886 1883
f 1879 1882 1878
f 1878 1882 1888
f 1878 1888 1854
f 1854 1888 1855
f 1881 1874 1890
f 1890 1874 1877
f 1869 1872 1891
f 1891 1872 1860
f 1891 1892 1869
f 1869 1892 1870
f 1860 1859 1891
f 1891 1859 1893
f 1892 1891 1894
f 1894 1891 1893
f 1892 1895 1870
f 1870 1895 1896
f 1802 1855 1794
f 1794 1855 1897
f 1795 1898 1838
f 1838 1898 1858
f 1898 1795 1897
f 1897 1795 1794
f 1897 1887 1898
f 1898 1887 1899
f 1887 1885 1899
f 1899 1885 1900
f 1898 1899 1858
f 1858 1899 1901
f 1897 1855 1887
f 1887 1855 1888
f 1902 1857 1901
f 1901 1857 1858
f 1902 1859 1857
f 1857 1859 1856
f 1903 1893 1902
f 1902 1893 1859
f 1903 1902 1904
f 1904 1902 1901
f 1905 1903 1906
f 1906 1903 1904
f 1899 1900 1901
f 1901 1900 1904
f 1900 1907 1904
f 1904 1907 1906
f 1893 1903 1894
f 1894 1903 1905
f 1909 1894 1908
f 1908 1894 1905
f 1908 1911 1910
f 1910 1911 1912
f 1908 1905 1911
f 1911 1905 1906
f 1908 1910 1909
f 1909 1910 1890
f 1909 1890 1895
f 1895 1890 1877
f 1895 1892 1909
f 1909 1892 1894
f 1885 1886 1900
f 1900 1886 1907
f 1912 1907 1889
f 1889 1907 1886
f 1912 1911 1907
f 1907 1911 1906
f 1910 1912 1884
f 1884 1912 1889
f 1884 1881 1910
f 1910 1881 1890
f 1865 1871 1875
f 1875 1871 1876
f 1876 1896 1877
f 1877 1896 1895
f 1876 1871 1896
f 1896 1871 1870
f 1693 1692 1817
f 1817 1692 1815
f 1696 1722 1697
f 1697 1722 1721
f 1728 1727 1751
f 1751 1727 1752
f 1727 1730 1752
f 1752 1730 1746
f 1734 1733 1820
f 1820 1733 1743
f 1728 1751 1696
f 1696 1751 1722
f 1693 1817 1818
f 1818 1817 1831
f 1734 1820 1697
f 1697 1820 1694
f 1818 1733 1769
f 1769 1733 1732
f 1692 1730 1815
f 1815 1730 1729
f 1914 1915 1913
f 1913 1915 1916
f 1918 1919 1917
f 1917 1919 1920
f 1917 1920 1921
f 1921 1920 1922
f 1923 1924 1926
f 1926 1924 1925
f 1632 1927 1803
f 1803 1927 1928
f 1929 1930 1918
f 1918 1930 1919
f 1932 1933 1931
f 1931 1933 1934
f 1845 1785 1936
f 1936 1785 1935
f 1937 1935 1819
f 1819 1935 1785
f 1939 1940 1938
f 1938 1940 1941
f 1942 1924 1930
f 1930 1924 1919
f 1632 1845 1927
f 1927 1845 1936
f 1933 1932 1915
f 1915 1932 1943
f 1944 1942 1916
f 1916 1942 1930
f 1945 1939 1922
f 1922 1939 1946
f 1948 1949 1947
f 1947 1949 1950
f 1939 1938 1946
f 1946 1938 1951
f 1952 1921 1946
f 1946 1921 1922
f 1945 1922 1923
f 1923 1922 1920
f 1913 1953 1914
f 1914 1953 1954
f 1929 1955 1913
f 1913 1955 1953
f 1945 1923 1956
f 1956 1923 1926
f 1938 1941 1931
f 1931 1941 1928
f 1913 1916 1929
f 1929 1916 1930
f 1917 1957 1918
f 1918 1957 1958
f 1943 1944 1915
f 1915 1944 1916
f 1919 1924 1920
f 1920 1924 1923
f 1914 1954 1959
f 1959 1954 1960
f 1952 1948 1961
f 1961 1948 1947
f 1948 1951 1949
f 1949 1951 1934
f 1949 1959 1950
f 1950 1959 1960
f 1931 1934 1938
f 1938 1934 1951
f 1921 1952 1962
f 1962 1952 1961
f 1918 1958 1929
f 1929 1958 1955
f 1827 1826 1956
f 1956 1826 1940
f 1957 1917 1962
f 1962 1917 1921
f 1937 1925 1942
f 1942 1925 1924
f 1948 1952 1951
f 1951 1952 1946
f 1949 1934 1959
f 1959 1934 1933
f 1959 1933 1914
f 1914 1933 1915
f 1962 1961 1964
f 1964 1961 1963
f 1962 1964 1957
f 1957 1964 1965
f 1957 1965 1958
f 1958 1965 1966
f 1958 1966 1955
f 1955 1966 1967
f 1961 1947 1963
f 1963 1947 1968
f 1947 1950 1968
f 1968 1950 1969
f 1950 1960 1969
f 1969 1960 1970
f 1971 1972 1968
f 1968 1972 1963
f 1974 1975 1973
f 1973 1975 1976
f 1977 1978 1974
f 1974 1978 1975
f 1975 1978 1980
f 1980 1978 1979
f 1981 1982 1980
f 1980 1982 1983
f 1979 1984 1980
f 1980 1984 1981
f 1983 1976 1980
f 1980 1976 1975
f 1976 1985 1973
f 1973 1985 1986
f 1979 1978 1987
f 1987 1978 1977
f 1977 1965 1987
f 1987 1965 1964
f 1977 1988 1965
f 1965 1988 1966
f 1974 1989 1977
f 1977 1989 1988
f 1990 1989 1973
f 1973 1989 1974
f 1987 1972 1979
f 1979 1972 1984
f 1972 1987 1963
f 1963 1987 1964
f 1991 1990 1986
f 1986 1990 1973
f 1989 1990 1992
f 1992 1990 1993
f 1990 1991 1993
f 1993 1991 1994
f 1992 1993 1995
f 1995 1993 1996
f 1995 1997 1992
f 1992 1997 1998
f 1994 1999 1993
f 1993 1999 1996
f 1992 1998 1989
f 1989 1998 1988
f 1988 1998 1966
f 1966 1998 1967
f 1991 1986 2001
f 2001 1986 2000
f 1986 1985 2000
f 2000 1985 2002
f 1981 1984 2003
f 2003 1984 1972
f 1982 1981 2004
f 2004 1981 2003
f 1972 1971 2003
f 2003 1971 2005
f 2003 2005 2004
f 2004 2005 2006
f 2007 2008 2004
f 2004 2008 1982
f 2002 2008 2000
f 2000 2008 2007
f 1955 1967 1953
f 1953 1967 2009
f 1954 2010 1960
f 1960 2010 1970
f 2010 1954 2009
f 2009 1954 1953
f 2009 1997 2010
f 2010 1997 2011
f 1997 1995 2011
f 2011 1995 2012
f 2010 2011 1970
f 1970 2011 2013
f 1997 2009 1998
f 1998 2009 1967
f 2014 1969 2013
f 2013 1969 1970
f 2014 1971 1969
f 1969 1971 1968
f 2014 2015 1971
f 1971 2015 2005
f 2015 2014 2016
f 2016 2014 2013
f 2017 2015 2018
f 2018 2015 2016
f 2011 2012 2013
f 2013 2012 2016
f 2012 2019 2016
f 2016 2019 2018
f 2015 2017 2005
f 2005 2017 2006
f 2021 2006 2020
f 2020 2006 2017
f 2020 2023 2022
f 2022 2023 2024
f 2020 2017 2023
f 2023 2017 2018
f 2020 2022 2021
f 2021 2022 2001
f 2021 2001 2007
f 2007 2001 2000
f 2007 2004 2021
f 2021 2004 2006
f 1995 1996 2012
f 2012 1996 2019
f 2024 2019 1999
f 1999 2019 1996
f 2024 2023 2019
f 2019 2023 2018
f 2022 2024 1994
f 1994 2024 1999
f 1994 1991 2022
f 2022 1991 2001
f 1976 1983 1985
f 1985 1983 2002
f 2002 1983 2008
f 2008 1983 1982
f 1926 1925 1744
f 1744 1925 1742
f 1927 1932 1928
f 1928 1932 1931
f 1936 1935 1943
f 1943 1935 1944
f 1935 1937 1944
f 1944 1937 1942
f 1941 1940 1834
f 1834 1940 1826
f 1936 1943 1927
f 1927 1943 1932
f 1956 1926 1827
f 1827 1926 1744
f 1941 1834 1928
f 1928 1834 1803
f 1956 1940 1945
f 1945 1940 1939
f 1925 1937 1742
f 1742 1937 1819
f 1777 1827 1700
f 1700 1827 1744
f 1777 1575 1763
f 1763 1575 1578
f 1575 1574 1578
f 1578 1574 1579
f 1574 1775 1579
f 1579 1775 1764
f 2025 2026 2028
f 2028 2026 2027
f 2030 2031 2029
f 2029 2031 2032
f 2029 2032 2033
f 2033 2032 2034
f 2036 2037 2035
f 2035 2037 2038
f 2039 2040 2030
f 2030 2040 2031
f 2042 2043 2041
f 2041 2043 2044
f 2045 2046 1633
f 1633 2046 1698
f 2047 2045 1804
f 1804 2045 1633
f 2049 2050 2048
f 2048 2050 2051
f 2052 2036 2040
f 2040 2036 2031
f 2042 2053 2043
f 2043 2053 2027
f 2054 2052 2028
f 2028 2052 2040
f 2055 2049 2034
f 2034 2049 2056
f 2057 2058 2060
f 2060 2058 2059
f 2049 2048 2056
f 2056 2048 2061
f 2062 2033 2056
f 2056 2033 2034
f 2055 2034 2035
f 2035 2034 2032
f 2025 2063 2026
f 2026 2063 2064
f 2039 2065 2025
f 2025 2065 2063
f 2035 2038 2055
f 2055 2038 2066
f 2048 2051 2041
f 2041 2051 2067
f 2039 2025 2040
f 2040 2025 2028
f 2029 2068 2030
f 2030 2068 2069
f 2053 2054 2027
f 2027 2054 2028
f 2031 2036 2032
f 2032 2036 2035
f 2026 2064 2070
f 2070 2064 2071
f 2062 2058 2072
f 2072 2058 2057
f 2059 2058 2044
f 2044 2058 2061
f 2070 2071 2059
f 2059 2071 2060
f 2041 2044 2048
f 2048 2044 2061
f 2033 2062 2073
f 2073 2062 2072
f 2030 2069 2039
f 2039 2069 2065
f 2066 1848 2050
f 2050 1848 1720
f 2068 2029 2073
f 2073 2029 2033
f 2047 2037 2052
f 2052 2037 2036
f 2058 2062 2061
f 2061 2062 2056
f 2059 2044 2070
f 2070 2044 2043
f 2070 2043 2026
f 2026 2043 2027
f 2073 2072 2075
f 2075 2072 2074
f 2073 2075 2068
f 2068 2075 2076
f 2068 2076 2069
f 2069 2076 2077
f 2069 2077 2065
f 2065 2077 2078
f 2072 2057 2074
f 2074 2057 2079
f 2057 2060 2079
f 2079 2060 2080
f 2080 2060 2081
f 2081 2060 2071
f 2082 2083 2079
f 2079 2083 2074
f 2085 2086 2084
f 2084 2086 2087
f 2088 2089 2085
f 2085 2089 2086
f 2086 2089 2091
f 2091 2089 2090
f 2092 2093 2091
f 2091 2093 2094
f 2090 2095 2091
f 2091 2095 2092
f 2094 2087 2091
f 2091 2087 2086
f 2096 2097 2087
f 2087 2097 2084
f 2089 2088 2090
f 2090 2088 2098
f 2088 2076 2098
f 2098 2076 2075
f 2088 2099 2076
f 2076 2099 2077
f 2085 2100 2088
f 2088 2100 2099
f 2100 2085 2101
f 2101 2085 2084
f 2090 2098 2095
f 2095 2098 2083
f 2083 2098 2074
f 2074 2098 2075
f 2097 2102 2084
f 2084 2102 2101
f 2103 2100 2104
f 2104 2100 2101
f 2102 2105 2101
f 2101 2105 2104
f 2106 2103 2107
f 2107 2103 2104
f 2103 2106 2109
f 2109 2106 2108
f 2105 2110 2104
f 2104 2110 2107
f 2100 2103 2099
f 2099 2103 2109
f 2099 2109 2077
f 2077 2109 2078
f 2102 2097 2112
f 2112 2097 2111
f 2097 2096 2111
f 2111 2096 2113
f 2092 2095 2114
f 2114 2095 2083
f 2093 2092 2115
f 2115 2092 2114
f 2083 2082 2114
f 2114 2082 2116
f 2115 2114 2117
f 2117 2114 2116
f 2115 2118 2093
f 2093 2118 2119
f 2113 2119 2111
f 2111 2119 2118
f 2065 2078 2063
f 2063 2078 2120
f 2064 2121 2071
f 2071 2121 2081
f 2121 2064 2120
f 2120 2064 2063
f 2120 2108 2121
f 2121 2108 2122
f 2108 2106 2122
f 2122 2106 2123
f 2121 2122 2081
f 2081 2122 2124
f 2120 2078 2108
f 2108 2078 2109
f 2125 2080 2124
f 2124 2080 2081
f 2125 2082 2080
f 2080 2082 2079
f 2126 2116 2125
f 2125 2116 2082
f 2126 2125 2127
f 2127 2125 2124
f 2128 2126 2129
f 2129 2126 2127
f 2122 2123 2124
f 2124 2123 2127
f 2123 2130 2127
f 2127 2130 2129
f 2126 2128 2116
f 2116 2128 2117
f 2132 2117 2131
f 2131 2117 2128
f 2131 2134 2133
f 2133 2134 2135
f 2131 2128 2134
f 2134 2128 2129
f 2131 2133 2132
f 2132 2133 2112
f 2132 2112 2118
f 2118 2112 2111
f 2118 2115 2132
f 2132 2115 2117
f 2106 2107 2123
f 2123 2107 2130
f 2135 2130 2110
f 2110 2130 2107
f 2135 2134 2130
f 2130 2134 2129
f 2135 2110 2133
f 2133 2110 2105
f 2105 2102 2133
f 2133 2102 2112
f 2087 2094 2096
f 2096 2094 2113
f 2113 2094 2119
f 2119 2094 2093
f 2037 1850 2038
f 2038 1850 1849
f 2136 2042 2067
f 2067 2042 2041
f 2046 2045 2053
f 2053 2045 2054
f 2045 2047 2054
f 2054 2047 2052
f 1719 2051 1720
f 1720 2051 2050
f 2136 2046 2042
f 2042 2046 2053
f 2038 1849 2066
f 2066 1849 1848
f 2051 1719 2067
f 2067 1719 1755
f 2050 2049 2066
f 2066 2049 2055
f 2037 2047 1850
f 1850 2047 1804
f 2138 2139 2137
f 2137 2139 2140
f 2142 2143 2141
f 2141 2143 2144
f 2141 2144 2145
f 2145 2144 2146
f 2148 2149 2147
f 2147 2149 2150
f 2151 2152 2154
f 2154 2152 2153
f 2155 2156 2142
f 2142 2156 2143
f 2157 2158 2160
f 2160 2158 2159
f 2161 2162 2164
f 2164 2162 2163
f 2165 2163 1756
f 1756 2163 2162
f 2166 2167 2169
f 2169 2167 2168
f 2156 2170 2143
f 2143 2170 2148
f 2152 2161 2153
f 2153 2161 2164
f 2158 2171 2159
f 2159 2171 2139
f 2172 2170 2140
f 2140 2170 2156
f 2167 2174 2173
f 2173 2174 2146
f 2176 2177 2175
f 2175 2177 2178
f 2166 2179 2167
f 2167 2179 2174
f 2180 2145 2174
f 2174 2145 2146
f 2173 2146 2147
f 2147 2146 2144
f 2137 2181 2138
f 2138 2181 2182
f 2155 2183 2137
f 2137 2183 2181
f 2147 2150 2173
f 2173 2150 2184
f 2157 2166 2154
f 2154 2166 2169
f 2137 2140 2155
f 2155 2140 2156
f 2141 2185 2142
f 2142 2185 2186
f 2171 2172 2139
f 2139 2172 2140
f 2143 2148 2144
f 2144 2148 2147
f 2138 2182 2187
f 2187 2182 2188
f 2180 2176 2189
f 2189 2176 2175
f 2177 2176 2160
f 2160 2176 2179
f 2187 2188 2177
f 2177 2188 2178
f 2166 2157 2179
f 2179 2157 2160
f 2145 2180 2190
f 2190 2180 2189
f 2142 2186 2155
f 2155 2186 2183
f 1759 1758 2184
f 2184 1758 2168
f 2185 2141 2190
f 2190 2141 2145
f 2165 2149 2170
f 2170 2149 2148
f 2176 2180 2179
f 2179 2180 2174
f 2187 2177 2159
f 2159 2177 2160
f 2138 2187 2139
f 2139 2187 2159
f 2190 2189 2192
f 2192 2189 2191
f 2190 2192 2185
f 2185 2192 2193
f 2185 2193 2186
f 2186 2193 2194
f 2186 2194 2183
f 2183 2194 2195
f 2189 2175 2191
f 2191 2175 2196
f 2175 2178 2196
f 2196 2178 2197
f 2197 2178 2198
f 2198 2178 2188
f 2200 2191 2199
f 2199 2191 2196
f 2201 2202 2204
f 2204 2202 2203
f 2205 2206 2202
f 2202 2206 2203
f 2203 2206 2208
f 2208 2206 2207
f 2208 2209 2211
f 2211 2209 2210
f 2207 2212 2208
f 2208 2212 2209
f 2211 2204 2208
f 2208 2204 2203
f 2204 2213 2201
f 2201 2213 2214
f 2206 2205 2207
f 2207 2205 2215
f 2205 2193 2215
f 2215 2193 2192
f 2205 2216 2193
f 2193 2216 2194
f 2217 2216 2202
f 2202 2216 2205
f 2218 2217 2201
f 2201 2217 2202
f 2207 2215 2212
f 2212 2215 2200
f 2200 2215 2191
f 2191 2215 2192
f 2219 2218 2214
f 2214 2218 2201
f 2220 2217 2221
f 2221 2217 2218
f 2219 2222 2218
f 2218 2222 2221
f 2223 2220 2224
f 2224 2220 2221
f 2220 2223 2226
f 2226 2223 2225
f 2222 2227 2221
f 2221 2227 2224
f 2217 2220 2216
f 2216 2220 2226
f 2216 2226 2194
f 2194 2226 2195
f 2214 2228 2219
f 2219 2228 2229
f 2214 2213 2228
f 2228 2213 2230
f 2209 2212 2231
f 2231 2212 2200
f 2209 2231 2210
f 2210 2231 2232
f 2231 2200 2233
f 2233 2200 2199
f 2232 2231 2234
f 2234 2231 2233
f 2235 2236 2232
f 2232 2236 2210
f 2230 2236 2228
f 2228 2236 2235
f 2183 2195 2181
f 2181 2195 2237
f 2182 2238 2188
f 2188 2238 2198
f 2237 2238 2181
f 2181 2238 2182
f 2225 2239 2237
f 2237 2239 2238
f 2223 2240 2225
f 2225 2240 2239
f 2238 2239 2198
f 2198 2239 2241
f 2237 2195 2225
f 2225 2195 2226
f 2242 2197 2241
f 2241 2197 2198
f 2197 2242 2196
f 2196 2242 2199
f 2242 2243 2199
f 2199 2243 2233
f 2243 2242 2244
f 2244 2242 2241
f 2245 2243 2246
f 2246 2243 2244
f 2239 2240 2241
f 2241 2240 2244
f 2240 2247 2244
f 2244 2247 2246
f 2243 2245 2233
f 2233 2245 2234
f 2249 2234 2248
f 2248 2234 2245
f 2248 2251 2250
f 2250 2251 2252
f 2248 2245 2251
f 2251 2245 2246
f 2248 2250 2249
f 2249 2250 2229
f 2249 2229 2235
f 2235 2229 2228
f 2235 2232 2249
f 2249 2232 2234
f 2240 2223 2247
f 2247 2223 2224
f 2252 2247 2227
f 2227 2247 2224
f 2252 2251 2247
f 2247 2251 2246
f 2250 2252 2222
f 2222 2252 2227
f 2222 2219 2250
f 2250 2219 2229
f 2204 2211 2213
f 2213 2211 2230
f 2230 2211 2236
f 2236 2211 2210
f 2149 1718 2150
f 2150 1718 1846
f 2154 2153 2157
f 2157 2153 2158
f 2171 2164 2172
f 2172 2164 2163
f 2163 2165 2172
f 2172 2165 2170
f 2253 2151 2169
f 2169 2151 2154
f 2153 2164 2158
f 2158 2164 2171
f 2150 1846 2184
f 2184 1846 1759
f 2184 2168 2173
f 2173 2168 2167
f 2149 2165 1718
f 1718 2165 1756
f 1661 1585 2254
f 2254 1585 2255
f 1824 1682 2257
f 2257 1682 2256
f 1682 1681 2256
f 2256 1681 2258
f 1808 2259 1806
f 1806 2259 2260
f 1588 1824 2261
f 2261 1824 2257
f 1844 1661 2262
f 2262 1661 2254
f 1585 1588 2255
f 2255 1588 2261
f 2263 1807 2262
f 2262 1807 1844
f 1806 2260 1681
f 1681 2260 2258
f 2259 1808 2263
f 2263 1808 1807
f 2262 2264 2263
f 2263 2264 2265
f 2263 2265 2259
f 2259 2265 2266
f 2259 2266 2260
f 2260 2266 2267
f 2260 2267 2258
f 2258 2267 2268
f 2262 2254 2264
f 2264 2254 2269
f 2254 2255 2269
f 2269 2255 2270
f 2255 2261 2270
f 2270 2261 2271
f 2273 2264 2272
f 2272 2264 2269
f 2275 2276 2274
f 2274 2276 2277
f 2278 2279 2275
f 2275 2279 2276
f 2280 2281 2279
f 2279 2281 2276
f 2280 2282 2281
f 2281 2282 2283
f 2284 2277 2281
f 2281 2277 2276
f 2277 2284 2285
f 2285 2284 2286
f 2285 2287 2277
f 2277 2287 2274
f 2280 2279 2288
f 2288 2279 2278
f 2278 2266 2288
f 2288 2266 2265
f 2278 2289 2266
f 2266 2289 2267
f 2275 2290 2278
f 2278 2290 2289
f 2290 2275 2291
f 2291 2275 2274
f 2280 2288 2282
f 2282 2288 2273
f 2273 2288 2264
f 2264 2288 2265
f 2287 2292 2274
f 2274 2292 2291
f 2293 2290 2294
f 2294 2290 2291
f 2292 2295 2291
f 2291 2295 2294
f 2296 2293 2297
f 2297 2293 2294
f 2293 2296 2299
f 2299 2296 2298
f 2295 2300 2294
f 2294 2300 2297
f 2290 2293 2289
f 2289 2293 2299
f 2289 2299 2267
f 2267 2299 2268
f 2292 2287 2302
f 2302 2287 2301
f 2287 2285 2301
f 2301 2285 2286
f 2283 2282 2303
f 2303 2282 2273
f 2304 2283 2305
f 2305 2283 2303
f 2303 2273 2306
f 2306 2273 2272
f 2305 2303 2307
f 2307 2303 2306
f 2305 2308 2304
f 2304 2308 2309
f 2286 2309 2301
f 2301 2309 2308
f 2284 2281 2304
f 2304 2281 2283
f 2286 2284 2309
f 2309 2284 2304
f 2256 2258 2310
f 2310 2258 2268
f 2261 2257 2271
f 2271 2257 2311
f 2310 2311 2256
f 2256 2311 2257
f 2298 2312 2310
f 2310 2312 2311
f 2296 2313 2298
f 2298 2313 2312
f 2311 2312 2271
f 2271 2312 2314
f 2310 2268 2298
f 2298 2268 2299
f 2315 2270 2314
f 2314 2270 2271
f 2270 2315 2269
f 2269 2315 2272
f 2315 2316 2272
f 2272 2316 2306
f 2316 2315 2317
f 2317 2315 2314
f 2318 2316 2319
f 2319 2316 2317
f 2312 2313 2314
f 2314 2313 2317
f 2313 2320 2317
f 2317 2320 2319
f 2316 2318 2306
f 2306 2318 2307
f 2322 2307 2321
f 2321 2307 2318
f 2323 2321 2325
f 2325 2321 2324
f 2321 2318 2324
f 2324 2318 2319
f 2321 2323 2322
f 2322 2323 2302
f 2322 2302 2308
f 2308 2302 2301
f 2308 2305 2322
f 2322 2305 2307
f 2313 2296 2320
f 2320 2296 2297
f 2325 2320 2300
f 2300 2320 2297
f 2325 2324 2320
f 2320 2324 2319
f 2323 2325 2295
f 2295 2325 2300
f 2295 2292 2323
f 2323 2292 2302
f 1775 1773 1764
f 1764 1773 1765
f 1765 1773 1766
f 1766 1773 1749
f 1754 2136 1755
f 1755 2136 2067
f 1632 1631 1845
f 1845 1631 1828
f 1833 1763 1847
f 1847 1763 1740
f 1846 1739 1759
f 1759 1739 1640
f 2046 2136 1698
f 1698 2136 1754
f 1698 1754 1699
f 1699 1754 1753
f 1705 1832 1628
f 1628 1832 1629
f 1660 1659 1835
f 1835 1659 2326
f 2326 2152 1835
f 1835 2152 2151
f 2161 2152 2327
f 2327 2152 2326
f 2327 2326 2328
f 2328 2326 1659
f 2328 1659 2329
f 2329 1659 1658
f 1711 2330 1657
f 1657 2330 1658
f 2329 1658 1653
f 1653 1658 2330
f 2331 2329 1656
f 1656 2329 1653
f 2329 2331 2328
f 2328 2331 2332
f 2328 2332 2327
f 2327 2332 2333
f 1756 2162 1753
f 1753 2162 2333
f 1745 1627 2334
f 2334 1627 1630
f 1653 2330 1654
f 1654 2330 1711
f 1739 1717 1740
f 1740 1717 1847
f 2333 1832 1753
f 1753 1832 1699
f 2333 2162 2327
f 2327 2162 2161
f 2169 2168 2253
f 2253 2168 1758
f 2151 2253 1835
f 1835 2253 1758
f 1629 1832 2332
f 2332 1832 2333
f 2332 2331 1629
f 1629 2331 1630
f 1656 2334 2331
f 2331 2334 1630
f 2334 1656 1745
f 1745 1656 1655
f 1801 1798 1655
f 1655 1798 1745
f 1687 1589 1812
f 1584 1557 1651
f 1651 1557 1618
f 1583 1558 1584
f 1584 1558 1557
f 1821 1671 1822
f 1822 1671 1670
f 1651 1618 1625
f 1625 1618 1620
f 1618 1617 1620
f 1620 1617 1621
f 1617 1569 1621
f 1621 1569 1686
f 1569 1568 1686
f 1686 1568 1570
f 1587 1567 1588
f 1588 1567 1824
f 1571 1568 1587
f 1587 1568 1567
f 1587 1586 1571
f 1571 1586 1787
f 1586 1662 1787
f 1787 1662 1788
f 1843 1793 1662
f 1662 1793 1788
f 1810 1646 1843
f 1843 1646 1793
f 1809 1600 1810
f 1810 1600 1646
f 1809 1805 1600
f 1600 1805 1563
f 1823 1683 1824
f 1824 1683 1682
f 1566 1559 1797
f 1797 1559 1672
f 1559 1558 1672
f 1672 1558 1670
f 1558 1583 1670
f 1670 1583 1822
f 1583 1582 1822
f 1822 1582 1669
f 1582 1842 1669
f 1669 1842 1666
f 1842 1799 1666
f 1666 1799 1811
f 1799 1798 1811
f 1811 1798 1812
f 1798 1801 1812
f 1812 1801 1687
f 1801 1800 1687
f 1687 1800 1688
f 1821 1593 1671
f 1671 1593 1597
f 1597 1593 1598
f 1598 1593 1596
f 1648 1647 1596
f 1596 1647 1598
f 1792 1789 1648
f 1648 1789 1647
f 1747 1750 1792
f 1792 1750 1789
f 1814 1841 1800
f 1800 1841 1688
f 1813 1611 1814
f 1814 1611 1841
f 1813 1710 1757
f 1757 1710 1741
f 1612 1757 1760
f 1760 1757 1736
f 1611 1813 1612
f 1612 1813 1757
f 1760 1641 1612
f 1612 1641 1608
f 1642 1678 1609
f 1609 1678 1635
f 1768 1771 1642
f 1642 1771 1678
f 1767 1772 1768
f 1768 1772 1771
f 1748 1836 1767
f 1767 1836 1772
f 1747 1796 1748
f 1748 1796 1836
f 1805 1680 1563
f 1563 1680 1564
f 1680 1683 1564
f 1564 1683 1797
f 1683 1823 1797
f 1797 1823 1566
f 1566 1823 1565
f 1565 1823 1567
