o hand_left
v -0.200728 0.480149 0.785528
v -0.193031 0.488575 0.784613
v -0.196219 0.480439 0.780396
v -0.203447 0.473795 0.780098
v -0.179903 0.487886 0.770526
v -0.179582 0.492725 0.758906
v -0.187824 0.477683 0.757854
v -0.185704 0.476327 0.768533
v -0.208109 0.469235 0.776579
v -0.199284 0.473680 0.777350
v -0.213052 0.469646 0.775233
v -0.224673 0.468664 0.774355
v -0.217526 0.466024 0.775871
v -0.231304 0.464742 0.776249
v -0.229268 0.478726 0.773970
v -0.238254 0.469089 0.781274
v -0.229369 0.492400 0.796839
v -0.224562 0.495732 0.808835
v -0.232992 0.480765 0.813769
v -0.236314 0.478129 0.800763
v -0.219322 0.488137 0.828103
v -0.227209 0.483442 0.820494
v -0.220074 0.498904 0.815983
v -0.213314 0.502241 0.822947
v -0.195066 0.488225 0.796844
v -0.188054 0.497039 0.795576
v -0.190371 0.495218 0.791325
v -0.197104 0.486443 0.792399
v -0.214221 0.468211 0.767039
v -0.218488 0.479787 0.765188
v -0.218477 0.474402 0.770858
v -0.210933 0.465929 0.770940
v -0.166388 0.515033 0.798241
v -0.165813 0.528236 0.795520
v -0.168105 0.527848 0.790077
v -0.168419 0.516071 0.793829
v -0.172768 0.515978 0.768516
v -0.174202 0.527137 0.772427
v -0.182032 0.535517 0.764819
v -0.184385 0.525262 0.761122
v -0.174654 0.503465 0.762955
v -0.183171 0.511709 0.755399
v -0.187284 0.497772 0.751563
v -0.194013 0.479919 0.750982
v -0.163235 0.530646 0.807846
v -0.162784 0.521136 0.811498
v -0.212002 0.421620 0.783802
v -0.208529 0.423581 0.788124
v -0.210982 0.427721 0.787480
v -0.214309 0.425025 0.783384
v -0.174948 0.532703 0.824165
v -0.184043 0.536753 0.825678
v -0.179439 0.542287 0.824528
v -0.171389 0.538702 0.821249
v -0.179639 0.524727 0.827919
v -0.190113 0.528703 0.826682
v -0.220686 0.413575 0.788530
v -0.218329 0.415352 0.784313
v -0.222436 0.418656 0.784570
v -0.224796 0.417422 0.789218
v -0.210964 0.467224 0.779489
v -0.206122 0.471430 0.785947
v -0.220238 0.455275 0.783289
v -0.215402 0.460992 0.785786
v -0.218369 0.461686 0.779485
v -0.222918 0.456759 0.778527
v -0.205846 0.469971 0.805378
v -0.200307 0.479770 0.802439
v -0.203350 0.477161 0.797285
v -0.209324 0.465784 0.798693
v -0.192297 0.482171 0.813863
v -0.198802 0.472598 0.815950
v -0.193513 0.475131 0.822202
v -0.189006 0.480958 0.819362
v -0.211777 0.457066 0.816854
v -0.215345 0.452876 0.818005
v -0.212969 0.452624 0.819961
v -0.209556 0.458237 0.819599
v -0.175914 0.548308 0.823194
v -0.168671 0.544504 0.817759
v -0.203289 0.492848 0.841985
v -0.192322 0.494608 0.843577
v -0.196312 0.482711 0.849181
v -0.207549 0.484217 0.846284
v -0.193551 0.538045 0.821747
v -0.189100 0.544433 0.822781
v -0.220493 0.413526 0.794728
v -0.224063 0.417509 0.795352
v -0.197782 0.505771 0.751947
v -0.202672 0.484281 0.749443
v -0.194852 0.521435 0.757604
v -0.194215 0.532072 0.763120
v -0.192785 0.541144 0.765166
v -0.215249 0.458751 0.791785
v -0.202640 0.477831 0.791524
v -0.192665 0.489440 0.801018
v -0.176039 0.489891 0.826931
v -0.170754 0.498367 0.823620
v -0.175892 0.493372 0.815659
v -0.179974 0.487299 0.820395
v -0.183527 0.490226 0.841969
v -0.180941 0.484871 0.836517
v -0.185313 0.477698 0.839800
v -0.188096 0.480947 0.846036
v -0.215242 0.469300 0.759562
v -0.217057 0.484300 0.759318
v -0.166991 0.527898 0.819107
v -0.165346 0.534018 0.814572
v -0.164313 0.541999 0.811837
v -0.176657 0.505706 0.795295
v -0.169576 0.516693 0.790558
v -0.170546 0.515162 0.786121
v -0.178393 0.505647 0.792727
v -0.182887 0.494199 0.782305
v -0.173999 0.500851 0.775369
v -0.187018 0.483536 0.779479
v -0.170371 0.528736 0.782128
v -0.165457 0.537339 0.787210
v -0.169344 0.537637 0.779179
v -0.163012 0.538647 0.796607
v -0.162274 0.540154 0.805353
v -0.187028 0.552644 0.823777
v -0.174546 0.537753 0.772573
v -0.190326 0.468584 0.766734
v -0.193147 0.461420 0.764587
v -0.197332 0.462229 0.771313
v -0.194763 0.469407 0.774408
v -0.235434 0.457192 0.779028
v -0.228225 0.456320 0.776734
v -0.223874 0.463199 0.775213
v -0.168787 0.506398 0.805633
v -0.165372 0.511884 0.816491
v -0.219607 0.453480 0.789076
v -0.228108 0.422735 0.789380
v -0.225552 0.423918 0.784146
v -0.232820 0.443196 0.780422
v -0.236359 0.441281 0.786268
v -0.222327 0.449217 0.795979
v -0.219483 0.451733 0.789642
v -0.219080 0.450448 0.790819
v -0.219229 0.447757 0.796976
v -0.206990 0.456332 0.826052
v -0.203960 0.461559 0.825524
v -0.238692 0.462380 0.804237
v -0.245146 0.463230 0.792893
v -0.239894 0.475726 0.789610
v -0.201841 0.472323 0.811223
v -0.206492 0.463742 0.814574
v -0.204421 0.464801 0.818034
v -0.216190 0.456424 0.795726
v -0.219903 0.452044 0.795298
v -0.218549 0.453440 0.799940
v -0.213978 0.458432 0.800264
v -0.188193 0.506317 0.838684
v -0.177843 0.501065 0.837251
v -0.215379 0.418468 0.782536
v -0.218623 0.421767 0.782358
v -0.196463 0.481869 0.808191
v -0.231106 0.488454 0.786734
v -0.189677 0.490584 0.805451
v -0.216144 0.468839 0.838824
v -0.209371 0.465201 0.839046
v -0.209599 0.458703 0.837919
v -0.215426 0.459261 0.838529
v -0.213807 0.432687 0.799019
v -0.211300 0.433291 0.793720
v -0.209691 0.428610 0.793608
v -0.211706 0.427463 0.798961
v -0.220295 0.452601 0.783854
v -0.223548 0.452442 0.778849
v -0.221838 0.448386 0.780112
v -0.219393 0.449402 0.785647
v -0.229015 0.451305 0.777373
v -0.227504 0.446096 0.778323
v -0.218957 0.429858 0.801985
v -0.225103 0.425674 0.800668
v -0.232392 0.442717 0.799742
v -0.224295 0.443600 0.800810
v -0.208834 0.516228 0.818767
v -0.201138 0.517493 0.826708
v -0.205529 0.503667 0.831214
v -0.210603 0.490492 0.836776
v -0.215080 0.477705 0.840639
v -0.224886 0.476643 0.833271
v -0.199088 0.505567 0.835964
v -0.229295 0.452003 0.802179
v -0.236761 0.453349 0.799659
v -0.234793 0.455275 0.803539
v -0.184806 0.490562 0.811092
v -0.221369 0.426703 0.781646
v -0.207769 0.539965 0.781468
v -0.207636 0.542342 0.794756
v -0.210714 0.534146 0.793968
v -0.210138 0.531015 0.778902
v -0.212206 0.432523 0.786999
v -0.215816 0.430095 0.782136
v -0.200622 0.461399 0.831053
v -0.204242 0.456474 0.830999
v -0.204882 0.456019 0.834158
v -0.199656 0.459506 0.835508
v -0.196226 0.518976 0.829757
v -0.196623 0.472961 0.850360
v -0.207207 0.475878 0.848480
v -0.197670 0.529473 0.822525
v -0.204786 0.528801 0.815875
v -0.201607 0.537911 0.814347
v -0.231554 0.467134 0.823321
v -0.214449 0.513022 0.812972
v -0.209215 0.526327 0.810138
v -0.205599 0.537102 0.808046
v -0.203251 0.545113 0.807416
v -0.198978 0.545120 0.814338
v -0.227318 0.423216 0.795785
v -0.221205 0.419736 0.800971
v -0.197162 0.553995 0.815248
v -0.201516 0.553367 0.807089
v -0.213442 0.523753 0.802359
v -0.217096 0.520384 0.792245
v -0.218173 0.510891 0.805367
v -0.222510 0.506546 0.795768
v -0.239933 0.468844 0.816195
v -0.206285 0.410568 0.801017
v -0.212853 0.419086 0.801864
v -0.209071 0.422712 0.799269
v -0.203093 0.413251 0.800437
v -0.215951 0.424323 0.801930
v -0.217504 0.415891 0.800267
v -0.223531 0.501896 0.782412
v -0.221729 0.450066 0.800676
v -0.215247 0.515323 0.775368
v -0.225217 0.491181 0.770333
v -0.217241 0.499731 0.764282
v -0.205884 0.527179 0.766306
v -0.208190 0.511701 0.758541
v -0.201119 0.544523 0.771858
v -0.203930 0.536038 0.770563
v -0.210516 0.494777 0.753868
v -0.203792 0.414731 0.786023
v -0.201422 0.416873 0.790747
v -0.205552 0.548034 0.781914
v -0.191551 0.475840 0.776961
v -0.178867 0.498180 0.805939
v -0.182842 0.497983 0.801968
v -0.168309 0.503655 0.820996
v -0.172877 0.499133 0.811123
v -0.207435 0.411466 0.783885
v -0.218169 0.450867 0.820359
v -0.217654 0.452498 0.819950
v -0.190708 0.468871 0.757590
v -0.193056 0.463059 0.757058
v -0.204981 0.464999 0.751370
v -0.197994 0.463645 0.752106
v -0.196042 0.470862 0.751130
v -0.203369 0.473048 0.749971
v -0.175225 0.505344 0.797557
v -0.173165 0.505118 0.800936
v -0.183357 0.516099 0.833219
v -0.173559 0.510117 0.831708
v -0.234772 0.450670 0.780000
v -0.241214 0.457840 0.784690
v -0.239031 0.450347 0.785615
v -0.237188 0.442934 0.793337
v -0.224647 0.449225 0.801197
v -0.227109 0.449721 0.799735
v -0.171738 0.508625 0.781133
v -0.180401 0.502165 0.787772
v -0.201865 0.469762 0.776101
v -0.204120 0.463838 0.774185
v -0.210356 0.462265 0.806389
v -0.230175 0.455139 0.821224
v -0.236202 0.457052 0.814738
v -0.215608 0.455461 0.807969
v -0.212069 0.406145 0.788519
v -0.209841 0.408590 0.784786
v -0.240544 0.451981 0.792629
v -0.198835 0.466721 0.824108
v -0.227124 0.460253 0.825139
v -0.224301 0.451883 0.823067
v -0.189387 0.474563 0.846845
v -0.204780 0.550772 0.794291
v -0.206793 0.424206 0.794344
v -0.200892 0.417182 0.795742
v -0.209764 0.408554 0.799459
v -0.212927 0.406593 0.794583
v -0.170035 0.517934 0.824883
v -0.185534 0.497499 0.799406
v -0.211501 0.479863 0.752861
v -0.211395 0.467733 0.754616
v -0.218575 0.452623 0.809119
v -0.211041 0.471243 0.842980
v -0.224225 0.466584 0.834505
v -0.223204 0.456640 0.834766
v -0.225074 0.453391 0.828207
v -0.221943 0.450757 0.822341
v -0.205695 0.404987 0.798737
v -0.209117 0.403633 0.794202
v -0.208966 0.403516 0.788013
v -0.207133 0.405712 0.784695
v -0.204748 0.409319 0.784140
v -0.201792 0.406548 0.800386
v -0.198869 0.408993 0.799482
v -0.198123 0.414055 0.795866
v -0.197181 0.403953 0.798730
v -0.198951 0.399380 0.796112
v -0.197459 0.398540 0.781936
v -0.202355 0.399273 0.785241
v -0.200275 0.397589 0.786055
v -0.195853 0.396384 0.783864
v -0.191118 0.394302 0.782856
v -0.192387 0.396397 0.780292
v -0.201057 0.397979 0.790741
v -0.194832 0.396048 0.788412
v -0.192881 0.397049 0.792060
v -0.188149 0.394773 0.789864
v -0.189806 0.393607 0.786713
v -0.197352 0.397925 0.793567
v -0.203302 0.398758 0.791811
v -0.188035 0.394722 0.780905
v -0.188425 0.393053 0.782772
v -0.186897 0.392849 0.785726
v -0.184333 0.393676 0.784216
v -0.203799 0.404408 0.783073
v -0.196968 0.400732 0.780435
v -0.191017 0.399301 0.779863
v -0.186825 0.397303 0.780597
v -0.193966 0.403684 0.780787
v -0.189542 0.401716 0.780782
v -0.185854 0.400251 0.781832
v -0.190977 0.406019 0.782934
v -0.187702 0.403485 0.782774
v -0.200227 0.411206 0.785711
v -0.203218 0.409011 0.783421
v -0.185381 0.402210 0.782659
v -0.183071 0.395550 0.784175
v -0.192451 0.399443 0.794973
v -0.186609 0.397212 0.791221
v -0.191160 0.401540 0.795550
v -0.185371 0.399028 0.792188
v -0.183490 0.394793 0.788894
v -0.185796 0.393861 0.788266
v -0.202102 0.413006 0.786599
v -0.199298 0.414886 0.791640
v -0.197290 0.413162 0.790979
v -0.188652 0.407456 0.787040
v -0.195508 0.411959 0.794861
v -0.194593 0.406866 0.797641
v -0.189059 0.403636 0.794478
v -0.188027 0.406069 0.792096
v -0.184889 0.401496 0.791411
v -0.185073 0.403268 0.789569
v -0.185687 0.404322 0.785799
v -0.182706 0.399782 0.788238
v -0.182739 0.396889 0.788907
v -0.183147 0.398959 0.784505
v -0.183296 0.401612 0.787862
v -0.184200 0.401392 0.784924
v -0.209098 0.422673 0.808149
v -0.206480 0.424159 0.813774
v -0.209954 0.427400 0.813117
v -0.212017 0.425916 0.808359
v -0.219653 0.413815 0.810091
v -0.215721 0.416919 0.806503
v -0.220006 0.420125 0.806545
v -0.224044 0.417771 0.811508
v -0.220633 0.413554 0.817180
v -0.224564 0.418339 0.818327
v -0.227483 0.422936 0.811300
v -0.222960 0.425320 0.806272
v -0.228370 0.445400 0.804340
v -0.233315 0.444499 0.808849
v -0.215834 0.449144 0.816254
v -0.217384 0.448060 0.819469
v -0.211874 0.420267 0.806401
v -0.215593 0.423303 0.806331
v -0.211496 0.431105 0.821897
v -0.209660 0.431946 0.816771
v -0.208606 0.427831 0.817825
v -0.210551 0.426124 0.822747
v -0.220517 0.447847 0.804677
v -0.218294 0.448824 0.810607
v -0.223804 0.446597 0.803441
v -0.216494 0.428461 0.825408
v -0.222686 0.425525 0.825159
v -0.229683 0.444750 0.823034
v -0.223663 0.445306 0.824308
v -0.218134 0.427577 0.805036
v -0.210570 0.431012 0.811174
v -0.213277 0.429854 0.806797
v -0.227361 0.424112 0.818635
v -0.219671 0.419706 0.824691
v -0.202532 0.409287 0.823548
v -0.210938 0.418173 0.825150
v -0.207400 0.421415 0.823100
v -0.198738 0.412416 0.823019
v -0.214340 0.422899 0.825528
v -0.215847 0.415267 0.823400
v -0.197146 0.414099 0.809174
v -0.194912 0.415739 0.815136
v -0.199836 0.411412 0.806426
v -0.233884 0.444850 0.816095
v -0.208034 0.405953 0.809072
v -0.203287 0.409032 0.805929
v -0.205695 0.424100 0.818995
v -0.195558 0.414819 0.820195
v -0.205828 0.406964 0.821406
v -0.210005 0.405689 0.815350
v -0.200999 0.402861 0.819184
v -0.204294 0.402156 0.814066
v -0.203577 0.403220 0.808342
v -0.200722 0.407177 0.806072
v -0.198187 0.410262 0.806942
v -0.197924 0.404646 0.821360
v -0.194890 0.408216 0.821876
v -0.193568 0.412391 0.819569
v -0.190101 0.404041 0.818371
v -0.192065 0.400377 0.815507
v -0.186501 0.405725 0.798071
v -0.191881 0.404805 0.800971
v -0.190767 0.402722 0.802168
v -0.185706 0.403665 0.799814
v -0.196527 0.402198 0.804304
v -0.194349 0.401244 0.804854
v -0.193640 0.399725 0.809450
v -0.188358 0.401788 0.806326
v -0.186500 0.401921 0.810842
v -0.181354 0.402387 0.807909
v -0.182936 0.401863 0.803443
v -0.190659 0.400158 0.812005
v -0.182088 0.403926 0.798978
v -0.180722 0.405755 0.797783
v -0.196491 0.398849 0.810697
v -0.199059 0.406851 0.804360
v -0.191707 0.407952 0.800202
v -0.185468 0.408927 0.797932
v -0.179225 0.408277 0.798715
v -0.189717 0.411610 0.801307
v -0.183992 0.411474 0.799445
v -0.179136 0.410302 0.800513
v -0.187226 0.414409 0.804370
v -0.181873 0.413404 0.802607
v -0.195773 0.413800 0.809473
v -0.197883 0.411237 0.805666
v -0.179737 0.411979 0.802154
v -0.177576 0.403905 0.800800
v -0.176290 0.406955 0.801275
v -0.179147 0.403094 0.801382
v -0.185650 0.402815 0.812716
v -0.180195 0.403995 0.808930
v -0.184238 0.405110 0.814081
v -0.178709 0.405929 0.809389
v -0.176803 0.404111 0.805373
v -0.177899 0.403107 0.804648
v -0.196234 0.412495 0.810411
v -0.194026 0.413685 0.815669
v -0.193400 0.414472 0.814763
v -0.184721 0.414170 0.809327
v -0.191732 0.412296 0.818586
v -0.189805 0.407934 0.819110
v -0.183659 0.407946 0.814727
v -0.183286 0.411648 0.812990
v -0.177932 0.407662 0.810482
v -0.179317 0.410552 0.810317
v -0.180320 0.413446 0.806517
v -0.175233 0.407660 0.806434
v -0.175780 0.405508 0.805696
v -0.176576 0.408867 0.802313
v -0.176705 0.410080 0.807299
v -0.177781 0.411295 0.803978
v -0.204035 0.431915 0.821109
v -0.200858 0.433497 0.825764
v -0.203161 0.436110 0.826107
v -0.206457 0.434369 0.821846
v -0.213259 0.423803 0.824788
v -0.210680 0.425717 0.820974
v -0.214159 0.428877 0.821751
v -0.217741 0.427962 0.825809
v -0.211844 0.422125 0.830087
v -0.217746 0.427609 0.832029
v -0.221021 0.432574 0.826550
v -0.216771 0.432482 0.822163
v -0.220715 0.446845 0.822382
v -0.224441 0.446480 0.827764
v -0.207387 0.428923 0.820067
v -0.209995 0.431551 0.820703
v -0.202909 0.437662 0.834319
v -0.201975 0.438268 0.829534
v -0.201872 0.435708 0.831316
v -0.203139 0.434008 0.835248
v -0.211332 0.451124 0.820796
v -0.208247 0.453010 0.825618
v -0.215476 0.448344 0.820177
v -0.207907 0.435590 0.838290
v -0.215061 0.433896 0.838590
v -0.215996 0.448817 0.838987
v -0.210290 0.450528 0.837721
v -0.212127 0.434112 0.820517
v -0.203509 0.438468 0.824415
v -0.207219 0.436609 0.820705
v -0.220056 0.433372 0.832886
v -0.212762 0.428349 0.837359
v -0.193685 0.415884 0.832476
v -0.204561 0.427107 0.837345
v -0.200766 0.431015 0.834796
v -0.190752 0.419227 0.831979
v -0.206869 0.430723 0.838265
v -0.209013 0.423874 0.835790
v -0.192997 0.423269 0.818799
v -0.190401 0.424096 0.823616
v -0.197062 0.421279 0.817596
v -0.223102 0.447403 0.834731
v -0.206361 0.452547 0.833031
v -0.201533 0.415448 0.820013
v -0.199466 0.418773 0.817859
v -0.199872 0.433069 0.831029
v -0.189426 0.422482 0.829081
v -0.198163 0.413721 0.830991
v -0.202287 0.413654 0.825786
v -0.193863 0.411084 0.828307
v -0.198357 0.411094 0.823304
v -0.198826 0.413817 0.818156
v -0.197179 0.418294 0.816660
v -0.194947 0.421068 0.816828
v -0.189520 0.414286 0.829746
v -0.187400 0.417787 0.829559
v -0.188788 0.422219 0.827947
v -0.185815 0.413915 0.827650
v -0.187895 0.409959 0.824315
v -0.181781 0.415183 0.808342
v -0.187117 0.414931 0.811654
v -0.186650 0.414058 0.812360
v -0.181302 0.413643 0.809097
v -0.192745 0.412830 0.815428
v -0.190810 0.412375 0.815335
v -0.190003 0.410339 0.818688
v -0.183997 0.410526 0.815405
v -0.181319 0.411449 0.820891
v -0.176865 0.411474 0.817144
v -0.178942 0.410462 0.811940
v -0.187019 0.410225 0.822215
v -0.178022 0.413235 0.807955
v -0.178003 0.414161 0.806296
v -0.192303 0.409625 0.820048
v -0.193903 0.417581 0.814682
v -0.187444 0.417895 0.810865
v -0.182115 0.418218 0.807578
v -0.177580 0.417794 0.806833
v -0.186253 0.421381 0.812097
v -0.181444 0.420758 0.809328
v -0.177364 0.420164 0.808725
v -0.184403 0.423299 0.814231
v -0.180247 0.422323 0.811911
v -0.191535 0.423605 0.818796
v -0.193381 0.421397 0.816060
v -0.177434 0.421221 0.810862
v -0.174422 0.412456 0.808983
v -0.172979 0.416340 0.809971
v -0.175800 0.411841 0.809876
v -0.180925 0.411974 0.822626
v -0.175063 0.412391 0.818325
v -0.179911 0.414318 0.823957
v -0.174305 0.414587 0.819634
v -0.172929 0.412182 0.814040
v -0.174037 0.411689 0.813835
v -0.192315 0.423106 0.818910
v -0.190112 0.423819 0.823611
v -0.189524 0.424273 0.823275
v -0.181535 0.423924 0.818358
v -0.187633 0.422490 0.827191
v -0.184209 0.417562 0.827538
v -0.179448 0.417719 0.823646
v -0.179485 0.421369 0.821873
v -0.174665 0.417410 0.819737
v -0.176150 0.419886 0.819275
v -0.177806 0.422794 0.815485
v -0.173016 0.417437 0.815713
v -0.172134 0.414569 0.815070
v -0.173823 0.419121 0.811419
v -0.174259 0.419674 0.816121
v -0.175064 0.420853 0.812896
v -0.206256 0.453340 0.829624
v -0.198895 0.441023 0.832472
v -0.195366 0.441234 0.834913
v -0.195709 0.442411 0.835691
v -0.199134 0.443263 0.833016
v -0.208343 0.438682 0.838473
v -0.206148 0.439151 0.834261
v -0.207872 0.442743 0.835463
v -0.209825 0.442487 0.839667
v -0.206919 0.438372 0.843576
v -0.207535 0.441826 0.844760
v -0.209765 0.446322 0.840478
v -0.207990 0.446707 0.836095
v -0.208343 0.462139 0.838229
v -0.209597 0.464021 0.843122
v -0.189894 0.467472 0.846287
v -0.188422 0.467999 0.841465
v -0.190262 0.459023 0.841809
v -0.191237 0.459656 0.846322
v -0.202716 0.440171 0.832471
v -0.203686 0.443385 0.832771
v -0.193090 0.443687 0.845142
v -0.192694 0.444196 0.840273
v -0.193201 0.442035 0.839087
v -0.192527 0.440824 0.843635
v -0.190791 0.465652 0.837428
v -0.194921 0.463591 0.835744
v -0.195224 0.459920 0.835228
v -0.192515 0.458132 0.837704
v -0.201430 0.459367 0.834867
v -0.196256 0.443564 0.848229
v -0.202253 0.444130 0.849317
v -0.198813 0.462974 0.852139
v -0.194306 0.461836 0.850103
v -0.204177 0.445604 0.833672
v -0.195155 0.444985 0.836204
v -0.198669 0.444786 0.833946
v -0.207848 0.445714 0.845987
v -0.201718 0.440500 0.847755
v -0.193200 0.430917 0.843807
v -0.195197 0.437806 0.846469
v -0.192108 0.439296 0.843010
v -0.190834 0.432607 0.842068
v -0.195702 0.440097 0.846837
v -0.200865 0.436904 0.846622
v -0.195829 0.435912 0.830689
v -0.191982 0.435910 0.834632
v -0.199115 0.434969 0.830056
v -0.206349 0.464785 0.848811
v -0.204254 0.431506 0.834507
v -0.201858 0.433022 0.830997
v -0.192968 0.440440 0.838409
v -0.190153 0.434594 0.838701
v -0.197956 0.429565 0.843586
v -0.203472 0.430552 0.840310
v -0.195989 0.425953 0.840649
v -0.201356 0.427168 0.837428
v -0.201501 0.429504 0.831435
v -0.199452 0.432468 0.829643
v -0.196944 0.434528 0.829424
v -0.191369 0.428022 0.841498
v -0.189453 0.430201 0.840576
v -0.189408 0.433242 0.838055
v -0.189454 0.425435 0.838938
v -0.192378 0.423167 0.835789
v -0.187941 0.425553 0.823351
v -0.191465 0.427185 0.825196
v -0.191462 0.426118 0.825803
v -0.188337 0.424523 0.823482
v -0.196251 0.427593 0.828181
v -0.194888 0.426300 0.828264
v -0.195406 0.424749 0.831606
v -0.191111 0.422884 0.828674
v -0.187795 0.421738 0.832805
v -0.184870 0.420351 0.830029
v -0.188197 0.421172 0.826644
v -0.192193 0.422795 0.833938
v -0.186429 0.422547 0.822632
v -0.185378 0.422875 0.821711
v -0.197544 0.424961 0.832893
v -0.195641 0.431609 0.827431
v -0.190047 0.429165 0.824148
v -0.186019 0.426549 0.822069
v -0.183166 0.423801 0.821922
v -0.188923 0.431274 0.825076
v -0.184443 0.428213 0.822561
v -0.181769 0.425547 0.822634
v -0.186802 0.432775 0.827251
v -0.183157 0.429333 0.824551
v -0.191287 0.435518 0.830683
v -0.193544 0.434149 0.828251
v -0.181530 0.426709 0.823966
v -0.183791 0.420013 0.824000
v -0.181417 0.421922 0.824126
v -0.185245 0.419696 0.824815
v -0.186941 0.421987 0.833944
v -0.183262 0.420454 0.830641
v -0.185292 0.423324 0.835192
v -0.181638 0.421892 0.831000
v -0.182206 0.419633 0.827295
v -0.184160 0.419504 0.827429
v -0.193321 0.435575 0.830868
v -0.191106 0.435188 0.834059
v -0.189007 0.434572 0.834242
v -0.184618 0.432117 0.830822
v -0.187749 0.431895 0.837921
v -0.188007 0.428259 0.839406
v -0.183886 0.425714 0.835275
v -0.183211 0.428860 0.834020
v -0.180580 0.423783 0.830562
v -0.180412 0.426756 0.829821
v -0.181332 0.429057 0.827469
v -0.180016 0.423136 0.826794
v -0.180519 0.421288 0.826882
v -0.180481 0.423769 0.824599
v -0.179889 0.425090 0.826873
v -0.180433 0.425941 0.825513
v -0.193143 0.466702 0.848868
v -0.214509 0.454604 0.761910
v -0.213144 0.454199 0.767372
v -0.197366 0.450360 0.767221
v -0.203133 0.450754 0.771133
v -0.195228 0.450038 0.760816
v -0.200974 0.452620 0.751857
v -0.196725 0.451969 0.755508
v -0.208898 0.452195 0.771089
v -0.213162 0.455062 0.756026
v -0.207677 0.454539 0.751309
v -0.215422 0.447199 0.756224
v -0.209418 0.446811 0.751237
v -0.202666 0.445131 0.750940
v -0.197340 0.445631 0.755454
v -0.195253 0.445320 0.760075
v -0.215236 0.448202 0.763325
v -0.213144 0.448142 0.768532
v -0.207478 0.447625 0.771828
v -0.215205 0.440480 0.766392
v -0.213625 0.431203 0.762520
v -0.199471 0.418448 0.758911
v -0.198961 0.425177 0.757771
v -0.201779 0.424436 0.757518
v -0.202027 0.418318 0.757996
v -0.201419 0.429887 0.755918
v -0.203151 0.428432 0.756837
v -0.208105 0.429892 0.758183
v -0.208123 0.424265 0.758823
v -0.211738 0.429222 0.761828
v -0.211981 0.425460 0.763608
v -0.208350 0.418725 0.759543
v -0.204100 0.414861 0.758302
v -0.208241 0.414058 0.760407
v -0.201804 0.413773 0.760362
v -0.209484 0.430694 0.756062
v -0.197154 0.435615 0.756372
v -0.196189 0.427270 0.759341
v -0.197097 0.419607 0.761687
v -0.200300 0.414326 0.763265
v -0.194652 0.428951 0.763281
v -0.196627 0.421996 0.765492
v -0.200085 0.417532 0.767249
v -0.195876 0.430398 0.767875
v -0.198263 0.423709 0.768786
v -0.196199 0.442956 0.766344
v -0.194563 0.440100 0.760608
v -0.200521 0.419966 0.768818
v -0.207496 0.412055 0.762426
v -0.205878 0.412801 0.765751
v -0.213584 0.427065 0.766285
v -0.212682 0.420131 0.764024
v -0.213009 0.420877 0.767075
v -0.213467 0.429649 0.769497
v -0.212355 0.421767 0.769829
v -0.211628 0.415411 0.765753
v -0.211546 0.416252 0.762935
v -0.196414 0.446566 0.766106
v -0.201357 0.447754 0.770409
v -0.201275 0.444343 0.770660
v -0.200748 0.432307 0.772172
v -0.207125 0.443489 0.772727
v -0.212665 0.441925 0.770466
v -0.211333 0.431049 0.772398
v -0.206775 0.432320 0.773716
v -0.209597 0.423076 0.771962
v -0.206704 0.424143 0.772445
v -0.201812 0.424117 0.771492
v -0.207804 0.418276 0.770505
v -0.210386 0.416348 0.768707
v -0.204299 0.416141 0.768826
v -0.206072 0.420474 0.771152
v -0.203269 0.419539 0.770133
v -0.187375 0.473234 0.840480
v -0.189613 0.470458 0.835088
v -0.186451 0.475589 0.834270
v -0.181299 0.482235 0.830887
v -0.176683 0.491492 0.832913
v -0.184750 0.480919 0.824961
v -0.189874 0.474001 0.828878
v -0.194950 0.466898 0.830530
v -0.184910 0.486670 0.816514
f 2 3 1
f 1 3 4
f 5 6 8
f 8 6 7
f 9 4 10
f 10 4 3
f 12 13 11
f 11 13 9
f 14 12 16
f 16 12 15
f 18 19 17
f 17 19 20
f 22 23 21
f 21 23 24
f 26 27 25
f 25 27 28
f 30 31 29
f 29 31 32
f 33 34 36
f 36 34 35
f 37 38 40
f 40 38 39
f 41 42 6
f 6 42 43
f 6 43 7
f 7 43 44
f 45 34 46
f 46 34 33
f 48 49 47
f 47 49 50
f 52 53 51
f 51 53 54
f 56 52 55
f 55 52 51
f 58 59 57
f 57 59 60
f 61 62 4
f 4 62 1
f 64 65 63
f 63 65 66
f 68 69 67
f 67 69 70
f 72 73 71
f 71 73 74
f 76 77 75
f 75 77 78
f 53 79 54
f 54 79 80
f 82 83 81
f 81 83 84
f 85 86 52
f 52 86 53
f 57 60 87
f 87 60 88
f 89 90 43
f 43 90 44
f 43 42 89
f 89 42 91
f 40 39 92
f 92 39 93
f 94 70 64
f 64 70 69
f 13 61 9
f 9 61 4
f 25 28 69
f 69 28 95
f 96 25 68
f 68 25 69
f 98 99 97
f 97 99 100
f 101 102 104
f 104 102 103
f 106 30 105
f 105 30 29
f 51 54 107
f 107 54 108
f 54 80 108
f 108 80 109
f 111 112 110
f 110 112 113
f 115 5 114
f 114 5 116
f 115 41 5
f 5 41 6
f 36 35 111
f 111 35 117
f 35 118 117
f 117 118 119
f 34 120 35
f 35 120 118
f 34 45 120
f 120 45 121
f 125 126 124
f 124 126 127
f 128 129 14
f 14 129 130
f 33 131 46
f 46 131 132
f 133 94 63
f 63 94 64
f 134 135 137
f 137 135 136
f 139 140 138
f 138 140 141
f 77 142 78
f 78 142 143
f 144 145 20
f 20 145 146
f 148 149 147
f 147 149 72
f 151 152 150
f 150 152 153
f 82 101 83
f 83 101 104
f 101 82 155
f 155 82 154
f 156 157 58
f 58 157 59
f 158 68 147
f 147 68 67
f 159 146 15
f 15 146 16
f 68 158 96
f 96 158 160
f 129 66 130
f 130 66 65
f 162 163 161
f 161 163 164
f 166 167 165
f 165 167 168
f 170 171 169
f 169 171 172
f 174 171 173
f 173 171 170
f 176 177 175
f 175 177 178
f 180 181 179
f 179 181 24
f 182 183 21
f 21 183 184
f 81 185 82
f 82 185 154
f 186 187 188
f 188 187 144
f 158 71 160
f 160 71 189
f 190 135 157
f 157 135 59
f 169 172 139
f 139 172 140
f 147 72 158
f 158 72 71
f 192 193 191
f 191 193 194
f 167 166 49
f 49 166 195
f 196 190 50
f 50 190 157
f 197 198 200
f 200 198 199
f 21 24 182
f 182 24 181
f 146 159 20
f 20 159 17
f 182 181 81
f 81 181 185
f 201 185 180
f 180 185 181
f 202 203 83
f 83 203 84
f 205 206 204
f 204 206 85
f 207 22 184
f 184 22 21
f 179 24 208
f 208 24 23
f 208 209 179
f 179 209 205
f 209 210 205
f 205 210 206
f 212 206 211
f 211 206 210
f 179 205 180
f 180 205 204
f 213 176 88
f 88 176 214
f 86 85 212
f 212 85 206
f 193 217 218
f 217 219 218
f 218 219 220
f 219 18 220
f 220 18 17
f 19 221 20
f 20 221 144
f 222 223 225
f 225 223 224
f 175 226 176
f 176 226 214
f 227 87 214
f 214 87 88
f 220 17 228
f 228 17 159
f 134 213 60
f 60 213 88
f 138 229 151
f 151 229 152
f 193 192 210
f 210 192 211
f 230 194 218
f 218 194 193
f 231 232 228
f 228 232 230
f 233 234 91
f 91 234 89
f 235 236 93
f 93 236 92
f 230 232 234
f 234 232 237
f 47 238 48
f 48 238 239
f 240 191 235
f 235 191 236
f 5 8 116
f 116 8 241
f 242 243 189
f 189 243 160
f 244 245 98
f 98 245 99
f 156 246 47
f 47 246 238
f 76 247 77
f 77 247 248
f 250 125 249
f 249 125 124
f 252 253 251
f 251 253 254
f 111 110 36
f 36 110 255
f 256 33 255
f 255 33 36
f 257 258 154
f 154 258 155
f 63 169 133
f 133 169 139
f 66 170 63
f 63 170 169
f 173 170 129
f 129 170 66
f 129 128 173
f 173 128 259
f 128 260 259
f 259 260 261
f 213 134 262
f 262 134 137
f 263 264 186
f 186 264 187
f 112 265 113
f 113 265 266
f 11 267 268
f 234 233 230
f 230 233 194
f 153 269 70
f 70 269 67
f 175 178 165
f 165 178 141
f 150 153 94
f 94 153 70
f 271 221 270
f 270 221 207
f 269 153 272
f 272 153 152
f 121 45 109
f 109 45 108
f 47 50 156
f 156 50 157
f 57 273 58
f 58 273 274
f 145 275 260
f 260 275 261
f 276 149 143
f 143 149 78
f 148 269 75
f 75 269 272
f 207 277 270
f 270 277 278
f 195 196 49
f 49 196 50
f 59 135 60
f 60 135 134
f 83 104 202
f 202 104 279
f 149 148 78
f 78 148 75
f 247 278 248
f 248 278 277
f 183 182 84
f 84 182 81
f 48 239 281
f 281 239 282
f 227 223 283
f 283 223 222
f 223 226 224
f 224 226 168
f 281 282 224
f 224 282 225
f 165 168 175
f 175 168 226
f 264 263 138
f 138 263 229
f 14 16 128
f 128 16 260
f 220 228 218
f 218 228 230
f 87 227 284
f 284 227 283
f 260 16 145
f 145 16 146
f 244 98 258
f 258 98 155
f 58 274 156
f 156 274 246
f 107 285 51
f 51 285 55
f 243 286 160
f 160 286 96
f 234 237 89
f 89 237 90
f 46 132 107
f 107 132 285
f 253 252 249
f 249 252 250
f 286 26 96
f 96 26 25
f 106 105 287
f 287 105 288
f 272 152 289
f 289 152 229
f 138 151 139
f 139 151 133
f 183 290 161
f 161 290 162
f 291 292 277
f 277 292 293
f 151 150 133
f 133 150 94
f 262 275 177
f 177 275 187
f 144 187 145
f 145 187 275
f 273 57 284
f 284 57 87
f 174 136 190
f 190 136 135
f 111 117 112
f 112 117 38
f 117 119 38
f 38 119 123
f 112 38 265
f 265 38 37
f 287 288 254
f 254 288 251
f 228 159 231
f 231 159 15
f 223 227 226
f 226 227 214
f 147 67 148
f 148 67 269
f 224 168 281
f 281 168 167
f 199 163 200
f 200 163 162
f 45 46 108
f 108 46 107
f 281 167 48
f 48 167 49
f 161 164 291
f 291 164 292
f 38 123 39
f 293 294 277
f 277 294 248
f 284 283 296
f 296 283 295
f 284 296 273
f 273 296 297
f 274 273 298
f 298 273 297
f 246 274 299
f 299 274 298
f 283 222 295
f 295 222 300
f 222 225 300
f 300 225 301
f 301 225 302
f 302 225 282
f 303 304 300
f 300 304 295
f 306 307 305
f 305 307 308
f 309 310 308
f 308 310 305
f 308 307 312
f 312 307 311
f 313 314 312
f 312 314 315
f 311 316 312
f 312 316 313
f 317 304 311
f 311 304 316
f 315 309 312
f 312 309 308
f 318 319 321
f 321 319 320
f 319 318 309
f 309 318 310
f 311 307 317
f 317 307 306
f 306 297 317
f 317 297 296
f 306 322 297
f 297 322 298
f 305 323 306
f 306 323 322
f 323 305 324
f 324 305 310
f 304 317 295
f 295 317 296
f 318 325 310
f 310 325 324
f 323 324 326
f 326 324 327
f 324 325 327
f 327 325 328
f 326 327 329
f 329 327 330
f 329 331 326
f 326 331 332
f 333 330 328
f 328 330 327
f 323 326 322
f 322 326 332
f 322 332 298
f 298 332 299
f 325 318 334
f 334 318 321
f 313 316 335
f 335 316 304
f 335 336 313
f 313 336 314
f 304 303 335
f 335 303 337
f 336 335 338
f 338 335 337
f 336 339 314
f 314 339 340
f 246 299 238
f 238 299 341
f 239 342 282
f 282 342 302
f 342 239 341
f 341 239 238
f 341 331 342
f 342 331 343
f 331 329 343
f 343 329 344
f 342 343 302
f 302 343 345
f 341 299 331
f 331 299 332
f 346 301 345
f 345 301 302
f 346 303 301
f 301 303 300
f 347 337 346
f 346 337 303
f 347 346 348
f 348 346 345
f 349 347 350
f 350 347 348
f 343 344 345
f 345 344 348
f 344 351 348
f 348 351 350
f 337 347 338
f 338 347 349
f 353 338 352
f 352 338 349
f 352 355 354
f 354 355 356
f 352 349 355
f 355 349 350
f 352 354 353
f 353 354 334
f 353 334 339
f 339 334 321
f 339 336 353
f 353 336 338
f 329 330 344
f 344 330 351
f 356 351 333
f 333 351 330
f 356 355 351
f 351 355 350
f 354 356 328
f 328 356 333
f 328 325 354
f 354 325 334
f 309 315 319
f 319 315 320
f 320 340 321
f 321 340 339
f 320 315 340
f 340 315 314
f 137 136 261
f 261 136 259
f 140 166 141
f 141 166 165
f 172 171 195
f 195 171 196
f 171 174 196
f 196 174 190
f 178 177 264
f 264 177 187
f 172 195 140
f 140 195 166
f 137 261 262
f 262 261 275
f 178 264 141
f 141 264 138
f 262 177 213
f 213 177 176
f 136 174 259
f 259 174 173
f 358 359 357
f 357 359 360
f 362 363 361
f 361 363 364
f 361 364 365
f 365 364 366
f 367 368 370
f 370 368 369
f 76 371 247
f 247 371 372
f 373 374 362
f 362 374 363
f 376 377 375
f 375 377 378
f 289 229 380
f 380 229 379
f 381 379 263
f 263 379 229
f 383 384 382
f 382 384 385
f 386 368 374
f 374 368 363
f 76 289 371
f 371 289 380
f 377 376 359
f 359 376 387
f 388 386 360
f 360 386 374
f 389 383 366
f 366 383 390
f 392 393 391
f 391 393 394
f 383 382 390
f 390 382 395
f 396 365 390
f 390 365 366
f 389 366 367
f 367 366 364
f 357 397 358
f 358 397 398
f 373 399 357
f 357 399 397
f 389 367 400
f 400 367 370
f 382 385 375
f 375 385 372
f 357 360 373
f 373 360 374
f 361 401 362
f 362 401 402
f 387 388 359
f 359 388 360
f 363 368 364
f 364 368 367
f 358 398 403
f 403 398 404
f 396 392 405
f 405 392 391
f 392 395 393
f 393 395 378
f 393 403 394
f 394 403 404
f 375 378 382
f 382 378 395
f 365 396 406
f 406 396 405
f 362 402 373
f 373 402 399
f 271 270 400
f 400 270 384
f 401 361 406
f 406 361 365
f 381 369 386
f 386 369 368
f 392 396 395
f 395 396 390
f 393 378 403
f 403 378 377
f 403 377 358
f 358 377 359
f 406 405 408
f 408 405 407
f 406 408 401
f 401 408 409
f 401 409 402
f 402 409 410
f 402 410 399
f 399 410 411
f 405 391 407
f 407 391 412
f 391 394 412
f 412 394 413
f 394 404 413
f 413 404 414
f 415 416 412
f 412 416 407
f 418 419 417
f 417 419 420
f 421 422 418
f 418 422 419
f 419 422 424
f 424 422 423
f 425 426 424
f 424 426 427
f 423 428 424
f 424 428 425
f 427 420 424
f 424 420 419
f 420 429 417
f 417 429 430
f 423 422 431
f 431 422 421
f 421 409 431
f 431 409 408
f 421 432 409
f 409 432 410
f 418 433 421
f 421 433 432
f 434 433 417
f 417 433 418
f 431 416 423
f 423 416 428
f 416 431 407
f 407 431 408
f 435 434 430
f 430 434 417
f 433 434 436
f 436 434 437
f 434 435 437
f 437 435 438
f 436 437 439
f 439 437 440
f 439 441 436
f 436 441 442
f 438 443 437
f 437 443 440
f 436 442 433
f 433 442 432
f 432 442 410
f 410 442 411
f 435 430 445
f 445 430 444
f 430 429 444
f 444 429 446
f 425 428 447
f 447 428 416
f 426 425 448
f 448 425 447
f 416 415 447
f 447 415 449
f 447 449 448
f 448 449 450
f 451 452 448
f 448 452 426
f 446 452 444
f 444 452 451
f 399 411 397
f 397 411 453
f 398 454 404
f 404 454 414
f 454 398 453
f 453 398 397
f 453 441 454
f 454 441 455
f 441 439 455
f 455 439 456
f 454 455 414
f 414 455 457
f 441 453 442
f 442 453 411
f 458 413 457
f 457 413 414
f 458 415 413
f 413 415 412
f 458 459 415
f 415 459 449
f 459 458 460
f 460 458 457
f 461 459 462
f 462 459 460
f 455 456 457
f 457 456 460
f 456 463 460
f 460 463 462
f 459 461 449
f 449 461 450
f 465 450 464
f 464 450 461
f 464 467 466
f 466 467 468
f 464 461 467
f 467 461 462
f 464 466 465
f 465 466 445
f 465 445 451
f 451 445 444
f 451 448 465
f 465 448 450
f 439 440 456
f 456 440 463
f 468 463 443
f 443 463 440
f 468 467 463
f 463 467 462
f 466 468 438
f 438 468 443
f 438 435 466
f 466 435 445
f 420 427 429
f 429 427 446
f 446 427 452
f 452 427 426
f 370 369 188
f 188 369 186
f 371 376 372
f 372 376 375
f 380 379 387
f 387 379 388
f 379 381 388
f 388 381 386
f 385 384 278
f 278 384 270
f 380 387 371
f 371 387 376
f 400 370 271
f 271 370 188
f 385 278 372
f 372 278 247
f 400 384 389
f 389 384 383
f 369 381 186
f 186 381 263
f 221 271 144
f 144 271 188
f 221 19 207
f 207 19 22
f 19 18 22
f 22 18 23
f 18 219 23
f 23 219 208
f 469 470 472
f 472 470 471
f 474 475 473
f 473 475 476
f 473 476 477
f 477 476 478
f 480 481 479
f 479 481 482
f 483 484 474
f 474 484 475
f 486 487 485
f 485 487 488
f 489 490 77
f 77 490 142
f 491 489 248
f 248 489 77
f 493 494 492
f 492 494 495
f 496 480 484
f 484 480 475
f 486 497 487
f 487 497 471
f 498 496 472
f 472 496 484
f 499 493 478
f 478 493 500
f 501 502 504
f 504 502 503
f 493 492 500
f 500 492 505
f 506 477 500
f 500 477 478
f 499 478 479
f 479 478 476
f 469 507 470
f 470 507 508
f 483 509 469
f 469 509 507
f 479 482 499
f 499 482 510
f 492 495 485
f 485 495 511
f 483 469 484
f 484 469 472
f 473 512 474
f 474 512 513
f 497 498 471
f 471 498 472
f 475 480 476
f 476 480 479
f 470 508 514
f 514 508 515
f 506 502 516
f 516 502 501
f 503 502 488
f 488 502 505
f 514 515 503
f 503 515 504
f 485 488 492
f 492 488 505
f 477 506 517
f 517 506 516
f 474 513 483
f 483 513 509
f 510 292 494
f 494 292 164
f 512 473 517
f 517 473 477
f 491 481 496
f 496 481 480
f 502 506 505
f 505 506 500
f 503 488 514
f 514 488 487
f 514 487 470
f 470 487 471
f 517 516 519
f 519 516 518
f 517 519 512
f 512 519 520
f 512 520 513
f 513 520 521
f 513 521 509
f 509 521 522
f 516 501 518
f 518 501 523
f 501 504 523
f 523 504 524
f 524 504 525
f 525 504 515
f 526 527 523
f 523 527 518
f 529 530 528
f 528 530 531
f 532 533 529
f 529 533 530
f 530 533 535
f 535 533 534
f 536 537 535
f 535 537 538
f 534 539 535
f 535 539 536
f 538 531 535
f 535 531 530
f 540 541 531
f 531 541 528
f 533 532 534
f 534 532 542
f 532 520 542
f 542 520 519
f 532 543 520
f 520 543 521
f 529 544 532
f 532 544 543
f 544 529 545
f 545 529 528
f 534 542 539
f 539 542 527
f 527 542 518
f 518 542 519
f 541 546 528
f 528 546 545
f 547 544 548
f 548 544 545
f 546 549 545
f 545 549 548
f 550 547 551
f 551 547 548
f 547 550 553
f 553 550 552
f 549 554 548
f 548 554 551
f 544 547 543
f 543 547 553
f 543 553 521
f 521 553 522
f 546 541 556
f 556 541 555
f 541 540 555
f 555 540 557
f 536 539 558
f 558 539 527
f 537 536 559
f 559 536 558
f 527 526 558
f 558 526 560
f 559 558 561
f 561 558 560
f 559 562 537
f 537 562 563
f 557 563 555
f 555 563 562
f 509 522 507
f 507 522 564
f 508 565 515
f 515 565 525
f 565 508 564
f 564 508 507
f 564 552 565
f 565 552 566
f 552 550 566
f 566 550 567
f 565 566 525
f 525 566 568
f 564 522 552
f 552 522 553
f 569 524 568
f 568 524 525
f 569 526 524
f 524 526 523
f 570 560 569
f 569 560 526
f 570 569 571
f 571 569 568
f 572 570 573
f 573 570 571
f 566 567 568
f 568 567 571
f 567 574 571
f 571 574 573
f 570 572 560
f 560 572 561
f 576 561 575
f 575 561 572
f 575 578 577
f 577 578 579
f 575 572 578
f 578 572 573
f 575 577 576
f 576 577 556
f 576 556 562
f 562 556 555
f 562 559 576
f 576 559 561
f 550 551 567
f 567 551 574
f 579 574 554
f 554 574 551
f 579 578 574
f 574 578 573
f 579 554 577
f 577 554 549
f 549 546 577
f 577 546 556
f 531 538 540
f 540 538 557
f 557 538 563
f 563 538 537
f 481 294 482
f 482 294 293
f 580 486 511
f 511 486 485
f 490 489 497
f 497 489 498
f 489 491 498
f 498 491 496
f 163 495 164
f 164 495 494
f 580 490 486
f 486 490 497
f 482 293 510
f 510 293 292
f 495 163 511
f 511 163 199
f 494 493 510
f 510 493 499
f 481 491 294
f 294 491 248
f 582 583 581
f 581 583 584
f 586 587 585
f 585 587 588
f 585 588 589
f 589 588 590
f 592 593 591
f 591 593 594
f 595 596 598
f 598 596 597
f 599 600 586
f 586 600 587
f 601 602 604
f 604 602 603
f 605 606 608
f 608 606 607
f 609 607 200
f 200 607 606
f 610 611 613
f 613 611 612
f 600 614 587
f 587 614 592
f 596 605 597
f 597 605 608
f 602 615 603
f 603 615 583
f 616 614 584
f 584 614 600
f 611 618 617
f 617 618 590
f 620 621 619
f 619 621 622
f 610 623 611
f 611 623 618
f 624 589 618
f 618 589 590
f 617 590 591
f 591 590 588
f 581 625 582
f 582 625 626
f 599 627 581
f 581 627 625
f 591 594 617
f 617 594 628
f 601 610 598
f 598 610 613
f 581 584 599
f 599 584 600
f 585 629 586
f 586 629 630
f 615 616 583
f 583 616 584
f 587 592 588
f 588 592 591
f 582 626 631
f 631 626 632
f 624 620 633
f 633 620 619
f 621 620 604
f 604 620 623
f 631 632 621
f 621 632 622
f 610 601 623
f 623 601 604
f 589 624 634
f 634 624 633
f 586 630 599
f 599 630 627
f 203 202 628
f 628 202 612
f 629 585 634
f 634 585 589
f 609 593 614
f 614 593 592
f 620 624 623
f 623 624 618
f 631 621 603
f 603 621 604
f 582 631 583
f 583 631 603
f 634 633 636
f 636 633 635
f 634 636 629
f 629 636 637
f 629 637 630
f 630 637 638
f 630 638 627
f 627 638 639
f 633 619 635
f 635 619 640
f 619 622 640
f 640 622 641
f 641 622 642
f 642 622 632
f 644 635 643
f 643 635 640
f 645 646 648
f 648 646 647
f 649 650 646
f 646 650 647
f 647 650 652
f 652 650 651
f 652 653 655
f 655 653 654
f 651 656 652
f 652 656 653
f 655 648 652
f 652 648 647
f 648 657 645
f 645 657 658
f 650 649 651
f 651 649 659
f 649 637 659
f 659 637 636
f 649 660 637
f 637 660 638
f 661 660 646
f 646 660 649
f 662 661 645
f 645 661 646
f 651 659 656
f 656 659 644
f 644 659 635
f 635 659 636
f 663 662 658
f 658 662 645
f 664 661 665
f 665 661 662
f 663 666 662
f 662 666 665
f 667 664 668
f 668 664 665
f 664 667 670
f 670 667 669
f 666 671 665
f 665 671 668
f 661 664 660
f 660 664 670
f 660 670 638
f 638 670 639
f 658 672 663
f 663 672 673
f 658 657 672
f 672 657 674
f 653 656 675
f 675 656 644
f 653 675 654
f 654 675 676
f 675 644 677
f 677 644 643
f 676 675 678
f 678 675 677
f 679 680 676
f 676 680 654
f 674 680 672
f 672 680 679
f 627 639 625
f 625 639 681
f 626 682 632
f 632 682 642
f 681 682 625
f 625 682 626
f 669 683 681
f 681 683 682
f 667 684 669
f 669 684 683
f 682 683 642
f 642 683 685
f 681 639 669
f 669 639 670
f 686 641 685
f 685 641 642
f 641 686 640
f 640 686 643
f 686 687 643
f 643 687 677
f 687 686 688
f 688 686 685
f 689 687 690
f 690 687 688
f 683 684 685
f 685 684 688
f 684 691 688
f 688 691 690
f 687 689 677
f 677 689 678
f 693 678 692
f 692 678 689
f 692 695 694
f 694 695 696
f 692 689 695
f 695 689 690
f 692 694 693
f 693 694 673
f 693 673 679
f 679 673 672
f 679 676 693
f 693 676 678
f 684 667 691
f 691 667 668
f 696 691 671
f 671 691 668
f 696 695 691
f 691 695 690
f 694 696 666
f 666 696 671
f 666 663 694
f 694 663 673
f 648 655 657
f 657 655 674
f 674 655 680
f 680 655 654
f 593 162 594
f 594 162 290
f 598 597 601
f 601 597 602
f 615 608 616
f 616 608 607
f 607 609 616
f 616 609 614
f 697 595 613
f 613 595 598
f 597 608 602
f 602 608 615
f 594 290 628
f 628 290 203
f 628 612 617
f 617 612 611
f 593 609 162
f 162 609 200
f 105 29 698
f 698 29 699
f 268 126 701
f 701 126 700
f 126 125 700
f 700 125 702
f 252 703 250
f 250 703 704
f 32 268 705
f 705 268 701
f 288 105 706
f 706 105 698
f 29 32 699
f 699 32 705
f 707 251 706
f 706 251 288
f 250 704 125
f 125 704 702
f 703 252 707
f 707 252 251
f 706 708 707
f 707 708 709
f 707 709 703
f 703 709 710
f 703 710 704
f 704 710 711
f 704 711 702
f 702 711 712
f 706 698 708
f 708 698 713
f 698 699 713
f 713 699 714
f 699 705 714
f 714 705 715
f 717 708 716
f 716 708 713
f 719 720 718
f 718 720 721
f 722 723 719
f 719 723 720
f 724 725 723
f 723 725 720
f 724 726 725
f 725 726 727
f 728 721 725
f 725 721 720
f 721 728 729
f 729 728 730
f 729 731 721
f 721 731 718
f 724 723 732
f 732 723 722
f 722 710 732
f 732 710 709
f 722 733 710
f 710 733 711
f 719 734 722
f 722 734 733
f 734 719 735
f 735 719 718
f 724 732 726
f 726 732 717
f 717 732 708
f 708 732 709
f 731 736 718
f 718 736 735
f 737 734 738
f 738 734 735
f 736 739 735
f 735 739 738
f 740 737 741
f 741 737 738
f 737 740 743
f 743 740 742
f 739 744 738
f 738 744 741
f 734 737 733
f 733 737 743
f 733 743 711
f 711 743 712
f 736 731 746
f 746 731 745
f 731 729 745
f 745 729 730
f 727 726 747
f 747 726 717
f 748 727 749
f 749 727 747
f 747 717 750
f 750 717 716
f 749 747 751
f 751 747 750
f 749 752 748
f 748 752 753
f 730 753 745
f 745 753 752
f 728 725 748
f 748 725 727
f 730 728 753
f 753 728 748
f 700 702 754
f 754 702 712
f 705 701 715
f 715 701 755
f 754 755 700
f 700 755 701
f 742 756 754
f 754 756 755
f 740 757 742
f 742 757 756
f 755 756 715
f 715 756 758
f 754 712 742
f 742 712 743
f 759 714 758
f 758 714 715
f 714 759 713
f 713 759 716
f 759 760 716
f 716 760 750
f 760 759 761
f 761 759 758
f 762 760 763
f 763 760 761
f 756 757 758
f 758 757 761
f 757 764 761
f 761 764 763
f 760 762 750
f 750 762 751
f 766 751 765
f 765 751 762
f 767 765 769
f 769 765 768
f 765 762 768
f 768 762 763
f 765 767 766
f 766 767 746
f 766 746 752
f 752 746 745
f 752 749 766
f 766 749 751
f 757 740 764
f 764 740 741
f 769 764 744
f 744 764 741
f 769 768 764
f 764 768 763
f 767 769 739
f 739 769 744
f 739 736 767
f 767 736 746
f 219 217 208
f 208 217 209
f 209 217 210
f 210 217 193
f 198 580 199
f 199 580 511
f 76 75 289
f 289 75 272
f 277 207 291
f 291 207 184
f 290 183 203
f 203 183 84
f 490 580 142
f 142 580 198
f 142 198 143
f 143 198 197
f 149 276 72
f 72 276 73
f 104 103 279
f 279 103 770
f 770 596 279
f 279 596 595
f 605 596 771
f 771 596 770
f 771 770 772
f 772 770 103
f 772 103 773
f 773 103 102
f 155 774 101
f 101 774 102
f 773 102 97
f 97 102 774
f 775 773 100
f 100 773 97
f 773 775 772
f 772 775 776
f 772 776 771
f 771 776 777
f 200 606 197
f 197 606 777
f 189 71 778
f 778 71 74
f 97 774 98
f 98 774 155
f 183 161 184
f 184 161 291
f 777 276 197
f 197 276 143
f 777 606 771
f 771 606 605
f 613 612 697
f 697 612 202
f 595 697 279
f 279 697 202
f 73 276 776
f 776 276 777
f 776 775 73
f 73 775 74
f 100 778 775
f 775 778 74
f 778 100 189
f 189 100 99
f 245 242 99
f 99 242 189
f 131 33 256
f 28 1 95
f 95 1 62
f 27 2 28
f 28 2 1
f 265 115 266
f 266 115 114
f 95 62 69
f 69 62 64
f 62 61 64
f 64 61 65
f 61 13 65
f 65 13 130
f 13 12 130
f 130 12 14
f 31 11 32
f 32 11 268
f 15 12 31
f 31 12 11
f 31 30 15
f 15 30 231
f 30 106 231
f 231 106 232
f 287 237 106
f 106 237 232
f 254 90 287
f 287 90 237
f 253 44 254
f 254 44 90
f 253 249 44
f 44 249 7
f 267 127 268
f 268 127 126
f 10 3 241
f 241 3 116
f 3 2 116
f 116 2 114
f 2 27 114
f 114 27 266
f 27 26 266
f 266 26 113
f 26 286 113
f 113 286 110
f 286 243 110
f 110 243 255
f 243 242 255
f 255 242 256
f 242 245 256
f 256 245 131
f 245 244 131
f 131 244 132
f 265 37 115
f 115 37 41
f 41 37 42
f 42 37 40
f 92 91 40
f 40 91 42
f 236 233 92
f 92 233 91
f 191 194 236
f 236 194 233
f 258 285 244
f 244 285 132
f 257 55 258
f 258 55 285
f 257 154 201
f 201 154 185
f 56 201 204
f 204 201 180
f 55 257 56
f 56 257 201
f 204 85 56
f 56 85 52
f 86 122 53
f 53 122 79
f 212 215 86
f 86 215 122
f 211 216 212
f 212 216 215
f 192 280 211
f 211 280 216
f 191 240 192
f 192 240 280
f 249 124 7
f 7 124 8
f 124 127 8
f 8 127 241
f 127 267 241
f 241 267 10
f 10 267 9
f 9 267 11
o hand_right
v 0.245989 0.125632 0.858976
v 0.245846 0.132313 0.866593
v 0.242773 0.121502 0.866726
v 0.242362 0.116194 0.859562
v 0.244579 0.129611 0.886526
v 0.235871 0.131625 0.895440
v 0.233887 0.115837 0.890441
v 0.242047 0.116606 0.883988
v 0.237403 0.109292 0.858286
v 0.240242 0.113268 0.866447
v 0.230724 0.108918 0.856784
v 0.226824 0.107320 0.846197
v 0.234401 0.106630 0.849699
v 0.227381 0.104518 0.838398
v 0.219569 0.116022 0.844870
v 0.224863 0.110212 0.830955
v 0.231792 0.139432 0.831507
v 0.241525 0.148557 0.828933
v 0.246477 0.136489 0.816928
v 0.236596 0.127820 0.821403
v 0.261201 0.151280 0.820689
v 0.253315 0.142655 0.817958
v 0.247751 0.155239 0.828929
v 0.255072 0.162257 0.830904
v 0.254274 0.139934 0.858308
v 0.253802 0.147704 0.865778
v 0.250154 0.143057 0.865559
v 0.250631 0.135692 0.858788
v 0.221603 0.106403 0.863887
v 0.216604 0.115236 0.862134
v 0.222169 0.111835 0.857087
v 0.227060 0.105443 0.862804
v 0.260396 0.168223 0.885137
v 0.252948 0.178764 0.889504
v 0.248088 0.175644 0.890614
v 0.255850 0.166825 0.885990
v 0.236428 0.156038 0.896676
v 0.233045 0.166778 0.895495
v 0.219219 0.169855 0.895354
v 0.219999 0.159674 0.894040
v 0.237216 0.143215 0.896815
v 0.223207 0.146716 0.896858
v 0.224266 0.133534 0.896181
v 0.224446 0.116417 0.891609
v 0.261811 0.186816 0.884767
v 0.268849 0.180226 0.881399
v 0.259926 0.073442 0.835131
v 0.264567 0.077198 0.834481
v 0.262298 0.079571 0.833960
v 0.258046 0.075413 0.834505
v 0.265234 0.194699 0.866297
v 0.259026 0.197709 0.858804
v 0.258531 0.202613 0.864128
v 0.262670 0.199086 0.871853
v 0.268574 0.188805 0.858996
v 0.259694 0.190316 0.851951
v 0.259759 0.065185 0.825444
v 0.258099 0.066286 0.830183
v 0.254880 0.068380 0.827458
v 0.256383 0.068124 0.822261
v 0.241316 0.110651 0.852340
v 0.247264 0.118343 0.852896
v 0.245903 0.101419 0.839659
v 0.246595 0.108285 0.843554
v 0.240129 0.105486 0.845236
v 0.239707 0.100261 0.841063
v 0.261691 0.126487 0.841520
v 0.258739 0.134491 0.849462
v 0.254473 0.129412 0.849464
v 0.256924 0.119293 0.841817
v 0.270210 0.142863 0.849709
v 0.271916 0.134570 0.841557
v 0.278204 0.140353 0.842686
v 0.276431 0.144787 0.848929
v 0.271865 0.119542 0.827729
v 0.272777 0.115766 0.823159
v 0.275415 0.117110 0.824344
v 0.274299 0.122148 0.828178
v 0.257068 0.207764 0.868704
v 0.259289 0.202930 0.876977
v 0.278038 0.163872 0.826649
v 0.284825 0.167506 0.834891
v 0.291281 0.159563 0.826670
v 0.282200 0.157848 0.819376
v 0.250132 0.195794 0.853571
v 0.250653 0.202404 0.857673
v 0.263846 0.066893 0.821100
v 0.260763 0.069795 0.818008
v 0.214357 0.139187 0.888741
v 0.216130 0.119024 0.886853
v 0.213455 0.154474 0.887828
v 0.212540 0.165231 0.886161
v 0.210564 0.173558 0.887440
v 0.252130 0.109102 0.839652
v 0.250543 0.127228 0.853502
v 0.258073 0.143343 0.858097
v 0.285402 0.157894 0.856555
v 0.282561 0.164650 0.864166
v 0.276265 0.155853 0.863773
v 0.279756 0.152075 0.856694
v 0.290910 0.164077 0.842036
v 0.291089 0.157192 0.846243
v 0.293648 0.151884 0.839841
v 0.294730 0.157505 0.834713
v 0.216062 0.105258 0.868914
v 0.212333 0.117982 0.867966
v 0.268556 0.189157 0.874736
v 0.263686 0.192641 0.879719
v 0.258855 0.198622 0.883418
v 0.256711 0.157010 0.876402
v 0.252835 0.165760 0.886767
v 0.250161 0.162347 0.887782
v 0.254166 0.155237 0.875872
v 0.248431 0.137964 0.875957
v 0.247096 0.144416 0.888039
v 0.246458 0.125449 0.874934
v 0.241098 0.172691 0.893342
v 0.243406 0.183104 0.896072
v 0.235521 0.179256 0.897607
v 0.250698 0.188871 0.892853
v 0.256379 0.194252 0.888489
v 0.249033 0.210284 0.860107
v 0.227840 0.175744 0.897292
v 0.239422 0.108082 0.881276
v 0.237278 0.100667 0.878579
v 0.238211 0.102996 0.871238
v 0.240513 0.109636 0.872867
v 0.230257 0.099076 0.831782
v 0.234704 0.098242 0.838185
v 0.232437 0.103727 0.844133
v 0.267826 0.163733 0.877483
v 0.274893 0.174100 0.874848
v 0.251182 0.102175 0.835650
v 0.252486 0.072396 0.820822
v 0.251043 0.072279 0.826702
v 0.239153 0.087426 0.829159
v 0.240077 0.087556 0.822065
v 0.255210 0.100226 0.826714
v 0.252988 0.099980 0.833347
v 0.254108 0.098915 0.831806
v 0.258071 0.098657 0.826388
v 0.281088 0.124329 0.826375
v 0.279956 0.128619 0.829827
v 0.244358 0.115278 0.814356
v 0.231398 0.110013 0.816956
v 0.227466 0.119968 0.825344
v 0.267045 0.131734 0.841822
v 0.270314 0.125065 0.834591
v 0.273376 0.127896 0.834399
v 0.255221 0.108651 0.836004
v 0.255337 0.103675 0.831421
v 0.257868 0.107766 0.831117
v 0.258447 0.112918 0.835710
v 0.278872 0.176254 0.842849
v 0.286353 0.172304 0.851011
v 0.257892 0.069393 0.833617
v 0.255331 0.071271 0.832063
v 0.264002 0.139473 0.849586
v 0.225031 0.130806 0.835961
v 0.262374 0.146773 0.858152
v 0.278904 0.139351 0.813724
v 0.285420 0.136723 0.818442
v 0.287052 0.131499 0.817821
v 0.283545 0.131423 0.812906
v 0.266643 0.086560 0.824449
v 0.265461 0.085562 0.830113
v 0.266663 0.082403 0.830308
v 0.268938 0.082489 0.824761
v 0.248626 0.098476 0.837149
v 0.242728 0.096201 0.838667
v 0.246466 0.092896 0.837398
v 0.251194 0.096008 0.835077
v 0.237950 0.093873 0.835605
v 0.241466 0.089715 0.834770
v 0.265319 0.084380 0.818361
v 0.261085 0.079091 0.814841
v 0.250643 0.094187 0.815069
v 0.257126 0.095996 0.819257
v 0.248686 0.173215 0.839312
v 0.258098 0.178980 0.841094
v 0.264637 0.168327 0.832555
v 0.271206 0.158502 0.823174
v 0.276854 0.148154 0.815263
v 0.266506 0.142593 0.811258
v 0.270880 0.172919 0.835463
v 0.253419 0.106150 0.820440
v 0.245110 0.104694 0.815816
v 0.249473 0.109405 0.816279
v 0.269121 0.150001 0.858790
v 0.252146 0.074489 0.831861
v 0.213444 0.177412 0.865725
v 0.221412 0.185382 0.858421
v 0.222770 0.177413 0.855150
v 0.214341 0.168315 0.863934
v 0.261147 0.082290 0.834548
v 0.255922 0.078347 0.835562
v 0.285809 0.131474 0.829258
v 0.286044 0.127150 0.825738
v 0.288440 0.128407 0.823358
v 0.290882 0.132157 0.827162
v 0.262469 0.182323 0.843604
v 0.296292 0.152937 0.824044
v 0.287807 0.151946 0.816935
v 0.252019 0.188067 0.848362
v 0.243581 0.183460 0.846393
v 0.240375 0.191233 0.851253
v 0.259959 0.128713 0.809963
v 0.242851 0.166994 0.837683
v 0.238158 0.178048 0.845782
v 0.234063 0.187088 0.851589
v 0.231415 0.194163 0.855054
v 0.238738 0.197869 0.854560
v 0.256864 0.074867 0.816593
v 0.265960 0.074067 0.816092
v 0.236582 0.206200 0.856934
v 0.228648 0.201369 0.857927
v 0.231473 0.171639 0.846441
v 0.223953 0.163724 0.848779
v 0.236332 0.161112 0.838663
v 0.229083 0.152352 0.839976
v 0.249369 0.126210 0.808093
v 0.278846 0.068662 0.826987
v 0.272299 0.075576 0.821452
v 0.271795 0.079114 0.826066
v 0.279551 0.072131 0.829472
v 0.268855 0.079700 0.819493
v 0.269072 0.071220 0.819305
v 0.220880 0.141938 0.846746
v 0.258200 0.104730 0.826998
v 0.215436 0.152414 0.859856
v 0.214471 0.126683 0.852738
v 0.211927 0.133534 0.864346
v 0.210102 0.160980 0.874492
v 0.209640 0.144459 0.876487
v 0.208662 0.178051 0.877454
v 0.209994 0.170105 0.874663
v 0.210414 0.127880 0.878095
v 0.268689 0.070587 0.839503
v 0.272794 0.074355 0.837545
v 0.211414 0.184813 0.868568
v 0.243205 0.116177 0.873739
v 0.265749 0.155177 0.867775
v 0.260807 0.152544 0.866782
v 0.279927 0.168570 0.868491
v 0.272369 0.159292 0.869763
v 0.266015 0.065976 0.838594
v 0.273568 0.114438 0.818961
v 0.272957 0.116199 0.820572
v 0.233230 0.106799 0.887218
v 0.232211 0.100126 0.884285
v 0.219359 0.099839 0.881087
v 0.225419 0.098811 0.884873
v 0.224610 0.106920 0.888377
v 0.217928 0.108319 0.884598
v 0.259090 0.158081 0.876595
v 0.262633 0.159799 0.876464
v 0.273752 0.183097 0.851490
v 0.281117 0.178393 0.859169
v 0.235043 0.093801 0.829746
v 0.229916 0.101938 0.823980
v 0.235346 0.095459 0.822836
v 0.243115 0.091667 0.816820
v 0.256892 0.103552 0.823674
v 0.253423 0.101680 0.820868
v 0.248937 0.154042 0.887959
v 0.251050 0.148918 0.875715
v 0.237112 0.109227 0.866041
v 0.234461 0.104711 0.864941
v 0.263066 0.119580 0.835871
v 0.264552 0.117280 0.809716
v 0.255547 0.115546 0.809225
v 0.264123 0.113650 0.829413
v 0.268037 0.060508 0.832636
v 0.266133 0.062810 0.836534
v 0.237782 0.099728 0.817347
v 0.279937 0.133079 0.835775
v 0.267181 0.123650 0.811167
v 0.271086 0.115693 0.812546
v 0.297102 0.152809 0.832212
v 0.219087 0.192892 0.862331
v 0.269637 0.079915 0.831318
v 0.276467 0.075772 0.834178
v 0.276192 0.065461 0.825822
v 0.271386 0.061857 0.827456
v 0.275187 0.182659 0.867304
v 0.257691 0.150482 0.865920
v 0.212557 0.114453 0.877520
v 0.215853 0.103041 0.875245
v 0.264758 0.111341 0.825684
v 0.284420 0.143890 0.816199
v 0.272281 0.134161 0.809475
v 0.277846 0.125820 0.808614
v 0.274092 0.119248 0.810418
v 0.273307 0.114846 0.815952
v 0.279927 0.063156 0.829754
v 0.275334 0.059908 0.831323
v 0.271658 0.059002 0.836233
v 0.269662 0.061263 0.839461
v 0.269306 0.065341 0.840837
v 0.282932 0.066230 0.830899
v 0.283363 0.069387 0.833034
v 0.279586 0.073823 0.835782
v 0.286045 0.065290 0.834877
v 0.285186 0.060184 0.836235
v 0.279123 0.057040 0.848210
v 0.277051 0.056759 0.842739
v 0.279573 0.056086 0.843372
v 0.282128 0.055964 0.847654
v 0.285885 0.055385 0.851157
v 0.282793 0.056441 0.852443
v 0.281315 0.057158 0.839192
v 0.285344 0.056892 0.844545
v 0.288400 0.059129 0.842661
v 0.291641 0.058065 0.846988
v 0.289113 0.055862 0.848715
v 0.285526 0.058872 0.839024
v 0.280138 0.057367 0.837209
v 0.286988 0.056497 0.854351
v 0.288313 0.055139 0.852726
v 0.291018 0.056000 0.851112
v 0.291878 0.057370 0.853695
v 0.272517 0.060566 0.843179
v 0.277821 0.058945 0.849499
v 0.282481 0.059493 0.853315
v 0.286735 0.059228 0.855075
v 0.279023 0.062751 0.850643
v 0.283107 0.062376 0.853200
v 0.286944 0.062485 0.854451
v 0.281409 0.066290 0.850450
v 0.284787 0.065019 0.852537
v 0.273427 0.068647 0.842491
v 0.271019 0.065109 0.842723
v 0.286944 0.064622 0.853974
v 0.292037 0.059534 0.854236
v 0.289288 0.062067 0.840557
v 0.292562 0.061144 0.846724
v 0.289711 0.064453 0.840690
v 0.293258 0.063437 0.846565
v 0.294566 0.059526 0.850309
v 0.292840 0.057736 0.849598
v 0.271163 0.070085 0.840301
v 0.275715 0.073619 0.838143
v 0.277883 0.072267 0.839962
v 0.284728 0.069177 0.848415
v 0.281915 0.072481 0.838112
v 0.286184 0.068559 0.836831
v 0.289894 0.066847 0.842507
v 0.288440 0.068982 0.844830
v 0.292219 0.065707 0.847249
v 0.290377 0.066931 0.848538
v 0.287519 0.067064 0.851133
v 0.292825 0.064282 0.851036
v 0.294293 0.061719 0.850631
v 0.290839 0.062721 0.853821
v 0.291456 0.065713 0.850906
v 0.289321 0.064690 0.852782
v 0.279657 0.084180 0.827383
v 0.284858 0.087753 0.826125
v 0.281267 0.089863 0.824051
v 0.277037 0.086638 0.825213
v 0.277347 0.075676 0.816486
v 0.276202 0.077640 0.822272
v 0.272623 0.079964 0.819217
v 0.274449 0.079300 0.812710
v 0.281846 0.077788 0.811486
v 0.278735 0.082167 0.808289
v 0.270410 0.083564 0.811082
v 0.268984 0.084240 0.818100
v 0.257594 0.101445 0.819046
v 0.257846 0.101971 0.812275
v 0.272778 0.110859 0.822412
v 0.274351 0.110883 0.818995
v 0.277416 0.081071 0.825946
v 0.274191 0.083191 0.823357
v 0.285311 0.096352 0.818449
v 0.282639 0.095359 0.823156
v 0.285297 0.092160 0.822401
v 0.288054 0.092121 0.817599
v 0.262019 0.104641 0.825414
v 0.267350 0.108181 0.823819
v 0.259485 0.102600 0.823373
v 0.285487 0.094901 0.811934
v 0.282356 0.091623 0.806776
v 0.270017 0.108187 0.806558
v 0.274594 0.109718 0.810577
v 0.270429 0.086236 0.823018
v 0.278440 0.092303 0.825713
v 0.273983 0.089348 0.826116
v 0.275287 0.087416 0.806892
v 0.285779 0.086143 0.808424
v 0.298703 0.077843 0.820973
v 0.291880 0.085776 0.814744
v 0.291606 0.088360 0.819304
v 0.299564 0.080757 0.825022
v 0.288614 0.089825 0.812423
v 0.288549 0.081995 0.811559
v 0.290464 0.077291 0.834935
v 0.295446 0.080995 0.833341
v 0.287758 0.073658 0.833964
v 0.262414 0.105109 0.807507
v 0.286325 0.069016 0.824786
v 0.286018 0.071101 0.831007
v 0.289053 0.089638 0.823582
v 0.298766 0.081966 0.829709
v 0.296114 0.074592 0.818975
v 0.289734 0.070902 0.819225
v 0.299395 0.071317 0.822930
v 0.294240 0.067690 0.823651
v 0.290525 0.066073 0.828755
v 0.289440 0.068887 0.833678
v 0.290330 0.072167 0.835791
v 0.301878 0.074365 0.824662
v 0.302647 0.077625 0.828041
v 0.300136 0.080031 0.831607
v 0.305980 0.072780 0.830772
v 0.304752 0.068427 0.829998
v 0.300868 0.061760 0.846526
v 0.297785 0.062714 0.841515
v 0.299959 0.061967 0.840257
v 0.302950 0.061079 0.844745
v 0.296035 0.062673 0.835542
v 0.298499 0.062449 0.835949
v 0.301347 0.064183 0.832694
v 0.303983 0.063637 0.838163
v 0.307129 0.066790 0.836254
v 0.310320 0.065226 0.840676
v 0.307441 0.061823 0.842591
v 0.304665 0.066222 0.832718
v 0.305634 0.060804 0.847122
v 0.305631 0.061774 0.849503
v 0.299720 0.064172 0.830057
v 0.291638 0.066631 0.836248
v 0.296484 0.064734 0.843497
v 0.300558 0.064271 0.848617
v 0.306345 0.064438 0.850811
v 0.297252 0.068410 0.845412
v 0.301493 0.067252 0.849519
v 0.306400 0.067157 0.850668
v 0.299451 0.072579 0.846062
v 0.303752 0.070837 0.849476
v 0.293422 0.075445 0.837830
v 0.291239 0.071149 0.837912
v 0.305925 0.069461 0.850119
v 0.310233 0.062163 0.848049
v 0.310349 0.065035 0.849815
v 0.309427 0.061690 0.846422
v 0.308236 0.068617 0.835936
v 0.311188 0.067200 0.841389
v 0.309094 0.071224 0.836706
v 0.311936 0.069102 0.842690
v 0.312648 0.065199 0.845363
v 0.311827 0.063823 0.844789
v 0.292682 0.075896 0.835738
v 0.296890 0.079360 0.834086
v 0.297431 0.079012 0.835983
v 0.303404 0.075515 0.844062
v 0.301398 0.079441 0.833438
v 0.305198 0.076185 0.832121
v 0.308715 0.073815 0.837894
v 0.307000 0.075710 0.840995
v 0.312164 0.071217 0.843285
v 0.309821 0.073337 0.844124
v 0.306479 0.073260 0.847613
v 0.312908 0.068827 0.847197
v 0.313078 0.066608 0.846347
v 0.309804 0.067198 0.849949
v 0.311089 0.071197 0.847110
v 0.308505 0.070107 0.849462
v 0.293360 0.101196 0.828402
v 0.297022 0.105640 0.828467
v 0.294327 0.107881 0.827105
v 0.290684 0.103496 0.826680
v 0.294044 0.095552 0.816699
v 0.292398 0.095252 0.821418
v 0.289135 0.097735 0.819362
v 0.289958 0.098763 0.814006
v 0.298883 0.097394 0.814248
v 0.293881 0.101988 0.810504
v 0.286068 0.102186 0.811779
v 0.285873 0.100517 0.817704
v 0.276210 0.111841 0.816597
v 0.277724 0.113395 0.810295
v 0.292286 0.097760 0.825498
v 0.289469 0.099935 0.823841
v 0.298822 0.114019 0.822404
v 0.296031 0.112263 0.826161
v 0.298469 0.110732 0.824973
v 0.300904 0.111448 0.821384
v 0.278209 0.116754 0.825553
v 0.282190 0.121443 0.825426
v 0.276929 0.113140 0.822312
v 0.299429 0.113404 0.815778
v 0.296222 0.110845 0.809688
v 0.288592 0.123027 0.810734
v 0.290237 0.125036 0.816376
v 0.286614 0.101810 0.822726
v 0.291794 0.109379 0.827915
v 0.288296 0.105000 0.826962
v 0.290140 0.106327 0.808985
v 0.299480 0.106362 0.811382
v 0.314902 0.096214 0.823589
v 0.304641 0.106936 0.817218
v 0.303573 0.108924 0.822764
v 0.315051 0.098513 0.827391
v 0.302282 0.109857 0.815976
v 0.302862 0.102581 0.813692
v 0.305418 0.092935 0.835430
v 0.308752 0.097215 0.834601
v 0.303190 0.090363 0.832613
v 0.282516 0.118057 0.807338
v 0.288469 0.125156 0.822566
v 0.304584 0.087074 0.826035
v 0.303091 0.088295 0.829928
v 0.300913 0.108506 0.826112
v 0.312927 0.099288 0.831505
v 0.312360 0.093084 0.820961
v 0.307693 0.089135 0.821280
v 0.316107 0.090807 0.823756
v 0.311541 0.086891 0.824355
v 0.308564 0.084497 0.828730
v 0.307119 0.085865 0.832499
v 0.307097 0.088095 0.835119
v 0.318645 0.093760 0.826234
v 0.318620 0.095716 0.829575
v 0.314501 0.097636 0.832494
v 0.321863 0.091951 0.828833
v 0.321037 0.086909 0.827261
v 0.322354 0.076259 0.839959
v 0.318125 0.078839 0.837051
v 0.318999 0.078911 0.836144
v 0.323366 0.076022 0.838567
v 0.314337 0.081072 0.831973
v 0.316314 0.080649 0.832290
v 0.318196 0.082495 0.829453
v 0.322968 0.079867 0.832768
v 0.325831 0.085056 0.831883
v 0.329054 0.082232 0.834619
v 0.326825 0.077167 0.835389
v 0.321491 0.085370 0.828670
v 0.326313 0.075226 0.839515
v 0.325851 0.074162 0.841071
v 0.316586 0.083437 0.827900
v 0.311072 0.082677 0.835166
v 0.316738 0.079664 0.839476
v 0.320968 0.077088 0.842764
v 0.325208 0.076568 0.843801
v 0.316819 0.082702 0.841801
v 0.321059 0.080003 0.844114
v 0.324857 0.079385 0.845041
v 0.317833 0.085682 0.842694
v 0.321855 0.083151 0.844522
v 0.310216 0.090337 0.837689
v 0.309922 0.086186 0.837032
v 0.324689 0.081688 0.845016
v 0.329952 0.076031 0.839429
v 0.330123 0.078881 0.842566
v 0.328826 0.076491 0.838187
v 0.326161 0.086872 0.831619
v 0.330621 0.083882 0.835397
v 0.326251 0.089324 0.832984
v 0.330640 0.086210 0.836886
v 0.331897 0.080431 0.837458
v 0.330982 0.079844 0.836886
v 0.307991 0.091896 0.836171
v 0.310926 0.095876 0.835271
v 0.312905 0.094255 0.836819
v 0.320826 0.089083 0.842137
v 0.316360 0.096157 0.834171
v 0.321604 0.093727 0.831972
v 0.325409 0.090703 0.835777
v 0.323903 0.090729 0.839196
v 0.329426 0.087613 0.838959
v 0.327120 0.088057 0.840575
v 0.324331 0.086307 0.844113
v 0.330368 0.084263 0.841110
v 0.331971 0.082528 0.839311
v 0.328716 0.081317 0.844083
v 0.328555 0.085508 0.842352
v 0.327157 0.083317 0.844544
v 0.285801 0.124136 0.824720
v 0.310108 0.118289 0.826873
v 0.312232 0.121582 0.828440
v 0.311219 0.122897 0.827663
v 0.308140 0.119959 0.826614
v 0.310249 0.118393 0.815437
v 0.309185 0.116242 0.819499
v 0.305700 0.118255 0.818076
v 0.306757 0.120377 0.814268
v 0.313117 0.122323 0.813996
v 0.310172 0.124423 0.813360
v 0.303743 0.123240 0.814396
v 0.302345 0.121064 0.818349
v 0.290240 0.133284 0.819405
v 0.291040 0.137871 0.816014
v 0.300156 0.147456 0.830655
v 0.296992 0.144519 0.834717
v 0.303297 0.138489 0.831368
v 0.305047 0.142185 0.828177
v 0.309185 0.116537 0.823536
v 0.305895 0.118178 0.823084
v 0.315213 0.131495 0.824571
v 0.312975 0.128380 0.827687
v 0.313748 0.126291 0.827748
v 0.316555 0.129282 0.825506
v 0.294157 0.139635 0.834499
v 0.291575 0.136379 0.831615
v 0.294818 0.132843 0.831140
v 0.300352 0.134230 0.831682
v 0.292379 0.130552 0.826311
v 0.315125 0.132446 0.820301
v 0.312424 0.131115 0.815085
v 0.302076 0.146318 0.819162
v 0.303938 0.145532 0.823860
v 0.303769 0.119810 0.822637
v 0.309625 0.124997 0.828143
v 0.307035 0.121449 0.826750
v 0.307616 0.127313 0.812777
v 0.314536 0.128422 0.815943
v 0.324791 0.123731 0.823454
v 0.318640 0.129025 0.821747
v 0.317688 0.128061 0.826511
v 0.324137 0.123515 0.826506
v 0.317048 0.129968 0.821034
v 0.317314 0.126514 0.816729
v 0.316440 0.114276 0.829100
v 0.319065 0.118718 0.830238
v 0.315536 0.112518 0.826431
v 0.295494 0.143077 0.815362
v 0.317358 0.113193 0.819160
v 0.316093 0.111582 0.823124
v 0.314982 0.124800 0.828454
v 0.321968 0.121869 0.829134
v 0.323854 0.121760 0.819511
v 0.320291 0.117530 0.816795
v 0.326907 0.118754 0.820887
v 0.322925 0.114597 0.818546
v 0.319839 0.110361 0.821505
v 0.317992 0.110125 0.824789
v 0.317456 0.111098 0.827797
v 0.327707 0.120988 0.824674
v 0.326614 0.121159 0.827558
v 0.323756 0.120242 0.829999
v 0.330530 0.118120 0.826098
v 0.330647 0.114372 0.823091
v 0.329788 0.102830 0.830165
v 0.326767 0.104809 0.828209
v 0.327581 0.105158 0.827355
v 0.330311 0.102597 0.829182
v 0.324068 0.107520 0.824402
v 0.325752 0.107522 0.824400
v 0.327207 0.110299 0.822628
v 0.330677 0.107223 0.825158
v 0.334172 0.111139 0.826297
v 0.336542 0.108212 0.828161
v 0.333381 0.104951 0.826692
v 0.330862 0.112352 0.823292
v 0.332788 0.101456 0.829594
v 0.333005 0.100698 0.830742
v 0.326167 0.111093 0.821360
v 0.320887 0.107821 0.827104
v 0.325870 0.104346 0.830496
v 0.329952 0.101969 0.832337
v 0.333635 0.101341 0.832863
v 0.324839 0.105949 0.832310
v 0.329633 0.102965 0.834454
v 0.333241 0.102547 0.834907
v 0.324939 0.108605 0.834387
v 0.329669 0.105361 0.835665
v 0.320025 0.112678 0.831738
v 0.319882 0.109659 0.829714
v 0.332616 0.104198 0.835408
v 0.336383 0.102396 0.829835
v 0.336455 0.103065 0.832741
v 0.335936 0.102984 0.828486
v 0.334537 0.112387 0.826920
v 0.337426 0.108939 0.829345
v 0.334448 0.114086 0.828871
v 0.337286 0.109687 0.831418
v 0.338177 0.105560 0.830234
v 0.337118 0.105508 0.828700
v 0.318514 0.113566 0.830640
v 0.320511 0.117319 0.831035
v 0.322369 0.116314 0.832143
v 0.326938 0.112000 0.835028
v 0.325726 0.118991 0.830949
v 0.328780 0.119325 0.828520
v 0.333065 0.114720 0.831232
v 0.330647 0.114251 0.833671
v 0.336290 0.109781 0.833422
v 0.333870 0.109725 0.835339
v 0.331228 0.108120 0.836350
v 0.336699 0.106042 0.834042
v 0.337867 0.105669 0.832565
v 0.335598 0.104094 0.834409
v 0.335203 0.106577 0.835253
v 0.334023 0.105519 0.835550
v 0.300872 0.147966 0.826486
v 0.220058 0.092035 0.864876
v 0.224450 0.094100 0.861778
v 0.238111 0.090387 0.870414
v 0.235527 0.092422 0.864002
v 0.236113 0.087491 0.876397
v 0.225852 0.085743 0.880143
v 0.231467 0.086971 0.879963
v 0.230463 0.093873 0.861021
v 0.217865 0.089901 0.870117
v 0.219775 0.087363 0.876827
v 0.217135 0.081956 0.864621
v 0.219585 0.078456 0.872136
v 0.225439 0.076452 0.875875
v 0.232439 0.080055 0.876352
v 0.236715 0.082222 0.874336
v 0.221486 0.087307 0.860710
v 0.226021 0.089917 0.858709
v 0.232628 0.090563 0.859766
v 0.225536 0.083068 0.855206
v 0.228388 0.073724 0.854343
v 0.242986 0.061494 0.859397
v 0.239831 0.065946 0.863670
v 0.237951 0.065349 0.861695
v 0.240769 0.060968 0.858204
v 0.234858 0.068355 0.865551
v 0.234715 0.068060 0.863203
v 0.231023 0.070135 0.860009
v 0.234075 0.066207 0.856735
v 0.230556 0.071966 0.855212
v 0.233150 0.070171 0.852130
v 0.236850 0.062451 0.853383
v 0.240939 0.058542 0.854928
v 0.239412 0.059405 0.850626
v 0.244035 0.058873 0.854785
v 0.227774 0.069022 0.860893
v 0.236143 0.072563 0.870807
v 0.241901 0.068150 0.865599
v 0.245767 0.063852 0.860011
v 0.246425 0.061040 0.854472
v 0.244516 0.071601 0.865094
v 0.247172 0.067879 0.859312
v 0.247388 0.065790 0.853907
v 0.245510 0.075466 0.862246
v 0.246971 0.071208 0.857096
v 0.240078 0.083751 0.868398
v 0.239042 0.078412 0.871861
v 0.246874 0.068557 0.853864
v 0.241712 0.059111 0.849056
v 0.244218 0.061697 0.848716
v 0.232571 0.073019 0.850314
v 0.235318 0.066442 0.848800
v 0.236252 0.068812 0.847291
v 0.233233 0.076911 0.849674
v 0.237727 0.071103 0.846539
v 0.238969 0.063856 0.846238
v 0.237310 0.062793 0.848227
v 0.238927 0.086191 0.869927
v 0.236977 0.089438 0.864457
v 0.237848 0.087434 0.863250
v 0.243323 0.079576 0.857402
v 0.234580 0.088370 0.858053
v 0.229460 0.086398 0.855309
v 0.235854 0.079543 0.849967
v 0.239534 0.080937 0.852686
v 0.240315 0.073275 0.847727
v 0.242310 0.074241 0.849834
v 0.245534 0.073345 0.853440
v 0.242961 0.068701 0.847450
v 0.240961 0.066291 0.845853
v 0.245605 0.065980 0.849653
v 0.243665 0.070630 0.849245
v 0.245664 0.069205 0.851184
v 0.294820 0.148152 0.837076
v 0.291028 0.142675 0.837683
v 0.290281 0.147202 0.841550
v 0.288240 0.152238 0.848666
v 0.288358 0.161990 0.852857
v 0.282757 0.147901 0.849076
v 0.285330 0.142857 0.841584
v 0.286446 0.136724 0.835159
v 0.274442 0.149058 0.854867
f 780 781 779
f 779 781 782
f 783 784 786
f 786 784 785
f 787 782 788
f 788 782 781
f 790 791 789
f 789 791 787
f 792 790 794
f 794 790 793
f 796 797 795
f 795 797 798
f 800 801 799
f 799 801 802
f 804 805 803
f 803 805 806
f 808 809 807
f 807 809 810
f 811 812 814
f 814 812 813
f 815 816 818
f 818 816 817
f 819 820 784
f 784 820 821
f 784 821 785
f 785 821 822
f 823 812 824
f 824 812 811
f 826 827 825
f 825 827 828
f 830 831 829
f 829 831 832
f 834 830 833
f 833 830 829
f 836 837 835
f 835 837 838
f 839 840 782
f 782 840 779
f 842 843 841
f 841 843 844
f 846 847 845
f 845 847 848
f 850 851 849
f 849 851 852
f 854 855 853
f 853 855 856
f 831 857 832
f 832 857 858
f 860 861 859
f 859 861 862
f 863 864 830
f 830 864 831
f 835 838 865
f 865 838 866
f 867 868 821
f 821 868 822
f 821 820 867
f 867 820 869
f 818 817 870
f 870 817 871
f 872 848 842
f 842 848 847
f 791 839 787
f 787 839 782
f 803 806 847
f 847 806 873
f 874 803 846
f 846 803 847
f 876 877 875
f 875 877 878
f 879 880 882
f 882 880 881
f 884 808 883
f 883 808 807
f 829 832 885
f 885 832 886
f 832 858 886
f 886 858 887
f 889 890 888
f 888 890 891
f 893 783 892
f 892 783 894
f 893 819 783
f 783 819 784
f 814 813 889
f 889 813 895
f 813 896 895
f 895 896 897
f 812 898 813
f 813 898 896
f 812 823 898
f 898 823 899
f 903 904 902
f 902 904 905
f 906 907 792
f 792 907 908
f 811 909 824
f 824 909 910
f 911 872 841
f 841 872 842
f 912 913 915
f 915 913 914
f 917 918 916
f 916 918 919
f 855 920 856
f 856 920 921
f 922 923 798
f 798 923 924
f 926 927 925
f 925 927 850
f 929 930 928
f 928 930 931
f 860 879 861
f 861 879 882
f 879 860 933
f 933 860 932
f 934 935 836
f 836 935 837
f 936 846 925
f 925 846 845
f 937 924 793
f 793 924 794
f 846 936 874
f 874 936 938
f 907 844 908
f 908 844 843
f 940 941 939
f 939 941 942
f 944 945 943
f 943 945 946
f 948 949 947
f 947 949 950
f 952 949 951
f 951 949 948
f 954 955 953
f 953 955 956
f 958 959 957
f 957 959 802
f 960 961 799
f 799 961 962
f 859 963 860
f 860 963 932
f 964 965 966
f 966 965 922
f 936 849 938
f 938 849 967
f 968 913 935
f 935 913 837
f 947 950 917
f 917 950 918
f 925 850 936
f 936 850 849
f 970 971 969
f 969 971 972
f 945 944 827
f 827 944 973
f 974 968 828
f 828 968 935
f 975 976 978
f 978 976 977
f 799 802 960
f 960 802 959
f 924 937 798
f 798 937 795
f 960 959 859
f 859 959 963
f 979 963 958
f 958 963 959
f 980 981 861
f 861 981 862
f 983 984 982
f 982 984 863
f 985 800 962
f 962 800 799
f 957 802 986
f 986 802 801
f 986 987 957
f 957 987 983
f 987 988 983
f 983 988 984
f 990 984 989
f 989 984 988
f 957 983 958
f 958 983 982
f 991 954 866
f 866 954 992
f 864 863 990
f 990 863 984
f 971 995 996
f 995 997 996
f 996 997 998
f 997 796 998
f 998 796 795
f 797 999 798
f 798 999 922
f 1000 1001 1003
f 1003 1001 1002
f 953 1004 954
f 954 1004 992
f 1005 865 992
f 992 865 866
f 998 795 1006
f 1006 795 937
f 912 991 838
f 838 991 866
f 916 1007 929
f 929 1007 930
f 971 970 988
f 988 970 989
f 1008 972 996
f 996 972 971
f 1009 1010 1006
f 1006 1010 1008
f 1011 1012 869
f 869 1012 867
f 1013 1014 871
f 871 1014 870
f 1008 1010 1012
f 1012 1010 1015
f 825 1016 826
f 826 1016 1017
f 1018 969 1013
f 1013 969 1014
f 783 786 894
f 894 786 1019
f 1020 1021 967
f 967 1021 938
f 1022 1023 876
f 876 1023 877
f 934 1024 825
f 825 1024 1016
f 854 1025 855
f 855 1025 1026
f 1028 903 1027
f 1027 903 902
f 1030 1031 1029
f 1029 1031 1032
f 889 888 814
f 814 888 1033
f 1034 811 1033
f 1033 811 814
f 1035 1036 932
f 932 1036 933
f 841 947 911
f 911 947 917
f 844 948 841
f 841 948 947
f 951 948 907
f 907 948 844
f 907 906 951
f 951 906 1037
f 906 1038 1037
f 1037 1038 1039
f 991 912 1040
f 1040 912 915
f 1041 1042 964
f 964 1042 965
f 890 1043 891
f 891 1043 1044
f 789 1045 1046
f 1012 1011 1008
f 1008 1011 972
f 931 1047 848
f 848 1047 845
f 953 956 943
f 943 956 919
f 928 931 872
f 872 931 848
f 1049 999 1048
f 1048 999 985
f 1047 931 1050
f 1050 931 930
f 899 823 887
f 887 823 886
f 825 828 934
f 934 828 935
f 835 1051 836
f 836 1051 1052
f 923 1053 1038
f 1038 1053 1039
f 1054 927 921
f 921 927 856
f 926 1047 853
f 853 1047 1050
f 985 1055 1048
f 1048 1055 1056
f 973 974 827
f 827 974 828
f 837 913 838
f 838 913 912
f 861 882 980
f 980 882 1057
f 927 926 856
f 856 926 853
f 1025 1056 1026
f 1026 1056 1055
f 961 960 862
f 862 960 859
f 826 1017 1059
f 1059 1017 1060
f 1005 1001 1061
f 1061 1001 1000
f 1001 1004 1002
f 1002 1004 946
f 1059 1060 1002
f 1002 1060 1003
f 943 946 953
f 953 946 1004
f 1042 1041 916
f 916 1041 1007
f 792 794 906
f 906 794 1038
f 998 1006 996
f 996 1006 1008
f 865 1005 1062
f 1062 1005 1061
f 1038 794 923
f 923 794 924
f 1022 876 1036
f 1036 876 933
f 836 1052 934
f 934 1052 1024
f 885 1063 829
f 829 1063 833
f 1021 1064 938
f 938 1064 874
f 1012 1015 867
f 867 1015 868
f 824 910 885
f 885 910 1063
f 1031 1030 1027
f 1027 1030 1028
f 1064 804 874
f 874 804 803
f 884 883 1065
f 1065 883 1066
f 1050 930 1067
f 1067 930 1007
f 916 929 917
f 917 929 911
f 961 1068 939
f 939 1068 940
f 1069 1070 1055
f 1055 1070 1071
f 929 928 911
f 911 928 872
f 1040 1053 955
f 955 1053 965
f 922 965 923
f 923 965 1053
f 1051 835 1062
f 1062 835 865
f 952 914 968
f 968 914 913
f 889 895 890
f 890 895 816
f 895 897 816
f 816 897 901
f 890 816 1043
f 1043 816 815
f 1065 1066 1032
f 1032 1066 1029
f 1006 937 1009
f 1009 937 793
f 1001 1005 1004
f 1004 1005 992
f 925 845 926
f 926 845 1047
f 1002 946 1059
f 1059 946 945
f 977 941 978
f 978 941 940
f 823 824 886
f 886 824 885
f 1059 945 826
f 826 945 827
f 939 942 1069
f 1069 942 1070
f 816 901 817
f 1071 1072 1055
f 1055 1072 1026
f 1062 1061 1074
f 1074 1061 1073
f 1062 1074 1051
f 1051 1074 1075
f 1052 1051 1076
f 1076 1051 1075
f 1024 1052 1077
f 1077 1052 1076
f 1061 1000 1073
f 1073 1000 1078
f 1000 1003 1078
f 1078 1003 1079
f 1079 1003 1080
f 1080 1003 1060
f 1081 1082 1078
f 1078 1082 1073
f 1084 1085 1083
f 1083 1085 1086
f 1087 1088 1086
f 1086 1088 1083
f 1086 1085 1090
f 1090 1085 1089
f 1091 1092 1090
f 1090 1092 1093
f 1089 1094 1090
f 1090 1094 1091
f 1095 1082 1089
f 1089 1082 1094
f 1093 1087 1090
f 1090 1087 1086
f 1096 1097 1099
f 1099 1097 1098
f 1097 1096 1087
f 1087 1096 1088
f 1089 1085 1095
f 1095 1085 1084
f 1084 1075 1095
f 1095 1075 1074
f 1084 1100 1075
f 1075 1100 1076
f 1083 1101 1084
f 1084 1101 1100
f 1101 1083 1102
f 1102 1083 1088
f 1082 1095 1073
f 1073 1095 1074
f 1096 1103 1088
f 1088 1103 1102
f 1101 1102 1104
f 1104 1102 1105
f 1102 1103 1105
f 1105 1103 1106
f 1104 1105 1107
f 1107 1105 1108
f 1107 1109 1104
f 1104 1109 1110
f 1111 1108 1106
f 1106 1108 1105
f 1101 1104 1100
f 1100 1104 1110
f 1100 1110 1076
f 1076 1110 1077
f 1103 1096 1112
f 1112 1096 1099
f 1091 1094 1113
f 1113 1094 1082
f 1113 1114 1091
f 1091 1114 1092
f 1082 1081 1113
f 1113 1081 1115
f 1114 1113 1116
f 1116 1113 1115
f 1114 1117 1092
f 1092 1117 1118
f 1024 1077 1016
f 1016 1077 1119
f 1017 1120 1060
f 1060 1120 1080
f 1120 1017 1119
f 1119 1017 1016
f 1119 1109 1120
f 1120 1109 1121
f 1109 1107 1121
f 1121 1107 1122
f 1120 1121 1080
f 1080 1121 1123
f 1119 1077 1109
f 1109 1077 1110
f 1124 1079 1123
f 1123 1079 1080
f 1124 1081 1079
f 1079 1081 1078
f 1125 1115 1124
f 1124 1115 1081
f 1125 1124 1126
f 1126 1124 1123
f 1127 1125 1128
f 1128 1125 1126
f 1121 1122 1123
f 1123 1122 1126
f 1122 1129 1126
f 1126 1129 1128
f 1115 1125 1116
f 1116 1125 1127
f 1131 1116 1130
f 1130 1116 1127
f 1130 1133 1132
f 1132 1133 1134
f 1130 1127 1133
f 1133 1127 1128
f 1130 1132 1131
f 1131 1132 1112
f 1131 1112 1117
f 1117 1112 1099
f 1117 1114 1131
f 1131 1114 1116
f 1107 1108 1122
f 1122 1108 1129
f 1134 1129 1111
f 1111 1129 1108
f 1134 1133 1129
f 1129 1133 1128
f 1132 1134 1106
f 1106 1134 1111
f 1106 1103 1132
f 1132 1103 1112
f 1087 1093 1097
f 1097 1093 1098
f 1098 1118 1099
f 1099 1118 1117
f 1098 1093 1118
f 1118 1093 1092
f 915 914 1039
f 1039 914 1037
f 918 944 919
f 919 944 943
f 950 949 973
f 973 949 974
f 949 952 974
f 974 952 968
f 956 955 1042
f 1042 955 965
f 950 973 918
f 918 973 944
f 915 1039 1040
f 1040 1039 1053
f 956 1042 919
f 919 1042 916
f 1040 955 991
f 991 955 954
f 914 952 1037
f 1037 952 951
f 1136 1137 1135
f 1135 1137 1138
f 1140 1141 1139
f 1139 1141 1142
f 1139 1142 1143
f 1143 1142 1144
f 1145 1146 1148
f 1148 1146 1147
f 854 1149 1025
f 1025 1149 1150
f 1151 1152 1140
f 1140 1152 1141
f 1154 1155 1153
f 1153 1155 1156
f 1067 1007 1158
f 1158 1007 1157
f 1159 1157 1041
f 1041 1157 1007
f 1161 1162 1160
f 1160 1162 1163
f 1164 1146 1152
f 1152 1146 1141
f 854 1067 1149
f 1149 1067 1158
f 1155 1154 1137
f 1137 1154 1165
f 1166 1164 1138
f 1138 1164 1152
f 1167 1161 1144
f 1144 1161 1168
f 1170 1171 1169
f 1169 1171 1172
f 1161 1160 1168
f 1168 1160 1173
f 1174 1143 1168
f 1168 1143 1144
f 1167 1144 1145
f 1145 1144 1142
f 1135 1175 1136
f 1136 1175 1176
f 1151 1177 1135
f 1135 1177 1175
f 1167 1145 1178
f 1178 1145 1148
f 1160 1163 1153
f 1153 1163 1150
f 1135 1138 1151
f 1151 1138 1152
f 1139 1179 1140
f 1140 1179 1180
f 1165 1166 1137
f 1137 1166 1138
f 1141 1146 1142
f 1142 1146 1145
f 1136 1176 1181
f 1181 1176 1182
f 1174 1170 1183
f 1183 1170 1169
f 1170 1173 1171
f 1171 1173 1156
f 1171 1181 1172
f 1172 1181 1182
f 1153 1156 1160
f 1160 1156 1173
f 1143 1174 1184
f 1184 1174 1183
f 1140 1180 1151
f 1151 1180 1177
f 1049 1048 1178
f 1178 1048 1162
f 1179 1139 1184
f 1184 1139 1143
f 1159 1147 1164
f 1164 1147 1146
f 1170 1174 1173
f 1173 1174 1168
f 1171 1156 1181
f 1181 1156 1155
f 1181 1155 1136
f 1136 1155 1137
f 1184 1183 1186
f 1186 1183 1185
f 1184 1186 1179
f 1179 1186 1187
f 1179 1187 1180
f 1180 1187 1188
f 1180 1188 1177
f 1177 1188 1189
f 1183 1169 1185
f 1185 1169 1190
f 1169 1172 1190
f 1190 1172 1191
f 1172 1182 1191
f 1191 1182 1192
f 1193 1194 1190
f 1190 1194 1185
f 1196 1197 1195
f 1195 1197 1198
f 1199 1200 1196
f 1196 1200 1197
f 1197 1200 1202
f 1202 1200 1201
f 1203 1204 1202
f 1202 1204 1205
f 1201 1206 1202
f 1202 1206 1203
f 1205 1198 1202
f 1202 1198 1197
f 1198 1207 1195
f 1195 1207 1208
f 1201 1200 1209
f 1209 1200 1199
f 1199 1187 1209
f 1209 1187 1186
f 1199 1210 1187
f 1187 1210 1188
f 1196 1211 1199
f 1199 1211 1210
f 1212 1211 1195
f 1195 1211 1196
f 1209 1194 1201
f 1201 1194 1206
f 1194 1209 1185
f 1185 1209 1186
f 1213 1212 1208
f 1208 1212 1195
f 1211 1212 1214
f 1214 1212 1215
f 1212 1213 1215
f 1215 1213 1216
f 1214 1215 1217
f 1217 1215 1218
f 1217 1219 1214
f 1214 1219 1220
f 1216 1221 1215
f 1215 1221 1218
f 1214 1220 1211
f 1211 1220 1210
f 1210 1220 1188
f 1188 1220 1189
f 1213 1208 1223
f 1223 1208 1222
f 1208 1207 1222
f 1222 1207 1224
f 1203 1206 1225
f 1225 1206 1194
f 1204 1203 1226
f 1226 1203 1225
f 1194 1193 1225
f 1225 1193 1227
f 1225 1227 1226
f 1226 1227 1228
f 1229 1230 1226
f 1226 1230 1204
f 1224 1230 1222
f 1222 1230 1229
f 1177 1189 1175
f 1175 1189 1231
f 1176 1232 1182
f 1182 1232 1192
f 1232 1176 1231
f 1231 1176 1175
f 1231 1219 1232
f 1232 1219 1233
f 1219 1217 1233
f 1233 1217 1234
f 1232 1233 1192
f 1192 1233 1235
f 1219 1231 1220
f 1220 1231 1189
f 1236 1191 1235
f 1235 1191 1192
f 1236 1193 1191
f 1191 1193 1190
f 1236 1237 1193
f 1193 1237 1227
f 1237 1236 1238
f 1238 1236 1235
f 1239 1237 1240
f 1240 1237 1238
f 1233 1234 1235
f 1235 1234 1238
f 1234 1241 1238
f 1238 1241 1240
f 1237 1239 1227
f 1227 1239 1228
f 1243 1228 1242
f 1242 1228 1239
f 1242 1245 1244
f 1244 1245 1246
f 1242 1239 1245
f 1245 1239 1240
f 1242 1244 1243
f 1243 1244 1223
f 1243 1223 1229
f 1229 1223 1222
f 1229 1226 1243
f 1243 1226 1228
f 1217 1218 1234
f 1234 1218 1241
f 1246 1241 1221
f 1221 1241 1218
f 1246 1245 1241
f 1241 1245 1240
f 1244 1246 1216
f 1216 1246 1221
f 1216 1213 1244
f 1244 1213 1223
f 1198 1205 1207
f 1207 1205 1224
f 1224 1205 1230
f 1230 1205 1204
f 1148 1147 966
f 966 1147 964
f 1149 1154 1150
f 1150 1154 1153
f 1158 1157 1165
f 1165 1157 1166
f 1157 1159 1166
f 1166 1159 1164
f 1163 1162 1056
f 1056 1162 1048
f 1158 1165 1149
f 1149 1165 1154
f 1178 1148 1049
f 1049 1148 966
f 1163 1056 1150
f 1150 1056 1025
f 1178 1162 1167
f 1167 1162 1161
f 1147 1159 964
f 964 1159 1041
f 999 1049 922
f 922 1049 966
f 999 797 985
f 985 797 800
f 797 796 800
f 800 796 801
f 796 997 801
f 801 997 986
f 1247 1248 1250
f 1250 1248 1249
f 1252 1253 1251
f 1251 1253 1254
f 1251 1254 1255
f 1255 1254 1256
f 1258 1259 1257
f 1257 1259 1260
f 1261 1262 1252
f 1252 1262 1253
f 1264 1265 1263
f 1263 1265 1266
f 1267 1268 855
f 855 1268 920
f 1269 1267 1026
f 1026 1267 855
f 1271 1272 1270
f 1270 1272 1273
f 1274 1258 1262
f 1262 1258 1253
f 1264 1275 1265
f 1265 1275 1249
f 1276 1274 1250
f 1250 1274 1262
f 1277 1271 1256
f 1256 1271 1278
f 1279 1280 1282
f 1282 1280 1281
f 1271 1270 1278
f 1278 1270 1283
f 1284 1255 1278
f 1278 1255 1256
f 1277 1256 1257
f 1257 1256 1254
f 1247 1285 1248
f 1248 1285 1286
f 1261 1287 1247
f 1247 1287 1285
f 1257 1260 1277
f 1277 1260 1288
f 1270 1273 1263
f 1263 1273 1289
f 1261 1247 1262
f 1262 1247 1250
f 1251 1290 1252
f 1252 1290 1291
f 1275 1276 1249
f 1249 1276 1250
f 1253 1258 1254
f 1254 1258 1257
f 1248 1286 1292
f 1292 1286 1293
f 1284 1280 1294
f 1294 1280 1279
f 1281 1280 1266
f 1266 1280 1283
f 1292 1293 1281
f 1281 1293 1282
f 1263 1266 1270
f 1270 1266 1283
f 1255 1284 1295
f 1295 1284 1294
f 1252 1291 1261
f 1261 1291 1287
f 1288 1070 1272
f 1272 1070 942
f 1290 1251 1295
f 1295 1251 1255
f 1269 1259 1274
f 1274 1259 1258
f 1280 1284 1283
f 1283 1284 1278
f 1281 1266 1292
f 1292 1266 1265
f 1292 1265 1248
f 1248 1265 1249
f 1295 1294 1297
f 1297 1294 1296
f 1295 1297 1290
f 1290 1297 1298
f 1290 1298 1291
f 1291 1298 1299
f 1291 1299 1287
f 1287 1299 1300
f 1294 1279 1296
f 1296 1279 1301
f 1279 1282 1301
f 1301 1282 1302
f 1302 1282 1303
f 1303 1282 1293
f 1304 1305 1301
f 1301 1305 1296
f 1307 1308 1306
f 1306 1308 1309
f 1310 1311 1307
f 1307 1311 1308
f 1308 1311 1313
f 1313 1311 1312
f 1314 1315 1313
f 1313 1315 1316
f 1312 1317 1313
f 1313 1317 1314
f 1316 1309 1313
f 1313 1309 1308
f 1318 1319 1309
f 1309 1319 1306
f 1311 1310 1312
f 1312 1310 1320
f 1310 1298 1320
f 1320 1298 1297
f 1310 1321 1298
f 1298 1321 1299
f 1307 1322 1310
f 1310 1322 1321
f 1322 1307 1323
f 1323 1307 1306
f 1312 1320 1317
f 1317 1320 1305
f 1305 1320 1296
f 1296 1320 1297
f 1319 1324 1306
f 1306 1324 1323
f 1325 1322 1326
f 1326 1322 1323
f 1324 1327 1323
f 1323 1327 1326
f 1328 1325 1329
f 1329 1325 1326
f 1325 1328 1331
f 1331 1328 1330
f 1327 1332 1326
f 1326 1332 1329
f 1322 1325 1321
f 1321 1325 1331
f 1321 1331 1299
f 1299 1331 1300
f 1324 1319 1334
f 1334 1319 1333
f 1319 1318 1333
f 1333 1318 1335
f 1314 1317 1336
f 1336 1317 1305
f 1315 1314 1337
f 1337 1314 1336
f 1305 1304 1336
f 1336 1304 1338
f 1337 1336 1339
f 1339 1336 1338
f 1337 1340 1315
f 1315 1340 1341
f 1335 1341 1333
f 1333 1341 1340
f 1287 1300 1285
f 1285 1300 1342
f 1286 1343 1293
f 1293 1343 1303
f 1343 1286 1342
f 1342 1286 1285
f 1342 1330 1343
f 1343 1330 1344
f 1330 1328 1344
f 1344 1328 1345
f 1343 1344 1303
f 1303 1344 1346
f 1342 1300 1330
f 1330 1300 1331
f 1347 1302 1346
f 1346 1302 1303
f 1347 1304 1302
f 1302 1304 1301
f 1348 1338 1347
f 1347 1338 1304
f 1348 1347 1349
f 1349 1347 1346
f 1350 1348 1351
f 1351 1348 1349
f 1344 1345 1346
f 1346 1345 1349
f 1345 1352 1349
f 1349 1352 1351
f 1348 1350 1338
f 1338 1350 1339
f 1354 1339 1353
f 1353 1339 1350
f 1353 1356 1355
f 1355 1356 1357
f 1353 1350 1356
f 1356 1350 1351
f 1353 1355 1354
f 1354 1355 1334
f 1354 1334 1340
f 1340 1334 1333
f 1340 1337 1354
f 1354 1337 1339
f 1328 1329 1345
f 1345 1329 1352
f 1357 1352 1332
f 1332 1352 1329
f 1357 1356 1352
f 1352 1356 1351
f 1357 1332 1355
f 1355 1332 1327
f 1327 1324 1355
f 1355 1324 1334
f 1309 1316 1318
f 1318 1316 1335
f 1335 1316 1341
f 1341 1316 1315
f 1259 1072 1260
f 1260 1072 1071
f 1358 1264 1289
f 1289 1264 1263
f 1268 1267 1275
f 1275 1267 1276
f 1267 1269 1276
f 1276 1269 1274
f 941 1273 942
f 942 1273 1272
f 1358 1268 1264
f 1264 1268 1275
f 1260 1071 1288
f 1288 1071 1070
f 1273 941 1289
f 1289 941 977
f 1272 1271 1288
f 1288 1271 1277
f 1259 1269 1072
f 1072 1269 1026
f 1360 1361 1359
f 1359 1361 1362
f 1364 1365 1363
f 1363 1365 1366
f 1363 1366 1367
f 1367 1366 1368
f 1370 1371 1369
f 1369 1371 1372
f 1373 1374 1376
f 1376 1374 1375
f 1377 1378 1364
f 1364 1378 1365
f 1379 1380 1382
f 1382 1380 1381
f 1383 1384 1386
f 1386 1384 1385
f 1387 1385 978
f 978 1385 1384
f 1388 1389 1391
f 1391 1389 1390
f 1378 1392 1365
f 1365 1392 1370
f 1374 1383 1375
f 1375 1383 1386
f 1380 1393 1381
f 1381 1393 1361
f 1394 1392 1362
f 1362 1392 1378
f 1389 1396 1395
f 1395 1396 1368
f 1398 1399 1397
f 1397 1399 1400
f 1388 1401 1389
f 1389 1401 1396
f 1402 1367 1396
f 1396 1367 1368
f 1395 1368 1369
f 1369 1368 1366
f 1359 1403 1360
f 1360 1403 1404
f 1377 1405 1359
f 1359 1405 1403
f 1369 1372 1395
f 1395 1372 1406
f 1379 1388 1376
f 1376 1388 1391
f 1359 1362 1377
f 1377 1362 1378
f 1363 1407 1364
f 1364 1407 1408
f 1393 1394 1361
f 1361 1394 1362
f 1365 1370 1366
f 1366 1370 1369
f 1360 1404 1409
f 1409 1404 1410
f 1402 1398 1411
f 1411 1398 1397
f 1399 1398 1382
f 1382 1398 1401
f 1409 1410 1399
f 1399 1410 1400
f 1388 1379 1401
f 1401 1379 1382
f 1367 1402 1412
f 1412 1402 1411
f 1364 1408 1377
f 1377 1408 1405
f 981 980 1406
f 1406 980 1390
f 1407 1363 1412
f 1412 1363 1367
f 1387 1371 1392
f 1392 1371 1370
f 1398 1402 1401
f 1401 1402 1396
f 1409 1399 1381
f 1381 1399 1382
f 1360 1409 1361
f 1361 1409 1381
f 1412 1411 1414
f 1414 1411 1413
f 1412 1414 1407
f 1407 1414 1415
f 1407 1415 1408
f 1408 1415 1416
f 1408 1416 1405
f 1405 1416 1417
f 1411 1397 1413
f 1413 1397 1418
f 1397 1400 1418
f 1418 1400 1419
f 1419 1400 1420
f 1420 1400 1410
f 1422 1413 1421
f 1421 1413 1418
f 1423 1424 1426
f 1426 1424 1425
f 1427 1428 1424
f 1424 1428 1425
f 1425 1428 1430
f 1430 1428 1429
f 1430 1431 1433
f 1433 1431 1432
f 1429 1434 1430
f 1430 1434 1431
f 1433 1426 1430
f 1430 1426 1425
f 1426 1435 1423
f 1423 1435 1436
f 1428 1427 1429
f 1429 1427 1437
f 1427 1415 1437
f 1437 1415 1414
f 1427 1438 1415
f 1415 1438 1416
f 1439 1438 1424
f 1424 1438 1427
f 1440 1439 1423
f 1423 1439 1424
f 1429 1437 1434
f 1434 1437 1422
f 1422 1437 1413
f 1413 1437 1414
f 1441 1440 1436
f 1436 1440 1423
f 1442 1439 1443
f 1443 1439 1440
f 1441 1444 1440
f 1440 1444 1443
f 1445 1442 1446
f 1446 1442 1443
f 1442 1445 1448
f 1448 1445 1447
f 1444 1449 1443
f 1443 1449 1446
f 1439 1442 1438
f 1438 1442 1448
f 1438 1448 1416
f 1416 1448 1417
f 1436 1450 1441
f 1441 1450 1451
f 1436 1435 1450
f 1450 1435 1452
f 1431 1434 1453
f 1453 1434 1422
f 1431 1453 1432
f 1432 1453 1454
f 1453 1422 1455
f 1455 1422 1421
f 1454 1453 1456
f 1456 1453 1455
f 1457 1458 1454
f 1454 1458 1432
f 1452 1458 1450
f 1450 1458 1457
f 1405 1417 1403
f 1403 1417 1459
f 1404 1460 1410
f 1410 1460 1420
f 1459 1460 1403
f 1403 1460 1404
f 1447 1461 1459
f 1459 1461 1460
f 1445 1462 1447
f 1447 1462 1461
f 1460 1461 1420
f 1420 1461 1463
f 1459 1417 1447
f 1447 1417 1448
f 1464 1419 1463
f 1463 1419 1420
f 1419 1464 1418
f 1418 1464 1421
f 1464 1465 1421
f 1421 1465 1455
f 1465 1464 1466
f 1466 1464 1463
f 1467 1465 1468
f 1468 1465 1466
f 1461 1462 1463
f 1463 1462 1466
f 1462 1469 1466
f 1466 1469 1468
f 1465 1467 1455
f 1455 1467 1456
f 1471 1456 1470
f 1470 1456 1467
f 1470 1473 1472
f 1472 1473 1474
f 1470 1467 1473
f 1473 1467 1468
f 1470 1472 1471
f 1471 1472 1451
f 1471 1451 1457
f 1457 1451 1450
f 1457 1454 1471
f 1471 1454 1456
f 1462 1445 1469
f 1469 1445 1446
f 1474 1469 1449
f 1449 1469 1446
f 1474 1473 1469
f 1469 1473 1468
f 1472 1474 1444
f 1444 1474 1449
f 1444 1441 1472
f 1472 1441 1451
f 1426 1433 1435
f 1435 1433 1452
f 1452 1433 1458
f 1458 1433 1432
f 1371 940 1372
f 1372 940 1068
f 1376 1375 1379
f 1379 1375 1380
f 1393 1386 1394
f 1394 1386 1385
f 1385 1387 1394
f 1394 1387 1392
f 1475 1373 1391
f 1391 1373 1376
f 1375 1386 1380
f 1380 1386 1393
f 1372 1068 1406
f 1406 1068 981
f 1406 1390 1395
f 1395 1390 1389
f 1371 1387 940
f 940 1387 978
f 883 807 1476
f 1476 807 1477
f 1046 904 1479
f 1479 904 1478
f 904 903 1478
f 1478 903 1480
f 1030 1481 1028
f 1028 1481 1482
f 810 1046 1483
f 1483 1046 1479
f 1066 883 1484
f 1484 883 1476
f 807 810 1477
f 1477 810 1483
f 1485 1029 1484
f 1484 1029 1066
f 1028 1482 903
f 903 1482 1480
f 1481 1030 1485
f 1485 1030 1029
f 1484 1486 1485
f 1485 1486 1487
f 1485 1487 1481
f 1481 1487 1488
f 1481 1488 1482
f 1482 1488 1489
f 1482 1489 1480
f 1480 1489 1490
f 1484 1476 1486
f 1486 1476 1491
f 1476 1477 1491
f 1491 1477 1492
f 1477 1483 1492
f 1492 1483 1493
f 1495 1486 1494
f 1494 1486 1491
f 1497 1498 1496
f 1496 1498 1499
f 1500 1501 1497
f 1497 1501 1498
f 1502 1503 1501
f 1501 1503 1498
f 1502 1504 1503
f 1503 1504 1505
f 1506 1499 1503
f 1503 1499 1498
f 1499 1506 1507
f 1507 1506 1508
f 1507 1509 1499
f 1499 1509 1496
f 1502 1501 1510
f 1510 1501 1500
f 1500 1488 1510
f 1510 1488 1487
f 1500 1511 1488
f 1488 1511 1489
f 1497 1512 1500
f 1500 1512 1511
f 1512 1497 1513
f 1513 1497 1496
f 1502 1510 1504
f 1504 1510 1495
f 1495 1510 1486
f 1486 1510 1487
f 1509 1514 1496
f 1496 1514 1513
f 1515 1512 1516
f 1516 1512 1513
f 1514 1517 1513
f 1513 1517 1516
f 1518 1515 1519
f 1519 1515 1516
f 1515 1518 1521
f 1521 1518 1520
f 1517 1522 1516
f 1516 1522 1519
f 1512 1515 1511
f 1511 1515 1521
f 1511 1521 1489
f 1489 1521 1490
f 1514 1509 1524
f 1524 1509 1523
f 1509 1507 1523
f 1523 1507 1508
f 1505 1504 1525
f 1525 1504 1495
f 1526 1505 1527
f 1527 1505 1525
f 1525 1495 1528
f 1528 1495 1494
f 1527 1525 1529
f 1529 1525 1528
f 1527 1530 1526
f 1526 1530 1531
f 1508 1531 1523
f 1523 1531 1530
f 1506 1503 1526
f 1526 1503 1505
f 1508 1506 1531
f 1531 1506 1526
f 1478 1480 1532
f 1532 1480 1490
f 1483 1479 1493
f 1493 1479 1533
f 1532 1533 1478
f 1478 1533 1479
f 1520 1534 1532
f 1532 1534 1533
f 1518 1535 1520
f 1520 1535 1534
f 1533 1534 1493
f 1493 1534 1536
f 1532 1490 1520
f 1520 1490 1521
f 1537 1492 1536
f 1536 1492 1493
f 1492 1537 1491
f 1491 1537 1494
f 1537 1538 1494
f 1494 1538 1528
f 1538 1537 1539
f 1539 1537 1536
f 1540 1538 1541
f 1541 1538 1539
f 1534 1535 1536
f 1536 1535 1539
f 1535 1542 1539
f 1539 1542 1541
f 1538 1540 1528
f 1528 1540 1529
f 1544 1529 1543
f 1543 1529 1540
f 1545 1543 1547
f 1547 1543 1546
f 1543 1540 1546
f 1546 1540 1541
f 1543 1545 1544
f 1544 1545 1524
f 1544 1524 1530
f 1530 1524 1523
f 1530 1527 1544
f 1544 1527 1529
f 1535 1518 1542
f 1542 1518 1519
f 1547 1542 1522
f 1522 1542 1519
f 1547 1546 1542
f 1542 1546 1541
f 1545 1547 1517
f 1517 1547 1522
f 1517 1514 1545
f 1545 1514 1524
f 997 995 986
f 986 995 987
f 987 995 988
f 988 995 971
f 976 1358 977
f 977 1358 1289
f 854 853 1067
f 1067 853 1050
f 1055 985 1069
f 1069 985 962
f 1068 961 981
f 981 961 862
f 1268 1358 920
f 920 1358 976
f 920 976 921
f 921 976 975
f 927 1054 850
f 850 1054 851
f 882 881 1057
f 1057 881 1548
f 1548 1374 1057
f 1057 1374 1373
f 1383 1374 1549
f 1549 1374 1548
f 1549 1548 1550
f 1550 1548 881
f 1550 881 1551
f 1551 881 880
f 933 1552 879
f 879 1552 880
f 1551 880 875
f 875 880 1552
f 1553 1551 878
f 878 1551 875
f 1551 1553 1550
f 1550 1553 1554
f 1550 1554 1549
f 1549 1554 1555
f 978 1384 975
f 975 1384 1555
f 967 849 1556
f 1556 849 852
f 875 1552 876
f 876 1552 933
f 961 939 962
f 962 939 1069
f 1555 1054 975
f 975 1054 921
f 1555 1384 1549
f 1549 1384 1383
f 1391 1390 1475
f 1475 1390 980
f 1373 1475 1057
f 1057 1475 980
f 851 1054 1554
f 1554 1054 1555
f 1554 1553 851
f 851 1553 852
f 878 1556 1553
f 1553 1556 852
f 1556 878 967
f 967 878 877
f 1023 1020 877
f 877 1020 967
f 909 811 1034
f 806 779 873
f 873 779 840
f 805 780 806
f 806 780 779
f 1043 893 1044
f 1044 893 892
f 873 840 847
f 847 840 842
f 840 839 842
f 842 839 843
f 839 791 843
f 843 791 908
f 791 790 908
f 908 790 792
f 809 789 810
f 810 789 1046
f 793 790 809
f 809 790 789
f 809 808 793
f 793 808 1009
f 808 884 1009
f 1009 884 1010
f 1065 1015 884
f 884 1015 1010
f 1032 868 1065
f 1065 868 1015
f 1031 822 1032
f 1032 822 868
f 1031 1027 822
f 822 1027 785
f 1045 905 1046
f 1046 905 904
f 788 781 1019
f 1019 781 894
f 781 780 894
f 894 780 892
f 780 805 892
f 892 805 1044
f 805 804 1044
f 1044 804 891
f 804 1064 891
f 891 1064 888
f 1064 1021 888
f 888 1021 1033
f 1021 1020 1033
f 1033 1020 1034
f 1020 1023 1034
f 1034 1023 909
f 1023 1022 909
f 909 1022 910
f 1043 815 893
f 893 815 819
f 819 815 820
f 820 815 818
f 870 869 818
f 818 869 820
f 1014 1011 870
f 870 1011 869
f 969 972 1014
f 1014 972 1011
f 1036 1063 1022
f 1022 1063 910
f 1035 833 1036
f 1036 833 1063
f 1035 932 979
f 979 932 963
f 834 979 982
f 982 979 958
f 833 1035 834
f 834 1035 979
f 982 863 834
f 834 863 830
f 864 900 831
f 831 900 857
f 990 993 864
f 864 993 900
f 989 994 990
f 990 994 993
f 970 1058 989
f 989 1058 994
f 969 1018 970
f 970 1018 1058
f 1027 902 785
f 785 902 786
f 902 905 786
f 786 905 1019
f 905 1045 1019
f 1019 1045 788
f 788 1045 787
f 787 1045 789
o hand_right
v 0.119603 0.332979 0.864837
v 0.123079 0.338698 0.856315
v 0.113157 0.334552 0.854772
v 0.110908 0.327955 0.863539
v 0.119517 0.344388 0.834474
v 0.122245 0.338773 0.823580
v 0.107906 0.333120 0.826962
v 0.107866 0.340009 0.835191
v 0.104863 0.322626 0.862530
v 0.105746 0.331150 0.853848
v 0.104002 0.318250 0.860355
v 0.109312 0.307436 0.870522
v 0.106917 0.314009 0.870766
v 0.110740 0.302828 0.878742
v 0.119465 0.303376 0.867914
v 0.119201 0.300345 0.883192
v 0.145078 0.315653 0.880677
v 0.152064 0.326308 0.885498
v 0.143498 0.322037 0.900184
v 0.136549 0.312259 0.893268
v 0.152075 0.341119 0.901263
v 0.146978 0.330398 0.901487
v 0.156543 0.333981 0.887067
v 0.160440 0.343467 0.887345
v 0.131973 0.344173 0.866866
v 0.136695 0.349106 0.858937
v 0.132828 0.344457 0.858376
v 0.128429 0.339847 0.865632
v 0.098530 0.314454 0.848682
v 0.111912 0.308411 0.850678
v 0.108080 0.311338 0.857290
v 0.096879 0.319342 0.850986
v 0.148015 0.369133 0.840756
v 0.158160 0.368158 0.831857
v 0.156307 0.363170 0.829322
v 0.147795 0.364860 0.838382
v 0.142115 0.347221 0.822449
v 0.151699 0.348060 0.820336
v 0.157686 0.337511 0.813839
v 0.149390 0.333616 0.817264
v 0.131588 0.343590 0.823142
v 0.137384 0.332279 0.817860
v 0.126153 0.328345 0.819639
v 0.109329 0.324413 0.823332
v 0.164641 0.377151 0.838358
v 0.157798 0.379519 0.845539
v 0.075848 0.307056 0.913502
v 0.077217 0.312717 0.914535
v 0.080602 0.312025 0.911414
v 0.078961 0.306475 0.910911
v 0.176555 0.376426 0.854700
v 0.183234 0.369659 0.858057
v 0.186231 0.372899 0.852255
v 0.179505 0.377820 0.847882
v 0.172580 0.374528 0.863670
v 0.178419 0.365108 0.865716
v 0.079551 0.299970 0.923353
v 0.076660 0.300189 0.919099
v 0.081182 0.298421 0.917204
v 0.084695 0.298397 0.921484
v 0.109172 0.321297 0.871144
v 0.115124 0.328861 0.872165
v 0.103082 0.315421 0.886713
v 0.109091 0.321192 0.881914
v 0.107210 0.315236 0.878028
v 0.103696 0.310231 0.883134
v 0.123044 0.339873 0.887133
v 0.128776 0.342939 0.877464
v 0.125014 0.337508 0.876501
v 0.117512 0.333275 0.886067
v 0.133449 0.355931 0.880718
v 0.127896 0.351565 0.890081
v 0.131333 0.359421 0.890760
v 0.133809 0.361696 0.883712
v 0.117925 0.341207 0.904411
v 0.115124 0.338655 0.909205
v 0.116190 0.341512 0.909386
v 0.119845 0.344250 0.904830
v 0.189884 0.375147 0.846601
v 0.182299 0.378207 0.841157
v 0.157764 0.362305 0.901563
v 0.156923 0.372248 0.896383
v 0.150497 0.371909 0.908408
v 0.153543 0.360808 0.911577
v 0.185380 0.359558 0.859058
v 0.190071 0.363877 0.854484
v 0.082938 0.303320 0.927394
v 0.087710 0.302093 0.925539
v 0.133866 0.318707 0.823343
v 0.112964 0.315505 0.826010
v 0.148300 0.323197 0.821456
v 0.158204 0.326432 0.820353
v 0.165484 0.328834 0.816454
v 0.109458 0.324806 0.887548
v 0.122531 0.334854 0.871634
v 0.134342 0.348571 0.868025
v 0.141076 0.376770 0.878618
v 0.145460 0.379412 0.869516
v 0.139230 0.370718 0.868646
v 0.137158 0.369870 0.877018
v 0.150038 0.378738 0.893084
v 0.142412 0.377897 0.890376
v 0.139268 0.376013 0.898047
v 0.145576 0.377091 0.902715
v 0.098428 0.310178 0.842106
v 0.114896 0.306713 0.843530
v 0.168036 0.380244 0.849682
v 0.170966 0.379143 0.842546
v 0.176436 0.378560 0.836064
v 0.141486 0.358544 0.849125
v 0.147553 0.361944 0.836691
v 0.145269 0.358467 0.835398
v 0.140738 0.355362 0.849041
v 0.126586 0.346208 0.846992
v 0.131463 0.350138 0.834992
v 0.115573 0.342683 0.846198
v 0.154899 0.356754 0.824533
v 0.162489 0.363916 0.821092
v 0.160681 0.356179 0.817021
v 0.166815 0.371189 0.826083
v 0.171554 0.376658 0.831324
v 0.196995 0.366208 0.850096
v 0.159708 0.348119 0.814644
v 0.099555 0.336046 0.836144
v 0.091963 0.333288 0.836316
v 0.093229 0.332474 0.844058
v 0.100686 0.335381 0.844960
v 0.109390 0.299359 0.887910
v 0.104582 0.304208 0.884243
v 0.107315 0.308242 0.875831
v 0.144276 0.371211 0.851490
v 0.152606 0.380077 0.855015
v 0.103258 0.318842 0.892352
v 0.089786 0.298007 0.918348
v 0.086086 0.297670 0.913709
v 0.100040 0.297945 0.900275
v 0.103814 0.297840 0.906018
v 0.103460 0.317909 0.902960
v 0.100857 0.317286 0.896466
v 0.100008 0.316806 0.899206
v 0.101112 0.318951 0.905291
v 0.120695 0.349723 0.908315
v 0.123829 0.351991 0.904416
v 0.125830 0.311774 0.904869
v 0.124262 0.300766 0.897583
v 0.129577 0.303721 0.887481
v 0.126462 0.346436 0.888267
v 0.121665 0.344340 0.897136
v 0.123561 0.347899 0.898084
v 0.109368 0.325974 0.892230
v 0.105239 0.322048 0.897276
v 0.109465 0.325937 0.897964
v 0.112999 0.330151 0.893208
v 0.163669 0.373159 0.884882
v 0.155616 0.380973 0.881506
v 0.075510 0.302690 0.915369
v 0.079264 0.301433 0.913013
v 0.131953 0.349325 0.878751
v 0.136582 0.308689 0.875773
v 0.136399 0.353540 0.869212
v 0.138460 0.350014 0.916650
v 0.132906 0.356369 0.914817
v 0.127919 0.355797 0.916306
v 0.130169 0.351388 0.919767
v 0.090637 0.317876 0.916411
v 0.086734 0.317140 0.912164
v 0.083499 0.316475 0.914752
v 0.086959 0.317370 0.919304
v 0.099611 0.313448 0.892186
v 0.099807 0.307958 0.889051
v 0.096069 0.307743 0.894286
v 0.097440 0.313061 0.896703
v 0.101484 0.301950 0.891024
v 0.097439 0.301687 0.895851
v 0.094015 0.314491 0.920928
v 0.095172 0.307493 0.923655
v 0.108068 0.308708 0.913165
v 0.103808 0.315453 0.911576
v 0.169557 0.345011 0.875109
v 0.171845 0.355813 0.876630
v 0.163016 0.354515 0.889038
v 0.155347 0.353198 0.902371
v 0.146963 0.351363 0.913886
v 0.145731 0.339276 0.913649
v 0.164884 0.362549 0.888485
v 0.112463 0.316784 0.906822
v 0.116763 0.309091 0.906434
v 0.118367 0.313751 0.907835
v 0.137395 0.360731 0.870977
v 0.083784 0.300613 0.909562
v 0.174546 0.325446 0.835873
v 0.181892 0.332916 0.844047
v 0.175330 0.329849 0.849110
v 0.166504 0.321920 0.839892
v 0.083633 0.312561 0.908185
v 0.082338 0.306330 0.906913
v 0.125082 0.358145 0.906404
v 0.122036 0.355215 0.909887
v 0.123237 0.357250 0.912102
v 0.125028 0.362231 0.909505
v 0.173033 0.361630 0.875783
v 0.142581 0.373195 0.913612
v 0.146239 0.362506 0.916766
v 0.179453 0.356496 0.865889
v 0.178094 0.346883 0.864764
v 0.184454 0.348748 0.857575
v 0.135262 0.328344 0.913665
v 0.165945 0.337113 0.875141
v 0.174811 0.340009 0.863929
v 0.182257 0.341928 0.855301
v 0.188272 0.343589 0.849720
v 0.189939 0.350982 0.852702
v 0.092814 0.302166 0.922303
v 0.089912 0.308227 0.927278
v 0.197479 0.353061 0.848052
v 0.194778 0.344930 0.844523
v 0.170546 0.332179 0.861582
v 0.164302 0.323404 0.857981
v 0.161964 0.329813 0.872434
v 0.155202 0.320820 0.869786
v 0.136617 0.317716 0.910687
v 0.076072 0.316628 0.932477
v 0.084940 0.314967 0.927208
v 0.083184 0.317849 0.922440
v 0.075229 0.319705 0.929711
v 0.089534 0.314542 0.923969
v 0.085251 0.309491 0.929042
v 0.144741 0.312457 0.862853
v 0.106931 0.322729 0.902918
v 0.152075 0.315486 0.847673
v 0.128460 0.304664 0.857702
v 0.132873 0.308239 0.845518
v 0.157924 0.318511 0.830885
v 0.141793 0.312746 0.832240
v 0.172885 0.325704 0.823447
v 0.166257 0.322497 0.828394
v 0.123933 0.309471 0.833069
v 0.068310 0.312431 0.919458
v 0.070722 0.317445 0.920655
v 0.180969 0.327643 0.830927
v 0.107367 0.338512 0.845896
v 0.140108 0.362871 0.860690
v 0.139299 0.357291 0.859968
v 0.148212 0.380054 0.863814
v 0.141446 0.370778 0.861056
v 0.067591 0.307348 0.920883
v 0.115535 0.337315 0.913729
v 0.117310 0.337920 0.912080
v 0.099028 0.331538 0.828273
v 0.092768 0.329859 0.829486
v 0.093401 0.316606 0.829611
v 0.092504 0.323271 0.827224
v 0.100055 0.323698 0.824863
v 0.101691 0.316433 0.827164
v 0.141769 0.361212 0.849607
v 0.142434 0.364914 0.850874
v 0.168430 0.374279 0.873653
v 0.159849 0.381570 0.870902
v 0.105657 0.298662 0.894861
v 0.116000 0.298072 0.893707
v 0.110483 0.298587 0.900140
v 0.108388 0.301796 0.909742
v 0.107468 0.319765 0.906321
v 0.108289 0.315680 0.906611
v 0.138679 0.354592 0.835823
v 0.135836 0.350644 0.848633
v 0.101317 0.329184 0.852029
v 0.095042 0.327239 0.850268
v 0.117944 0.336646 0.893838
v 0.124795 0.327579 0.918231
v 0.125740 0.318852 0.915654
v 0.113954 0.333044 0.900931
v 0.070146 0.304266 0.928252
v 0.068022 0.304944 0.923800
v 0.115403 0.301678 0.903953
v 0.126343 0.355851 0.898645
v 0.128381 0.333201 0.916844
v 0.120226 0.333683 0.918056
v 0.141070 0.376720 0.906471
v 0.188176 0.335118 0.838112
v 0.079884 0.317544 0.917953
v 0.073406 0.320509 0.923541
v 0.076291 0.312436 0.933457
v 0.074430 0.306864 0.931944
v 0.162707 0.380813 0.860318
v 0.138400 0.353531 0.859843
v 0.108447 0.309625 0.833602
v 0.096087 0.311955 0.835179
v 0.111930 0.330919 0.904840
v 0.139977 0.356908 0.916370
v 0.136801 0.341157 0.918817
v 0.127789 0.343353 0.923029
v 0.122354 0.338161 0.921613
v 0.117095 0.337082 0.917087
v 0.071783 0.314361 0.935499
v 0.070107 0.308804 0.934066
v 0.065908 0.305991 0.930359
v 0.064123 0.306489 0.926184
v 0.064641 0.309111 0.922652
v 0.071326 0.318718 0.934688
v 0.070370 0.321310 0.931956
v 0.070317 0.321633 0.925657
v 0.066716 0.320880 0.935573
v 0.063865 0.317100 0.938118
v 0.052810 0.311406 0.931876
v 0.058188 0.309159 0.932903
v 0.056861 0.310825 0.934693
v 0.052352 0.313025 0.934735
v 0.048173 0.315828 0.936120
v 0.047973 0.314231 0.932916
v 0.060761 0.312490 0.936659
v 0.054925 0.315890 0.937311
v 0.056899 0.319522 0.938311
v 0.051875 0.321712 0.939425
v 0.049971 0.318481 0.938783
v 0.060725 0.316820 0.938116
v 0.062972 0.311380 0.936554
v 0.045362 0.317670 0.934758
v 0.046146 0.317688 0.937199
v 0.047386 0.320243 0.938991
v 0.045314 0.321994 0.937481
v 0.059888 0.308239 0.927218
v 0.052566 0.311766 0.929242
v 0.048314 0.316033 0.930256
v 0.045728 0.319297 0.932405
v 0.052577 0.315231 0.926921
v 0.049297 0.318376 0.928703
v 0.047392 0.321525 0.930527
v 0.053530 0.319350 0.925988
v 0.050483 0.321324 0.928179
v 0.063269 0.314232 0.922324
v 0.062173 0.310168 0.923302
v 0.048586 0.322835 0.929295
v 0.045555 0.323553 0.935825
v 0.059718 0.321884 0.937653
v 0.053051 0.324383 0.937996
v 0.060346 0.323722 0.936154
v 0.053869 0.326346 0.936855
v 0.048720 0.325185 0.938978
v 0.049075 0.322654 0.939477
v 0.066612 0.313575 0.921024
v 0.068958 0.318851 0.922469
v 0.066040 0.319722 0.923562
v 0.055748 0.323563 0.926882
v 0.067065 0.322718 0.926686
v 0.065976 0.323276 0.932589
v 0.059447 0.325564 0.933901
v 0.058326 0.326047 0.930627
v 0.054196 0.327060 0.934343
v 0.053770 0.326571 0.931844
v 0.051905 0.324627 0.929025
v 0.050050 0.326961 0.934272
v 0.049261 0.326437 0.937128
v 0.047284 0.324638 0.933045
v 0.050919 0.326772 0.932480
v 0.049216 0.324644 0.931141
v 0.084615 0.334242 0.921679
v 0.087342 0.339826 0.923312
v 0.090651 0.336704 0.922787
v 0.088225 0.332070 0.921490
v 0.083088 0.326418 0.933346
v 0.082063 0.327628 0.927255
v 0.086468 0.324134 0.927617
v 0.088834 0.323772 0.934081
v 0.086768 0.329892 0.938571
v 0.092789 0.327587 0.938359
v 0.094073 0.321263 0.932087
v 0.091382 0.322005 0.925459
v 0.107900 0.318166 0.912920
v 0.111560 0.316815 0.918573
v 0.110528 0.336047 0.911942
v 0.112046 0.336556 0.915441
v 0.083039 0.330836 0.923282
v 0.086830 0.327779 0.923399
v 0.098043 0.341062 0.926523
v 0.095243 0.339533 0.922044
v 0.092726 0.340689 0.924808
v 0.094631 0.341974 0.929869
v 0.106382 0.324887 0.907894
v 0.108767 0.330632 0.909501
v 0.106343 0.321353 0.909637
v 0.100181 0.339050 0.932571
v 0.100710 0.333790 0.936996
v 0.117044 0.328402 0.925677
v 0.115265 0.334110 0.923137
v 0.090294 0.325294 0.921197
v 0.092156 0.335303 0.919573
v 0.090506 0.330364 0.918681
v 0.098546 0.325962 0.935888
v 0.094693 0.335512 0.939257
v 0.078964 0.348174 0.936678
v 0.089838 0.342823 0.936357
v 0.090012 0.344577 0.931409
v 0.079714 0.350943 0.932545
v 0.095167 0.340391 0.935339
v 0.088847 0.337722 0.939267
v 0.073973 0.343787 0.921782
v 0.077186 0.349179 0.923657
v 0.071597 0.339926 0.922938
v 0.115716 0.320738 0.923385
v 0.071760 0.334848 0.931986
v 0.070858 0.336824 0.925777
v 0.089565 0.343624 0.926325
v 0.079068 0.351760 0.927710
v 0.077480 0.344203 0.938412
v 0.075353 0.337137 0.937191
v 0.071563 0.346727 0.937435
v 0.069564 0.340936 0.935982
v 0.067138 0.338102 0.930959
v 0.068083 0.339179 0.925513
v 0.070010 0.341690 0.922985
v 0.072994 0.350586 0.936037
v 0.074789 0.353241 0.932489
v 0.076306 0.352776 0.927696
v 0.068296 0.355141 0.931493
v 0.064739 0.352055 0.932954
v 0.056580 0.348022 0.916234
v 0.059476 0.344855 0.920636
v 0.058292 0.346447 0.922387
v 0.055737 0.349545 0.918454
v 0.061157 0.342468 0.926264
v 0.060041 0.344686 0.926423
v 0.061330 0.347583 0.930072
v 0.059024 0.350577 0.924880
v 0.061157 0.354464 0.926926
v 0.057902 0.357391 0.922987
v 0.055445 0.353743 0.921081
v 0.062083 0.351454 0.930328
v 0.054123 0.352226 0.916483
v 0.054384 0.352837 0.913988
v 0.062396 0.345704 0.932605
v 0.065717 0.340208 0.923988
v 0.061299 0.344654 0.918005
v 0.058520 0.348896 0.913653
v 0.056286 0.354639 0.912386
v 0.063962 0.346982 0.915553
v 0.060752 0.350983 0.912415
v 0.058790 0.355677 0.912138
v 0.066930 0.350699 0.914690
v 0.063261 0.354436 0.912355
v 0.072647 0.345581 0.921263
v 0.069380 0.341857 0.921424
v 0.061186 0.356029 0.912272
v 0.053590 0.357063 0.916073
v 0.055717 0.358455 0.913894
v 0.053820 0.355984 0.917582
v 0.062570 0.356137 0.927235
v 0.059260 0.358958 0.922159
v 0.064527 0.358068 0.926079
v 0.060435 0.360540 0.920670
v 0.056089 0.360085 0.918637
v 0.055293 0.358745 0.919249
v 0.072767 0.345241 0.922817
v 0.075516 0.350042 0.924572
v 0.075231 0.350381 0.923290
v 0.068723 0.355343 0.917063
v 0.075151 0.353846 0.926580
v 0.071429 0.355836 0.929258
v 0.066789 0.358901 0.924395
v 0.068417 0.358403 0.920664
v 0.062108 0.361704 0.919872
v 0.064663 0.360465 0.918316
v 0.064978 0.357725 0.914297
v 0.058842 0.361964 0.916364
v 0.056980 0.361139 0.917536
v 0.057843 0.358770 0.913364
v 0.061651 0.361177 0.915811
v 0.061036 0.358610 0.913226
v 0.097153 0.353640 0.912830
v 0.099991 0.358737 0.913272
v 0.102788 0.356779 0.914031
v 0.099892 0.351837 0.914086
v 0.092590 0.350336 0.924349
v 0.092494 0.349527 0.919450
v 0.096027 0.346963 0.921026
v 0.097296 0.347073 0.926307
v 0.092944 0.355035 0.927559
v 0.099502 0.351010 0.930449
v 0.102273 0.344333 0.927018
v 0.099758 0.344708 0.921524
v 0.113125 0.339134 0.918170
v 0.115695 0.339818 0.924103
v 0.094568 0.350925 0.915442
v 0.097402 0.348929 0.916650
v 0.107667 0.362020 0.918326
v 0.106038 0.359553 0.914351
v 0.104415 0.361132 0.916767
v 0.104617 0.362971 0.920885
v 0.115017 0.344234 0.909341
v 0.118139 0.349442 0.909688
v 0.112888 0.341279 0.912740
v 0.108214 0.361087 0.924935
v 0.107868 0.356181 0.930350
v 0.121601 0.352994 0.924724
v 0.121591 0.356321 0.919573
v 0.099817 0.346815 0.916822
v 0.104213 0.355094 0.911999
v 0.101465 0.350217 0.912771
v 0.105616 0.348930 0.930096
v 0.101722 0.357934 0.930559
v 0.085559 0.371070 0.919905
v 0.099407 0.364383 0.925672
v 0.101306 0.365001 0.920021
v 0.087786 0.372444 0.916256
v 0.103372 0.362584 0.926484
v 0.096460 0.360548 0.928755
v 0.086347 0.361819 0.907437
v 0.088750 0.366661 0.908590
v 0.084783 0.358359 0.910058
v 0.119489 0.345112 0.927197
v 0.120555 0.356061 0.913280
v 0.081298 0.357565 0.916886
v 0.083011 0.357134 0.912792
v 0.101579 0.362932 0.916218
v 0.089297 0.371110 0.912141
v 0.083762 0.367160 0.922580
v 0.082164 0.360931 0.921876
v 0.079699 0.369382 0.919312
v 0.078287 0.363050 0.918762
v 0.078174 0.359084 0.914361
v 0.080875 0.358549 0.910426
v 0.083045 0.359800 0.907922
v 0.082073 0.373047 0.916334
v 0.084530 0.373951 0.913217
v 0.088043 0.371089 0.910929
v 0.079856 0.374860 0.912860
v 0.075323 0.371873 0.913899
v 0.069692 0.366601 0.898188
v 0.072530 0.364333 0.903068
v 0.072043 0.365239 0.903742
v 0.068700 0.367616 0.899225
v 0.074195 0.362458 0.909513
v 0.073252 0.363962 0.908680
v 0.073196 0.366873 0.911385
v 0.070207 0.369638 0.906112
v 0.073221 0.374768 0.907479
v 0.070279 0.376090 0.902910
v 0.067152 0.371619 0.901484
v 0.074226 0.371278 0.911971
v 0.067038 0.369662 0.897077
v 0.066872 0.368558 0.895511
v 0.073990 0.366033 0.913759
v 0.077927 0.360195 0.907214
v 0.074577 0.363161 0.901155
v 0.071830 0.365400 0.896151
v 0.070021 0.368696 0.893590
v 0.077818 0.364309 0.899394
v 0.074684 0.366597 0.895454
v 0.072926 0.369586 0.893254
v 0.080139 0.366681 0.898714
v 0.077085 0.368796 0.895540
v 0.084945 0.363299 0.905599
v 0.081775 0.360778 0.905904
v 0.074945 0.370580 0.893971
v 0.066146 0.373238 0.896238
v 0.069489 0.374368 0.893862
v 0.066498 0.372719 0.897870
v 0.074517 0.375997 0.908028
v 0.071243 0.378104 0.902143
v 0.076946 0.377193 0.907067
v 0.073602 0.379106 0.901295
v 0.068327 0.377361 0.898640
v 0.068065 0.376405 0.899369
v 0.085585 0.362661 0.906931
v 0.087892 0.367119 0.908195
v 0.087220 0.367486 0.906857
v 0.082025 0.371180 0.899314
v 0.087183 0.371636 0.909199
v 0.082440 0.375372 0.909990
v 0.079418 0.376836 0.904786
v 0.081344 0.375188 0.901752
v 0.076023 0.378455 0.899972
v 0.078039 0.376553 0.899125
v 0.078767 0.372664 0.896089
v 0.073480 0.377424 0.896682
v 0.070649 0.378213 0.897450
v 0.072695 0.374096 0.893565
v 0.075766 0.376307 0.896339
v 0.075183 0.373670 0.894129
v 0.119736 0.353593 0.910808
v 0.107945 0.370995 0.912646
v 0.109275 0.375029 0.912316
v 0.110739 0.374841 0.912952
v 0.110269 0.370410 0.912739
v 0.107758 0.367277 0.923496
v 0.106574 0.366751 0.918883
v 0.110316 0.364857 0.919804
v 0.111897 0.365473 0.924178
v 0.109651 0.371096 0.926620
v 0.113664 0.370076 0.927003
v 0.115523 0.364581 0.923508
v 0.113772 0.363792 0.919174
v 0.127829 0.359373 0.914903
v 0.132006 0.360469 0.918469
v 0.135206 0.377522 0.909299
v 0.133020 0.375110 0.904515
v 0.126230 0.377336 0.909384
v 0.129192 0.378835 0.913029
v 0.106956 0.368230 0.915191
v 0.109934 0.366646 0.915164
v 0.116091 0.381482 0.918204
v 0.114240 0.379272 0.914184
v 0.111954 0.378776 0.914162
v 0.112799 0.382035 0.917615
v 0.129511 0.370843 0.903752
v 0.127626 0.366174 0.905716
v 0.124165 0.367931 0.906746
v 0.123439 0.373373 0.907929
v 0.123882 0.363144 0.909956
v 0.117306 0.380462 0.922387
v 0.118044 0.375903 0.926515
v 0.135114 0.374262 0.920229
v 0.133093 0.377446 0.916731
v 0.111874 0.365927 0.915617
v 0.112846 0.374966 0.912324
v 0.111450 0.370756 0.912983
v 0.117845 0.368944 0.926707
v 0.113871 0.376795 0.926258
v 0.103191 0.384369 0.920400
v 0.110835 0.382204 0.921981
v 0.110935 0.382439 0.917120
v 0.104072 0.384836 0.917182
v 0.113452 0.381303 0.922118
v 0.109818 0.377976 0.925706
v 0.102337 0.373910 0.910857
v 0.104101 0.379056 0.911449
v 0.101075 0.371256 0.912699
v 0.135271 0.365776 0.920748
v 0.099509 0.370562 0.920179
v 0.099577 0.370133 0.915659
v 0.110080 0.379030 0.913790
v 0.104592 0.383038 0.913724
v 0.101682 0.380889 0.923506
v 0.100969 0.374494 0.924228
v 0.097276 0.381799 0.921101
v 0.096844 0.375390 0.921840
v 0.096690 0.371345 0.917153
v 0.098641 0.371101 0.913624
v 0.100462 0.372372 0.911205
v 0.099404 0.385243 0.918215
v 0.100985 0.385631 0.915654
v 0.102828 0.383558 0.912975
v 0.096023 0.385846 0.915749
v 0.092709 0.382345 0.916435
v 0.089278 0.376925 0.904580
v 0.091743 0.375165 0.907648
v 0.091017 0.375809 0.908429
v 0.088397 0.376968 0.905278
v 0.093624 0.373565 0.912690
v 0.092417 0.374893 0.912341
v 0.092453 0.377060 0.915306
v 0.089255 0.378737 0.911108
v 0.089768 0.384073 0.911835
v 0.087102 0.384757 0.908473
v 0.086607 0.379961 0.908354
v 0.091496 0.381353 0.915264
v 0.086125 0.378298 0.904064
v 0.086025 0.378371 0.902641
v 0.093279 0.376325 0.917314
v 0.096950 0.372481 0.910437
v 0.093045 0.374991 0.905372
v 0.089582 0.377234 0.902131
v 0.086859 0.379872 0.900965
v 0.095353 0.375847 0.904500
v 0.091262 0.378270 0.900819
v 0.088707 0.380922 0.899899
v 0.097572 0.378375 0.903939
v 0.093066 0.380195 0.900849
v 0.101821 0.376728 0.908337
v 0.099570 0.373883 0.908722
v 0.090313 0.381656 0.900213
v 0.084250 0.381707 0.903957
v 0.085933 0.383029 0.901763
v 0.084342 0.381268 0.905591
v 0.090465 0.385374 0.911888
v 0.087393 0.386296 0.907723
v 0.092165 0.387044 0.911118
v 0.088789 0.387345 0.906349
v 0.085170 0.385092 0.905095
v 0.085192 0.383793 0.906578
v 0.102059 0.375748 0.909630
v 0.103018 0.379551 0.910629
v 0.102379 0.380980 0.909501
v 0.098383 0.382409 0.904945
v 0.101404 0.384742 0.911906
v 0.098719 0.386405 0.914187
v 0.094350 0.387428 0.909418
v 0.096675 0.386252 0.907112
v 0.090318 0.387334 0.904718
v 0.092729 0.386187 0.903157
v 0.093921 0.383446 0.901519
v 0.088091 0.385474 0.902119
v 0.086447 0.385632 0.903126
v 0.087797 0.383547 0.900834
v 0.089926 0.385110 0.901448
v 0.090182 0.383627 0.900685
v 0.136058 0.376564 0.913257
v 0.083320 0.313285 0.843881
v 0.083768 0.316854 0.848410
v 0.080436 0.331500 0.841974
v 0.081213 0.327867 0.847904
v 0.079280 0.330809 0.835372
v 0.080488 0.321764 0.829533
v 0.080463 0.327125 0.831060
v 0.082493 0.322519 0.850227
v 0.083011 0.312124 0.837906
v 0.082044 0.315309 0.831539
v 0.075251 0.310416 0.840022
v 0.074140 0.314076 0.833184
v 0.072459 0.320251 0.830562
v 0.073575 0.326816 0.832437
v 0.073950 0.330605 0.835757
v 0.077256 0.313298 0.846306
v 0.078001 0.317379 0.850240
v 0.078017 0.324014 0.850963
v 0.070447 0.314833 0.850237
v 0.060787 0.315352 0.847571
v 0.047602 0.327654 0.840806
v 0.053994 0.327387 0.838480
v 0.053258 0.324720 0.839440
v 0.047364 0.324951 0.840960
v 0.058334 0.324161 0.836995
v 0.057048 0.323002 0.838737
v 0.058760 0.318859 0.841686
v 0.053394 0.319329 0.843109
v 0.058740 0.316905 0.846488
v 0.055419 0.317531 0.848764
v 0.048140 0.319681 0.844719
v 0.044110 0.323302 0.842590
v 0.043759 0.320336 0.846197
v 0.043344 0.326226 0.843778
v 0.059150 0.316746 0.840164
v 0.064032 0.327892 0.834834
v 0.056322 0.330398 0.838522
v 0.049182 0.330803 0.842252
v 0.044316 0.328670 0.845759
v 0.058612 0.333181 0.841209
v 0.052161 0.332557 0.845117
v 0.048106 0.330228 0.848747
v 0.060788 0.333741 0.845581
v 0.054407 0.332221 0.848426
v 0.072752 0.332267 0.842243
v 0.069054 0.331624 0.836922
v 0.050761 0.330320 0.849937
v 0.042118 0.321814 0.848045
v 0.043324 0.324505 0.850348
v 0.057414 0.317002 0.851579
v 0.050319 0.317267 0.850219
v 0.051521 0.318106 0.852997
v 0.060467 0.318195 0.854052
v 0.052840 0.319708 0.855119
v 0.045985 0.319115 0.852101
v 0.046359 0.318118 0.849381
v 0.076168 0.331900 0.841442
v 0.077987 0.329083 0.847132
v 0.074772 0.329209 0.847990
v 0.063415 0.330858 0.851060
v 0.074319 0.324654 0.852363
v 0.072492 0.318698 0.852730
v 0.062284 0.321208 0.855662
v 0.063728 0.325865 0.854864
v 0.054422 0.323001 0.855786
v 0.055507 0.325806 0.854943
v 0.055284 0.329977 0.852197
v 0.049472 0.324297 0.854519
v 0.047350 0.321323 0.854174
v 0.047060 0.326983 0.852000
v 0.051714 0.326062 0.854086
v 0.050596 0.328291 0.852235
v 0.136350 0.374812 0.901300
v 0.132045 0.369806 0.899769
v 0.135175 0.371953 0.895581
v 0.137737 0.374494 0.887716
v 0.145223 0.379498 0.882487
v 0.134993 0.368324 0.885721
v 0.132299 0.366087 0.894194
v 0.128159 0.362730 0.900877
v 0.136359 0.363606 0.876877
f 1558 1559 1557
f 1557 1559 1560
f 1561 1562 1564
f 1564 1562 1563
f 1565 1560 1566
f 1566 1560 1559
f 1568 1569 1567
f 1567 1569 1565
f 1570 1568 1572
f 1572 1568 1571
f 1574 1575 1573
f 1573 1575 1576
f 1578 1579 1577
f 1577 1579 1580
f 1582 1583 1581
f 1581 1583 1584
f 1586 1587 1585
f 1585 1587 1588
f 1589 1590 1592
f 1592 1590 1591
f 1593 1594 1596
f 1596 1594 1595
f 1597 1598 1562
f 1562 1598 1599
f 1562 1599 1563
f 1563 1599 1600
f 1601 1590 1602
f 1602 1590 1589
f 1604 1605 1603
f 1603 1605 1606
f 1608 1609 1607
f 1607 1609 1610
f 1612 1608 1611
f 1611 1608 1607
f 1614 1615 1613
f 1613 1615 1616
f 1617 1618 1560
f 1560 1618 1557
f 1620 1621 1619
f 1619 1621 1622
f 1624 1625 1623
f 1623 1625 1626
f 1628 1629 1627
f 1627 1629 1630
f 1632 1633 1631
f 1631 1633 1634
f 1609 1635 1610
f 1610 1635 1636
f 1638 1639 1637
f 1637 1639 1640
f 1641 1642 1608
f 1608 1642 1609
f 1613 1616 1643
f 1643 1616 1644
f 1645 1646 1599
f 1599 1646 1600
f 1599 1598 1645
f 1645 1598 1647
f 1596 1595 1648
f 1648 1595 1649
f 1650 1626 1620
f 1620 1626 1625
f 1569 1617 1565
f 1565 1617 1560
f 1581 1584 1625
f 1625 1584 1651
f 1652 1581 1624
f 1624 1581 1625
f 1654 1655 1653
f 1653 1655 1656
f 1657 1658 1660
f 1660 1658 1659
f 1662 1586 1661
f 1661 1586 1585
f 1607 1610 1663
f 1663 1610 1664
f 1610 1636 1664
f 1664 1636 1665
f 1667 1668 1666
f 1666 1668 1669
f 1671 1561 1670
f 1670 1561 1672
f 1671 1597 1561
f 1561 1597 1562
f 1592 1591 1667
f 1667 1591 1673
f 1591 1674 1673
f 1673 1674 1675
f 1590 1676 1591
f 1591 1676 1674
f 1590 1601 1676
f 1676 1601 1677
f 1681 1682 1680
f 1680 1682 1683
f 1684 1685 1570
f 1570 1685 1686
f 1589 1687 1602
f 1602 1687 1688
f 1689 1650 1619
f 1619 1650 1620
f 1690 1691 1693
f 1693 1691 1692
f 1695 1696 1694
f 1694 1696 1697
f 1633 1698 1634
f 1634 1698 1699
f 1700 1701 1576
f 1576 1701 1702
f 1704 1705 1703
f 1703 1705 1628
f 1707 1708 1706
f 1706 1708 1709
f 1638 1657 1639
f 1639 1657 1660
f 1657 1638 1711
f 1711 1638 1710
f 1712 1713 1614
f 1614 1713 1615
f 1714 1624 1703
f 1703 1624 1623
f 1715 1702 1571
f 1571 1702 1572
f 1624 1714 1652
f 1652 1714 1716
f 1685 1622 1686
f 1686 1622 1621
f 1718 1719 1717
f 1717 1719 1720
f 1722 1723 1721
f 1721 1723 1724
f 1726 1727 1725
f 1725 1727 1728
f 1730 1727 1729
f 1729 1727 1726
f 1732 1733 1731
f 1731 1733 1734
f 1736 1737 1735
f 1735 1737 1580
f 1738 1739 1577
f 1577 1739 1740
f 1637 1741 1638
f 1638 1741 1710
f 1742 1743 1744
f 1744 1743 1700
f 1714 1627 1716
f 1716 1627 1745
f 1746 1691 1713
f 1713 1691 1615
f 1725 1728 1695
f 1695 1728 1696
f 1703 1628 1714
f 1714 1628 1627
f 1748 1749 1747
f 1747 1749 1750
f 1723 1722 1605
f 1605 1722 1751
f 1752 1746 1606
f 1606 1746 1713
f 1753 1754 1756
f 1756 1754 1755
f 1577 1580 1738
f 1738 1580 1737
f 1702 1715 1576
f 1576 1715 1573
f 1738 1737 1637
f 1637 1737 1741
f 1757 1741 1736
f 1736 1741 1737
f 1758 1759 1639
f 1639 1759 1640
f 1761 1762 1760
f 1760 1762 1641
f 1763 1578 1740
f 1740 1578 1577
f 1735 1580 1764
f 1764 1580 1579
f 1764 1765 1735
f 1735 1765 1761
f 1765 1766 1761
f 1761 1766 1762
f 1768 1762 1767
f 1767 1762 1766
f 1735 1761 1736
f 1736 1761 1760
f 1769 1732 1644
f 1644 1732 1770
f 1642 1641 1768
f 1768 1641 1762
f 1749 1773 1774
f 1773 1775 1774
f 1774 1775 1776
f 1775 1574 1776
f 1776 1574 1573
f 1575 1777 1576
f 1576 1777 1700
f 1778 1779 1781
f 1781 1779 1780
f 1731 1782 1732
f 1732 1782 1770
f 1783 1643 1770
f 1770 1643 1644
f 1776 1573 1784
f 1784 1573 1715
f 1690 1769 1616
f 1616 1769 1644
f 1694 1785 1707
f 1707 1785 1708
f 1749 1748 1766
f 1766 1748 1767
f 1786 1750 1774
f 1774 1750 1749
f 1787 1788 1784
f 1784 1788 1786
f 1789 1790 1647
f 1647 1790 1645
f 1791 1792 1649
f 1649 1792 1648
f 1786 1788 1790
f 1790 1788 1793
f 1603 1794 1604
f 1604 1794 1795
f 1796 1747 1791
f 1791 1747 1792
f 1561 1564 1672
f 1672 1564 1797
f 1798 1799 1745
f 1745 1799 1716
f 1800 1801 1654
f 1654 1801 1655
f 1712 1802 1603
f 1603 1802 1794
f 1632 1803 1633
f 1633 1803 1804
f 1806 1681 1805
f 1805 1681 1680
f 1808 1809 1807
f 1807 1809 1810
f 1667 1666 1592
f 1592 1666 1811
f 1812 1589 1811
f 1811 1589 1592
f 1813 1814 1710
f 1710 1814 1711
f 1619 1725 1689
f 1689 1725 1695
f 1622 1726 1619
f 1619 1726 1725
f 1729 1726 1685
f 1685 1726 1622
f 1685 1684 1729
f 1729 1684 1815
f 1684 1816 1815
f 1815 1816 1817
f 1769 1690 1818
f 1818 1690 1693
f 1819 1820 1742
f 1742 1820 1743
f 1668 1821 1669
f 1669 1821 1822
f 1567 1823 1824
f 1790 1789 1786
f 1786 1789 1750
f 1709 1825 1626
f 1626 1825 1623
f 1731 1734 1721
f 1721 1734 1697
f 1706 1709 1650
f 1650 1709 1626
f 1827 1777 1826
f 1826 1777 1763
f 1825 1709 1828
f 1828 1709 1708
f 1677 1601 1665
f 1665 1601 1664
f 1603 1606 1712
f 1712 1606 1713
f 1613 1829 1614
f 1614 1829 1830
f 1701 1831 1816
f 1816 1831 1817
f 1832 1705 1699
f 1699 1705 1634
f 1704 1825 1631
f 1631 1825 1828
f 1763 1833 1826
f 1826 1833 1834
f 1751 1752 1605
f 1605 1752 1606
f 1615 1691 1616
f 1616 1691 1690
f 1639 1660 1758
f 1758 1660 1835
f 1705 1704 1634
f 1634 1704 1631
f 1803 1834 1804
f 1804 1834 1833
f 1739 1738 1640
f 1640 1738 1637
f 1604 1795 1837
f 1837 1795 1838
f 1783 1779 1839
f 1839 1779 1778
f 1779 1782 1780
f 1780 1782 1724
f 1837 1838 1780
f 1780 1838 1781
f 1721 1724 1731
f 1731 1724 1782
f 1820 1819 1694
f 1694 1819 1785
f 1570 1572 1684
f 1684 1572 1816
f 1776 1784 1774
f 1774 1784 1786
f 1643 1783 1840
f 1840 1783 1839
f 1816 1572 1701
f 1701 1572 1702
f 1800 1654 1814
f 1814 1654 1711
f 1614 1830 1712
f 1712 1830 1802
f 1663 1841 1607
f 1607 1841 1611
f 1799 1842 1716
f 1716 1842 1652
f 1790 1793 1645
f 1645 1793 1646
f 1602 1688 1663
f 1663 1688 1841
f 1809 1808 1805
f 1805 1808 1806
f 1842 1582 1652
f 1652 1582 1581
f 1662 1661 1843
f 1843 1661 1844
f 1828 1708 1845
f 1845 1708 1785
f 1694 1707 1695
f 1695 1707 1689
f 1739 1846 1717
f 1717 1846 1718
f 1847 1848 1833
f 1833 1848 1849
f 1707 1706 1689
f 1689 1706 1650
f 1818 1831 1733
f 1733 1831 1743
f 1700 1743 1701
f 1701 1743 1831
f 1829 1613 1840
f 1840 1613 1643
f 1730 1692 1746
f 1746 1692 1691
f 1667 1673 1668
f 1668 1673 1594
f 1673 1675 1594
f 1594 1675 1679
f 1668 1594 1821
f 1821 1594 1593
f 1843 1844 1810
f 1810 1844 1807
f 1784 1715 1787
f 1787 1715 1571
f 1779 1783 1782
f 1782 1783 1770
f 1703 1623 1704
f 1704 1623 1825
f 1780 1724 1837
f 1837 1724 1723
f 1755 1719 1756
f 1756 1719 1718
f 1601 1602 1664
f 1664 1602 1663
f 1837 1723 1604
f 1604 1723 1605
f 1717 1720 1847
f 1847 1720 1848
f 1594 1679 1595
f 1849 1850 1833
f 1833 1850 1804
f 1840 1839 1852
f 1852 1839 1851
f 1840 1852 1829
f 1829 1852 1853
f 1830 1829 1854
f 1854 1829 1853
f 1802 1830 1855
f 1855 1830 1854
f 1839 1778 1851
f 1851 1778 1856
f 1778 1781 1856
f 1856 1781 1857
f 1857 1781 1858
f 1858 1781 1838
f 1859 1860 1856
f 1856 1860 1851
f 1862 1863 1861
f 1861 1863 1864
f 1865 1866 1864
f 1864 1866 1861
f 1864 1863 1868
f 1868 1863 1867
f 1869 1870 1868
f 1868 1870 1871
f 1867 1872 1868
f 1868 1872 1869
f 1873 1860 1867
f 1867 1860 1872
f 1871 1865 1868
f 1868 1865 1864
f 1874 1875 1877
f 1877 1875 1876
f 1875 1874 1865
f 1865 1874 1866
f 1867 1863 1873
f 1873 1863 1862
f 1862 1853 1873
f 1873 1853 1852
f 1862 1878 1853
f 1853 1878 1854
f 1861 1879 1862
f 1862 1879 1878
f 1879 1861 1880
f 1880 1861 1866
f 1860 1873 1851
f 1851 1873 1852
f 1874 1881 1866
f 1866 1881 1880
f 1879 1880 1882
f 1882 1880 1883
f 1880 1881 1883
f 1883 1881 1884
f 1882 1883 1885
f 1885 1883 1886
f 1885 1887 1882
f 1882 1887 1888
f 1889 1886 1884
f 1884 1886 1883
f 1879 1882 1878
f 1878 1882 1888
f 1878 1888 1854
f 1854 1888 1855
f 1881 1874 1890
f 1890 1874 1877
f 1869 1872 1891
f 1891 1872 1860
f 1891 1892 1869
f 1869 1892 1870
f 1860 1859 1891
f 1891 1859 1893
f 1892 1891 1894
f 1894 1891 1893
f 1892 1895 1870
f 1870 1895 1896
f 1802 1855 1794
f 1794 1855 1897
f 1795 1898 1838
f 1838 1898 1858
f 1898 1795 1897
f 1897 1795 1794
f 1897 1887 1898
f 1898 1887 1899
f 1887 1885 1899
f 1899 1885 1900
f 1898 1899 1858
f 1858 1899 1901
f 1897 1855 1887
f 1887 1855 1888
f 1902 1857 1901
f 1901 1857 1858
f 1902 1859 1857
f 1857 1859 1856
f 1903 1893 1902
f 1902 1893 1859
f 1903 1902 1904
f 1904 1902 1901
f 1905 1903 1906
f 1906 1903 1904
f 1899 1900 1901
f 1901 1900 1904
f 1900 1907 1904
f 1904 1907 1906
f 1893 1903 1894
f 1894 1903 1905
f 1909 1894 1908
f 1908 1894 1905
f 1908 1911 1910
f 1910 1911 1912
f 1908 1905 1911
f 1911 1905 1906
f 1908 1910 1909
f 1909 1910 1890
f 1909 1890 1895
f 1895 1890 1877
f 1895 1892 1909
f 1909 1892 1894
f 1885 1886 1900
f 1900 1886 1907
f 1912 1907 1889
f 1889 1907 1886
f 1912 1911 1907
f 1907 1911 1906
f 1910 1912 1884
f 1884 1912 1889
f 1884 1881 1910
f 1910 1881 1890
f 1865 1871 1875
f 1875 1871 1876
f 1876 1896 1877
f 1877 1896 1895
f 1876 1871 1896
f 1896 1871 1870
f 1693 1692 1817
f 1817 1692 1815
f 1696 1722 1697
f 1697 1722 1721
f 1728 1727 1751
f 1751 1727 1752
f 1727 1730 1752
f 1752 1730 1746
f 1734 1733 1820
f 1820 1733 1743
f 1728 1751 1696
f 1696 1751 1722
f 1693 1817 1818
f 1818 1817 1831
f 1734 1820 1697
f 1697 1820 1694
f 1818 1733 1769
f 1769 1733 1732
f 1692 1730 1815
f 1815 1730 1729
f 1914 1915 1913
f 1913 1915 1916
f 1918 1919 1917
f 1917 1919 1920
f 1917 1920 1921
f 1921 1920 1922
f 1923 1924 1926
f 1926 1924 1925
f 1632 1927 1803
f 1803 1927 1928
f 1929 1930 1918
f 1918 1930 1919
f 1932 1933 1931
f 1931 1933 1934
f 1845 1785 1936
f 1936 1785 1935
f 1937 1935 1819
f 1819 1935 1785
f 1939 1940 1938
f 1938 1940 1941
f 1942 1924 1930
f 1930 1924 1919
f 1632 1845 1927
f 1927 1845 1936
f 1933 1932 1915
f 1915 1932 1943
f 1944 1942 1916
f 1916 1942 1930
f 1945 1939 1922
f 1922 1939 1946
f 1948 1949 1947
f 1947 1949 1950
f 1939 1938 1946
f 1946 1938 1951
f 1952 1921 1946
f 1946 1921 1922
f 1945 1922 1923
f 1923 1922 1920
f 1913 1953 1914
f 1914 1953 1954
f 1929 1955 1913
f 1913 1955 1953
f 1945 1923 1956
f 1956 1923 1926
f 1938 1941 1931
f 1931 1941 1928
f 1913 1916 1929
f 1929 1916 1930
f 1917 1957 1918
f 1918 1957 1958
f 1943 1944 1915
f 1915 1944 1916
f 1919 1924 1920
f 1920 1924 1923
f 1914 1954 1959
f 1959 1954 1960
f 1952 1948 1961
f 1961 1948 1947
f 1948 1951 1949
f 1949 1951 1934
f 1949 1959 1950
f 1950 1959 1960
f 1931 1934 1938
f 1938 1934 1951
f 1921 1952 1962
f 1962 1952 1961
f 1918 1958 1929
f 1929 1958 1955
f 1827 1826 1956
f 1956 1826 1940
f 1957 1917 1962
f 1962 1917 1921
f 1937 1925 1942
f 1942 1925 1924
f 1948 1952 1951
f 1951 1952 1946
f 1949 1934 1959
f 1959 1934 1933
f 1959 1933 1914
f 1914 1933 1915
f 1962 1961 1964
f 1964 1961 1963
f 1962 1964 1957
f 1957 1964 1965
f 1957 1965 1958
f 1958 1965 1966
f 1958 1966 1955
f 1955 1966 1967
f 1961 1947 1963
f 1963 1947 1968
f 1947 1950 1968
f 1968 1950 1969
f 1950 1960 1969
f 1969 1960 1970
f 1971 1972 1968
f 1968 1972 1963
f 1974 1975 1973
f 1973 1975 1976
f 1977 1978 1974
f 1974 1978 1975
f 1975 1978 1980
f 1980 1978 1979
f 1981 1982 1980
f 1980 1982 1983
f 1979 1984 1980
f 1980 1984 1981
f 1983 1976 1980
f 1980 1976 1975
f 1976 1985 1973
f 1973 1985 1986
f 1979 1978 1987
f 1987 1978 1977
f 1977 1965 1987
f 1987 1965 1964
f 1977 1988 1965
f 1965 1988 1966
f 1974 1989 1977
f 1977 1989 1988
f 1990 1989 1973
f 1973 1989 1974
f 1987 1972 1979
f 1979 1972 1984
f 1972 1987 1963
f 1963 1987 1964
f 1991 1990 1986
f 1986 1990 1973
f 1989 1990 1992
f 1992 1990 1993
f 1990 1991 1993
f 1993 1991 1994
f 1992 1993 1995
f 1995 1993 1996
f 1995 1997 1992
f 1992 1997 1998
f 1994 1999 1993
f 1993 1999 1996
f 1992 1998 1989
f 1989 1998 1988
f 1988 1998 1966
f 1966 1998 1967
f 1991 1986 2001
f 2001 1986 2000
f 1986 1985 2000
f 2000 1985 2002
f 1981 1984 2003
f 2003 1984 1972
f 1982 1981 2004
f 2004 1981 2003
f 1972 1971 2003
f 2003 1971 2005
f 2003 2005 2004
f 2004 2005 2006
f 2007 2008 2004
f 2004 2008 1982
f 2002 2008 2000
f 2000 2008 2007
f 1955 1967 1953
f 1953 1967 2009
f 1954 2010 1960
f 1960 2010 1970
f 2010 1954 2009
f 2009 1954 1953
f 2009 1997 2010
f 2010 1997 2011
f 1997 1995 2011
f 2011 1995 2012
f 2010 2011 1970
f 1970 2011 2013
f 1997 2009 1998
f 1998 2009 1967
f 2014 1969 2013
f 2013 1969 1970
f 2014 1971 1969
f 1969 1971 1968
f 2014 2015 1971
f 1971 2015 2005
f 2015 2014 2016
f 2016 2014 2013
f 2017 2015 2018
f 2018 2015 2016
f 2011 2012 2013
f 2013 2012 2016
f 2012 2019 2016
f 2016 2019 2018
f 2015 2017 2005
f 2005 2017 2006
f 2021 2006 2020
f 2020 2006 2017
f 2020 2023 2022
f 2022 2023 2024
f 2020 2017 2023
f 2023 2017 2018
f 2020 2022 2021
f 2021 2022 2001
f 2021 2001 2007
f 2007 2001 2000
f 2007 2004 2021
f 2021 2004 2006
f 1995 1996 2012
f 2012 1996 2019
f 2024 2019 1999
f 1999 2019 1996
f 2024 2023 2019
f 2019 2023 2018
f 2022 2024 1994
f 1994 2024 1999
f 1994 1991 2022
f 2022 1991 2001
f 1976 1983 1985
f 1985 1983 2002
f 2002 1983 2008
f 2008 1983 1982
f 1926 1925 1744
f 1744 1925 1742
f 1927 1932 1928
f 1928 1932 1931
f 1936 1935 1943
f 1943 1935 1944
f 1935 1937 1944
f 1944 1937 1942
f 1941 1940 1834
f 1834 1940 1826
f 1936 1943 1927
f 1927 1943 1932
f 1956 1926 1827
f 1827 1926 1744
f 1941 1834 1928
f 1928 1834 1803
f 1956 1940 1945
f 1945 1940 1939
f 1925 1937 1742
f 1742 1937 1819
f 1777 1827 1700
f 1700 1827 1744
f 1777 1575 1763
f 1763 1575 1578
f 1575 1574 1578
f 1578 1574 1579
f 1574 1775 1579
f 1579 1775 1764
f 2025 2026 2028
f 2028 2026 2027
f 2030 2031 2029
f 2029 2031 2032
f 2029 2032 2033
f 2033 2032 2034
f 2036 2037 2035
f 2035 2037 2038
f 2039 2040 2030
f 2030 2040 2031
f 2042 2043 2041
f 2041 2043 2044
f 2045 2046 1633
f 1633 2046 1698
f 2047 2045 1804
f 1804 2045 1633
f 2049 2050 2048
f 2048 2050 2051
f 2052 2036 2040
f 2040 2036 2031
f 2042 2053 2043
f 2043 2053 2027
f 2054 2052 2028
f 2028 2052 2040
f 2055 2049 2034
f 2034 2049 2056
f 2057 2058 2060
f 2060 2058 2059
f 2049 2048 2056
f 2056 2048 2061
f 2062 2033 2056
f 2056 2033 2034
f 2055 2034 2035
f 2035 2034 2032
f 2025 2063 2026
f 2026 2063 2064
f 2039 2065 2025
f 2025 2065 2063
f 2035 2038 2055
f 2055 2038 2066
f 2048 2051 2041
f 2041 2051 2067
f 2039 2025 2040
f 2040 2025 2028
f 2029 2068 2030
f 2030 2068 2069
f 2053 2054 2027
f 2027 2054 2028
f 2031 2036 2032
f 2032 2036 2035
f 2026 2064 2070
f 2070 2064 2071
f 2062 2058 2072
f 2072 2058 2057
f 2059 2058 2044
f 2044 2058 2061
f 2070 2071 2059
f 2059 2071 2060
f 2041 2044 2048
f 2048 2044 2061
f 2033 2062 2073
f 2073 2062 2072
f 2030 2069 2039
f 2039 2069 2065
f 2066 1848 2050
f 2050 1848 1720
f 2068 2029 2073
f 2073 2029 2033
f 2047 2037 2052
f 2052 2037 2036
f 2058 2062 2061
f 2061 2062 2056
f 2059 2044 2070
f 2070 2044 2043
f 2070 2043 2026
f 2026 2043 2027
f 2073 2072 2075
f 2075 2072 2074
f 2073 2075 2068
f 2068 2075 2076
f 2068 2076 2069
f 2069 2076 2077
f 2069 2077 2065
f 2065 2077 2078
f 2072 2057 2074
f 2074 2057 2079
f 2057 2060 2079
f 2079 2060 2080
f 2080 2060 2081
f 2081 2060 2071
f 2082 2083 2079
f 2079 2083 2074
f 2085 2086 2084
f 2084 2086 2087
f 2088 2089 2085
f 2085 2089 2086
f 2086 2089 2091
f 2091 2089 2090
f 2092 2093 2091
f 2091 2093 2094
f 2090 2095 2091
f 2091 2095 2092
f 2094 2087 2091
f 2091 2087 2086
f 2096 2097 2087
f 2087 2097 2084
f 2089 2088 2090
f 2090 2088 2098
f 2088 2076 2098
f 2098 2076 2075
f 2088 2099 2076
f 2076 2099 2077
f 2085 2100 2088
f 2088 2100 2099
f 2100 2085 2101
f 2101 2085 2084
f 2090 2098 2095
f 2095 2098 2083
f 2083 2098 2074
f 2074 2098 2075
f 2097 2102 2084
f 2084 2102 2101
f 2103 2100 2104
f 2104 2100 2101
f 2102 2105 2101
f 2101 2105 2104
f 2106 2103 2107
f 2107 2103 2104
f 2103 2106 2109
f 2109 2106 2108
f 2105 2110 2104
f 2104 2110 2107
f 2100 2103 2099
f 2099 2103 2109
f 2099 2109 2077
f 2077 2109 2078
f 2102 2097 2112
f 2112 2097 2111
f 2097 2096 2111
f 2111 2096 2113
f 2092 2095 2114
f 2114 2095 2083
f 2093 2092 2115
f 2115 2092 2114
f 2083 2082 2114
f 2114 2082 2116
f 2115 2114 2117
f 2117 2114 2116
f 2115 2118 2093
f 2093 2118 2119
f 2113 2119 2111
f 2111 2119 2118
f 2065 2078 2063
f 2063 2078 2120
f 2064 2121 2071
f 2071 2121 2081
f 2121 2064 2120
f 2120 2064 2063
f 2120 2108 2121
f 2121 2108 2122
f 2108 2106 2122
f 2122 2106 2123
f 2121 2122 2081
f 2081 2122 2124
f 2120 2078 2108
f 2108 2078 2109
f 2125 2080 2124
f 2124 2080 2081
f 2125 2082 2080
f 2080 2082 2079
f 2126 2116 2125
f 2125 2116 2082
f 2126 2125 2127
f 2127 2125 2124
f 2128 2126 2129
f 2129 2126 2127
f 2122 2123 2124
f 2124 2123 2127
f 2123 2130 2127
f 2127 2130 2129
f 2126 2128 2116
f 2116 2128 2117
f 2132 2117 2131
f 2131 2117 2128
f 2131 2134 2133
f 2133 2134 2135
f 2131 2128 2134
f 2134 2128 2129
f 2131 2133 2132
f 2132 2133 2112
f 2132 2112 2118
f 2118 2112 2111
f 2118 2115 2132
f 2132 2115 2117
f 2106 2107 2123
f 2123 2107 2130
f 2135 2130 2110
f 2110 2130 2107
f 2135 2134 2130
f 2130 2134 2129
f 2135 2110 2133
f 2133 2110 2105
f 2105 2102 2133
f 2133 2102 2112
f 2087 2094 2096
f 2096 2094 2113
f 2113 2094 2119
f 2119 2094 2093
f 2037 1850 2038
f 2038 1850 1849
f 2136 2042 2067
f 2067 2042 2041
f 2046 2045 2053
f 2053 2045 2054
f 2045 2047 2054
f 2054 2047 2052
f 1719 2051 1720
f 1720 2051 2050
f 2136 2046 2042
f 2042 2046 2053
f 2038 1849 2066
f 2066 1849 1848
f 2051 1719 2067
f 2067 1719 1755
f 2050 2049 2066
f 2066 2049 2055
f 2037 2047 1850
f 1850 2047 1804
f 2138 2139 2137
f 2137 2139 2140
f 2142 2143 2141
f 2141 2143 2144
f 2141 2144 2145
f 2145 2144 2146
f 2148 2149 2147
f 2147 2149 2150
f 2151 2152 2154
f 2154 2152 2153
f 2155 2156 2142
f 2142 2156 2143
f 2157 2158 2160
f 2160 2158 2159
f 2161 2162 2164
f 2164 2162 2163
f 2165 2163 1756
f 1756 2163 2162
f 2166 2167 2169
f 2169 2167 2168
f 2156 2170 2143
f 2143 2170 2148
f 2152 2161 2153
f 2153 2161 2164
f 2158 2171 2159
f 2159 2171 2139
f 2172 2170 2140
f 2140 2170 2156
f 2167 2174 2173
f 2173 2174 2146
f 2176 2177 2175
f 2175 2177 2178
f 2166 2179 2167
f 2167 2179 2174
f 2180 2145 2174
f 2174 2145 2146
f 2173 2146 2147
f 2147 2146 2144
f 2137 2181 2138
f 2138 2181 2182
f 2155 2183 2137
f 2137 2183 2181
f 2147 2150 2173
f 2173 2150 2184
f 2157 2166 2154
f 2154 2166 2169
f 2137 2140 2155
f 2155 2140 2156
f 2141 2185 2142
f 2142 2185 2186
f 2171 2172 2139
f 2139 2172 2140
f 2143 2148 2144
f 2144 2148 2147
f 2138 2182 2187
f 2187 2182 2188
f 2180 2176 2189
f 2189 2176 2175
f 2177 2176 2160
f 2160 2176 2179
f 2187 2188 2177
f 2177 2188 2178
f 2166 2157 2179
f 2179 2157 2160
f 2145 2180 2190
f 2190 2180 2189
f 2142 2186 2155
f 2155 2186 2183
f 1759 1758 2184
f 2184 1758 2168
f 2185 2141 2190
f 2190 2141 2145
f 2165 2149 2170
f 2170 2149 2148
f 2176 2180 2179
f 2179 2180 2174
f 2187 2177 2159
f 2159 2177 2160
f 2138 2187 2139
f 2139 2187 2159
f 2190 2189 2192
f 2192 2189 2191
f 2190 2192 2185
f 2185 2192 2193
f 2185 2193 2186
f 2186 2193 2194
f 2186 2194 2183
f 2183 2194 2195
f 2189 2175 2191
f 2191 2175 2196
f 2175 2178 2196
f 2196 2178 2197
f 2197 2178 2198
f 2198 2178 2188
f 2200 2191 2199
f 2199 2191 2196
f 2201 2202 2204
f 2204 2202 2203
f 2205 2206 2202
f 2202 2206 2203
f 2203 2206 2208
f 2208 2206 2207
f 2208 2209 2211
f 2211 2209 2210
f 2207 2212 2208
f 2208 2212 2209
f 2211 2204 2208
f 2208 2204 2203
f 2204 2213 2201
f 2201 2213 2214
f 2206 2205 2207
f 2207 2205 2215
f 2205 2193 2215
f 2215 2193 2192
f 2205 2216 2193
f 2193 2216 2194
f 2217 2216 2202
f 2202 2216 2205
f 2218 2217 2201
f 2201 2217 2202
f 2207 2215 2212
f 2212 2215 2200
f 2200 2215 2191
f 2191 2215 2192
f 2219 2218 2214
f 2214 2218 2201
f 2220 2217 2221
f 2221 2217 2218
f 2219 2222 2218
f 2218 2222 2221
f 2223 2220 2224
f 2224 2220 2221
f 2220 2223 2226
f 2226 2223 2225
f 2222 2227 2221
f 2221 2227 2224
f 2217 2220 2216
f 2216 2220 2226
f 2216 2226 2194
f 2194 2226 2195
f 2214 2228 2219
f 2219 2228 2229
f 2214 2213 2228
f 2228 2213 2230
f 2209 2212 2231
f 2231 2212 2200
f 2209 2231 2210
f 2210 2231 2232
f 2231 2200 2233
f 2233 2200 2199
f 2232 2231 2234
f 2234 2231 2233
f 2235 2236 2232
f 2232 2236 2210
f 2230 2236 2228
f 2228 2236 2235
f 2183 2195 2181
f 2181 2195 2237
f 2182 2238 2188
f 2188 2238 2198
f 2237 2238 2181
f 2181 2238 2182
f 2225 2239 2237
f 2237 2239 2238
f 2223 2240 2225
f 2225 2240 2239
f 2238 2239 2198
f 2198 2239 2241
f 2237 2195 2225
f 2225 2195 2226
f 2242 2197 2241
f 2241 2197 2198
f 2197 2242 2196
f 2196 2242 2199
f 2242 2243 2199
f 2199 2243 2233
f 2243 2242 2244
f 2244 2242 2241
f 2245 2243 2246
f 2246 2243 2244
f 2239 2240 2241
f 2241 2240 2244
f 2240 2247 2244
f 2244 2247 2246
f 2243 2245 2233
f 2233 2245 2234
f 2249 2234 2248
f 2248 2234 2245
f 2248 2251 2250
f 2250 2251 2252
f 2248 2245 2251
f 2251 2245 2246
f 2248 2250 2249
f 2249 2250 2229
f 2249 2229 2235
f 2235 2229 2228
f 2235 2232 2249
f 2249 2232 2234
f 2240 2223 2247
f 2247 2223 2224
f 2252 2247 2227
f 2227 2247 2224
f 2252 2251 2247
f 2247 2251 2246
f 2250 2252 2222
f 2222 2252 2227
f 2222 2219 2250
f 2250 2219 2229
f 2204 2211 2213
f 2213 2211 2230
f 2230 2211 2236
f 2236 2211 2210
f 2149 1718 2150
f 2150 1718 1846
f 2154 2153 2157
f 2157 2153 2158
f 2171 2164 2172
f 2172 2164 2163
f 2163 2165 2172
f 2172 2165 2170
f 2253 2151 2169
f 2169 2151 2154
f 2153 2164 2158
f 2158 2164 2171
f 2150 1846 2184
f 2184 1846 1759
f 2184 2168 2173
f 2173 2168 2167
f 2149 2165 1718
f 1718 2165 1756
f 1661 1585 2254
f 2254 1585 2255
f 1824 1682 2257
f 2257 1682 2256
f 1682 1681 2256
f 2256 1681 2258
f 1808 2259 1806
f 1806 2259 2260
f 1588 1824 2261
f 2261 1824 2257
f 1844 1661 2262
f 2262 1661 2254
f 1585 1588 2255
f 2255 1588 2261
f 2263 1807 2262
f 2262 1807 1844
f 1806 2260 1681
f 1681 2260 2258
f 2259 1808 2263
f 2263 1808 1807
f 2262 2264 2263
f 2263 2264 2265
f 2263 2265 2259
f 2259 2265 2266
f 2259 2266 2260
f 2260 2266 2267
f 2260 2267 2258
f 2258 2267 2268
f 2262 2254 2264
f 2264 2254 2269
f 2254 2255 2269
f 2269 2255 2270
f 2255 2261 2270
f 2270 2261 2271
f 2273 2264 2272
f 2272 2264 2269
f 2275 2276 2274
f 2274 2276 2277
f 2278 2279 2275
f 2275 2279 2276
f 2280 2281 2279
f 2279 2281 2276
f 2280 2282 2281
f 2281 2282 2283
f 2284 2277 2281
f 2281 2277 2276
f 2277 2284 2285
f 2285 2284 2286
f 2285 2287 2277
f 2277 2287 2274
f 2280 2279 2288
f 2288 2279 2278
f 2278 2266 2288
f 2288 2266 2265
f 2278 2289 2266
f 2266 2289 2267
f 2275 2290 2278
f 2278 2290 2289
f 2290 2275 2291
f 2291 2275 2274
f 2280 2288 2282
f 2282 2288 2273
f 2273 2288 2264
f 2264 2288 2265
f 2287 2292 2274
f 2274 2292 2291
f 2293 2290 2294
f 2294 2290 2291
f 2292 2295 2291
f 2291 2295 2294
f 2296 2293 2297
f 2297 2293 2294
f 2293 2296 2299
f 2299 2296 2298
f 2295 2300 2294
f 2294 2300 2297
f 2290 2293 2289
f 2289 2293 2299
f 2289 2299 2267
f 2267 2299 2268
f 2292 2287 2302
f 2302 2287 2301
f 2287 2285 2301
f 2301 2285 2286
f 2283 2282 2303
f 2303 2282 2273
f 2304 2283 2305
f 2305 2283 2303
f 2303 2273 2306
f 2306 2273 2272
f 2305 2303 2307
f 2307 2303 2306
f 2305 2308 2304
f 2304 2308 2309
f 2286 2309 2301
f 2301 2309 2308
f 2284 2281 2304
f 2304 2281 2283
f 2286 2284 2309
f 2309 2284 2304
f 2256 2258 2310
f 2310 2258 2268
f 2261 2257 2271
f 2271 2257 2311
f 2310 2311 2256
f 2256 2311 2257
f 2298 2312 2310
f 2310 2312 2311
f 2296 2313 2298
f 2298 2313 2312
f 2311 2312 2271
f 2271 2312 2314
f 2310 2268 2298
f 2298 2268 2299
f 2315 2270 2314
f 2314 2270 2271
f 2270 2315 2269
f 2269 2315 2272
f 2315 2316 2272
f 2272 2316 2306
f 2316 2315 2317
f 2317 2315 2314
f 2318 2316 2319
f 2319 2316 2317
f 2312 2313 2314
f 2314 2313 2317
f 2313 2320 2317
f 2317 2320 2319
f 2316 2318 2306
f 2306 2318 2307
f 2322 2307 2321
f 2321 2307 2318
f 2323 2321 2325
f 2325 2321 2324
f 2321 2318 2324
f 2324 2318 2319
f 2321 2323 2322
f 2322 2323 2302
f 2322 2302 2308
f 2308 2302 2301
f 2308 2305 2322
f 2322 2305 2307
f 2313 2296 2320
f 2320 2296 2297
f 2325 2320 2300
f 2300 2320 2297
f 2325 2324 2320
f 2320 2324 2319
f 2323 2325 2295
f 2295 2325 2300
f 2295 2292 2323
f 2323 2292 2302
f 1775 1773 1764
f 1764 1773 1765
f 1765 1773 1766
f 1766 1773 1749
f 1754 2136 1755
f 1755 2136 2067
f 1632 1631 1845
f 1845 1631 1828
f 1833 1763 1847
f 1847 1763 1740
f 1846 1739 1759
f 1759 1739 1640
f 2046 2136 1698
f 1698 2136 1754
f 1698 1754 1699
f 1699 1754 1753
f 1705 1832 1628
f 1628 1832 1629
f 1660 1659 1835
f 1835 1659 2326
f 2326 2152 1835
f 1835 2152 2151
f 2161 2152 2327
f 2327 2152 2326
f 2327 2326 2328
f 2328 2326 1659
f 2328 1659 2329
f 2329 1659 1658
f 1711 2330 1657
f 1657 2330 1658
f 2329 1658 1653
f 1653 1658 2330
f 2331 2329 1656
f 1656 2329 1653
f 2329 2331 2328
f 2328 2331 2332
f 2328 2332 2327
f 2327 2332 2333
f 1756 2162 1753
f 1753 2162 2333
f 1745 1627 2334
f 2334 1627 1630
f 1653 2330 1654
f 1654 2330 1711
f 1739 1717 1740
f 1740 1717 1847
f 2333 1832 1753
f 1753 1832 1699
f 2333 2162 2327
f 2327 2162 2161
f 2169 2168 2253
f 2253 2168 1758
f 2151 2253 1835
f 1835 2253 1758
f 1629 1832 2332
f 2332 1832 2333
f 2332 2331 1629
f 1629 2331 1630
f 1656 2334 2331
f 2331 2334 1630
f 2334 1656 1745
f 1745 1656 1655
f 1801 1798 1655
f 1655 1798 1745
f 1687 1589 1812
f 1584 1557 1651
f 1651 1557 1618
f 1583 1558 1584
f 1584 1558 1557
f 1821 1671 1822
f 1822 1671 1670
f 1651 1618 1625
f 1625 1618 1620
f 1618 1617 1620
f 1620 1617 1621
f 1617 1569 1621
f 1621 1569 1686
f 1569 1568 1686
f 1686 1568 1570
f 1587 1567 1588
f 1588 1567 1824
f 1571 1568 1587
f 1587 1568 1567
f 1587 1586 1571
f 1571 1586 1787
f 1586 1662 1787
f 1787 1662 1788
f 1843 1793 1662
f 1662 1793 1788
f 1810 1646 1843
f 1843 1646 1793
f 1809 1600 1810
f 1810 1600 1646
f 1809 1805 1600
f 1600 1805 1563
f 1823 1683 1824
f 1824 1683 1682
f 1566 1559 1797
f 1797 1559 1672
f 1559 1558 1672
f 1672 1558 1670
f 1558 1583 1670
f 1670 1583 1822
f 1583 1582 1822
f 1822 1582 1669
f 1582 1842 1669
f 1669 1842 1666
f 1842 1799 1666
f 1666 1799 1811
f 1799 1798 1811
f 1811 1798 1812
f 1798 1801 1812
f 1812 1801 1687
f 1801 1800 1687
f 1687 1800 1688
f 1821 1593 1671
f 1671 1593 1597
f 1597 1593 1598
f 1598 1593 1596
f 1648 1647 1596
f 1596 1647 1598
f 1792 1789 1648
f 1648 1789 1647
f 1747 1750 1792
f 1792 1750 1789
f 1814 1841 1800
f 1800 1841 1688
f 1813 1611 1814
f 1814 1611 1841
f 1813 1710 1757
f 1757 1710 1741
f 1612 1757 1760
f 1760 1757 1736
f 1611 1813 1612
f 1612 1813 1757
f 1760 1641 1612
f 1612 1641 1608
f 1642 1678 1609
f 1609 1678 1635
f 1768 1771 1642
f 1642 1771 1678
f 1767 1772 1768
f 1768 1772 1771
f 1748 1836 1767
f 1767 1836 1772
f 1747 1796 1748
f 1748 1796 1836
f 1805 1680 1563
f 1563 1680 1564
f 1680 1683 1564
f 1564 1683 1797
f 1683 1823 1797
f 1797 1823 1566
f 1566 1823 1565
f 1565 1823 1567
