o hand_left
v -0.220274 0.531850 0.831828
v -0.215422 0.540076 0.826890
v -0.217802 0.530520 0.823010
v -0.223253 0.523674 0.827517
v -0.206983 0.542131 0.807900
v -0.211136 0.546626 0.796901
v -0.215196 0.530609 0.796862
v -0.210023 0.529597 0.806233
v -0.227665 0.517445 0.824837
v -0.219951 0.522931 0.820350
v -0.232735 0.516620 0.823253
v -0.243464 0.514791 0.829751
v -0.235951 0.513778 0.829748
v -0.248143 0.511192 0.835872
v -0.249750 0.524085 0.829943
v -0.253326 0.516059 0.842519
v -0.245037 0.543110 0.851611
v -0.237249 0.549561 0.860547
v -0.240302 0.534873 0.870208
v -0.247082 0.529334 0.859571
v -0.224425 0.546757 0.877371
v -0.233288 0.539572 0.873934
v -0.231362 0.554689 0.865052
v -0.223469 0.560258 0.868518
v -0.212757 0.543783 0.839743
v -0.208666 0.552707 0.835091
v -0.212061 0.549016 0.832329
v -0.215850 0.540485 0.836571
v -0.235678 0.514977 0.812360
v -0.242712 0.525307 0.814621
v -0.240006 0.520199 0.820332
v -0.231099 0.513351 0.815106
v -0.191268 0.574245 0.826890
v -0.194301 0.586589 0.822338
v -0.198194 0.584823 0.818302
v -0.194904 0.574065 0.823656
v -0.207661 0.569828 0.802672
v -0.209799 0.580366 0.804904
v -0.221191 0.585938 0.799311
v -0.222568 0.575678 0.798311
v -0.208310 0.557647 0.799294
v -0.220221 0.563029 0.794148
v -0.221424 0.549793 0.792147
v -0.223329 0.531802 0.792082
v -0.188237 0.591746 0.832400
v -0.184687 0.583321 0.836888
v -0.231277 0.470676 0.848238
v -0.226449 0.473801 0.850166
v -0.228222 0.476469 0.849534
v -0.232846 0.473160 0.847885
v -0.193913 0.595375 0.851433
v -0.202583 0.598346 0.855620
v -0.199844 0.604122 0.852117
v -0.192827 0.601104 0.846627
v -0.195361 0.587727 0.857685
v -0.206210 0.589890 0.859861
v -0.235703 0.463561 0.857928
v -0.235726 0.464361 0.852729
v -0.239321 0.467585 0.854119
v -0.239612 0.467617 0.859874
v -0.228971 0.517018 0.831518
v -0.223192 0.523410 0.835677
v -0.233747 0.504072 0.840911
v -0.229491 0.512157 0.840524
v -0.234525 0.510874 0.835377
v -0.238582 0.504727 0.837329
v -0.216035 0.526436 0.854023
v -0.213917 0.536150 0.847948
v -0.217943 0.532059 0.844650
v -0.220639 0.520515 0.849714
v -0.203183 0.541880 0.855215
v -0.206520 0.532081 0.860824
v -0.200055 0.536506 0.864315
v -0.198055 0.542246 0.859242
v -0.215069 0.515343 0.868306
v -0.217200 0.510922 0.870685
v -0.214266 0.511277 0.872239
v -0.212385 0.517305 0.869997
v -0.198259 0.610184 0.848774
v -0.192667 0.606410 0.841628
v -0.205943 0.556368 0.883575
v -0.195637 0.559867 0.880807
v -0.195083 0.549053 0.889192
v -0.206693 0.548352 0.890301
v -0.212917 0.597497 0.855318
v -0.209754 0.604519 0.853768
v -0.232955 0.465107 0.863504
v -0.236413 0.468860 0.865458
v -0.233002 0.554998 0.795775
v -0.232920 0.533851 0.793487
v -0.232262 0.570468 0.799397
v -0.232162 0.581042 0.802890
v -0.232004 0.589918 0.802813
v -0.226644 0.511094 0.846280
v -0.219408 0.531429 0.838895
v -0.209344 0.546285 0.842536
v -0.185378 0.554218 0.860220
v -0.183345 0.562532 0.854062
v -0.189753 0.555390 0.849314
v -0.190683 0.549863 0.856010
v -0.187231 0.556494 0.876746
v -0.185633 0.550537 0.871546
v -0.187112 0.543590 0.877288
v -0.188218 0.547726 0.883570
v -0.238806 0.515948 0.805343
v -0.243934 0.529879 0.808384
v -0.187340 0.590811 0.844509
v -0.188584 0.596067 0.838901
v -0.190150 0.603402 0.834920
v -0.200014 0.562900 0.829679
v -0.197280 0.573865 0.821248
v -0.199516 0.571439 0.818163
v -0.202655 0.561787 0.828394
v -0.208041 0.547312 0.820925
v -0.203470 0.555740 0.811395
v -0.209995 0.535828 0.818145
v -0.203205 0.583929 0.811926
v -0.198580 0.593811 0.813307
v -0.204956 0.592028 0.807348
v -0.193418 0.597288 0.820880
v -0.190088 0.600603 0.828456
v -0.209160 0.612969 0.852802
v -0.212054 0.590202 0.803197
v -0.213072 0.520897 0.805053
v -0.214942 0.513276 0.803158
v -0.217235 0.512905 0.810787
v -0.215366 0.520225 0.813632
v -0.250841 0.504884 0.842614
v -0.244653 0.503573 0.837902
v -0.241462 0.510475 0.832662
v -0.189225 0.567021 0.835699
v -0.183522 0.574982 0.843688
v -0.230732 0.502920 0.846307
v -0.242673 0.473180 0.859946
v -0.242500 0.472837 0.853741
v -0.248570 0.490759 0.848578
v -0.249415 0.491056 0.855527
v -0.231294 0.498880 0.855059
v -0.231168 0.499237 0.847870
v -0.230947 0.497622 0.849503
v -0.228735 0.496629 0.855710
v -0.207617 0.517114 0.875197
v -0.206006 0.522520 0.872960
v -0.245100 0.514758 0.865995
v -0.254749 0.513620 0.857288
v -0.253238 0.524052 0.850386
v -0.210857 0.530454 0.857618
v -0.212282 0.522134 0.863560
v -0.209436 0.524130 0.865860
v -0.225818 0.509443 0.850639
v -0.228524 0.503293 0.852221
v -0.226386 0.507229 0.855932
v -0.222954 0.512990 0.853891
v -0.195869 0.570817 0.873197
v -0.185788 0.566866 0.868819
v -0.234337 0.467130 0.849245
v -0.236962 0.469870 0.849548
v -0.208865 0.539876 0.851558
v -0.249159 0.536589 0.842986
v -0.205321 0.548732 0.845366
v -0.213980 0.530627 0.888745
v -0.206963 0.527954 0.887061
v -0.206139 0.521711 0.886856
v -0.211306 0.521578 0.889546
v -0.224879 0.482991 0.859905
v -0.224844 0.481840 0.854120
v -0.224636 0.478694 0.854266
v -0.223897 0.478954 0.860244
v -0.234473 0.498875 0.843055
v -0.239638 0.498637 0.839900
v -0.238443 0.493573 0.842316
v -0.233720 0.495395 0.845643
v -0.245762 0.497526 0.841597
v -0.244531 0.492025 0.843831
v -0.228218 0.481742 0.865504
v -0.234438 0.478004 0.868032
v -0.239810 0.495037 0.865029
v -0.232152 0.494823 0.862398
v -0.223579 0.573612 0.861138
v -0.214079 0.577493 0.865448
v -0.213800 0.564377 0.873059
v -0.213946 0.552026 0.881795
v -0.214193 0.539757 0.888738
v -0.225469 0.535832 0.885807
v -0.206663 0.568059 0.874806
v -0.235952 0.504487 0.862515
v -0.243919 0.505547 0.863123
v -0.240759 0.507680 0.865450
v -0.198928 0.550520 0.848769
v -0.239579 0.474394 0.849087
v -0.239956 0.589500 0.823330
v -0.235833 0.594355 0.835075
v -0.237286 0.585812 0.836629
v -0.241200 0.580047 0.823168
v -0.228541 0.479449 0.848755
v -0.234177 0.476896 0.846493
v -0.201035 0.523973 0.876964
v -0.203422 0.518794 0.878719
v -0.202712 0.519061 0.881949
v -0.198224 0.523159 0.881084
v -0.208833 0.580218 0.866243
v -0.193275 0.539981 0.892152
v -0.204115 0.540841 0.893590
v -0.214718 0.588764 0.858709
v -0.223369 0.585797 0.855291
v -0.222796 0.594775 0.851483
v -0.232942 0.523712 0.880427
v -0.230051 0.568567 0.858303
v -0.228878 0.581639 0.851973
v -0.228428 0.592181 0.847258
v -0.228093 0.600158 0.844728
v -0.221830 0.602134 0.849530
v -0.239078 0.474854 0.865266
v -0.230915 0.472124 0.868390
v -0.221633 0.611179 0.848491
v -0.228263 0.608344 0.842665
v -0.234867 0.577006 0.846718
v -0.240983 0.571154 0.839301
v -0.235606 0.564463 0.852966
v -0.241965 0.557645 0.846307
v -0.243490 0.522999 0.876817
v -0.216330 0.464423 0.862086
v -0.223028 0.471921 0.865180
v -0.221665 0.475280 0.860503
v -0.214589 0.467591 0.859811
v -0.225946 0.476777 0.865470
v -0.227388 0.468432 0.866491
v -0.246458 0.549967 0.834662
v -0.228920 0.502939 0.858173
v -0.243905 0.563217 0.823687
v -0.249766 0.536499 0.823725
v -0.245999 0.545622 0.814456
v -0.240700 0.575144 0.810733
v -0.241977 0.558856 0.805365
v -0.238020 0.593077 0.811458
v -0.239337 0.584449 0.812632
v -0.241548 0.541737 0.801097
v -0.222658 0.466426 0.847004
v -0.218648 0.469764 0.849998
v -0.239382 0.597669 0.821744
v -0.213086 0.527130 0.816007
v -0.196754 0.557677 0.840837
v -0.201748 0.556062 0.838739
v -0.183048 0.567485 0.850026
v -0.189670 0.560499 0.843244
v -0.226223 0.462190 0.847363
v -0.218430 0.509120 0.874091
v -0.218347 0.510411 0.874112
v -0.216016 0.521513 0.796471
v -0.217218 0.515068 0.795978
v -0.230379 0.514428 0.793679
v -0.223288 0.514554 0.792432
v -0.223284 0.522489 0.791832
v -0.230980 0.522990 0.792872
v -0.197738 0.563387 0.830971
v -0.194598 0.564218 0.833196
v -0.195247 0.579889 0.865079
v -0.185551 0.575150 0.860912
v -0.250006 0.498337 0.846465
v -0.254100 0.507394 0.850129
v -0.251438 0.499960 0.853220
v -0.246873 0.494545 0.861337
v -0.231570 0.501509 0.860187
v -0.234571 0.500730 0.860271
v -0.201189 0.564090 0.815178
v -0.205724 0.556664 0.825279
v -0.221818 0.518607 0.818440
v -0.223296 0.512760 0.815811
v -0.218297 0.518509 0.857647
v -0.229862 0.512140 0.879542
v -0.238345 0.511883 0.875964
v -0.221303 0.511446 0.861900
v -0.226804 0.457110 0.854210
v -0.227242 0.459178 0.849678
v -0.250090 0.503384 0.859202
v -0.202647 0.527964 0.869187
v -0.226747 0.517788 0.881450
v -0.223023 0.510071 0.878978
v -0.187984 0.541605 0.885956
v -0.235054 0.602838 0.832442
v -0.222159 0.475929 0.854786
v -0.215805 0.471106 0.854259
v -0.219763 0.461756 0.862491
v -0.224716 0.458779 0.859836
v -0.186188 0.581870 0.852291
v -0.205040 0.554583 0.837502
v -0.239304 0.527395 0.798834
v -0.236129 0.515627 0.798807
v -0.223369 0.508280 0.864031
v -0.208500 0.534499 0.890496
v -0.222292 0.526381 0.888136
v -0.218945 0.516939 0.889546
v -0.222130 0.511888 0.884875
v -0.220794 0.508401 0.878721
v -0.215330 0.458459 0.859792
v -0.220531 0.455871 0.857538
v -0.223617 0.454802 0.852263
v -0.224559 0.457131 0.848471
v -0.223678 0.461031 0.846626
v -0.211712 0.461502 0.859053
v -0.210642 0.464718 0.856741
v -0.213205 0.469201 0.853332
v -0.208193 0.460477 0.854847
v -0.209457 0.455119 0.853277
v -0.216501 0.453987 0.840279
v -0.218582 0.452920 0.845985
v -0.215790 0.452300 0.845194
v -0.213398 0.452883 0.840613
v -0.209770 0.452832 0.836668
v -0.212935 0.453942 0.835588
v -0.213785 0.452632 0.849689
v -0.209832 0.453287 0.843743
v -0.206638 0.455262 0.845789
v -0.203713 0.454986 0.840750
v -0.206313 0.453052 0.838929
v -0.209284 0.454303 0.849851
v -0.215415 0.452368 0.852195
v -0.208797 0.454211 0.833289
v -0.207394 0.452749 0.834780
v -0.204481 0.453421 0.836247
v -0.203807 0.455024 0.833709
v -0.222500 0.456970 0.845389
v -0.217743 0.456039 0.838962
v -0.213203 0.457054 0.834821
v -0.209010 0.456989 0.832719
v -0.216282 0.459876 0.837789
v -0.212438 0.459942 0.835020
v -0.208606 0.460173 0.833612
v -0.213626 0.463406 0.838091
v -0.210515 0.462464 0.835862
v -0.220096 0.464669 0.845805
v -0.223149 0.461460 0.845565
v -0.208458 0.462236 0.834341
v -0.203549 0.457173 0.833221
v -0.205410 0.457784 0.848386
v -0.202650 0.457865 0.841467
v -0.204848 0.460305 0.848377
v -0.201795 0.460030 0.841828
v -0.200901 0.456745 0.837272
v -0.202583 0.454975 0.837896
v -0.220925 0.465573 0.847158
v -0.216525 0.468972 0.850187
v -0.215536 0.468142 0.848879
v -0.210029 0.466020 0.840516
v -0.211699 0.468105 0.851177
v -0.207938 0.464085 0.852625
v -0.204700 0.462967 0.846501
v -0.206147 0.465401 0.844206
v -0.202724 0.462399 0.841224
v -0.204501 0.463819 0.840043
v -0.207549 0.464262 0.837400
v -0.202422 0.461479 0.837107
v -0.201056 0.458892 0.837217
v -0.204611 0.460266 0.834110
v -0.203659 0.462895 0.837366
v -0.205970 0.462107 0.835404
v -0.209743 0.482229 0.863141
v -0.205475 0.485398 0.866763
v -0.209581 0.486854 0.867673
v -0.213095 0.484102 0.864650
v -0.215104 0.471621 0.870788
v -0.214206 0.474741 0.865390
v -0.219153 0.476487 0.867692
v -0.219766 0.474525 0.874282
v -0.212786 0.472716 0.877661
v -0.217302 0.476527 0.880535
v -0.224278 0.478891 0.875014
v -0.223157 0.480639 0.868141
v -0.233166 0.498649 0.865266
v -0.235359 0.498429 0.871574
v -0.217733 0.506703 0.869196
v -0.217465 0.506378 0.872937
v -0.212082 0.478899 0.863124
v -0.216345 0.480444 0.864884
v -0.207788 0.491773 0.875393
v -0.208555 0.491499 0.869945
v -0.206513 0.488773 0.871035
v -0.205500 0.487884 0.876443
v -0.226521 0.501947 0.861486
v -0.222196 0.504684 0.865380
v -0.229799 0.500063 0.862243
v -0.209941 0.489400 0.881294
v -0.214692 0.485557 0.884462
v -0.226233 0.502687 0.882335
v -0.220423 0.504288 0.880546
v -0.220076 0.483219 0.864518
v -0.211512 0.488942 0.865615
v -0.215602 0.486466 0.863278
v -0.221302 0.481945 0.881223
v -0.210548 0.480302 0.883376
v -0.193098 0.475004 0.874101
v -0.202201 0.481066 0.879259
v -0.201197 0.484633 0.875553
v -0.191331 0.478909 0.871646
v -0.206609 0.484663 0.881028
v -0.206201 0.476795 0.880388
v -0.196870 0.478143 0.858684
v -0.192943 0.481569 0.862775
v -0.199361 0.474278 0.857715
v -0.232959 0.500560 0.878139
v -0.203006 0.467313 0.864373
v -0.201568 0.470927 0.859117
v -0.202518 0.486797 0.870996
v -0.190839 0.481555 0.867534
v -0.195973 0.471467 0.873973
v -0.201745 0.467851 0.870836
v -0.191527 0.468555 0.869820
v -0.196251 0.465836 0.867043
v -0.198604 0.465808 0.861730
v -0.198748 0.469878 0.858171
v -0.197425 0.473722 0.857536
v -0.188681 0.471578 0.870082
v -0.187264 0.475919 0.868882
v -0.188726 0.479730 0.866083
v -0.183445 0.472738 0.863603
v -0.184998 0.468150 0.862233
v -0.190273 0.470867 0.844223
v -0.193001 0.469088 0.849458
v -0.190800 0.467743 0.850029
v -0.188081 0.469571 0.845426
v -0.194306 0.466044 0.854761
v -0.191956 0.465923 0.854192
v -0.188756 0.465751 0.857866
v -0.186622 0.468528 0.852453
v -0.183123 0.470191 0.855414
v -0.180408 0.471468 0.850297
v -0.183521 0.469514 0.847257
v -0.185343 0.467593 0.858561
v -0.185609 0.470692 0.842885
v -0.185711 0.472531 0.841093
v -0.190168 0.464369 0.860368
v -0.198046 0.469625 0.855893
v -0.194359 0.471891 0.848568
v -0.190666 0.474119 0.843446
v -0.184995 0.475523 0.841036
v -0.193583 0.476114 0.848366
v -0.189713 0.477255 0.843900
v -0.184851 0.477828 0.842445
v -0.191196 0.480124 0.849637
v -0.187267 0.480375 0.845477
v -0.195628 0.478193 0.858377
v -0.198123 0.474348 0.856241
v -0.185211 0.479576 0.844080
v -0.181105 0.472406 0.842200
v -0.180968 0.475727 0.841832
v -0.181821 0.471319 0.843524
v -0.181918 0.471690 0.856554
v -0.179596 0.473538 0.850523
v -0.180990 0.474530 0.856941
v -0.178893 0.475874 0.850090
v -0.178481 0.473847 0.845751
v -0.179332 0.472427 0.845717
v -0.195072 0.477101 0.859489
v -0.191328 0.479981 0.862904
v -0.191560 0.480669 0.861734
v -0.186839 0.481744 0.852675
v -0.187680 0.479965 0.864287
v -0.184282 0.476607 0.863952
v -0.181259 0.477477 0.857085
v -0.183095 0.480645 0.855232
v -0.178402 0.477959 0.850566
v -0.180663 0.480198 0.850980
v -0.184255 0.481746 0.848069
v -0.178034 0.477844 0.845720
v -0.178021 0.475519 0.845457
v -0.181430 0.477649 0.842781
v -0.179727 0.479853 0.847089
v -0.182546 0.479923 0.844707
v -0.200401 0.494754 0.873692
v -0.196319 0.497864 0.876568
v -0.198867 0.499458 0.877555
v -0.202857 0.496170 0.875226
v -0.204609 0.485361 0.881307
v -0.204341 0.487162 0.876665
v -0.208166 0.489233 0.878704
v -0.209574 0.488278 0.883879
v -0.200890 0.485146 0.885642
v -0.207298 0.489115 0.889570
v -0.213516 0.492116 0.885254
v -0.211302 0.492031 0.879607
v -0.218608 0.504772 0.879103
v -0.219888 0.505140 0.885495
v -0.202797 0.490895 0.874270
v -0.205618 0.492565 0.875815
v -0.195941 0.502560 0.884315
v -0.197007 0.502172 0.879523
v -0.195687 0.500432 0.881794
v -0.194874 0.499206 0.886092
v -0.211898 0.510152 0.873057
v -0.207908 0.513670 0.875935
v -0.215107 0.506633 0.874707
v -0.198456 0.500463 0.890215
v -0.204216 0.497353 0.893625
v -0.208934 0.511694 0.891886
v -0.204733 0.514005 0.888214
v -0.208206 0.494172 0.876077
v -0.200255 0.500870 0.875467
v -0.204443 0.497553 0.873906
v -0.210607 0.494551 0.890530
v -0.201081 0.492045 0.892298
v -0.182122 0.484881 0.880310
v -0.193347 0.493016 0.888999
v -0.192126 0.497269 0.884943
v -0.180780 0.488751 0.878450
v -0.196235 0.495815 0.890546
v -0.196821 0.488595 0.889567
v -0.189081 0.489597 0.867392
v -0.185236 0.491955 0.870590
v -0.192454 0.486380 0.868168
v -0.216450 0.508022 0.891081
v -0.203438 0.515419 0.882047
v -0.193552 0.480090 0.872678
v -0.193677 0.483399 0.869615
v -0.193376 0.498746 0.881023
v -0.181760 0.491677 0.875177
v -0.185893 0.481394 0.881042
v -0.191437 0.479256 0.878211
v -0.182629 0.479676 0.876948
v -0.188464 0.477551 0.874642
v -0.191736 0.479018 0.870353
v -0.192323 0.483356 0.867952
v -0.191132 0.486603 0.866838
v -0.179327 0.484039 0.875976
v -0.178582 0.487870 0.874701
v -0.181680 0.491393 0.873695
v -0.176940 0.484254 0.872551
v -0.178874 0.479339 0.870892
v -0.182303 0.482320 0.853632
v -0.185198 0.481524 0.859155
v -0.184224 0.480937 0.859605
v -0.181087 0.481124 0.854132
v -0.187611 0.479031 0.865343
v -0.185884 0.479014 0.864357
v -0.183106 0.478010 0.867002
v -0.179549 0.478859 0.861179
v -0.175166 0.481537 0.864579
v -0.173081 0.481779 0.859055
v -0.176840 0.479247 0.855629
v -0.179040 0.479362 0.868638
v -0.178735 0.481288 0.851535
v -0.179778 0.481840 0.850018
v -0.184273 0.477116 0.869306
v -0.190334 0.483076 0.864967
v -0.186741 0.484103 0.858453
v -0.183872 0.484980 0.852933
v -0.180290 0.485502 0.850069
v -0.186329 0.487958 0.858712
v -0.183321 0.487921 0.853972
v -0.179992 0.488197 0.851465
v -0.184451 0.490684 0.859560
v -0.181658 0.490226 0.855538
v -0.188353 0.490232 0.866984
v -0.190505 0.487107 0.865652
v -0.179423 0.489627 0.853290
v -0.175039 0.481615 0.850685
v -0.174586 0.485857 0.850586
v -0.175593 0.480882 0.852197
v -0.174261 0.482519 0.865860
v -0.171334 0.483351 0.859139
v -0.173581 0.485255 0.866384
v -0.170818 0.485896 0.859771
v -0.171408 0.482750 0.854330
v -0.172277 0.481967 0.854745
v -0.188579 0.489611 0.867275
v -0.185018 0.491756 0.870392
v -0.185008 0.492251 0.869893
v -0.180412 0.492799 0.861721
v -0.181228 0.491801 0.872508
v -0.176713 0.488059 0.871469
v -0.174384 0.488510 0.865682
v -0.176350 0.491603 0.863953
v -0.171961 0.488505 0.859883
v -0.174188 0.490390 0.860061
v -0.178172 0.491983 0.857409
v -0.172378 0.488074 0.855530
v -0.171034 0.485434 0.854690
v -0.175501 0.488598 0.852099
v -0.173939 0.489978 0.856385
v -0.176417 0.490253 0.853907
v -0.204793 0.515323 0.878750
v -0.192568 0.505096 0.881756
v -0.188690 0.506516 0.883082
v -0.189099 0.507170 0.883715
v -0.193303 0.506792 0.882094
v -0.199420 0.501765 0.890450
v -0.198406 0.501952 0.885703
v -0.200783 0.505052 0.887139
v -0.201570 0.505271 0.891815
v -0.196834 0.502847 0.895123
v -0.197943 0.506149 0.896248
v -0.202131 0.509174 0.891965
v -0.201737 0.508866 0.887219
v -0.205321 0.524543 0.886708
v -0.205452 0.527418 0.891397
v -0.187366 0.534664 0.886953
v -0.187668 0.534103 0.881820
v -0.186919 0.525302 0.884506
v -0.186519 0.526867 0.888952
v -0.195894 0.503408 0.882927
v -0.197666 0.505989 0.883239
v -0.184603 0.510509 0.891654
v -0.185684 0.510050 0.886826
v -0.185777 0.507934 0.886260
v -0.183557 0.507752 0.890538
v -0.190669 0.530582 0.879241
v -0.194589 0.527741 0.879293
v -0.194056 0.523821 0.879713
v -0.190119 0.523100 0.881646
v -0.199611 0.522224 0.881646
v -0.186746 0.510585 0.895619
v -0.192188 0.510327 0.898448
v -0.192481 0.530272 0.896328
v -0.188669 0.529395 0.893119
v -0.198524 0.507900 0.884038
v -0.189319 0.509593 0.883631
v -0.193157 0.508091 0.882706
v -0.198786 0.510295 0.896749
v -0.191131 0.506462 0.897365
v -0.181627 0.498916 0.891879
v -0.184611 0.505036 0.894439
v -0.182981 0.506710 0.890172
v -0.180272 0.501035 0.889470
v -0.185573 0.506999 0.894645
v -0.189670 0.503077 0.896232
v -0.188882 0.501556 0.879693
v -0.184254 0.502991 0.882459
v -0.191846 0.499694 0.879996
v -0.200888 0.530027 0.895458
v -0.194643 0.495655 0.885865
v -0.193585 0.497281 0.881770
v -0.185310 0.506851 0.885860
v -0.181034 0.502749 0.885917
v -0.185882 0.496375 0.892990
v -0.192290 0.495785 0.891315
v -0.183702 0.493021 0.889660
v -0.190037 0.492638 0.888170
v -0.192404 0.494339 0.882354
v -0.191661 0.497638 0.880010
v -0.189940 0.500271 0.879119
v -0.179641 0.496433 0.889194
v -0.178660 0.498935 0.887859
v -0.180214 0.501633 0.885366
v -0.177881 0.494254 0.886159
v -0.180862 0.491248 0.883684
v -0.180800 0.494907 0.870815
v -0.184083 0.495349 0.873649
v -0.183569 0.494333 0.874130
v -0.180794 0.493811 0.870977
v -0.187864 0.494234 0.877784
v -0.186135 0.493431 0.877371
v -0.185304 0.491786 0.880642
v -0.181506 0.491359 0.876529
v -0.177011 0.491308 0.879580
v -0.174595 0.490913 0.876043
v -0.178803 0.490644 0.873683
v -0.181075 0.490964 0.881859
v -0.178647 0.492529 0.869485
v -0.178006 0.493186 0.868356
v -0.187120 0.491315 0.882558
v -0.188548 0.498273 0.877127
v -0.183605 0.497715 0.872411
v -0.179639 0.496495 0.869148
v -0.176183 0.494783 0.868039
v -0.182900 0.500086 0.873104
v -0.178554 0.498567 0.869341
v -0.175246 0.496868 0.868522
v -0.180732 0.502148 0.874732
v -0.177138 0.500027 0.870962
v -0.184578 0.503266 0.879218
v -0.187019 0.501340 0.877404
v -0.174998 0.498069 0.869798
v -0.175043 0.490939 0.869897
v -0.173419 0.493537 0.869587
v -0.176103 0.490152 0.871049
v -0.175955 0.491791 0.880481
v -0.172951 0.491509 0.876229
v -0.174481 0.493518 0.881351
v -0.171779 0.493380 0.876295
v -0.172610 0.491085 0.872653
v -0.174340 0.490313 0.873284
v -0.186424 0.502296 0.879580
v -0.183431 0.502673 0.881873
v -0.181184 0.503001 0.881918
v -0.177476 0.502163 0.877581
v -0.178271 0.500891 0.885101
v -0.177097 0.497366 0.886414
v -0.173767 0.496229 0.881256
v -0.174330 0.499460 0.880103
v -0.171479 0.495507 0.875747
v -0.172367 0.498405 0.875232
v -0.174543 0.500326 0.873312
v -0.171776 0.495121 0.871900
v -0.171662 0.493202 0.871960
v -0.172975 0.495591 0.869931
v -0.172207 0.497019 0.872103
v -0.173332 0.497662 0.870969
v -0.189264 0.534082 0.890627
v -0.234586 0.501728 0.805457
v -0.231760 0.501920 0.810335
v -0.215969 0.501455 0.805918
v -0.220603 0.500683 0.811211
v -0.215557 0.501517 0.799043
v -0.223764 0.502298 0.791668
v -0.218693 0.502884 0.794249
v -0.226418 0.500968 0.812679
v -0.234809 0.502235 0.799322
v -0.230700 0.502737 0.793120
v -0.235889 0.493171 0.800012
v -0.231163 0.493601 0.793169
v -0.224387 0.493357 0.790952
v -0.218092 0.496031 0.794362
v -0.214892 0.496650 0.798394
v -0.233688 0.495443 0.807044
v -0.230354 0.496404 0.811318
v -0.223986 0.497160 0.812895
v -0.231015 0.488467 0.810507
v -0.227872 0.479595 0.807138
v -0.211489 0.470394 0.801006
v -0.213520 0.476736 0.799049
v -0.215891 0.475340 0.799754
v -0.213963 0.469510 0.801006
v -0.217822 0.480259 0.797391
v -0.218698 0.478737 0.799007
v -0.223362 0.479176 0.801530
v -0.221200 0.473833 0.802965
v -0.225477 0.478247 0.806172
v -0.223868 0.474832 0.808445
v -0.219362 0.468569 0.804418
v -0.214632 0.465697 0.802331
v -0.217552 0.464267 0.805729
v -0.211689 0.465594 0.803582
v -0.225903 0.479079 0.799442
v -0.215342 0.486555 0.795914
v -0.211130 0.479485 0.799354
v -0.208843 0.472481 0.802652
v -0.209679 0.467041 0.805740
v -0.209091 0.481971 0.802409
v -0.208088 0.475437 0.805814
v -0.209374 0.470747 0.809051
v -0.209392 0.483727 0.807027
v -0.209260 0.477152 0.809284
v -0.213575 0.494819 0.804851
v -0.212873 0.491954 0.799003
v -0.210132 0.473158 0.810401
v -0.215719 0.462947 0.807577
v -0.213618 0.464716 0.810016
v -0.225199 0.476398 0.811218
v -0.222556 0.469666 0.809744
v -0.222344 0.470816 0.812530
v -0.225040 0.479356 0.813967
v -0.221322 0.472263 0.814784
v -0.219654 0.465736 0.811551
v -0.220570 0.466035 0.808854
v -0.214621 0.497912 0.804573
v -0.218483 0.498259 0.809965
v -0.217578 0.495561 0.810181
v -0.213360 0.484941 0.812384
v -0.222276 0.493865 0.813793
v -0.227690 0.491038 0.813408
v -0.222699 0.481572 0.815911
v -0.218508 0.483912 0.815637
v -0.218657 0.474522 0.815779
v -0.216200 0.476289 0.815225
v -0.211959 0.477169 0.812864
v -0.215839 0.470202 0.814394
v -0.218054 0.467449 0.813773
v -0.212390 0.468775 0.811997
v -0.214790 0.472755 0.814214
v -0.212162 0.472376 0.812521
v -0.187922 0.539132 0.879465
v -0.191221 0.534992 0.875691
v -0.189578 0.540266 0.872901
v -0.187336 0.546817 0.866871
v -0.184262 0.556863 0.865737
v -0.192242 0.543897 0.862856
v -0.194215 0.537196 0.869357
v -0.196972 0.529938 0.873829
v -0.196406 0.547801 0.854332
f 2 3 1
f 1 3 4
f 5 6 8
f 8 6 7
f 9 4 10
f 10 4 3
f 12 13 11
f 11 13 9
f 14 12 16
f 16 12 15
f 18 19 17
f 17 19 20
f 22 23 21
f 21 23 24
f 26 27 25
f 25 27 28
f 30 31 29
f 29 31 32
f 33 34 36
f 36 34 35
f 37 38 40
f 40 38 39
f 41 42 6
f 6 42 43
f 6 43 7
f 7 43 44
f 45 34 46
f 46 34 33
f 48 49 47
f 47 49 50
f 52 53 51
f 51 53 54
f 56 52 55
f 55 52 51
f 58 59 57
f 57 59 60
f 61 62 4
f 4 62 1
f 64 65 63
f 63 65 66
f 68 69 67
f 67 69 70
f 72 73 71
f 71 73 74
f 76 77 75
f 75 77 78
f 53 79 54
f 54 79 80
f 82 83 81
f 81 83 84
f 85 86 52
f 52 86 53
f 57 60 87
f 87 60 88
f 89 90 43
f 43 90 44
f 43 42 89
f 89 42 91
f 40 39 92
f 92 39 93
f 94 70 64
f 64 70 69
f 13 61 9
f 9 61 4
f 25 28 69
f 69 28 95
f 96 25 68
f 68 25 69
f 98 99 97
f 97 99 100
f 101 102 104
f 104 102 103
f 106 30 105
f 105 30 29
f 51 54 107
f 107 54 108
f 54 80 108
f 108 80 109
f 111 112 110
f 110 112 113
f 115 5 114
f 114 5 116
f 115 41 5
f 5 41 6
f 36 35 111
f 111 35 117
f 35 118 117
f 117 118 119
f 34 120 35
f 35 120 118
f 34 45 120
f 120 45 121
f 125 126 124
f 124 126 127
f 128 129 14
f 14 129 130
f 33 131 46
f 46 131 132
f 133 94 63
f 63 94 64
f 134 135 137
f 137 135 136
f 139 140 138
f 138 140 141
f 77 142 78
f 78 142 143
f 144 145 20
f 20 145 146
f 148 149 147
f 147 149 72
f 151 152 150
f 150 152 153
f 82 101 83
f 83 101 104
f 101 82 155
f 155 82 154
f 156 157 58
f 58 157 59
f 158 68 147
f 147 68 67
f 159 146 15
f 15 146 16
f 68 158 96
f 96 158 160
f 129 66 130
f 130 66 65
f 162 163 161
f 161 163 164
f 166 167 165
f 165 167 168
f 170 171 169
f 169 171 172
f 174 171 173
f 173 171 170
f 176 177 175
f 175 177 178
f 180 181 179
f 179 181 24
f 182 183 21
f 21 183 184
f 81 185 82
f 82 185 154
f 186 187 188
f 188 187 144
f 158 71 160
f 160 71 189
f 190 135 157
f 157 135 59
f 169 172 139
f 139 172 140
f 147 72 158
f 158 72 71
f 192 193 191
f 191 193 194
f 167 166 49
f 49 166 195
f 196 190 50
f 50 190 157
f 197 198 200
f 200 198 199
f 21 24 182
f 182 24 181
f 146 159 20
f 20 159 17
f 182 181 81
f 81 181 185
f 201 185 180
f 180 185 181
f 202 203 83
f 83 203 84
f 205 206 204
f 204 206 85
f 207 22 184
f 184 22 21
f 179 24 208
f 208 24 23
f 208 209 179
f 179 209 205
f 209 210 205
f 205 210 206
f 212 206 211
f 211 206 210
f 179 205 180
f 180 205 204
f 213 176 88
f 88 176 214
f 86 85 212
f 212 85 206
f 193 217 218
f 217 219 218
f 218 219 220
f 219 18 220
f 220 18 17
f 19 221 20
f 20 221 144
f 222 223 225
f 225 223 224
f 175 226 176
f 176 226 214
f 227 87 214
f 214 87 88
f 220 17 228
f 228 17 159
f 134 213 60
f 60 213 88
f 138 229 151
f 151 229 152
f 193 192 210
f 210 192 211
f 230 194 218
f 218 194 193
f 231 232 228
f 228 232 230
f 233 234 91
f 91 234 89
f 235 236 93
f 93 236 92
f 230 232 234
f 234 232 237
f 47 238 48
f 48 238 239
f 240 191 235
f 235 191 236
f 5 8 116
f 116 8 241
f 242 243 189
f 189 243 160
f 244 245 98
f 98 245 99
f 156 246 47
f 47 246 238
f 76 247 77
f 77 247 248
f 250 125 249
f 249 125 124
f 252 253 251
f 251 253 254
f 111 110 36
f 36 110 255
f 256 33 255
f 255 33 36
f 257 258 154
f 154 258 155
f 63 169 133
f 133 169 139
f 66 170 63
f 63 170 169
f 173 170 129
f 129 170 66
f 129 128 173
f 173 128 259
f 128 260 259
f 259 260 261
f 213 134 262
f 262 134 137
f 263 264 186
f 186 264 187
f 112 265 113
f 113 265 266
f 11 267 268
f 234 233 230
f 230 233 194
f 153 269 70
f 70 269 67
f 175 178 165
f 165 178 141
f 150 153 94
f 94 153 70
f 271 221 270
f 270 221 207
f 269 153 272
f 272 153 152
f 121 45 109
f 109 45 108
f 47 50 156
f 156 50 157
f 57 273 58
f 58 273 274
f 145 275 260
f 260 275 261
f 276 149 143
f 143 149 78
f 148 269 75
f 75 269 272
f 207 277 270
f 270 277 278
f 195 196 49
f 49 196 50
f 59 135 60
f 60 135 134
f 83 104 202
f 202 104 279
f 149 148 78
f 78 148 75
f 247 278 248
f 248 278 277
f 183 182 84
f 84 182 81
f 48 239 281
f 281 239 282
f 227 223 283
f 283 223 222
f 223 226 224
f 224 226 168
f 281 282 224
f 224 282 225
f 165 168 175
f 175 168 226
f 264 263 138
f 138 263 229
f 14 16 128
f 128 16 260
f 220 228 218
f 218 228 230
f 87 227 284
f 284 227 283
f 260 16 145
f 145 16 146
f 244 98 258
f 258 98 155
f 58 274 156
f 156 274 246
f 107 285 51
f 51 285 55
f 243 286 160
f 160 286 96
f 234 237 89
f 89 237 90
f 46 132 107
f 107 132 285
f 253 252 249
f 249 252 250
f 286 26 96
f 96 26 25
f 106 105 287
f 287 105 288
f 272 152 289
f 289 152 229
f 138 151 139
f 139 151 133
f 183 290 161
f 161 290 162
f 291 292 277
f 277 292 293
f 151 150 133
f 133 150 94
f 262 275 177
f 177 275 187
f 144 187 145
f 145 187 275
f 273 57 284
f 284 57 87
f 174 136 190
f 190 136 135
f 111 117 112
f 112 117 38
f 117 119 38
f 38 119 123
f 112 38 265
f 265 38 37
f 287 288 254
f 254 288 251
f 228 159 231
f 231 159 15
f 223 227 226
f 226 227 214
f 147 67 148
f 148 67 269
f 224 168 281
f 281 168 167
f 199 163 200
f 200 163 162
f 45 46 108
f 108 46 107
f 281 167 48
f 48 167 49
f 161 164 291
f 291 164 292
f 38 123 39
f 293 294 277
f 277 294 248
f 284 283 296
f 296 283 295
f 284 296 273
f 273 296 297
f 274 273 298
f 298 273 297
f 246 274 299
f 299 274 298
f 283 222 295
f 295 222 300
f 222 225 300
f 300 225 301
f 301 225 302
f 302 225 282
f 303 304 300
f 300 304 295
f 306 307 305
f 305 307 308
f 309 310 308
f 308 310 305
f 308 307 312
f 312 307 311
f 313 314 312
f 312 314 315
f 311 316 312
f 312 316 313
f 317 304 311
f 311 304 316
f 315 309 312
f 312 309 308
f 318 319 321
f 321 319 320
f 319 318 309
f 309 318 310
f 311 307 317
f 317 307 306
f 306 297 317
f 317 297 296
f 306 322 297
f 297 322 298
f 305 323 306
f 306 323 322
f 323 305 324
f 324 305 310
f 304 317 295
f 295 317 296
f 318 325 310
f 310 325 324
f 323 324 326
f 326 324 327
f 324 325 327
f 327 325 328
f 326 327 329
f 329 327 330
f 329 331 326
f 326 331 332
f 333 330 328
f 328 330 327
f 323 326 322
f 322 326 332
f 322 332 298
f 298 332 299
f 325 318 334
f 334 318 321
f 313 316 335
f 335 316 304
f 335 336 313
f 313 336 314
f 304 303 335
f 335 303 337
f 336 335 338
f 338 335 337
f 336 339 314
f 314 339 340
f 246 299 238
f 238 299 341
f 239 342 282
f 282 342 302
f 342 239 341
f 341 239 238
f 341 331 342
f 342 331 343
f 331 329 343
f 343 329 344
f 342 343 302
f 302 343 345
f 341 299 331
f 331 299 332
f 346 301 345
f 345 301 302
f 346 303 301
f 301 303 300
f 347 337 346
f 346 337 303
f 347 346 348
f 348 346 345
f 349 347 350
f 350 347 348
f 343 344 345
f 345 344 348
f 344 351 348
f 348 351 350
f 337 347 338
f 338 347 349
f 353 338 352
f 352 338 349
f 352 355 354
f 354 355 356
f 352 349 355
f 355 349 350
f 352 354 353
f 353 354 334
f 353 334 339
f 339 334 321
f 339 336 353
f 353 336 338
f 329 330 344
f 344 330 351
f 356 351 333
f 333 351 330
f 356 355 351
f 351 355 350
f 354 356 328
f 328 356 333
f 328 325 354
f 354 325 334
f 309 315 319
f 319 315 320
f 320 340 321
f 321 340 339
f 320 315 340
f 340 315 314
f 137 136 261
f 261 136 259
f 140 166 141
f 141 166 165
f 172 171 195
f 195 171 196
f 171 174 196
f 196 174 190
f 178 177 264
f 264 177 187
f 172 195 140
f 140 195 166
f 137 261 262
f 262 261 275
f 178 264 141
f 141 264 138
f 262 177 213
f 213 177 176
f 136 174 259
f 259 174 173
f 358 359 357
f 357 359 360
f 362 363 361
f 361 363 364
f 361 364 365
f 365 364 366
f 367 368 370
f 370 368 369
f 76 371 247
f 247 371 372
f 373 374 362
f 362 374 363
f 376 377 375
f 375 377 378
f 289 229 380
f 380 229 379
f 381 379 263
f 263 379 229
f 383 384 382
f 382 384 385
f 386 368 374
f 374 368 363
f 76 289 371
f 371 289 380
f 377 376 359
f 359 376 387
f 388 386 360
f 360 386 374
f 389 383 366
f 366 383 390
f 392 393 391
f 391 393 394
f 383 382 390
f 390 382 395
f 396 365 390
f 390 365 366
f 389 366 367
f 367 366 364
f 357 397 358
f 358 397 398
f 373 399 357
f 357 399 397
f 389 367 400
f 400 367 370
f 382 385 375
f 375 385 372
f 357 360 373
f 373 360 374
f 361 401 362
f 362 401 402
f 387 388 359
f 359 388 360
f 363 368 364
f 364 368 367
f 358 398 403
f 403 398 404
f 396 392 405
f 405 392 391
f 392 395 393
f 393 395 378
f 393 403 394
f 394 403 404
f 375 378 382
f 382 378 395
f 365 396 406
f 406 396 405
f 362 402 373
f 373 402 399
f 271 270 400
f 400 270 384
f 401 361 406
f 406 361 365
f 381 369 386
f 386 369 368
f 392 396 395
f 395 396 390
f 393 378 403
f 403 378 377
f 403 377 358
f 358 377 359
f 406 405 408
f 408 405 407
f 406 408 401
f 401 408 409
f 401 409 402
f 402 409 410
f 402 410 399
f 399 410 411
f 405 391 407
f 407 391 412
f 391 394 412
f 412 394 413
f 394 404 413
f 413 404 414
f 415 416 412
f 412 416 407
f 418 419 417
f 417 419 420
f 421 422 418
f 418 422 419
f 419 422 424
f 424 422 423
f 425 426 424
f 424 426 427
f 423 428 424
f 424 428 425
f 427 420 424
f 424 420 419
f 420 429 417
f 417 429 430
f 423 422 431
f 431 422 421
f 421 409 431
f 431 409 408
f 421 432 409
f 409 432 410
f 418 433 421
f 421 433 432
f 434 433 417
f 417 433 418
f 431 416 423
f 423 416 428
f 416 431 407
f 407 431 408
f 435 434 430
f 430 434 417
f 433 434 436
f 436 434 437
f 434 435 437
f 437 435 438
f 436 437 439
f 439 437 440
f 439 441 436
f 436 441 442
f 438 443 437
f 437 443 440
f 436 442 433
f 433 442 432
f 432 442 410
f 410 442 411
f 435 430 445
f 445 430 444
f 430 429 444
f 444 429 446
f 425 428 447
f 447 428 416
f 426 425 448
f 448 425 447
f 416 415 447
f 447 415 449
f 447 449 448
f 448 449 450
f 451 452 448
f 448 452 426
f 446 452 444
f 444 452 451
f 399 411 397
f 397 411 453
f 398 454 404
f 404 454 414
f 454 398 453
f 453 398 397
f 453 441 454
f 454 441 455
f 441 439 455
f 455 439 456
f 454 455 414
f 414 455 457
f 441 453 442
f 442 453 411
f 458 413 457
f 457 413 414
f 458 415 413
f 413 415 412
f 458 459 415
f 415 459 449
f 459 458 460
f 460 458 457
f 461 459 462
f 462 459 460
f 455 456 457
f 457 456 460
f 456 463 460
f 460 463 462
f 459 461 449
f 449 461 450
f 465 450 464
f 464 450 461
f 464 467 466
f 466 467 468
f 464 461 467
f 467 461 462
f 464 466 465
f 465 466 445
f 465 445 451
f 451 445 444
f 451 448 465
f 465 448 450
f 439 440 456
f 456 440 463
f 468 463 443
f 443 463 440
f 468 467 463
f 463 467 462
f 466 468 438
f 438 468 443
f 438 435 466
f 466 435 445
f 420 427 429
f 429 427 446
f 446 427 452
f 452 427 426
f 370 369 188
f 188 369 186
f 371 376 372
f 372 376 375
f 380 379 387
f 387 379 388
f 379 381 388
f 388 381 386
f 385 384 278
f 278 384 270
f 380 387 371
f 371 387 376
f 400 370 271
f 271 370 188
f 385 278 372
f 372 278 247
f 400 384 389
f 389 384 383
f 369 381 186
f 186 381 263
f 221 271 144
f 144 271 188
f 221 19 207
f 207 19 22
f 19 18 22
f 22 18 23
f 18 219 23
f 23 219 208
f 469 470 472
f 472 470 471
f 474 475 473
f 473 475 476
f 473 476 477
f 477 476 478
f 480 481 479
f 479 481 482
f 483 484 474
f 474 484 475
f 486 487 485
f 485 487 488
f 489 490 77
f 77 490 142
f 491 489 248
f 248 489 77
f 493 494 492
f 492 494 495
f 496 480 484
f 484 480 475
f 486 497 487
f 487 497 471
f 498 496 472
f 472 496 484
f 499 493 478
f 478 493 500
f 501 502 504
f 504 502 503
f 493 492 500
f 500 492 505
f 506 477 500
f 500 477 478
f 499 478 479
f 479 478 476
f 469 507 470
f 470 507 508
f 483 509 469
f 469 509 507
f 479 482 499
f 499 482 510
f 492 495 485
f 485 495 511
f 483 469 484
f 484 469 472
f 473 512 474
f 474 512 513
f 497 498 471
f 471 498 472
f 475 480 476
f 476 480 479
f 470 508 514
f 514 508 515
f 506 502 516
f 516 502 501
f 503 502 488
f 488 502 505
f 514 515 503
f 503 515 504
f 485 488 492
f 492 488 505
f 477 506 517
f 517 506 516
f 474 513 483
f 483 513 509
f 510 292 494
f 494 292 164
f 512 473 517
f 517 473 477
f 491 481 496
f 496 481 480
f 502 506 505
f 505 506 500
f 503 488 514
f 514 488 487
f 514 487 470
f 470 487 471
f 517 516 519
f 519 516 518
f 517 519 512
f 512 519 520
f 512 520 513
f 513 520 521
f 513 521 509
f 509 521 522
f 516 501 518
f 518 501 523
f 501 504 523
f 523 504 524
f 524 504 525
f 525 504 515
f 526 527 523
f 523 527 518
f 529 530 528
f 528 530 531
f 532 533 529
f 529 533 530
f 530 533 535
f 535 533 534
f 536 537 535
f 535 537 538
f 534 539 535
f 535 539 536
f 538 531 535
f 535 531 530
f 540 541 531
f 531 541 528
f 533 532 534
f 534 532 542
f 532 520 542
f 542 520 519
f 532 543 520
f 520 543 521
f 529 544 532
f 532 544 543
f 544 529 545
f 545 529 528
f 534 542 539
f 539 542 527
f 527 542 518
f 518 542 519
f 541 546 528
f 528 546 545
f 547 544 548
f 548 544 545
f 546 549 545
f 545 549 548
f 550 547 551
f 551 547 548
f 547 550 553
f 553 550 552
f 549 554 548
f 548 554 551
f 544 547 543
f 543 547 553
f 543 553 521
f 521 553 522
f 546 541 556
f 556 541 555
f 541 540 555
f 555 540 557
f 536 539 558
f 558 539 527
f 537 536 559
f 559 536 558
f 527 526 558
f 558 526 560
f 559 558 561
f 561 558 560
f 559 562 537
f 537 562 563
f 557 563 555
f 555 563 562
f 509 522 507
f 507 522 564
f 508 565 515
f 515 565 525
f 565 508 564
f 564 508 507
f 564 552 565
f 565 552 566
f 552 550 566
f 566 550 567
f 565 566 525
f 525 566 568
f 564 522 552
f 552 522 553
f 569 524 568
f 568 524 525
f 569 526 524
f 524 526 523
f 570 560 569
f 569 560 526
f 570 569 571
f 571 569 568
f 572 570 573
f 573 570 571
f 566 567 568
f 568 567 571
f 567 574 571
f 571 574 573
f 570 572 560
f 560 572 561
f 576 561 575
f 575 561 572
f 575 578 577
f 577 578 579
f 575 572 578
f 578 572 573
f 575 577 576
f 576 577 556
f 576 556 562
f 562 556 555
f 562 559 576
f 576 559 561
f 550 551 567
f 567 551 574
f 579 574 554
f 554 574 551
f 579 578 574
f 574 578 573
f 579 554 577
f 577 554 549
f 549 546 577
f 577 546 556
f 531 538 540
f 540 538 557
f 557 538 563
f 563 538 537
f 481 294 482
f 482 294 293
f 580 486 511
f 511 486 485
f 490 489 497
f 497 489 498
f 489 491 498
f 498 491 496
f 163 495 164
f 164 495 494
f 580 490 486
f 486 490 497
f 482 293 510
f 510 293 292
f 495 163 511
f 511 163 199
f 494 493 510
f 510 493 499
f 481 491 294
f 294 491 248
f 582 583 581
f 581 583 584
f 586 587 585
f 585 587 588
f 585 588 589
f 589 588 590
f 592 593 591
f 591 593 594
f 595 596 598
f 598 596 597
f 599 600 586
f 586 600 587
f 601 602 604
f 604 602 603
f 605 606 608
f 608 606 607
f 609 607 200
f 200 607 606
f 610 611 613
f 613 611 612
f 600 614 587
f 587 614 592
f 596 605 597
f 597 605 608
f 602 615 603
f 603 615 583
f 616 614 584
f 584 614 600
f 611 618 617
f 617 618 590
f 620 621 619
f 619 621 622
f 610 623 611
f 611 623 618
f 624 589 618
f 618 589 590
f 617 590 591
f 591 590 588
f 581 625 582
f 582 625 626
f 599 627 581
f 581 627 625
f 591 594 617
f 617 594 628
f 601 610 598
f 598 610 613
f 581 584 599
f 599 584 600
f 585 629 586
f 586 629 630
f 615 616 583
f 583 616 584
f 587 592 588
f 588 592 591
f 582 626 631
f 631 626 632
f 624 620 633
f 633 620 619
f 621 620 604
f 604 620 623
f 631 632 621
f 621 632 622
f 610 601 623
f 623 601 604
f 589 624 634
f 634 624 633
f 586 630 599
f 599 630 627
f 203 202 628
f 628 202 612
f 629 585 634
f 634 585 589
f 609 593 614
f 614 593 592
f 620 624 623
f 623 624 618
f 631 621 603
f 603 621 604
f 582 631 583
f 583 631 603
f 634 633 636
f 636 633 635
f 634 636 629
f 629 636 637
f 629 637 630
f 630 637 638
f 630 638 627
f 627 638 639
f 633 619 635
f 635 619 640
f 619 622 640
f 640 622 641
f 641 622 642
f 642 622 632
f 644 635 643
f 643 635 640
f 645 646 648
f 648 646 647
f 649 650 646
f 646 650 647
f 647 650 652
f 652 650 651
f 652 653 655
f 655 653 654
f 651 656 652
f 652 656 653
f 655 648 652
f 652 648 647
f 648 657 645
f 645 657 658
f 650 649 651
f 651 649 659
f 649 637 659
f 659 637 636
f 649 660 637
f 637 660 638
f 661 660 646
f 646 660 649
f 662 661 645
f 645 661 646
f 651 659 656
f 656 659 644
f 644 659 635
f 635 659 636
f 663 662 658
f 658 662 645
f 664 661 665
f 665 661 662
f 663 666 662
f 662 666 665
f 667 664 668
f 668 664 665
f 664 667 670
f 670 667 669
f 666 671 665
f 665 671 668
f 661 664 660
f 660 664 670
f 660 670 638
f 638 670 639
f 658 672 663
f 663 672 673
f 658 657 672
f 672 657 674
f 653 656 675
f 675 656 644
f 653 675 654
f 654 675 676
f 675 644 677
f 677 644 643
f 676 675 678
f 678 675 677
f 679 680 676
f 676 680 654
f 674 680 672
f 672 680 679
f 627 639 625
f 625 639 681
f 626 682 632
f 632 682 642
f 681 682 625
f 625 682 626
f 669 683 681
f 681 683 682
f 667 684 669
f 669 684 683
f 682 683 642
f 642 683 685
f 681 639 669
f 669 639 670
f 686 641 685
f 685 641 642
f 641 686 640
f 640 686 643
f 686 687 643
f 643 687 677
f 687 686 688
f 688 686 685
f 689 687 690
f 690 687 688
f 683 684 685
f 685 684 688
f 684 691 688
f 688 691 690
f 687 689 677
f 677 689 678
f 693 678 692
f 692 678 689
f 692 695 694
f 694 695 696
f 692 689 695
f 695 689 690
f 692 694 693
f 693 694 673
f 693 673 679
f 679 673 672
f 679 676 693
f 693 676 678
f 684 667 691
f 691 667 668
f 696 691 671
f 671 691 668
f 696 695 691
f 691 695 690
f 694 696 666
f 666 696 671
f 666 663 694
f 694 663 673
f 648 655 657
f 657 655 674
f 674 655 680
f 680 655 654
f 593 162 594
f 594 162 290
f 598 597 601
f 601 597 602
f 615 608 616
f 616 608 607
f 607 609 616
f 616 609 614
f 697 595 613
f 613 595 598
f 597 608 602
f 602 608 615
f 594 290 628
f 628 290 203
f 628 612 617
f 617 612 611
f 593 609 162
f 162 609 200
f 105 29 698
f 698 29 699
f 268 126 701
f 701 126 700
f 126 125 700
f 700 125 702
f 252 703 250
f 250 703 704
f 32 268 705
f 705 268 701
f 288 105 706
f 706 105 698
f 29 32 699
f 699 32 705
f 707 251 706
f 706 251 288
f 250 704 125
f 125 704 702
f 703 252 707
f 707 252 251
f 706 708 707
f 707 708 709
f 707 709 703
f 703 709 710
f 703 710 704
f 704 710 711
f 704 711 702
f 702 711 712
f 706 698 708
f 708 698 713
f 698 699 713
f 713 699 714
f 699 705 714
f 714 705 715
f 717 708 716
f 716 708 713
f 719 720 718
f 718 720 721
f 722 723 719
f 719 723 720
f 724 725 723
f 723 725 720
f 724 726 725
f 725 726 727
f 728 721 725
f 725 721 720
f 721 728 729
f 729 728 730
f 729 731 721
f 721 731 718
f 724 723 732
f 732 723 722
f 722 710 732
f 732 710 709
f 722 733 710
f 710 733 711
f 719 734 722
f 722 734 733
f 734 719 735
f 735 719 718
f 724 732 726
f 726 732 717
f 717 732 708
f 708 732 709
f 731 736 718
f 718 736 735
f 737 734 738
f 738 734 735
f 736 739 735
f 735 739 738
f 740 737 741
f 741 737 738
f 737 740 743
f 743 740 742
f 739 744 738
f 738 744 741
f 734 737 733
f 733 737 743
f 733 743 711
f 711 743 712
f 736 731 746
f 746 731 745
f 731 729 745
f 745 729 730
f 727 726 747
f 747 726 717
f 748 727 749
f 749 727 747
f 747 717 750
f 750 717 716
f 749 747 751
f 751 747 750
f 749 752 748
f 748 752 753
f 730 753 745
f 745 753 752
f 728 725 748
f 748 725 727
f 730 728 753
f 753 728 748
f 700 702 754
f 754 702 712
f 705 701 715
f 715 701 755
f 754 755 700
f 700 755 701
f 742 756 754
f 754 756 755
f 740 757 742
f 742 757 756
f 755 756 715
f 715 756 758
f 754 712 742
f 742 712 743
f 759 714 758
f 758 714 715
f 714 759 713
f 713 759 716
f 759 760 716
f 716 760 750
f 760 759 761
f 761 759 758
f 762 760 763
f 763 760 761
f 756 757 758
f 758 757 761
f 757 764 761
f 761 764 763
f 760 762 750
f 750 762 751
f 766 751 765
f 765 751 762
f 767 765 769
f 769 765 768
f 765 762 768
f 768 762 763
f 765 767 766
f 766 767 746
f 766 746 752
f 752 746 745
f 752 749 766
f 766 749 751
f 757 740 764
f 764 740 741
f 769 764 744
f 744 764 741
f 769 768 764
f 764 768 763
f 767 769 739
f 739 769 744
f 739 736 767
f 767 736 746
f 219 217 208
f 208 217 209
f 209 217 210
f 210 217 193
f 198 580 199
f 199 580 511
f 76 75 289
f 289 75 272
f 277 207 291
f 291 207 184
f 290 183 203
f 203 183 84
f 490 580 142
f 142 580 198
f 142 198 143
f 143 198 197
f 149 276 72
f 72 276 73
f 104 103 279
f 279 103 770
f 770 596 279
f 279 596 595
f 605 596 771
f 771 596 770
f 771 770 772
f 772 770 103
f 772 103 773
f 773 103 102
f 155 774 101
f 101 774 102
f 773 102 97
f 97 102 774
f 775 773 100
f 100 773 97
f 773 775 772
f 772 775 776
f 772 776 771
f 771 776 777
f 200 606 197
f 197 606 777
f 189 71 778
f 778 71 74
f 97 774 98
f 98 774 155
f 183 161 184
f 184 161 291
f 777 276 197
f 197 276 143
f 777 606 771
f 771 606 605
f 613 612 697
f 697 612 202
f 595 697 279
f 279 697 202
f 73 276 776
f 776 276 777
f 776 775 73
f 73 775 74
f 100 778 775
f 775 778 74
f 778 100 189
f 189 100 99
f 245 242 99
f 99 242 189
f 131 33 256
f 28 1 95
f 95 1 62
f 27 2 28
f 28 2 1
f 265 115 266
f 266 115 114
f 95 62 69
f 69 62 64
f 62 61 64
f 64 61 65
f 61 13 65
f 65 13 130
f 13 12 130
f 130 12 14
f 31 11 32
f 32 11 268
f 15 12 31
f 31 12 11
f 31 30 15
f 15 30 231
f 30 106 231
f 231 106 232
f 287 237 106
f 106 237 232
f 254 90 287
f 287 90 237
f 253 44 254
f 254 44 90
f 253 249 44
f 44 249 7
f 267 127 268
f 268 127 126
f 10 3 241
f 241 3 116
f 3 2 116
f 116 2 114
f 2 27 114
f 114 27 266
f 27 26 266
f 266 26 113
f 26 286 113
f 113 286 110
f 286 243 110
f 110 243 255
f 243 242 255
f 255 242 256
f 242 245 256
f 256 245 131
f 245 244 131
f 131 244 132
f 265 37 115
f 115 37 41
f 41 37 42
f 42 37 40
f 92 91 40
f 40 91 42
f 236 233 92
f 92 233 91
f 191 194 236
f 236 194 233
f 258 285 244
f 244 285 132
f 257 55 258
f 258 55 285
f 257 154 201
f 201 154 185
f 56 201 204
f 204 201 180
f 55 257 56
f 56 257 201
f 204 85 56
f 56 85 52
f 86 122 53
f 53 122 79
f 212 215 86
f 86 215 122
f 211 216 212
f 212 216 215
f 192 280 211
f 211 280 216
f 191 240 192
f 192 240 280
f 249 124 7
f 7 124 8
f 124 127 8
f 8 127 241
f 127 267 241
f 241 267 10
f 10 267 9
f 9 267 11
o hand_right
v 0.103193 0.361558 0.862844
v 0.106080 0.370820 0.857841
v 0.095993 0.367748 0.855095
v 0.094379 0.357549 0.859848
v 0.101182 0.386044 0.841344
v 0.103362 0.386235 0.829167
v 0.089408 0.379392 0.830254
v 0.089479 0.381452 0.840588
v 0.088048 0.353147 0.856790
v 0.088321 0.364936 0.853135
v 0.086656 0.350096 0.852664
v 0.093131 0.336013 0.856364
v 0.090821 0.341611 0.859838
v 0.095214 0.328105 0.861412
v 0.103156 0.333964 0.851638
v 0.104021 0.324232 0.863628
v 0.129754 0.339613 0.867271
v 0.136997 0.347016 0.876114
v 0.129407 0.336037 0.887525
v 0.122071 0.330414 0.877202
v 0.137898 0.352911 0.896701
v 0.132917 0.343060 0.892268
v 0.141527 0.353233 0.880827
v 0.145371 0.361638 0.885282
v 0.115669 0.370802 0.869169
v 0.119856 0.379029 0.864250
v 0.115959 0.375105 0.861812
v 0.112060 0.367465 0.866260
v 0.080864 0.352070 0.840169
v 0.094501 0.346352 0.839159
v 0.090794 0.345581 0.846461
v 0.078935 0.355092 0.844575
v 0.129900 0.405593 0.856975
v 0.139469 0.409242 0.848137
v 0.137497 0.405951 0.843661
v 0.129562 0.402913 0.852889
v 0.123154 0.394574 0.830933
v 0.132489 0.396610 0.828902
v 0.138053 0.390539 0.817938
v 0.130039 0.385235 0.819635
v 0.112715 0.390797 0.830429
v 0.118185 0.383430 0.820299
v 0.107231 0.379014 0.820772
v 0.091185 0.373541 0.823023
v 0.146289 0.414370 0.857744
v 0.139900 0.412864 0.865539
v 0.065685 0.311967 0.899766
v 0.067234 0.316353 0.903381
v 0.069933 0.317744 0.899615
v 0.068213 0.313093 0.896611
v 0.159207 0.406499 0.871174
v 0.166129 0.399184 0.870613
v 0.168730 0.404865 0.866864
v 0.161713 0.411023 0.865668
v 0.155800 0.400487 0.878384
v 0.161831 0.391414 0.875476
v 0.071438 0.301261 0.903452
v 0.067710 0.303335 0.900578
v 0.071684 0.303322 0.897221
v 0.075978 0.301565 0.900131
v 0.093206 0.347908 0.863470
v 0.099234 0.354268 0.867579
v 0.087916 0.334820 0.875067
v 0.093807 0.342667 0.872892
v 0.091588 0.339160 0.866798
v 0.088268 0.331948 0.869372
v 0.108040 0.357209 0.885495
v 0.113145 0.364637 0.878097
v 0.109359 0.360170 0.874907
v 0.102493 0.351688 0.881754
v 0.117906 0.374745 0.886811
v 0.112948 0.366321 0.893334
v 0.116314 0.373058 0.897439
v 0.118391 0.378446 0.892139
v 0.104089 0.349962 0.901543
v 0.101749 0.345405 0.904416
v 0.102134 0.347700 0.906744
v 0.105794 0.352604 0.903421
v 0.172005 0.409619 0.862744
v 0.164074 0.414602 0.859779
v 0.143270 0.371685 0.906520
v 0.141988 0.382791 0.906731
v 0.136207 0.376941 0.917275
v 0.139580 0.365903 0.914630
v 0.168398 0.389865 0.866646
v 0.172760 0.395986 0.864397
v 0.075569 0.302387 0.907967
v 0.079757 0.303068 0.904813
v 0.115155 0.368825 0.819115
v 0.095094 0.364500 0.820994
v 0.129263 0.373963 0.818551
v 0.139027 0.377660 0.818488
v 0.146003 0.381892 0.815771
v 0.094486 0.343207 0.879529
v 0.106579 0.360037 0.869514
v 0.118083 0.374215 0.872116
v 0.125207 0.394403 0.894281
v 0.129035 0.401142 0.887254
v 0.122843 0.393649 0.882775
v 0.121274 0.388912 0.889874
v 0.134854 0.389796 0.907286
v 0.127111 0.389997 0.905022
v 0.124244 0.384662 0.910990
v 0.130780 0.383857 0.915047
v 0.080981 0.351699 0.832353
v 0.097314 0.348470 0.832077
v 0.150369 0.411921 0.868988
v 0.152851 0.414388 0.862033
v 0.157902 0.417090 0.855763
v 0.123983 0.392093 0.859748
v 0.129245 0.401109 0.850044
v 0.126943 0.398556 0.847406
v 0.123260 0.389303 0.858239
v 0.109039 0.381957 0.852860
v 0.113253 0.391082 0.843865
v 0.097870 0.379055 0.851063
v 0.135851 0.402454 0.836506
v 0.143141 0.410668 0.836431
v 0.141131 0.405670 0.829310
v 0.147725 0.414913 0.844012
v 0.152746 0.417458 0.850951
v 0.179376 0.400337 0.861257
v 0.140050 0.399629 0.823489
v 0.081157 0.377188 0.839977
v 0.073477 0.374342 0.838445
v 0.074653 0.369746 0.844857
v 0.082286 0.372373 0.847424
v 0.094569 0.320390 0.868013
v 0.089335 0.326117 0.867498
v 0.091555 0.334072 0.861578
v 0.126827 0.402278 0.867611
v 0.135299 0.408746 0.874421
v 0.088683 0.335156 0.881686
v 0.080230 0.303174 0.896596
v 0.075700 0.304789 0.893196
v 0.086818 0.312474 0.879741
v 0.091532 0.309917 0.883955
v 0.090465 0.329222 0.890693
v 0.087083 0.331493 0.885231
v 0.086825 0.329566 0.887724
v 0.089011 0.328611 0.893780
v 0.106383 0.355562 0.909582
v 0.109582 0.359767 0.906537
v 0.112160 0.324090 0.887683
v 0.110226 0.317990 0.875879
v 0.114718 0.325536 0.868468
v 0.111463 0.362593 0.889398
v 0.107244 0.356402 0.896501
v 0.109122 0.359175 0.898937
v 0.094750 0.342022 0.884203
v 0.091154 0.335860 0.887207
v 0.095318 0.339232 0.889162
v 0.098471 0.345397 0.886817
v 0.148146 0.389106 0.896812
v 0.139856 0.397296 0.897956
v 0.065766 0.307260 0.899031
v 0.068950 0.307778 0.895667
v 0.116347 0.369782 0.882059
v 0.120915 0.335507 0.860181
v 0.120180 0.378115 0.875380
v 0.125633 0.352911 0.915127
v 0.119923 0.358927 0.917010
v 0.115122 0.356963 0.918771
v 0.117969 0.351587 0.919499
v 0.080845 0.321352 0.904729
v 0.076175 0.322425 0.901463
v 0.073459 0.320207 0.904195
v 0.077791 0.319045 0.907798
v 0.085200 0.329993 0.879889
v 0.084987 0.326636 0.874409
v 0.082034 0.323598 0.879826
v 0.083840 0.327224 0.884206
v 0.086912 0.320494 0.873228
v 0.083549 0.317659 0.878134
v 0.085041 0.316510 0.906190
v 0.086726 0.309248 0.904726
v 0.097151 0.316278 0.894515
v 0.092777 0.322667 0.896995
v 0.153694 0.368990 0.874785
v 0.156003 0.377899 0.881062
v 0.147947 0.370710 0.891787
v 0.141093 0.363214 0.903123
v 0.133463 0.356167 0.912678
v 0.132476 0.345411 0.906884
v 0.149697 0.378111 0.894953
v 0.098877 0.327260 0.892510
v 0.103845 0.320486 0.888134
v 0.104606 0.324286 0.891729
v 0.121233 0.383671 0.880253
v 0.072644 0.309111 0.891596
v 0.156283 0.370164 0.830797
v 0.164106 0.373221 0.841105
v 0.157893 0.367918 0.844475
v 0.148521 0.364866 0.833127
v 0.072327 0.320127 0.896338
v 0.070737 0.315213 0.892457
v 0.110998 0.364138 0.911163
v 0.108099 0.359541 0.913486
v 0.109658 0.360061 0.916571
v 0.111195 0.366084 0.915913
v 0.157093 0.383466 0.882972
v 0.129129 0.375412 0.922841
v 0.133132 0.364856 0.920519
v 0.162934 0.383765 0.871538
v 0.161563 0.375753 0.866113
v 0.167444 0.380978 0.860319
v 0.122071 0.335034 0.902726
v 0.150141 0.361870 0.871309
v 0.158269 0.369960 0.862327
v 0.165144 0.375941 0.855231
v 0.170780 0.380223 0.850775
v 0.172592 0.385420 0.856784
v 0.084073 0.305142 0.901403
v 0.082361 0.307550 0.909006
v 0.179806 0.389693 0.853261
v 0.176933 0.384063 0.846478
v 0.153903 0.363993 0.856814
v 0.147465 0.357689 0.849876
v 0.146035 0.356545 0.865721
v 0.139149 0.349600 0.859549
v 0.123234 0.326853 0.895277
v 0.070013 0.310013 0.920570
v 0.077544 0.312509 0.913581
v 0.074778 0.317246 0.911553
v 0.068623 0.313981 0.920057
v 0.081309 0.314521 0.909671
v 0.078235 0.306953 0.912107
v 0.128231 0.345089 0.850142
v 0.093212 0.333993 0.892073
v 0.134589 0.355033 0.837810
v 0.111553 0.340144 0.842863
v 0.115280 0.349134 0.833650
v 0.139400 0.365718 0.824091
v 0.123444 0.359507 0.823570
v 0.153828 0.376138 0.820059
v 0.147545 0.370726 0.823285
v 0.105955 0.356035 0.823878
v 0.059650 0.312448 0.908999
v 0.062277 0.316316 0.912204
v 0.162370 0.374653 0.827120
v 0.089376 0.375145 0.849379
v 0.123294 0.390466 0.872039
v 0.122478 0.385847 0.868833
v 0.131445 0.404467 0.882389
v 0.124596 0.397328 0.875991
v 0.059241 0.307334 0.907601
v 0.102416 0.342397 0.907777
v 0.103516 0.343255 0.907478
v 0.080852 0.377101 0.830855
v 0.074501 0.374856 0.830782
v 0.075730 0.363298 0.824237
v 0.074528 0.370264 0.825492
v 0.082253 0.371935 0.824025
v 0.084213 0.364515 0.822413
v 0.124270 0.394238 0.861401
v 0.124991 0.396941 0.864217
v 0.152249 0.395472 0.887250
v 0.143475 0.402902 0.888701
v 0.091561 0.316050 0.874502
v 0.101719 0.316893 0.871834
v 0.097060 0.313762 0.878415
v 0.096728 0.311890 0.888279
v 0.094022 0.329968 0.893748
v 0.095806 0.325760 0.892197
v 0.120468 0.394759 0.846326
v 0.118377 0.385224 0.855938
v 0.083375 0.363677 0.850725
v 0.076678 0.362263 0.847822
v 0.103406 0.351011 0.890156
v 0.111725 0.332233 0.906877
v 0.112462 0.325688 0.900566
v 0.099955 0.344302 0.894865
v 0.063326 0.301128 0.911598
v 0.060291 0.303812 0.908653
v 0.102499 0.314963 0.882490
v 0.111813 0.366014 0.903043
v 0.115525 0.337466 0.908148
v 0.107354 0.337484 0.909708
v 0.126613 0.381626 0.918421
v 0.169989 0.378160 0.836575
v 0.070573 0.318945 0.908294
v 0.065532 0.317692 0.915726
v 0.070428 0.305961 0.919122
v 0.068307 0.301842 0.915247
v 0.145705 0.407267 0.878897
v 0.121595 0.382558 0.867016
v 0.091088 0.355700 0.824789
v 0.078645 0.356570 0.826993
v 0.098364 0.340453 0.897098
v 0.127094 0.359503 0.917983
v 0.124417 0.343846 0.912959
v 0.116236 0.342804 0.918662
v 0.110503 0.338718 0.915580
v 0.104371 0.339668 0.911993
v 0.066487 0.306118 0.922716
v 0.064521 0.301910 0.918870
v 0.059582 0.301001 0.915097
v 0.056962 0.303410 0.912168
v 0.056745 0.307517 0.910496
v 0.065871 0.310243 0.924348
v 0.064353 0.313782 0.923563
v 0.062971 0.317253 0.918517
v 0.061581 0.311249 0.926997
v 0.059344 0.306423 0.927760
v 0.047134 0.303569 0.921618
v 0.052610 0.301647 0.920344
v 0.051691 0.302082 0.922949
v 0.047300 0.303511 0.924925
v 0.043520 0.304807 0.928284
v 0.042632 0.305003 0.924818
v 0.055947 0.302902 0.924729
v 0.050389 0.304931 0.928082
v 0.052562 0.307749 0.930405
v 0.047889 0.308570 0.933382
v 0.045861 0.305925 0.931550
v 0.056249 0.305900 0.928168
v 0.058115 0.302147 0.923657
v 0.040494 0.306781 0.928599
v 0.041771 0.305661 0.930513
v 0.043384 0.307077 0.933100
v 0.041068 0.309135 0.933092
v 0.053021 0.303904 0.914795
v 0.046336 0.305172 0.919652
v 0.042419 0.307907 0.923454
v 0.040378 0.309386 0.927390
v 0.045865 0.309298 0.919486
v 0.043068 0.310795 0.923165
v 0.041625 0.312405 0.926647
v 0.046618 0.313411 0.920618
v 0.044139 0.313712 0.924011
v 0.055266 0.311877 0.913141
v 0.054397 0.307789 0.912088
v 0.042549 0.314260 0.926065
v 0.040979 0.311316 0.932454
v 0.055207 0.310381 0.930539
v 0.048775 0.311694 0.933329
v 0.055507 0.312772 0.930092
v 0.049349 0.314027 0.933218
v 0.044747 0.311463 0.935350
v 0.045167 0.309074 0.934427
v 0.058336 0.312374 0.911141
v 0.060954 0.316364 0.914666
v 0.058281 0.316243 0.916489
v 0.049024 0.316802 0.923102
v 0.059994 0.317342 0.920442
v 0.060215 0.314738 0.925843
v 0.054157 0.315388 0.929306
v 0.052361 0.317329 0.927024
v 0.049137 0.315923 0.931417
v 0.048181 0.316716 0.929155
v 0.045743 0.316267 0.926143
v 0.045075 0.315463 0.932065
v 0.044901 0.313510 0.934339
v 0.042088 0.313807 0.930363
v 0.045538 0.316281 0.930312
v 0.043569 0.314956 0.928419
v 0.070732 0.336085 0.916790
v 0.073673 0.340617 0.920116
v 0.077370 0.338965 0.917080
v 0.074586 0.335170 0.914406
v 0.072079 0.323945 0.923325
v 0.069810 0.327485 0.918802
v 0.073809 0.325421 0.916363
v 0.077224 0.322356 0.921492
v 0.076548 0.325138 0.928637
v 0.081856 0.324087 0.926225
v 0.081993 0.321228 0.918207
v 0.078581 0.324651 0.912925
v 0.094418 0.326133 0.898762
v 0.098353 0.322626 0.903036
v 0.097659 0.342489 0.905263
v 0.099365 0.341551 0.908562
v 0.069710 0.332163 0.916844
v 0.073518 0.330400 0.914401
v 0.085921 0.341495 0.921322
v 0.082714 0.341936 0.916856
v 0.079722 0.341611 0.920496
v 0.082542 0.340657 0.925136
v 0.092839 0.334254 0.897190
v 0.095567 0.338610 0.900923
v 0.092772 0.330372 0.897270
v 0.088508 0.337073 0.925549
v 0.089369 0.330458 0.927191
v 0.104643 0.330000 0.913994
v 0.102907 0.336194 0.914232
v 0.077078 0.329441 0.910586
v 0.079421 0.339177 0.913087
v 0.077369 0.335093 0.910497
v 0.086824 0.323885 0.923129
v 0.084157 0.330704 0.930336
v 0.068763 0.339841 0.937701
v 0.079336 0.337551 0.931981
v 0.078149 0.341342 0.928614
v 0.067884 0.344326 0.935572
v 0.084041 0.336903 0.929098
v 0.079066 0.331591 0.932382
v 0.059356 0.342329 0.924908
v 0.062566 0.346575 0.928354
v 0.057777 0.338044 0.924447
v 0.102879 0.324152 0.908721
v 0.061121 0.329483 0.929067
v 0.058244 0.333912 0.925250
v 0.076298 0.342813 0.924082
v 0.065492 0.347120 0.932388
v 0.068141 0.335314 0.937627
v 0.065977 0.329595 0.933738
v 0.062605 0.336715 0.939650
v 0.060319 0.332083 0.936147
v 0.056078 0.331778 0.931211
v 0.054715 0.335735 0.927276
v 0.055348 0.339507 0.926095
v 0.063202 0.340984 0.940065
v 0.063075 0.345401 0.938200
v 0.062584 0.347647 0.933682
v 0.056992 0.345444 0.941239
v 0.054616 0.341407 0.941767
v 0.039108 0.344268 0.931982
v 0.043815 0.340468 0.931649
v 0.043723 0.340424 0.934285
v 0.039467 0.343958 0.934764
v 0.048187 0.336166 0.933171
v 0.047301 0.337549 0.935078
v 0.050257 0.338367 0.938649
v 0.045620 0.342516 0.938221
v 0.048587 0.345203 0.940981
v 0.043803 0.348378 0.941794
v 0.040632 0.345685 0.939341
v 0.051094 0.341466 0.940866
v 0.037117 0.346524 0.935884
v 0.036129 0.348453 0.934453
v 0.052415 0.335988 0.938697
v 0.051241 0.336874 0.928202
v 0.044141 0.342224 0.929071
v 0.039507 0.346919 0.930039
v 0.036974 0.351311 0.933707
v 0.045283 0.346115 0.927806
v 0.040820 0.349876 0.929601
v 0.039005 0.353064 0.933130
v 0.047400 0.350363 0.928258
v 0.042972 0.353397 0.930590
v 0.056095 0.344494 0.926597
v 0.053343 0.340557 0.925891
v 0.041118 0.354031 0.932420
v 0.036565 0.350354 0.938873
v 0.037315 0.353291 0.937375
v 0.037478 0.348736 0.939153
v 0.049928 0.346788 0.941602
v 0.044554 0.350505 0.941666
v 0.051078 0.349427 0.941248
v 0.044859 0.352896 0.941184
v 0.040082 0.352181 0.941455
v 0.039671 0.350515 0.941386
v 0.057710 0.343177 0.926888
v 0.060757 0.346795 0.930009
v 0.059257 0.347937 0.929837
v 0.050154 0.353279 0.931795
v 0.060682 0.348930 0.934270
v 0.058621 0.348048 0.938982
v 0.052193 0.351600 0.939697
v 0.051733 0.353644 0.936249
v 0.045906 0.354728 0.940551
v 0.047277 0.355362 0.937646
v 0.045459 0.355434 0.933162
v 0.041333 0.355723 0.939839
v 0.040317 0.353883 0.940966
v 0.038869 0.354517 0.936298
v 0.043436 0.356283 0.937763
v 0.041532 0.355473 0.934721
v 0.081754 0.352614 0.922096
v 0.084574 0.357332 0.923980
v 0.087936 0.356073 0.922162
v 0.085191 0.351307 0.920450
v 0.082892 0.343167 0.930843
v 0.080587 0.344804 0.926714
v 0.084286 0.342991 0.924882
v 0.087652 0.340780 0.928659
v 0.084587 0.345586 0.935707
v 0.091276 0.342770 0.933274
v 0.092485 0.338876 0.926576
v 0.088208 0.341446 0.922953
v 0.100792 0.340345 0.914610
v 0.104662 0.338136 0.919494
v 0.080637 0.348401 0.923679
v 0.083815 0.346992 0.921983
v 0.094824 0.358877 0.927414
v 0.092239 0.358600 0.923248
v 0.090494 0.358723 0.926148
v 0.092306 0.358446 0.930083
v 0.100713 0.349346 0.909303
v 0.103966 0.353945 0.911709
v 0.099262 0.344871 0.911148
v 0.097220 0.355003 0.932165
v 0.098676 0.348110 0.934025
v 0.110507 0.349587 0.925715
v 0.109359 0.355017 0.922978
v 0.086748 0.345573 0.920093
v 0.089819 0.355674 0.919449
v 0.087212 0.350760 0.918173
v 0.096464 0.341755 0.930684
v 0.093360 0.348936 0.936252
v 0.074420 0.360296 0.941850
v 0.089540 0.356045 0.936698
v 0.088638 0.359643 0.932009
v 0.074526 0.363813 0.939093
v 0.093368 0.355298 0.934869
v 0.088257 0.350480 0.938251
v 0.069304 0.358872 0.927465
v 0.071823 0.363001 0.929994
v 0.069358 0.354296 0.928025
v 0.109033 0.341436 0.924182
v 0.107123 0.357894 0.917656
v 0.069664 0.349341 0.933882
v 0.069193 0.351463 0.930009
v 0.087192 0.359762 0.927916
v 0.073889 0.365089 0.934805
v 0.074269 0.355272 0.942406
v 0.072673 0.349966 0.939100
v 0.069165 0.357320 0.942644
v 0.068012 0.351871 0.939312
v 0.065972 0.350653 0.933918
v 0.066359 0.352928 0.929726
v 0.066883 0.355855 0.927784
v 0.069484 0.362480 0.941551
v 0.069974 0.365508 0.938852
v 0.072074 0.365362 0.934277
v 0.065702 0.364862 0.940906
v 0.062539 0.360447 0.941798
v 0.050060 0.361167 0.929640
v 0.055179 0.358103 0.930873
v 0.055039 0.358372 0.932061
v 0.049652 0.361202 0.931353
v 0.060014 0.354282 0.933838
v 0.058715 0.355536 0.934490
v 0.059806 0.356740 0.938067
v 0.054327 0.360316 0.936961
v 0.057222 0.364983 0.939631
v 0.052195 0.367107 0.938179
v 0.049141 0.362971 0.935850
v 0.060680 0.360441 0.940544
v 0.046955 0.363281 0.931542
v 0.046122 0.363011 0.929836
v 0.061694 0.355285 0.938947
v 0.062224 0.354720 0.929485
v 0.056056 0.358688 0.928030
v 0.050965 0.361827 0.926657
v 0.047829 0.365059 0.927280
v 0.057861 0.361496 0.926102
v 0.052965 0.364091 0.925694
v 0.050089 0.366938 0.926410
v 0.059329 0.364546 0.926001
v 0.054900 0.366684 0.926034
v 0.067212 0.360388 0.927269
v 0.064840 0.357065 0.927340
v 0.052108 0.368130 0.926702
v 0.045480 0.366303 0.933246
v 0.047038 0.369439 0.930829
v 0.046636 0.365260 0.934040
v 0.058524 0.366195 0.940192
v 0.052483 0.369451 0.938334
v 0.060033 0.368425 0.939184
v 0.054004 0.371448 0.937323
v 0.048222 0.369394 0.936462
v 0.048446 0.368185 0.936588
v 0.068375 0.359531 0.927676
v 0.070780 0.363320 0.930184
v 0.069532 0.363979 0.929618
v 0.060916 0.368627 0.928195
v 0.070397 0.366327 0.933610
v 0.066434 0.367471 0.938117
v 0.061026 0.369979 0.936358
v 0.061275 0.370631 0.932461
v 0.055469 0.372304 0.935054
v 0.056934 0.371811 0.932601
v 0.056318 0.370200 0.927935
v 0.051665 0.372076 0.933055
v 0.049547 0.371419 0.935152
v 0.049669 0.370445 0.929223
v 0.053561 0.372079 0.931301
v 0.052145 0.370683 0.928445
v 0.105841 0.357050 0.914459
v 0.094132 0.369132 0.926731
v 0.095220 0.373109 0.927656
v 0.097425 0.373011 0.927480
v 0.096924 0.369104 0.925646
v 0.097255 0.361790 0.934817
v 0.094841 0.362740 0.930884
v 0.098793 0.361417 0.929630
v 0.101288 0.360574 0.933386
v 0.099620 0.364443 0.938538
v 0.103445 0.363897 0.937184
v 0.104766 0.360322 0.931720
v 0.102240 0.361121 0.927784
v 0.115308 0.360825 0.919559
v 0.119928 0.360723 0.922665
v 0.121117 0.380389 0.921553
v 0.118426 0.380332 0.916526
v 0.112220 0.378817 0.922432
v 0.115737 0.378982 0.925961
v 0.094033 0.365499 0.928117
v 0.097220 0.364726 0.926332
v 0.104093 0.377679 0.933440
v 0.101445 0.377014 0.929381
v 0.098913 0.376255 0.929766
v 0.100633 0.377866 0.933867
v 0.114921 0.376577 0.914303
v 0.113383 0.371542 0.914051
v 0.109969 0.371725 0.916188
v 0.109307 0.375684 0.919719
v 0.110266 0.365899 0.916996
v 0.106076 0.375328 0.936531
v 0.107643 0.369697 0.938259
v 0.122876 0.372591 0.929769
v 0.120249 0.376659 0.928171
v 0.099567 0.364193 0.925616
v 0.099681 0.373769 0.926354
v 0.098553 0.369539 0.925254
v 0.107301 0.363408 0.935936
v 0.103733 0.370090 0.939148
v 0.091477 0.377669 0.940339
v 0.099699 0.376235 0.938349
v 0.098158 0.378248 0.934165
v 0.091048 0.379299 0.937548
v 0.102411 0.375620 0.937417
v 0.099827 0.370833 0.940391
v 0.087374 0.371363 0.928526
v 0.089143 0.376134 0.930421
v 0.086979 0.368085 0.929484
v 0.123315 0.364781 0.926773
v 0.088250 0.364619 0.936160
v 0.086686 0.365717 0.932079
v 0.096398 0.376304 0.930221
v 0.090338 0.378942 0.933786
v 0.091302 0.373265 0.942181
v 0.090856 0.367080 0.940705
v 0.086306 0.374273 0.942037
v 0.086248 0.368067 0.940390
v 0.084376 0.365903 0.934991
v 0.084789 0.367130 0.931235
v 0.085448 0.369420 0.929005
v 0.087029 0.378672 0.940185
v 0.087439 0.380132 0.937562
v 0.088125 0.379505 0.933862
v 0.082884 0.379571 0.939560
v 0.080238 0.375555 0.940198
v 0.072108 0.373697 0.929568
v 0.075692 0.371565 0.930498
v 0.075375 0.371748 0.931688
v 0.071611 0.373321 0.930511
v 0.079605 0.368829 0.933375
v 0.078372 0.369916 0.934081
v 0.079609 0.370997 0.937343
v 0.074878 0.373258 0.935729
v 0.075495 0.378053 0.938142
v 0.071620 0.379241 0.936633
v 0.071272 0.374756 0.934921
v 0.078632 0.374765 0.939328
v 0.069020 0.374507 0.930895
v 0.068311 0.375006 0.929770
v 0.081164 0.369866 0.938361
v 0.081701 0.369110 0.929796
v 0.075888 0.372363 0.928036
v 0.071315 0.374815 0.927534
v 0.068301 0.377090 0.928624
v 0.077605 0.373850 0.926739
v 0.072234 0.376515 0.926161
v 0.069464 0.378767 0.927388
v 0.079333 0.376749 0.926337
v 0.073853 0.378614 0.926214
v 0.085236 0.374522 0.927743
v 0.083373 0.371398 0.927906
v 0.071043 0.379636 0.927319
v 0.067214 0.377314 0.932823
v 0.067714 0.379570 0.930833
v 0.068007 0.376419 0.933975
v 0.076129 0.379368 0.938384
v 0.071526 0.380951 0.936462
v 0.077316 0.381491 0.937663
v 0.072154 0.382625 0.935143
v 0.068422 0.380255 0.934693
v 0.069126 0.378583 0.935419
v 0.086232 0.373311 0.928328
v 0.087514 0.376686 0.930308
v 0.086193 0.378154 0.930091
v 0.080422 0.380260 0.928340
v 0.086213 0.380678 0.933833
v 0.084686 0.381005 0.937387
v 0.078566 0.382743 0.935502
v 0.079712 0.382783 0.932220
v 0.072833 0.383424 0.933166
v 0.074364 0.383297 0.930478
v 0.074830 0.381531 0.927641
v 0.069745 0.382119 0.931200
v 0.068699 0.381632 0.932750
v 0.068987 0.380699 0.929527
v 0.071121 0.382340 0.929774
v 0.071075 0.381272 0.928491
v 0.122538 0.377842 0.924599
v 0.065571 0.352790 0.834579
v 0.066020 0.353700 0.840238
v 0.061771 0.369444 0.841892
v 0.062820 0.363288 0.845219
v 0.060607 0.372160 0.835748
v 0.061914 0.367407 0.826009
v 0.061841 0.371269 0.830114
v 0.064483 0.357576 0.844545
v 0.065131 0.354839 0.828768
v 0.063831 0.360793 0.824657
v 0.057081 0.351162 0.829618
v 0.055354 0.357910 0.825341
v 0.053279 0.364552 0.826091
v 0.054695 0.369579 0.831291
v 0.055173 0.371248 0.836118
v 0.059687 0.351041 0.836720
v 0.060533 0.352797 0.841996
v 0.060155 0.358245 0.845864
v 0.053353 0.350047 0.841341
v 0.043656 0.351473 0.840093
v 0.029923 0.365258 0.841505
v 0.036085 0.366249 0.838619
v 0.035461 0.363464 0.838319
v 0.029709 0.362822 0.840472
v 0.040230 0.364193 0.835227
v 0.039201 0.362350 0.836402
v 0.041198 0.357395 0.836823
v 0.035916 0.357056 0.839073
v 0.041616 0.353454 0.840165
v 0.038468 0.352917 0.842938
v 0.030802 0.356496 0.841324
v 0.026581 0.360526 0.841528
v 0.026571 0.356255 0.843416
v 0.025945 0.362531 0.843928
v 0.041344 0.356024 0.834065
v 0.045501 0.368722 0.834525
v 0.038270 0.368994 0.839765
v 0.031567 0.367489 0.844021
v 0.027128 0.363851 0.846671
v 0.040695 0.370309 0.843198
v 0.034753 0.367834 0.847036
v 0.031130 0.363991 0.849610
v 0.043216 0.368841 0.847125
v 0.037267 0.366044 0.849575
v 0.054435 0.369454 0.842679
v 0.050545 0.371276 0.837897
v 0.033849 0.363586 0.850411
v 0.025156 0.356661 0.845857
v 0.026631 0.358038 0.848915
v 0.040705 0.351179 0.844893
v 0.033523 0.351930 0.844759
v 0.034981 0.351415 0.847374
v 0.043939 0.351158 0.847323
v 0.036482 0.351878 0.849807
v 0.029403 0.352565 0.847720
v 0.029490 0.352941 0.844887
v 0.057486 0.369724 0.841691
v 0.059596 0.364561 0.845136
v 0.056890 0.364140 0.845983
v 0.046269 0.363784 0.850328
v 0.056976 0.358092 0.847589
v 0.055475 0.352574 0.845197
v 0.045814 0.353128 0.849967
v 0.047045 0.357650 0.851295
v 0.038110 0.354517 0.851723
v 0.039085 0.357420 0.852164
v 0.038530 0.362334 0.851738
v 0.033095 0.356134 0.851763
v 0.030966 0.353600 0.850363
v 0.030478 0.359601 0.851077
v 0.035243 0.357944 0.851942
v 0.033951 0.360747 0.851498
v 0.121522 0.381915 0.913504
v 0.117251 0.377951 0.910165
v 0.120165 0.382008 0.907297
v 0.122375 0.388028 0.901405
v 0.129527 0.395172 0.898714
v 0.119607 0.383404 0.896945
v 0.117348 0.377364 0.903545
v 0.113678 0.370994 0.908184
v 0.120525 0.383414 0.886861
f 780 781 779
f 779 781 782
f 783 784 786
f 786 784 785
f 787 782 788
f 788 782 781
f 790 791 789
f 789 791 787
f 792 790 794
f 794 790 793
f 796 797 795
f 795 797 798
f 800 801 799
f 799 801 802
f 804 805 803
f 803 805 806
f 808 809 807
f 807 809 810
f 811 812 814
f 814 812 813
f 815 816 818
f 818 816 817
f 819 820 784
f 784 820 821
f 784 821 785
f 785 821 822
f 823 812 824
f 824 812 811
f 826 827 825
f 825 827 828
f 830 831 829
f 829 831 832
f 834 830 833
f 833 830 829
f 836 837 835
f 835 837 838
f 839 840 782
f 782 840 779
f 842 843 841
f 841 843 844
f 846 847 845
f 845 847 848
f 850 851 849
f 849 851 852
f 854 855 853
f 853 855 856
f 831 857 832
f 832 857 858
f 860 861 859
f 859 861 862
f 863 864 830
f 830 864 831
f 835 838 865
f 865 838 866
f 867 868 821
f 821 868 822
f 821 820 867
f 867 820 869
f 818 817 870
f 870 817 871
f 872 848 842
f 842 848 847
f 791 839 787
f 787 839 782
f 803 806 847
f 847 806 873
f 874 803 846
f 846 803 847
f 876 877 875
f 875 877 878
f 879 880 882
f 882 880 881
f 884 808 883
f 883 808 807
f 829 832 885
f 885 832 886
f 832 858 886
f 886 858 887
f 889 890 888
f 888 890 891
f 893 783 892
f 892 783 894
f 893 819 783
f 783 819 784
f 814 813 889
f 889 813 895
f 813 896 895
f 895 896 897
f 812 898 813
f 813 898 896
f 812 823 898
f 898 823 899
f 903 904 902
f 902 904 905
f 906 907 792
f 792 907 908
f 811 909 824
f 824 909 910
f 911 872 841
f 841 872 842
f 912 913 915
f 915 913 914
f 917 918 916
f 916 918 919
f 855 920 856
f 856 920 921
f 922 923 798
f 798 923 924
f 926 927 925
f 925 927 850
f 929 930 928
f 928 930 931
f 860 879 861
f 861 879 882
f 879 860 933
f 933 860 932
f 934 935 836
f 836 935 837
f 936 846 925
f 925 846 845
f 937 924 793
f 793 924 794
f 846 936 874
f 874 936 938
f 907 844 908
f 908 844 843
f 940 941 939
f 939 941 942
f 944 945 943
f 943 945 946
f 948 949 947
f 947 949 950
f 952 949 951
f 951 949 948
f 954 955 953
f 953 955 956
f 958 959 957
f 957 959 802
f 960 961 799
f 799 961 962
f 859 963 860
f 860 963 932
f 964 965 966
f 966 965 922
f 936 849 938
f 938 849 967
f 968 913 935
f 935 913 837
f 947 950 917
f 917 950 918
f 925 850 936
f 936 850 849
f 970 971 969
f 969 971 972
f 945 944 827
f 827 944 973
f 974 968 828
f 828 968 935
f 975 976 978
f 978 976 977
f 799 802 960
f 960 802 959
f 924 937 798
f 798 937 795
f 960 959 859
f 859 959 963
f 979 963 958
f 958 963 959
f 980 981 861
f 861 981 862
f 983 984 982
f 982 984 863
f 985 800 962
f 962 800 799
f 957 802 986
f 986 802 801
f 986 987 957
f 957 987 983
f 987 988 983
f 983 988 984
f 990 984 989
f 989 984 988
f 957 983 958
f 958 983 982
f 991 954 866
f 866 954 992
f 864 863 990
f 990 863 984
f 971 995 996
f 995 997 996
f 996 997 998
f 997 796 998
f 998 796 795
f 797 999 798
f 798 999 922
f 1000 1001 1003
f 1003 1001 1002
f 953 1004 954
f 954 1004 992
f 1005 865 992
f 992 865 866
f 998 795 1006
f 1006 795 937
f 912 991 838
f 838 991 866
f 916 1007 929
f 929 1007 930
f 971 970 988
f 988 970 989
f 1008 972 996
f 996 972 971
f 1009 1010 1006
f 1006 1010 1008
f 1011 1012 869
f 869 1012 867
f 1013 1014 871
f 871 1014 870
f 1008 1010 1012
f 1012 1010 1015
f 825 1016 826
f 826 1016 1017
f 1018 969 1013
f 1013 969 1014
f 783 786 894
f 894 786 1019
f 1020 1021 967
f 967 1021 938
f 1022 1023 876
f 876 1023 877
f 934 1024 825
f 825 1024 1016
f 854 1025 855
f 855 1025 1026
f 1028 903 1027
f 1027 903 902
f 1030 1031 1029
f 1029 1031 1032
f 889 888 814
f 814 888 1033
f 1034 811 1033
f 1033 811 814
f 1035 1036 932
f 932 1036 933
f 841 947 911
f 911 947 917
f 844 948 841
f 841 948 947
f 951 948 907
f 907 948 844
f 907 906 951
f 951 906 1037
f 906 1038 1037
f 1037 1038 1039
f 991 912 1040
f 1040 912 915
f 1041 1042 964
f 964 1042 965
f 890 1043 891
f 891 1043 1044
f 789 1045 1046
f 1012 1011 1008
f 1008 1011 972
f 931 1047 848
f 848 1047 845
f 953 956 943
f 943 956 919
f 928 931 872
f 872 931 848
f 1049 999 1048
f 1048 999 985
f 1047 931 1050
f 1050 931 930
f 899 823 887
f 887 823 886
f 825 828 934
f 934 828 935
f 835 1051 836
f 836 1051 1052
f 923 1053 1038
f 1038 1053 1039
f 1054 927 921
f 921 927 856
f 926 1047 853
f 853 1047 1050
f 985 1055 1048
f 1048 1055 1056
f 973 974 827
f 827 974 828
f 837 913 838
f 838 913 912
f 861 882 980
f 980 882 1057
f 927 926 856
f 856 926 853
f 1025 1056 1026
f 1026 1056 1055
f 961 960 862
f 862 960 859
f 826 1017 1059
f 1059 1017 1060
f 1005 1001 1061
f 1061 1001 1000
f 1001 1004 1002
f 1002 1004 946
f 1059 1060 1002
f 1002 1060 1003
f 943 946 953
f 953 946 1004
f 1042 1041 916
f 916 1041 1007
f 792 794 906
f 906 794 1038
f 998 1006 996
f 996 1006 1008
f 865 1005 1062
f 1062 1005 1061
f 1038 794 923
f 923 794 924
f 1022 876 1036
f 1036 876 933
f 836 1052 934
f 934 1052 1024
f 885 1063 829
f 829 1063 833
f 1021 1064 938
f 938 1064 874
f 1012 1015 867
f 867 1015 868
f 824 910 885
f 885 910 1063
f 1031 1030 1027
f 1027 1030 1028
f 1064 804 874
f 874 804 803
f 884 883 1065
f 1065 883 1066
f 1050 930 1067
f 1067 930 1007
f 916 929 917
f 917 929 911
f 961 1068 939
f 939 1068 940
f 1069 1070 1055
f 1055 1070 1071
f 929 928 911
f 911 928 872
f 1040 1053 955
f 955 1053 965
f 922 965 923
f 923 965 1053
f 1051 835 1062
f 1062 835 865
f 952 914 968
f 968 914 913
f 889 895 890
f 890 895 816
f 895 897 816
f 816 897 901
f 890 816 1043
f 1043 816 815
f 1065 1066 1032
f 1032 1066 1029
f 1006 937 1009
f 1009 937 793
f 1001 1005 1004
f 1004 1005 992
f 925 845 926
f 926 845 1047
f 1002 946 1059
f 1059 946 945
f 977 941 978
f 978 941 940
f 823 824 886
f 886 824 885
f 1059 945 826
f 826 945 827
f 939 942 1069
f 1069 942 1070
f 816 901 817
f 1071 1072 1055
f 1055 1072 1026
f 1062 1061 1074
f 1074 1061 1073
f 1062 1074 1051
f 1051 1074 1075
f 1052 1051 1076
f 1076 1051 1075
f 1024 1052 1077
f 1077 1052 1076
f 1061 1000 1073
f 1073 1000 1078
f 1000 1003 1078
f 1078 1003 1079
f 1079 1003 1080
f 1080 1003 1060
f 1081 1082 1078
f 1078 1082 1073
f 1084 1085 1083
f 1083 1085 1086
f 1087 1088 1086
f 1086 1088 1083
f 1086 1085 1090
f 1090 1085 1089
f 1091 1092 1090
f 1090 1092 1093
f 1089 1094 1090
f 1090 1094 1091
f 1095 1082 1089
f 1089 1082 1094
f 1093 1087 1090
f 1090 1087 1086
f 1096 1097 1099
f 1099 1097 1098
f 1097 1096 1087
f 1087 1096 1088
f 1089 1085 1095
f 1095 1085 1084
f 1084 1075 1095
f 1095 1075 1074
f 1084 1100 1075
f 1075 1100 1076
f 1083 1101 1084
f 1084 1101 1100
f 1101 1083 1102
f 1102 1083 1088
f 1082 1095 1073
f 1073 1095 1074
f 1096 1103 1088
f 1088 1103 1102
f 1101 1102 1104
f 1104 1102 1105
f 1102 1103 1105
f 1105 1103 1106
f 1104 1105 1107
f 1107 1105 1108
f 1107 1109 1104
f 1104 1109 1110
f 1111 1108 1106
f 1106 1108 1105
f 1101 1104 1100
f 1100 1104 1110
f 1100 1110 1076
f 1076 1110 1077
f 1103 1096 1112
f 1112 1096 1099
f 1091 1094 1113
f 1113 1094 1082
f 1113 1114 1091
f 1091 1114 1092
f 1082 1081 1113
f 1113 1081 1115
f 1114 1113 1116
f 1116 1113 1115
f 1114 1117 1092
f 1092 1117 1118
f 1024 1077 1016
f 1016 1077 1119
f 1017 1120 1060
f 1060 1120 1080
f 1120 1017 1119
f 1119 1017 1016
f 1119 1109 1120
f 1120 1109 1121
f 1109 1107 1121
f 1121 1107 1122
f 1120 1121 1080
f 1080 1121 1123
f 1119 1077 1109
f 1109 1077 1110
f 1124 1079 1123
f 1123 1079 1080
f 1124 1081 1079
f 1079 1081 1078
f 1125 1115 1124
f 1124 1115 1081
f 1125 1124 1126
f 1126 1124 1123
f 1127 1125 1128
f 1128 1125 1126
f 1121 1122 1123
f 1123 1122 1126
f 1122 1129 1126
f 1126 1129 1128
f 1115 1125 1116
f 1116 1125 1127
f 1131 1116 1130
f 1130 1116 1127
f 1130 1133 1132
f 1132 1133 1134
f 1130 1127 1133
f 1133 1127 1128
f 1130 1132 1131
f 1131 1132 1112
f 1131 1112 1117
f 1117 1112 1099
f 1117 1114 1131
f 1131 1114 1116
f 1107 1108 1122
f 1122 1108 1129
f 1134 1129 1111
f 1111 1129 1108
f 1134 1133 1129
f 1129 1133 1128
f 1132 1134 1106
f 1106 1134 1111
f 1106 1103 1132
f 1132 1103 1112
f 1087 1093 1097
f 1097 1093 1098
f 1098 1118 1099
f 1099 1118 1117
f 1098 1093 1118
f 1118 1093 1092
f 915 914 1039
f 1039 914 1037
f 918 944 919
f 919 944 943
f 950 949 973
f 973 949 974
f 949 952 974
f 974 952 968
f 956 955 1042
f 1042 955 965
f 950 973 918
f 918 973 944
f 915 1039 1040
f 1040 1039 1053
f 956 1042 919
f 919 1042 916
f 1040 955 991
f 991 955 954
f 914 952 1037
f 1037 952 951
f 1136 1137 1135
f 1135 1137 1138
f 1140 1141 1139
f 1139 1141 1142
f 1139 1142 1143
f 1143 1142 1144
f 1145 1146 1148
f 1148 1146 1147
f 854 1149 1025
f 1025 1149 1150
f 1151 1152 1140
f 1140 1152 1141
f 1154 1155 1153
f 1153 1155 1156
f 1067 1007 1158
f 1158 1007 1157
f 1159 1157 1041
f 1041 1157 1007
f 1161 1162 1160
f 1160 1162 1163
f 1164 1146 1152
f 1152 1146 1141
f 854 1067 1149
f 1149 1067 1158
f 1155 1154 1137
f 1137 1154 1165
f 1166 1164 1138
f 1138 1164 1152
f 1167 1161 1144
f 1144 1161 1168
f 1170 1171 1169
f 1169 1171 1172
f 1161 1160 1168
f 1168 1160 1173
f 1174 1143 1168
f 1168 1143 1144
f 1167 1144 1145
f 1145 1144 1142
f 1135 1175 1136
f 1136 1175 1176
f 1151 1177 1135
f 1135 1177 1175
f 1167 1145 1178
f 1178 1145 1148
f 1160 1163 1153
f 1153 1163 1150
f 1135 1138 1151
f 1151 1138 1152
f 1139 1179 1140
f 1140 1179 1180
f 1165 1166 1137
f 1137 1166 1138
f 1141 1146 1142
f 1142 1146 1145
f 1136 1176 1181
f 1181 1176 1182
f 1174 1170 1183
f 1183 1170 1169
f 1170 1173 1171
f 1171 1173 1156
f 1171 1181 1172
f 1172 1181 1182
f 1153 1156 1160
f 1160 1156 1173
f 1143 1174 1184
f 1184 1174 1183
f 1140 1180 1151
f 1151 1180 1177
f 1049 1048 1178
f 1178 1048 1162
f 1179 1139 1184
f 1184 1139 1143
f 1159 1147 1164
f 1164 1147 1146
f 1170 1174 1173
f 1173 1174 1168
f 1171 1156 1181
f 1181 1156 1155
f 1181 1155 1136
f 1136 1155 1137
f 1184 1183 1186
f 1186 1183 1185
f 1184 1186 1179
f 1179 1186 1187
f 1179 1187 1180
f 1180 1187 1188
f 1180 1188 1177
f 1177 1188 1189
f 1183 1169 1185
f 1185 1169 1190
f 1169 1172 1190
f 1190 1172 1191
f 1172 1182 1191
f 1191 1182 1192
f 1193 1194 1190
f 1190 1194 1185
f 1196 1197 1195
f 1195 1197 1198
f 1199 1200 1196
f 1196 1200 1197
f 1197 1200 1202
f 1202 1200 1201
f 1203 1204 1202
f 1202 1204 1205
f 1201 1206 1202
f 1202 1206 1203
f 1205 1198 1202
f 1202 1198 1197
f 1198 1207 1195
f 1195 1207 1208
f 1201 1200 1209
f 1209 1200 1199
f 1199 1187 1209
f 1209 1187 1186
f 1199 1210 1187
f 1187 1210 1188
f 1196 1211 1199
f 1199 1211 1210
f 1212 1211 1195
f 1195 1211 1196
f 1209 1194 1201
f 1201 1194 1206
f 1194 1209 1185
f 1185 1209 1186
f 1213 1212 1208
f 1208 1212 1195
f 1211 1212 1214
f 1214 1212 1215
f 1212 1213 1215
f 1215 1213 1216
f 1214 1215 1217
f 1217 1215 1218
f 1217 1219 1214
f 1214 1219 1220
f 1216 1221 1215
f 1215 1221 1218
f 1214 1220 1211
f 1211 1220 1210
f 1210 1220 1188
f 1188 1220 1189
f 1213 1208 1223
f 1223 1208 1222
f 1208 1207 1222
f 1222 1207 1224
f 1203 1206 1225
f 1225 1206 1194
f 1204 1203 1226
f 1226 1203 1225
f 1194 1193 1225
f 1225 1193 1227
f 1225 1227 1226
f 1226 1227 1228
f 1229 1230 1226
f 1226 1230 1204
f 1224 1230 1222
f 1222 1230 1229
f 1177 1189 1175
f 1175 1189 1231
f 1176 1232 1182
f 1182 1232 1192
f 1232 1176 1231
f 1231 1176 1175
f 1231 1219 1232
f 1232 1219 1233
f 1219 1217 1233
f 1233 1217 1234
f 1232 1233 1192
f 1192 1233 1235
f 1219 1231 1220
f 1220 1231 1189
f 1236 1191 1235
f 1235 1191 1192
f 1236 1193 1191
f 1191 1193 1190
f 1236 1237 1193
f 1193 1237 1227
f 1237 1236 1238
f 1238 1236 1235
f 1239 1237 1240
f 1240 1237 1238
f 1233 1234 1235
f 1235 1234 1238
f 1234 1241 1238
f 1238 1241 1240
f 1237 1239 1227
f 1227 1239 1228
f 1243 1228 1242
f 1242 1228 1239
f 1242 1245 1244
f 1244 1245 1246
f 1242 1239 1245
f 1245 1239 1240
f 1242 1244 1243
f 1243 1244 1223
f 1243 1223 1229
f 1229 1223 1222
f 1229 1226 1243
f 1243 1226 1228
f 1217 1218 1234
f 1234 1218 1241
f 1246 1241 1221
f 1221 1241 1218
f 1246 1245 1241
f 1241 1245 1240
f 1244 1246 1216
f 1216 1246 1221
f 1216 1213 1244
f 1244 1213 1223
f 1198 1205 1207
f 1207 1205 1224
f 1224 1205 1230
f 1230 1205 1204
f 1148 1147 966
f 966 1147 964
f 1149 1154 1150
f 1150 1154 1153
f 1158 1157 1165
f 1165 1157 1166
f 1157 1159 1166
f 1166 1159 1164
f 1163 1162 1056
f 1056 1162 1048
f 1158 1165 1149
f 1149 1165 1154
f 1178 1148 1049
f 1049 1148 966
f 1163 1056 1150
f 1150 1056 1025
f 1178 1162 1167
f 1167 1162 1161
f 1147 1159 964
f 964 1159 1041
f 999 1049 922
f 922 1049 966
f 999 797 985
f 985 797 800
f 797 796 800
f 800 796 801
f 796 997 801
f 801 997 986
f 1247 1248 1250
f 1250 1248 1249
f 1252 1253 1251
f 1251 1253 1254
f 1251 1254 1255
f 1255 1254 1256
f 1258 1259 1257
f 1257 1259 1260
f 1261 1262 1252
f 1252 1262 1253
f 1264 1265 1263
f 1263 1265 1266
f 1267 1268 855
f 855 1268 920
f 1269 1267 1026
f 1026 1267 855
f 1271 1272 1270
f 1270 1272 1273
f 1274 1258 1262
f 1262 1258 1253
f 1264 1275 1265
f 1265 1275 1249
f 1276 1274 1250
f 1250 1274 1262
f 1277 1271 1256
f 1256 1271 1278
f 1279 1280 1282
f 1282 1280 1281
f 1271 1270 1278
f 1278 1270 1283
f 1284 1255 1278
f 1278 1255 1256
f 1277 1256 1257
f 1257 1256 1254
f 1247 1285 1248
f 1248 1285 1286
f 1261 1287 1247
f 1247 1287 1285
f 1257 1260 1277
f 1277 1260 1288
f 1270 1273 1263
f 1263 1273 1289
f 1261 1247 1262
f 1262 1247 1250
f 1251 1290 1252
f 1252 1290 1291
f 1275 1276 1249
f 1249 1276 1250
f 1253 1258 1254
f 1254 1258 1257
f 1248 1286 1292
f 1292 1286 1293
f 1284 1280 1294
f 1294 1280 1279
f 1281 1280 1266
f 1266 1280 1283
f 1292 1293 1281
f 1281 1293 1282
f 1263 1266 1270
f 1270 1266 1283
f 1255 1284 1295
f 1295 1284 1294
f 1252 1291 1261
f 1261 1291 1287
f 1288 1070 1272
f 1272 1070 942
f 1290 1251 1295
f 1295 1251 1255
f 1269 1259 1274
f 1274 1259 1258
f 1280 1284 1283
f 1283 1284 1278
f 1281 1266 1292
f 1292 1266 1265
f 1292 1265 1248
f 1248 1265 1249
f 1295 1294 1297
f 1297 1294 1296
f 1295 1297 1290
f 1290 1297 1298
f 1290 1298 1291
f 1291 1298 1299
f 1291 1299 1287
f 1287 1299 1300
f 1294 1279 1296
f 1296 1279 1301
f 1279 1282 1301
f 1301 1282 1302
f 1302 1282 1303
f 1303 1282 1293
f 1304 1305 1301
f 1301 1305 1296
f 1307 1308 1306
f 1306 1308 1309
f 1310 1311 1307
f 1307 1311 1308
f 1308 1311 1313
f 1313 1311 1312
f 1314 1315 1313
f 1313 1315 1316
f 1312 1317 1313
f 1313 1317 1314
f 1316 1309 1313
f 1313 1309 1308
f 1318 1319 1309
f 1309 1319 1306
f 1311 1310 1312
f 1312 1310 1320
f 1310 1298 1320
f 1320 1298 1297
f 1310 1321 1298
f 1298 1321 1299
f 1307 1322 1310
f 1310 1322 1321
f 1322 1307 1323
f 1323 1307 1306
f 1312 1320 1317
f 1317 1320 1305
f 1305 1320 1296
f 1296 1320 1297
f 1319 1324 1306
f 1306 1324 1323
f 1325 1322 1326
f 1326 1322 1323
f 1324 1327 1323
f 1323 1327 1326
f 1328 1325 1329
f 1329 1325 1326
f 1325 1328 1331
f 1331 1328 1330
f 1327 1332 1326
f 1326 1332 1329
f 1322 1325 1321
f 1321 1325 1331
f 1321 1331 1299
f 1299 1331 1300
f 1324 1319 1334
f 1334 1319 1333
f 1319 1318 1333
f 1333 1318 1335
f 1314 1317 1336
f 1336 1317 1305
f 1315 1314 1337
f 1337 1314 1336
f 1305 1304 1336
f 1336 1304 1338
f 1337 1336 1339
f 1339 1336 1338
f 1337 1340 1315
f 1315 1340 1341
f 1335 1341 1333
f 1333 1341 1340
f 1287 1300 1285
f 1285 1300 1342
f 1286 1343 1293
f 1293 1343 1303
f 1343 1286 1342
f 1342 1286 1285
f 1342 1330 1343
f 1343 1330 1344
f 1330 1328 1344
f 1344 1328 1345
f 1343 1344 1303
f 1303 1344 1346
f 1342 1300 1330
f 1330 1300 1331
f 1347 1302 1346
f 1346 1302 1303
f 1347 1304 1302
f 1302 1304 1301
f 1348 1338 1347
f 1347 1338 1304
f 1348 1347 1349
f 1349 1347 1346
f 1350 1348 1351
f 1351 1348 1349
f 1344 1345 1346
f 1346 1345 1349
f 1345 1352 1349
f 1349 1352 1351
f 1348 1350 1338
f 1338 1350 1339
f 1354 1339 1353
f 1353 1339 1350
f 1353 1356 1355
f 1355 1356 1357
f 1353 1350 1356
f 1356 1350 1351
f 1353 1355 1354
f 1354 1355 1334
f 1354 1334 1340
f 1340 1334 1333
f 1340 1337 1354
f 1354 1337 1339
f 1328 1329 1345
f 1345 1329 1352
f 1357 1352 1332
f 1332 1352 1329
f 1357 1356 1352
f 1352 1356 1351
f 1357 1332 1355
f 1355 1332 1327
f 1327 1324 1355
f 1355 1324 1334
f 1309 1316 1318
f 1318 1316 1335
f 1335 1316 1341
f 1341 1316 1315
f 1259 1072 1260
f 1260 1072 1071
f 1358 1264 1289
f 1289 1264 1263
f 1268 1267 1275
f 1275 1267 1276
f 1267 1269 1276
f 1276 1269 1274
f 941 1273 942
f 942 1273 1272
f 1358 1268 1264
f 1264 1268 1275
f 1260 1071 1288
f 1288 1071 1070
f 1273 941 1289
f 1289 941 977
f 1272 1271 1288
f 1288 1271 1277
f 1259 1269 1072
f 1072 1269 1026
f 1360 1361 1359
f 1359 1361 1362
f 1364 1365 1363
f 1363 1365 1366
f 1363 1366 1367
f 1367 1366 1368
f 1370 1371 1369
f 1369 1371 1372
f 1373 1374 1376
f 1376 1374 1375
f 1377 1378 1364
f 1364 1378 1365
f 1379 1380 1382
f 1382 1380 1381
f 1383 1384 1386
f 1386 1384 1385
f 1387 1385 978
f 978 1385 1384
f 1388 1389 1391
f 1391 1389 1390
f 1378 1392 1365
f 1365 1392 1370
f 1374 1383 1375
f 1375 1383 1386
f 1380 1393 1381
f 1381 1393 1361
f 1394 1392 1362
f 1362 1392 1378
f 1389 1396 1395
f 1395 1396 1368
f 1398 1399 1397
f 1397 1399 1400
f 1388 1401 1389
f 1389 1401 1396
f 1402 1367 1396
f 1396 1367 1368
f 1395 1368 1369
f 1369 1368 1366
f 1359 1403 1360
f 1360 1403 1404
f 1377 1405 1359
f 1359 1405 1403
f 1369 1372 1395
f 1395 1372 1406
f 1379 1388 1376
f 1376 1388 1391
f 1359 1362 1377
f 1377 1362 1378
f 1363 1407 1364
f 1364 1407 1408
f 1393 1394 1361
f 1361 1394 1362
f 1365 1370 1366
f 1366 1370 1369
f 1360 1404 1409
f 1409 1404 1410
f 1402 1398 1411
f 1411 1398 1397
f 1399 1398 1382
f 1382 1398 1401
f 1409 1410 1399
f 1399 1410 1400
f 1388 1379 1401
f 1401 1379 1382
f 1367 1402 1412
f 1412 1402 1411
f 1364 1408 1377
f 1377 1408 1405
f 981 980 1406
f 1406 980 1390
f 1407 1363 1412
f 1412 1363 1367
f 1387 1371 1392
f 1392 1371 1370
f 1398 1402 1401
f 1401 1402 1396
f 1409 1399 1381
f 1381 1399 1382
f 1360 1409 1361
f 1361 1409 1381
f 1412 1411 1414
f 1414 1411 1413
f 1412 1414 1407
f 1407 1414 1415
f 1407 1415 1408
f 1408 1415 1416
f 1408 1416 1405
f 1405 1416 1417
f 1411 1397 1413
f 1413 1397 1418
f 1397 1400 1418
f 1418 1400 1419
f 1419 1400 1420
f 1420 1400 1410
f 1422 1413 1421
f 1421 1413 1418
f 1423 1424 1426
f 1426 1424 1425
f 1427 1428 1424
f 1424 1428 1425
f 1425 1428 1430
f 1430 1428 1429
f 1430 1431 1433
f 1433 1431 1432
f 1429 1434 1430
f 1430 1434 1431
f 1433 1426 1430
f 1430 1426 1425
f 1426 1435 1423
f 1423 1435 1436
f 1428 1427 1429
f 1429 1427 1437
f 1427 1415 1437
f 1437 1415 1414
f 1427 1438 1415
f 1415 1438 1416
f 1439 1438 1424
f 1424 1438 1427
f 1440 1439 1423
f 1423 1439 1424
f 1429 1437 1434
f 1434 1437 1422
f 1422 1437 1413
f 1413 1437 1414
f 1441 1440 1436
f 1436 1440 1423
f 1442 1439 1443
f 1443 1439 1440
f 1441 1444 1440
f 1440 1444 1443
f 1445 1442 1446
f 1446 1442 1443
f 1442 1445 1448
f 1448 1445 1447
f 1444 1449 1443
f 1443 1449 1446
f 1439 1442 1438
f 1438 1442 1448
f 1438 1448 1416
f 1416 1448 1417
f 1436 1450 1441
f 1441 1450 1451
f 1436 1435 1450
f 1450 1435 1452
f 1431 1434 1453
f 1453 1434 1422
f 1431 1453 1432
f 1432 1453 1454
f 1453 1422 1455
f 1455 1422 1421
f 1454 1453 1456
f 1456 1453 1455
f 1457 1458 1454
f 1454 1458 1432
f 1452 1458 1450
f 1450 1458 1457
f 1405 1417 1403
f 1403 1417 1459
f 1404 1460 1410
f 1410 1460 1420
f 1459 1460 1403
f 1403 1460 1404
f 1447 1461 1459
f 1459 1461 1460
f 1445 1462 1447
f 1447 1462 1461
f 1460 1461 1420
f 1420 1461 1463
f 1459 1417 1447
f 1447 1417 1448
f 1464 1419 1463
f 1463 1419 1420
f 1419 1464 1418
f 1418 1464 1421
f 1464 1465 1421
f 1421 1465 1455
f 1465 1464 1466
f 1466 1464 1463
f 1467 1465 1468
f 1468 1465 1466
f 1461 1462 1463
f 1463 1462 1466
f 1462 1469 1466
f 1466 1469 1468
f 1465 1467 1455
f 1455 1467 1456
f 1471 1456 1470
f 1470 1456 1467
f 1470 1473 1472
f 1472 1473 1474
f 1470 1467 1473
f 1473 1467 1468
f 1470 1472 1471
f 1471 1472 1451
f 1471 1451 1457
f 1457 1451 1450
f 1457 1454 1471
f 1471 1454 1456
f 1462 1445 1469
f 1469 1445 1446
f 1474 1469 1449
f 1449 1469 1446
f 1474 1473 1469
f 1469 1473 1468
f 1472 1474 1444
f 1444 1474 1449
f 1444 1441 1472
f 1472 1441 1451
f 1426 1433 1435
f 1435 1433 1452
f 1452 1433 1458
f 1458 1433 1432
f 1371 940 1372
f 1372 940 1068
f 1376 1375 1379
f 1379 1375 1380
f 1393 1386 1394
f 1394 1386 1385
f 1385 1387 1394
f 1394 1387 1392
f 1475 1373 1391
f 1391 1373 1376
f 1375 1386 1380
f 1380 1386 1393
f 1372 1068 1406
f 1406 1068 981
f 1406 1390 1395
f 1395 1390 1389
f 1371 1387 940
f 940 1387 978
f 883 807 1476
f 1476 807 1477
f 1046 904 1479
f 1479 904 1478
f 904 903 1478
f 1478 903 1480
f 1030 1481 1028
f 1028 1481 1482
f 810 1046 1483
f 1483 1046 1479
f 1066 883 1484
f 1484 883 1476
f 807 810 1477
f 1477 810 1483
f 1485 1029 1484
f 1484 1029 1066
f 1028 1482 903
f 903 1482 1480
f 1481 1030 1485
f 1485 1030 1029
f 1484 1486 1485
f 1485 1486 1487
f 1485 1487 1481
f 1481 1487 1488
f 1481 1488 1482
f 1482 1488 1489
f 1482 1489 1480
f 1480 1489 1490
f 1484 1476 1486
f 1486 1476 1491
f 1476 1477 1491
f 1491 1477 1492
f 1477 1483 1492
f 1492 1483 1493
f 1495 1486 1494
f 1494 1486 1491
f 1497 1498 1496
f 1496 1498 1499
f 1500 1501 1497
f 1497 1501 1498
f 1502 1503 1501
f 1501 1503 1498
f 1502 1504 1503
f 1503 1504 1505
f 1506 1499 1503
f 1503 1499 1498
f 1499 1506 1507
f 1507 1506 1508
f 1507 1509 1499
f 1499 1509 1496
f 1502 1501 1510
f 1510 1501 1500
f 1500 1488 1510
f 1510 1488 1487
f 1500 1511 1488
f 1488 1511 1489
f 1497 1512 1500
f 1500 1512 1511
f 1512 1497 1513
f 1513 1497 1496
f 1502 1510 1504
f 1504 1510 1495
f 1495 1510 1486
f 1486 1510 1487
f 1509 1514 1496
f 1496 1514 1513
f 1515 1512 1516
f 1516 1512 1513
f 1514 1517 1513
f 1513 1517 1516
f 1518 1515 1519
f 1519 1515 1516
f 1515 1518 1521
f 1521 1518 1520
f 1517 1522 1516
f 1516 1522 1519
f 1512 1515 1511
f 1511 1515 1521
f 1511 1521 1489
f 1489 1521 1490
f 1514 1509 1524
f 1524 1509 1523
f 1509 1507 1523
f 1523 1507 1508
f 1505 1504 1525
f 1525 1504 1495
f 1526 1505 1527
f 1527 1505 1525
f 1525 1495 1528
f 1528 1495 1494
f 1527 1525 1529
f 1529 1525 1528
f 1527 1530 1526
f 1526 1530 1531
f 1508 1531 1523
f 1523 1531 1530
f 1506 1503 1526
f 1526 1503 1505
f 1508 1506 1531
f 1531 1506 1526
f 1478 1480 1532
f 1532 1480 1490
f 1483 1479 1493
f 1493 1479 1533
f 1532 1533 1478
f 1478 1533 1479
f 1520 1534 1532
f 1532 1534 1533
f 1518 1535 1520
f 1520 1535 1534
f 1533 1534 1493
f 1493 1534 1536
f 1532 1490 1520
f 1520 1490 1521
f 1537 1492 1536
f 1536 1492 1493
f 1492 1537 1491
f 1491 1537 1494
f 1537 1538 1494
f 1494 1538 1528
f 1538 1537 1539
f 1539 1537 1536
f 1540 1538 1541
f 1541 1538 1539
f 1534 1535 1536
f 1536 1535 1539
f 1535 1542 1539
f 1539 1542 1541
f 1538 1540 1528
f 1528 1540 1529
f 1544 1529 1543
f 1543 1529 1540
f 1545 1543 1547
f 1547 1543 1546
f 1543 1540 1546
f 1546 1540 1541
f 1543 1545 1544
f 1544 1545 1524
f 1544 1524 1530
f 1530 1524 1523
f 1530 1527 1544
f 1544 1527 1529
f 1535 1518 1542
f 1542 1518 1519
f 1547 1542 1522
f 1522 1542 1519
f 1547 1546 1542
f 1542 1546 1541
f 1545 1547 1517
f 1517 1547 1522
f 1517 1514 1545
f 1545 1514 1524
f 997 995 986
f 986 995 987
f 987 995 988
f 988 995 971
f 976 1358 977
f 977 1358 1289
f 854 853 1067
f 1067 853 1050
f 1055 985 1069
f 1069 985 962
f 1068 961 981
f 981 961 862
f 1268 1358 920
f 920 1358 976
f 920 976 921
f 921 976 975
f 927 1054 850
f 850 1054 851
f 882 881 1057
f 1057 881 1548
f 1548 1374 1057
f 1057 1374 1373
f 1383 1374 1549
f 1549 1374 1548
f 1549 1548 1550
f 1550 1548 881
f 1550 881 1551
f 1551 881 880
f 933 1552 879
f 879 1552 880
f 1551 880 875
f 875 880 1552
f 1553 1551 878
f 878 1551 875
f 1551 1553 1550
f 1550 1553 1554
f 1550 1554 1549
f 1549 1554 1555
f 978 1384 975
f 975 1384 1555
f 967 849 1556
f 1556 849 852
f 875 1552 876
f 876 1552 933
f 961 939 962
f 962 939 1069
f 1555 1054 975
f 975 1054 921
f 1555 1384 1549
f 1549 1384 1383
f 1391 1390 1475
f 1475 1390 980
f 1373 1475 1057
f 1057 1475 980
f 851 1054 1554
f 1554 1054 1555
f 1554 1553 851
f 851 1553 852
f 878 1556 1553
f 1553 1556 852
f 1556 878 967
f 967 878 877
f 1023 1020 877
f 877 1020 967
f 909 811 1034
f 806 779 873
f 873 779 840
f 805 780 806
f 806 780 779
f 1043 893 1044
f 1044 893 892
f 873 840 847
f 847 840 842
f 840 839 842
f 842 839 843
f 839 791 843
f 843 791 908
f 791 790 908
f 908 790 792
f 809 789 810
f 810 789 1046
f 793 790 809
f 809 790 789
f 809 808 793
f 793 808 1009
f 808 884 1009
f 1009 884 1010
f 1065 1015 884
f 884 1015 1010
f 1032 868 1065
f 1065 868 1015
f 1031 822 1032
f 1032 822 868
f 1031 1027 822
f 822 1027 785
f 1045 905 1046
f 1046 905 904
f 788 781 1019
f 1019 781 894
f 781 780 894
f 894 780 892
f 780 805 892
f 892 805 1044
f 805 804 1044
f 1044 804 891
f 804 1064 891
f 891 1064 888
f 1064 1021 888
f 888 1021 1033
f 1021 1020 1033
f 1033 1020 1034
f 1020 1023 1034
f 1034 1023 909
f 1023 1022 909
f 909 1022 910
f 1043 815 893
f 893 815 819
f 819 815 820
f 820 815 818
f 870 869 818
f 818 869 820
f 1014 1011 870
f 870 1011 869
f 969 972 1014
f 1014 972 1011
f 1036 1063 1022
f 1022 1063 910
f 1035 833 1036
f 1036 833 1063
f 1035 932 979
f 979 932 963
f 834 979 982
f 982 979 958
f 833 1035 834
f 834 1035 979
f 982 863 834
f 834 863 830
f 864 900 831
f 831 900 857
f 990 993 864
f 864 993 900
f 989 994 990
f 990 994 993
f 970 1058 989
f 989 1058 994
f 969 1018 970
f 970 1018 1058
f 1027 902 785
f 785 902 786
f 902 905 786
f 786 905 1019
f 905 1045 1019
f 1019 1045 788
f 788 1045 787
f 787 1045 789
o hand_right
v 0.128074 0.232439 0.930014
v 0.130104 0.237141 0.938593
v 0.123370 0.228411 0.936189
v 0.121507 0.224878 0.928808
v 0.129216 0.229193 0.956097
v 0.122345 0.230765 0.966775
v 0.114671 0.218647 0.958093
v 0.122227 0.219269 0.950564
v 0.114221 0.220668 0.926440
v 0.118126 0.221967 0.934115
v 0.107257 0.223054 0.925588
v 0.103246 0.224173 0.916190
v 0.110653 0.220301 0.918411
v 0.102829 0.222658 0.908122
v 0.098937 0.234488 0.917948
v 0.101747 0.230488 0.902764
v 0.117138 0.255259 0.908336
v 0.128925 0.261662 0.906414
v 0.129335 0.251869 0.891848
v 0.117659 0.245464 0.895660
v 0.147881 0.260853 0.896725
v 0.137695 0.255558 0.893219
v 0.136797 0.266227 0.907006
v 0.145947 0.270344 0.909468
v 0.140413 0.243264 0.931343
v 0.142706 0.248938 0.940347
v 0.137744 0.245831 0.939676
v 0.135666 0.240305 0.931427
v 0.097810 0.221637 0.932826
v 0.096231 0.230965 0.934403
v 0.100080 0.227799 0.927932
v 0.102588 0.219765 0.930559
v 0.156270 0.261598 0.962415
v 0.152521 0.272388 0.969823
v 0.147077 0.270480 0.970889
v 0.151627 0.261261 0.963563
v 0.130732 0.253032 0.974109
v 0.130627 0.264703 0.975777
v 0.118258 0.271489 0.978111
v 0.115942 0.261871 0.974595
v 0.127554 0.240606 0.970920
v 0.115304 0.247882 0.974009
v 0.112043 0.235450 0.970031
v 0.105961 0.221055 0.961235
v 0.163016 0.278651 0.965774
v 0.167582 0.271426 0.960213
v 0.125956 0.186999 0.889442
v 0.131335 0.189686 0.888978
v 0.129984 0.192121 0.889535
v 0.124844 0.189011 0.889715
v 0.167383 0.289480 0.949096
v 0.161859 0.295754 0.943260
v 0.163167 0.299191 0.949515
v 0.166581 0.292938 0.955728
v 0.168365 0.284796 0.940368
v 0.159890 0.290298 0.934994
v 0.122644 0.182039 0.878110
v 0.121860 0.182091 0.883210
v 0.119143 0.185379 0.881750
v 0.119915 0.186421 0.876503
v 0.118857 0.221164 0.921007
v 0.126985 0.226410 0.922456
v 0.120159 0.213323 0.905928
v 0.122942 0.219119 0.911392
v 0.115984 0.217842 0.913271
v 0.113908 0.213623 0.907888
v 0.142555 0.232576 0.911251
v 0.142560 0.238992 0.921017
v 0.136992 0.235434 0.920522
v 0.135931 0.227065 0.910646
v 0.155978 0.243666 0.921492
v 0.154696 0.237331 0.911627
v 0.162479 0.240751 0.913063
v 0.162438 0.243959 0.920305
v 0.149247 0.226502 0.894991
v 0.148686 0.223933 0.889215
v 0.151958 0.223630 0.889805
v 0.152420 0.228049 0.895507
v 0.163572 0.303297 0.955218
v 0.164808 0.296210 0.961933
v 0.167986 0.266725 0.902844
v 0.176154 0.266252 0.910586
v 0.179443 0.259602 0.899947
v 0.169719 0.261980 0.893992
v 0.152470 0.297612 0.938937
v 0.155166 0.302662 0.944232
v 0.126513 0.184013 0.873690
v 0.124037 0.188332 0.872062
v 0.104067 0.245515 0.966064
v 0.098545 0.227222 0.958980
v 0.108008 0.260196 0.968592
v 0.110122 0.271065 0.969283
v 0.110585 0.279260 0.972416
v 0.128235 0.219218 0.907058
v 0.132809 0.233591 0.924505
v 0.145043 0.245433 0.931328
v 0.175284 0.251969 0.929291
v 0.175005 0.257257 0.938486
v 0.166422 0.250851 0.937059
v 0.168217 0.248042 0.928929
v 0.181436 0.259716 0.915860
v 0.179873 0.252196 0.918358
v 0.180458 0.248162 0.910448
v 0.182754 0.254611 0.906671
v 0.092629 0.220488 0.938280
v 0.093465 0.233012 0.941349
v 0.169477 0.281409 0.955680
v 0.166173 0.284779 0.961865
v 0.163554 0.290773 0.967326
v 0.148959 0.254180 0.952176
v 0.148540 0.260812 0.964518
v 0.145105 0.257918 0.965173
v 0.145989 0.253302 0.951700
v 0.134877 0.238936 0.948024
v 0.136657 0.241571 0.961354
v 0.128528 0.228614 0.943651
v 0.139800 0.268823 0.973872
v 0.145133 0.277416 0.978348
v 0.136615 0.275539 0.980075
v 0.153546 0.281621 0.975482
v 0.160250 0.286158 0.971644
v 0.156076 0.309868 0.948456
v 0.128256 0.274380 0.980037
v 0.116683 0.213251 0.946260
v 0.112302 0.207994 0.942127
v 0.113067 0.212313 0.935678
v 0.117414 0.217300 0.938560
v 0.103683 0.217911 0.899874
v 0.108254 0.214008 0.905182
v 0.107867 0.218880 0.912776
v 0.161542 0.257240 0.953092
v 0.171132 0.265635 0.951804
v 0.125102 0.213800 0.901315
v 0.117141 0.191436 0.877128
v 0.116505 0.189710 0.882910
v 0.109449 0.204752 0.892034
v 0.109413 0.207104 0.885318
v 0.127683 0.213727 0.891011
v 0.126209 0.212099 0.897491
v 0.126902 0.211498 0.895170
v 0.129896 0.212345 0.889232
v 0.159370 0.228478 0.892751
v 0.159745 0.232184 0.897684
v 0.120760 0.233257 0.885167
v 0.107044 0.231533 0.888551
v 0.106957 0.240003 0.899133
v 0.149222 0.235954 0.911941
v 0.149939 0.230502 0.903080
v 0.153690 0.232335 0.903038
v 0.130794 0.218867 0.902953
v 0.129126 0.215339 0.897109
v 0.132742 0.218411 0.897640
v 0.135128 0.222102 0.903156
v 0.173497 0.274095 0.920868
v 0.180020 0.266464 0.926906
v 0.122800 0.184067 0.887323
v 0.120873 0.186482 0.886799
v 0.149052 0.242202 0.921482
v 0.108385 0.248310 0.911873
v 0.150157 0.247465 0.931525
v 0.160838 0.246903 0.884834
v 0.166995 0.241499 0.887586
v 0.166694 0.236723 0.885365
v 0.162895 0.239042 0.881116
v 0.134798 0.200573 0.881879
v 0.134197 0.197966 0.887080
v 0.134427 0.195037 0.886032
v 0.135962 0.196368 0.880358
v 0.122050 0.210407 0.901396
v 0.115830 0.209268 0.903344
v 0.118767 0.205603 0.899951
v 0.123765 0.208298 0.897842
v 0.110444 0.209145 0.900375
v 0.112923 0.204535 0.897483
v 0.132219 0.200862 0.875778
v 0.126376 0.197907 0.871756
v 0.120283 0.213546 0.878741
v 0.127371 0.212623 0.881944
v 0.143587 0.280295 0.920642
v 0.154366 0.282724 0.922357
v 0.156953 0.273040 0.911123
v 0.159699 0.264376 0.899333
v 0.161546 0.255017 0.888842
v 0.149790 0.253635 0.885195
v 0.164422 0.274951 0.914065
v 0.127459 0.220267 0.887166
v 0.118183 0.223391 0.883792
v 0.124197 0.225489 0.884726
v 0.157578 0.248505 0.931934
v 0.118836 0.189761 0.888156
v 0.112962 0.287401 0.951753
v 0.122347 0.294455 0.945209
v 0.121124 0.287428 0.940221
v 0.111132 0.279096 0.948132
v 0.129825 0.194221 0.891116
v 0.123941 0.191322 0.891955
v 0.166236 0.233688 0.896698
v 0.164856 0.230396 0.892114
v 0.167504 0.231882 0.889609
v 0.171550 0.233763 0.893821
v 0.159662 0.284065 0.924920
v 0.181837 0.253731 0.894595
v 0.173082 0.256039 0.889041
v 0.151678 0.291132 0.932039
v 0.142154 0.289566 0.930260
v 0.141674 0.296532 0.937000
v 0.139336 0.242677 0.881421
v 0.136102 0.276443 0.918511
v 0.135363 0.286111 0.929242
v 0.134461 0.294275 0.937280
v 0.134220 0.300769 0.942465
v 0.142261 0.302378 0.941810
v 0.121425 0.194260 0.872996
v 0.129918 0.191808 0.870386
v 0.142787 0.310167 0.946140
v 0.133867 0.307556 0.947122
v 0.127163 0.281763 0.929411
v 0.117886 0.275891 0.931140
v 0.128241 0.272474 0.919074
v 0.118872 0.265984 0.919525
v 0.128385 0.243626 0.880911
v 0.142133 0.180635 0.877426
v 0.137035 0.190135 0.874707
v 0.137888 0.192273 0.880099
v 0.143841 0.183212 0.880512
v 0.134554 0.195406 0.874647
v 0.132536 0.187405 0.872148
v 0.108424 0.257186 0.925232
v 0.132097 0.216184 0.892621
v 0.107308 0.265160 0.941015
v 0.097808 0.243851 0.928638
v 0.098325 0.247888 0.941770
v 0.105840 0.270729 0.957624
v 0.100542 0.255130 0.956294
v 0.109357 0.286471 0.963871
v 0.108256 0.279282 0.959483
v 0.095643 0.239541 0.953884
v 0.133741 0.181538 0.891591
v 0.138512 0.184733 0.889920
v 0.113320 0.294199 0.956252
v 0.122235 0.221918 0.940617
v 0.156445 0.252123 0.942173
v 0.150900 0.251252 0.941321
v 0.173908 0.260615 0.943847
v 0.164087 0.253699 0.944098
v 0.129932 0.177954 0.889994
v 0.148857 0.223787 0.884167
v 0.149314 0.224399 0.885877
v 0.111019 0.211498 0.952781
v 0.107972 0.206859 0.948342
v 0.095354 0.210886 0.947730
v 0.101161 0.207216 0.949872
v 0.103061 0.213323 0.955604
v 0.096815 0.217568 0.953683
v 0.151530 0.254522 0.952211
v 0.155382 0.255210 0.951958
v 0.171152 0.279825 0.931279
v 0.177304 0.271643 0.936761
v 0.107069 0.211580 0.895287
v 0.103658 0.222601 0.893274
v 0.107088 0.215110 0.889218
v 0.112676 0.212064 0.881111
v 0.130452 0.216282 0.888922
v 0.125696 0.217326 0.886171
v 0.141421 0.250239 0.963598
v 0.141033 0.248302 0.950518
v 0.113638 0.219711 0.932903
v 0.109452 0.216749 0.930943
v 0.141489 0.227045 0.904146
v 0.140148 0.231235 0.877455
v 0.131251 0.231807 0.878194
v 0.140311 0.222692 0.896460
v 0.130023 0.173819 0.882615
v 0.129089 0.175441 0.887204
v 0.109895 0.220376 0.884913
v 0.161600 0.235065 0.904491
v 0.144875 0.235680 0.879980
v 0.146157 0.227531 0.878670
v 0.183477 0.250732 0.902492
v 0.122563 0.301165 0.950865
v 0.136583 0.192055 0.885752
v 0.142143 0.186166 0.886380
v 0.138617 0.178484 0.876008
v 0.133128 0.175755 0.877465
v 0.173423 0.275317 0.946272
v 0.147263 0.250391 0.940494
v 0.092926 0.226909 0.949619
v 0.092372 0.216575 0.943716
v 0.140027 0.221071 0.892113
v 0.167776 0.249151 0.887220
v 0.152656 0.245029 0.880332
v 0.155771 0.236388 0.876219
v 0.150859 0.230296 0.876532
v 0.149522 0.224420 0.880516
v 0.142183 0.174412 0.878866
v 0.136905 0.171971 0.880288
v 0.133387 0.170791 0.885275
v 0.132111 0.172706 0.889132
v 0.132865 0.176287 0.891432
v 0.145917 0.176598 0.880347
v 0.147116 0.179192 0.883094
v 0.144614 0.183539 0.887092
v 0.148941 0.174509 0.883948
v 0.147117 0.169418 0.884405
v 0.140750 0.165649 0.896365
v 0.138481 0.166567 0.890941
v 0.140929 0.165385 0.891345
v 0.143517 0.164214 0.895509
v 0.147188 0.162473 0.898768
v 0.144361 0.163776 0.900359
v 0.142733 0.166742 0.887191
v 0.146807 0.165010 0.892378
v 0.150179 0.166940 0.890696
v 0.153243 0.164710 0.894790
v 0.150410 0.162758 0.896286
v 0.147247 0.167701 0.887092
v 0.141423 0.167386 0.885158
v 0.148539 0.162810 0.902093
v 0.149569 0.161553 0.900213
v 0.152360 0.162172 0.898639
v 0.153484 0.162933 0.901356
v 0.134880 0.170962 0.892388
v 0.139882 0.167484 0.898067
v 0.144643 0.166614 0.901752
v 0.148808 0.165365 0.903259
v 0.141849 0.170715 0.899812
v 0.145798 0.169315 0.902098
v 0.149614 0.168578 0.903146
v 0.144874 0.173765 0.900110
v 0.147947 0.171690 0.901772
v 0.137565 0.178512 0.893250
v 0.134402 0.175619 0.892952
v 0.150007 0.170733 0.902996
v 0.154060 0.164879 0.902226
v 0.151573 0.169934 0.888958
v 0.154701 0.167558 0.894900
v 0.152454 0.172169 0.889478
v 0.155821 0.169651 0.895055
v 0.156436 0.165090 0.898186
v 0.154425 0.163778 0.897304
v 0.135837 0.180518 0.891779
v 0.140945 0.183530 0.889845
v 0.142582 0.181689 0.891016
v 0.148627 0.176346 0.898309
v 0.146469 0.181546 0.888860
v 0.149744 0.177343 0.886553
v 0.153110 0.174162 0.891712
v 0.152150 0.176091 0.894483
v 0.155259 0.171902 0.896172
v 0.153730 0.173200 0.897755
v 0.150992 0.173420 0.900526
v 0.155640 0.169841 0.899697
v 0.156588 0.167178 0.898833
v 0.153468 0.168232 0.902344
v 0.154591 0.171475 0.899877
v 0.152336 0.170557 0.901701
v 0.149164 0.193273 0.882734
v 0.154958 0.195939 0.881461
v 0.151652 0.198826 0.880135
v 0.146941 0.196280 0.881217
v 0.143911 0.187999 0.870741
v 0.143888 0.188738 0.876911
v 0.140603 0.192252 0.874634
v 0.141588 0.192943 0.868084
v 0.148197 0.190219 0.865671
v 0.145833 0.195855 0.863824
v 0.138270 0.198251 0.868514
v 0.137981 0.197184 0.875619
v 0.130750 0.215047 0.883504
v 0.130301 0.217476 0.877120
v 0.147703 0.220000 0.886593
v 0.148845 0.220853 0.882886
v 0.146131 0.190986 0.881049
v 0.143278 0.193958 0.879191
v 0.156309 0.205723 0.876093
v 0.154202 0.203891 0.880809
v 0.155921 0.200718 0.878576
v 0.158040 0.201243 0.873436
v 0.136367 0.215381 0.889692
v 0.142011 0.218166 0.888348
v 0.133325 0.214497 0.887574
v 0.155412 0.206223 0.869463
v 0.151006 0.205133 0.864310
v 0.142662 0.222831 0.871043
v 0.147802 0.222342 0.874494
v 0.140447 0.197428 0.880534
v 0.149829 0.200941 0.883195
v 0.144928 0.198837 0.883643
v 0.143265 0.202296 0.864634
v 0.153496 0.198356 0.863750
v 0.165619 0.184747 0.872976
v 0.160200 0.195055 0.869005
v 0.160979 0.196583 0.873982
v 0.167438 0.186664 0.877316
v 0.157468 0.200245 0.867810
v 0.155699 0.192923 0.865707
v 0.158394 0.183421 0.887599
v 0.164008 0.186307 0.886036
v 0.154853 0.180615 0.886382
v 0.134879 0.221017 0.872466
v 0.151740 0.178132 0.876761
v 0.152393 0.179008 0.883266
v 0.159189 0.197494 0.878757
v 0.167253 0.187243 0.882235
v 0.162139 0.182575 0.870842
v 0.155003 0.180366 0.871258
v 0.164855 0.177818 0.873798
v 0.158959 0.175393 0.874641
v 0.155272 0.173822 0.879790
v 0.155128 0.176056 0.885117
v 0.156871 0.178737 0.887517
v 0.168157 0.179993 0.875669
v 0.169791 0.182586 0.879336
v 0.168126 0.184896 0.883472
v 0.172016 0.176999 0.881405
v 0.169791 0.173031 0.880171
v 0.164800 0.166298 0.896853
v 0.161881 0.168158 0.891918
v 0.163839 0.167081 0.890533
v 0.166667 0.165375 0.894948
v 0.160026 0.168852 0.885945
v 0.162405 0.168097 0.886212
v 0.165502 0.169393 0.882867
v 0.168085 0.168012 0.888376
v 0.171824 0.170523 0.886531
v 0.174642 0.168127 0.890910
v 0.171151 0.165329 0.892735
v 0.169220 0.170686 0.882917
v 0.169265 0.164400 0.897279
v 0.169523 0.165138 0.899723
v 0.163814 0.169868 0.880119
v 0.156696 0.173457 0.887269
v 0.161089 0.170226 0.894164
v 0.165068 0.168647 0.899156
v 0.170822 0.167487 0.901176
v 0.162686 0.173498 0.896375
v 0.166649 0.171299 0.900236
v 0.171457 0.170125 0.901192
v 0.165772 0.177078 0.897224
v 0.169656 0.174311 0.900321
v 0.160523 0.181408 0.889525
v 0.157393 0.177709 0.889375
v 0.171482 0.172507 0.900789
v 0.174058 0.164685 0.898168
v 0.174829 0.167314 0.900100
v 0.173133 0.164539 0.896542
v 0.173303 0.172102 0.886243
v 0.175912 0.169807 0.891702
v 0.174745 0.174413 0.887237
v 0.177093 0.171392 0.893116
v 0.176981 0.167304 0.895583
v 0.175877 0.166207 0.894959
v 0.160063 0.181805 0.887719
v 0.164907 0.184526 0.886150
v 0.165204 0.184244 0.887741
v 0.170312 0.179239 0.895205
v 0.169102 0.184139 0.884983
v 0.172001 0.180369 0.883147
v 0.174985 0.176937 0.888647
v 0.173802 0.178913 0.891991
v 0.177830 0.173341 0.893818
v 0.176042 0.175847 0.894869
v 0.172834 0.176235 0.898493
v 0.178099 0.170618 0.897608
v 0.177739 0.168496 0.896634
v 0.174767 0.169510 0.900372
v 0.176854 0.173306 0.897714
v 0.174134 0.172636 0.900091
v 0.167270 0.205283 0.885391
v 0.171797 0.208817 0.886197
v 0.169616 0.211432 0.885654
v 0.165165 0.208069 0.884442
v 0.166415 0.202582 0.872748
v 0.164936 0.201409 0.877385
v 0.162054 0.204951 0.876071
v 0.162754 0.207215 0.871103
v 0.171449 0.204166 0.870450
v 0.167006 0.210548 0.868074
v 0.159411 0.211784 0.870497
v 0.159279 0.208494 0.875708
v 0.151953 0.220837 0.879545
v 0.153289 0.224205 0.873933
v 0.165447 0.202852 0.881906
v 0.163084 0.205762 0.880975
v 0.174892 0.217424 0.882639
v 0.172104 0.215043 0.885961
v 0.174116 0.213984 0.883962
v 0.176442 0.215157 0.880358
v 0.155364 0.222028 0.889446
v 0.160181 0.225823 0.890212
v 0.153274 0.219999 0.885291
v 0.174903 0.218819 0.876007
v 0.170974 0.218825 0.869785
v 0.165861 0.231195 0.875766
v 0.168232 0.230876 0.881458
v 0.160629 0.208072 0.880749
v 0.167517 0.212505 0.887331
v 0.163160 0.209383 0.885519
v 0.164040 0.215896 0.868546
v 0.173462 0.213387 0.869591
v 0.187594 0.198184 0.878393
v 0.179035 0.211448 0.874871
v 0.178611 0.212313 0.880808
v 0.188135 0.199798 0.882564
v 0.177088 0.214896 0.874588
v 0.176317 0.208524 0.870737
v 0.177575 0.194391 0.889936
v 0.181695 0.198129 0.889730
v 0.174911 0.192679 0.886781
v 0.158665 0.228742 0.871928
v 0.166853 0.229216 0.887642
v 0.175647 0.190416 0.879551
v 0.174415 0.191132 0.883734
v 0.176063 0.211530 0.884237
v 0.186186 0.200144 0.886850
v 0.184457 0.196037 0.875329
v 0.179020 0.192968 0.875172
v 0.188085 0.192343 0.877777
v 0.182792 0.189105 0.877872
v 0.179287 0.186560 0.881870
v 0.177887 0.187762 0.885926
v 0.178140 0.189649 0.888844
v 0.190917 0.194759 0.880884
v 0.190947 0.196400 0.884495
v 0.187104 0.198321 0.887471
v 0.193685 0.192491 0.883658
v 0.192308 0.187662 0.881509
v 0.191197 0.176358 0.893906
v 0.187546 0.179476 0.890670
v 0.188491 0.179527 0.889845
v 0.192299 0.176113 0.892605
v 0.184495 0.182258 0.885326
v 0.186360 0.181655 0.885784
v 0.188720 0.183454 0.883202
v 0.192853 0.180280 0.886960
v 0.196360 0.185152 0.886624
v 0.198955 0.181881 0.889648
v 0.196150 0.177073 0.889896
v 0.192411 0.186045 0.882932
v 0.195036 0.174934 0.893833
v 0.194317 0.173792 0.895271
v 0.187344 0.184581 0.881449
v 0.181145 0.183927 0.888493
v 0.186013 0.180210 0.893065
v 0.189601 0.177080 0.896636
v 0.193661 0.176061 0.898106
v 0.186231 0.183006 0.895662
v 0.189878 0.179853 0.898195
v 0.193513 0.178792 0.899480
v 0.187582 0.185755 0.896914
v 0.191032 0.182836 0.898871
v 0.181305 0.191267 0.891755
v 0.180403 0.187345 0.890658
v 0.193610 0.181112 0.899548
v 0.198755 0.175279 0.894158
v 0.198943 0.177896 0.897492
v 0.197800 0.176002 0.892862
v 0.196952 0.186923 0.886524
v 0.200644 0.183256 0.890620
v 0.197273 0.189254 0.888126
v 0.200840 0.185473 0.892225
v 0.201356 0.179544 0.892653
v 0.200420 0.179145 0.891980
v 0.179703 0.193034 0.890339
v 0.183261 0.196657 0.889984
v 0.184510 0.194946 0.891362
v 0.190994 0.188973 0.896899
v 0.188324 0.196774 0.889088
v 0.193354 0.194060 0.887050
v 0.196353 0.190555 0.891004
v 0.194548 0.190510 0.894354
v 0.199624 0.186906 0.894310
v 0.197224 0.187495 0.895760
v 0.193887 0.185800 0.898921
v 0.199920 0.183307 0.896348
v 0.201499 0.181497 0.894613
v 0.197653 0.180388 0.898999
v 0.198165 0.184677 0.897503
v 0.196314 0.182511 0.899437
v 0.164176 0.227985 0.889827
v 0.190363 0.218483 0.886928
v 0.193258 0.221028 0.888692
v 0.192419 0.222495 0.888408
v 0.188748 0.220318 0.887374
v 0.188555 0.221139 0.875885
v 0.187922 0.218251 0.879615
v 0.184717 0.220983 0.879307
v 0.185373 0.223908 0.875849
v 0.191681 0.225077 0.874669
v 0.189205 0.227780 0.875071
v 0.183076 0.226891 0.877135
v 0.182056 0.223929 0.880743
v 0.171887 0.236906 0.886762
v 0.172995 0.242164 0.884330
v 0.184744 0.246278 0.898874
v 0.181444 0.242465 0.902589
v 0.186492 0.237302 0.896885
v 0.188541 0.241526 0.894429
v 0.188639 0.217653 0.883554
v 0.185761 0.219679 0.884058
v 0.196971 0.231175 0.886597
v 0.194852 0.227624 0.889329
v 0.195474 0.225407 0.888687
v 0.198385 0.228470 0.886607
v 0.177522 0.238436 0.901655
v 0.173792 0.236575 0.898775
v 0.176807 0.232964 0.896746
v 0.182937 0.233534 0.896661
v 0.173774 0.232280 0.892124
v 0.196384 0.233203 0.882754
v 0.192803 0.233543 0.877912
v 0.185290 0.248152 0.887211
v 0.187520 0.246019 0.891258
v 0.183916 0.221584 0.884286
v 0.191178 0.224607 0.889657
v 0.187887 0.221806 0.887926
v 0.187124 0.230945 0.875725
v 0.194692 0.230351 0.877588
v 0.204994 0.222659 0.881821
v 0.199794 0.228857 0.882369
v 0.199439 0.227036 0.886953
v 0.204763 0.222044 0.884979
v 0.198240 0.230216 0.882371
v 0.197169 0.227787 0.877355
v 0.195781 0.213679 0.887336
v 0.199409 0.217373 0.888716
v 0.194181 0.212552 0.884590
v 0.178048 0.246689 0.883939
v 0.194937 0.214295 0.877228
v 0.194074 0.212193 0.881113
v 0.196524 0.223778 0.888759
v 0.202725 0.220255 0.887723
v 0.203035 0.221566 0.877737
v 0.198176 0.218620 0.875091
v 0.205614 0.217697 0.878258
v 0.200512 0.214830 0.875981
v 0.197023 0.210776 0.878907
v 0.195662 0.210410 0.882495
v 0.195751 0.211029 0.885656
v 0.207400 0.219231 0.882268
v 0.206792 0.219221 0.885294
v 0.204113 0.218452 0.887971
v 0.209651 0.215746 0.883025
v 0.208531 0.212364 0.879797
v 0.206073 0.200665 0.886150
v 0.203278 0.203368 0.884629
v 0.204090 0.203623 0.883737
v 0.206458 0.200448 0.885113
v 0.200788 0.206894 0.881258
v 0.202463 0.206522 0.881135
v 0.204237 0.209148 0.879375
v 0.207331 0.205245 0.881375
v 0.211639 0.208305 0.882411
v 0.213601 0.204815 0.883834
v 0.209719 0.202363 0.882474
v 0.208333 0.210367 0.879854
v 0.208726 0.198797 0.885188
v 0.208903 0.197912 0.886257
v 0.203225 0.210357 0.878163
v 0.198117 0.207506 0.884392
v 0.202553 0.202861 0.887012
v 0.206285 0.199578 0.888268
v 0.209859 0.198199 0.888368
v 0.202101 0.204402 0.889082
v 0.206387 0.200409 0.890480
v 0.209911 0.199263 0.890512
v 0.203034 0.206752 0.891345
v 0.207074 0.202584 0.891870
v 0.198982 0.211790 0.889550
v 0.197888 0.209135 0.887327
v 0.209699 0.200924 0.891229
v 0.212499 0.198976 0.885108
v 0.212962 0.199363 0.888052
v 0.212032 0.199776 0.883834
v 0.212341 0.209380 0.883064
v 0.214758 0.205237 0.884956
v 0.212859 0.210852 0.885080
v 0.214997 0.205814 0.887073
v 0.214914 0.201697 0.885536
v 0.213722 0.201999 0.884104
v 0.197710 0.212827 0.888600
v 0.200503 0.215930 0.889104
v 0.202155 0.214791 0.889954
v 0.205852 0.209623 0.891985
v 0.205829 0.216951 0.888531
v 0.208581 0.216997 0.885762
v 0.211986 0.211515 0.887647
v 0.209831 0.211281 0.890353
v 0.214269 0.205908 0.889182
v 0.212110 0.206147 0.891375
v 0.209287 0.204935 0.892590
v 0.213948 0.202104 0.889533
v 0.214862 0.201647 0.887906
v 0.212509 0.200357 0.889891
v 0.212729 0.202804 0.890942
v 0.211381 0.201941 0.891300
v 0.185242 0.247824 0.894903
v 0.092124 0.208778 0.930180
v 0.096536 0.210428 0.926853
v 0.109322 0.201075 0.931609
v 0.106799 0.205443 0.926512
v 0.107231 0.197172 0.936901
v 0.097435 0.197240 0.941981
v 0.103064 0.196889 0.941031
v 0.102105 0.208902 0.924941
v 0.089973 0.205915 0.935072
v 0.091790 0.201203 0.940445
v 0.086705 0.200333 0.928424
v 0.088820 0.194624 0.934228
v 0.094158 0.190282 0.936224
v 0.101697 0.191407 0.936059
v 0.106137 0.192784 0.933787
v 0.091690 0.205029 0.924880
v 0.096520 0.206796 0.922574
v 0.103101 0.205503 0.922468
v 0.093476 0.201226 0.917896
v 0.092945 0.191901 0.914595
v 0.103097 0.175183 0.914077
v 0.102316 0.179148 0.919659
v 0.100042 0.179600 0.918046
v 0.100635 0.175598 0.913320
v 0.098823 0.182352 0.922936
v 0.098207 0.182648 0.920650
v 0.094982 0.186399 0.918732
v 0.095918 0.182709 0.914293
v 0.094409 0.189415 0.914586
v 0.095688 0.187792 0.910789
v 0.096687 0.179264 0.909836
v 0.099466 0.174108 0.909722
v 0.097634 0.176386 0.906096
v 0.102477 0.173592 0.908952
v 0.091953 0.186126 0.919999
v 0.102169 0.184717 0.928529
v 0.105286 0.180225 0.921484
v 0.106564 0.176503 0.914481
v 0.105372 0.175019 0.908505
v 0.108787 0.182886 0.921104
v 0.109098 0.180061 0.914254
v 0.107754 0.179344 0.908631
v 0.110541 0.186922 0.918914
v 0.109686 0.183764 0.912816
v 0.108991 0.194776 0.927777
v 0.106830 0.189137 0.930148
v 0.108199 0.182089 0.909222
v 0.099457 0.175841 0.904014
v 0.102625 0.177627 0.903573
v 0.095853 0.191062 0.909690
v 0.095885 0.184529 0.906468
v 0.097351 0.186860 0.905229
v 0.097670 0.194666 0.909684
v 0.099392 0.188773 0.904609
v 0.098041 0.181726 0.902742
v 0.096425 0.180712 0.904841
v 0.108885 0.197128 0.930071
v 0.107403 0.202150 0.925935
v 0.107414 0.200145 0.923998
v 0.109140 0.192572 0.915546
v 0.103936 0.203161 0.919802
v 0.098134 0.203297 0.917778
v 0.101029 0.196345 0.909925
v 0.105341 0.196006 0.912048
v 0.102724 0.189786 0.905584
v 0.105230 0.189624 0.907358
v 0.108499 0.187033 0.910003
v 0.103603 0.184848 0.903898
v 0.100671 0.183537 0.902371
v 0.105492 0.181023 0.904944
v 0.105191 0.186027 0.905828
v 0.106865 0.183668 0.907005
v 0.180427 0.245271 0.906521
v 0.175303 0.240824 0.906397
v 0.176037 0.244168 0.911556
v 0.175879 0.247767 0.920014
v 0.179072 0.255852 0.926199
v 0.169412 0.245106 0.920237
v 0.170031 0.241392 0.911424
v 0.168950 0.237048 0.903431
v 0.162142 0.247099 0.927227
f 1558 1559 1557
f 1557 1559 1560
f 1561 1562 1564
f 1564 1562 1563
f 1565 1560 1566
f 1566 1560 1559
f 1568 1569 1567
f 1567 1569 1565
f 1570 1568 1572
f 1572 1568 1571
f 1574 1575 1573
f 1573 1575 1576
f 1578 1579 1577
f 1577 1579 1580
f 1582 1583 1581
f 1581 1583 1584
f 1586 1587 1585
f 1585 1587 1588
f 1589 1590 1592
f 1592 1590 1591
f 1593 1594 1596
f 1596 1594 1595
f 1597 1598 1562
f 1562 1598 1599
f 1562 1599 1563
f 1563 1599 1600
f 1601 1590 1602
f 1602 1590 1589
f 1604 1605 1603
f 1603 1605 1606
f 1608 1609 1607
f 1607 1609 1610
f 1612 1608 1611
f 1611 1608 1607
f 1614 1615 1613
f 1613 1615 1616
f 1617 1618 1560
f 1560 1618 1557
f 1620 1621 1619
f 1619 1621 1622
f 1624 1625 1623
f 1623 1625 1626
f 1628 1629 1627
f 1627 1629 1630
f 1632 1633 1631
f 1631 1633 1634
f 1609 1635 1610
f 1610 1635 1636
f 1638 1639 1637
f 1637 1639 1640
f 1641 1642 1608
f 1608 1642 1609
f 1613 1616 1643
f 1643 1616 1644
f 1645 1646 1599
f 1599 1646 1600
f 1599 1598 1645
f 1645 1598 1647
f 1596 1595 1648
f 1648 1595 1649
f 1650 1626 1620
f 1620 1626 1625
f 1569 1617 1565
f 1565 1617 1560
f 1581 1584 1625
f 1625 1584 1651
f 1652 1581 1624
f 1624 1581 1625
f 1654 1655 1653
f 1653 1655 1656
f 1657 1658 1660
f 1660 1658 1659
f 1662 1586 1661
f 1661 1586 1585
f 1607 1610 1663
f 1663 1610 1664
f 1610 1636 1664
f 1664 1636 1665
f 1667 1668 1666
f 1666 1668 1669
f 1671 1561 1670
f 1670 1561 1672
f 1671 1597 1561
f 1561 1597 1562
f 1592 1591 1667
f 1667 1591 1673
f 1591 1674 1673
f 1673 1674 1675
f 1590 1676 1591
f 1591 1676 1674
f 1590 1601 1676
f 1676 1601 1677
f 1681 1682 1680
f 1680 1682 1683
f 1684 1685 1570
f 1570 1685 1686
f 1589 1687 1602
f 1602 1687 1688
f 1689 1650 1619
f 1619 1650 1620
f 1690 1691 1693
f 1693 1691 1692
f 1695 1696 1694
f 1694 1696 1697
f 1633 1698 1634
f 1634 1698 1699
f 1700 1701 1576
f 1576 1701 1702
f 1704 1705 1703
f 1703 1705 1628
f 1707 1708 1706
f 1706 1708 1709
f 1638 1657 1639
f 1639 1657 1660
f 1657 1638 1711
f 1711 1638 1710
f 1712 1713 1614
f 1614 1713 1615
f 1714 1624 1703
f 1703 1624 1623
f 1715 1702 1571
f 1571 1702 1572
f 1624 1714 1652
f 1652 1714 1716
f 1685 1622 1686
f 1686 1622 1621
f 1718 1719 1717
f 1717 1719 1720
f 1722 1723 1721
f 1721 1723 1724
f 1726 1727 1725
f 1725 1727 1728
f 1730 1727 1729
f 1729 1727 1726
f 1732 1733 1731
f 1731 1733 1734
f 1736 1737 1735
f 1735 1737 1580
f 1738 1739 1577
f 1577 1739 1740
f 1637 1741 1638
f 1638 1741 1710
f 1742 1743 1744
f 1744 1743 1700
f 1714 1627 1716
f 1716 1627 1745
f 1746 1691 1713
f 1713 1691 1615
f 1725 1728 1695
f 1695 1728 1696
f 1703 1628 1714
f 1714 1628 1627
f 1748 1749 1747
f 1747 1749 1750
f 1723 1722 1605
f 1605 1722 1751
f 1752 1746 1606
f 1606 1746 1713
f 1753 1754 1756
f 1756 1754 1755
f 1577 1580 1738
f 1738 1580 1737
f 1702 1715 1576
f 1576 1715 1573
f 1738 1737 1637
f 1637 1737 1741
f 1757 1741 1736
f 1736 1741 1737
f 1758 1759 1639
f 1639 1759 1640
f 1761 1762 1760
f 1760 1762 1641
f 1763 1578 1740
f 1740 1578 1577
f 1735 1580 1764
f 1764 1580 1579
f 1764 1765 1735
f 1735 1765 1761
f 1765 1766 1761
f 1761 1766 1762
f 1768 1762 1767
f 1767 1762 1766
f 1735 1761 1736
f 1736 1761 1760
f 1769 1732 1644
f 1644 1732 1770
f 1642 1641 1768
f 1768 1641 1762
f 1749 1773 1774
f 1773 1775 1774
f 1774 1775 1776
f 1775 1574 1776
f 1776 1574 1573
f 1575 1777 1576
f 1576 1777 1700
f 1778 1779 1781
f 1781 1779 1780
f 1731 1782 1732
f 1732 1782 1770
f 1783 1643 1770
f 1770 1643 1644
f 1776 1573 1784
f 1784 1573 1715
f 1690 1769 1616
f 1616 1769 1644
f 1694 1785 1707
f 1707 1785 1708
f 1749 1748 1766
f 1766 1748 1767
f 1786 1750 1774
f 1774 1750 1749
f 1787 1788 1784
f 1784 1788 1786
f 1789 1790 1647
f 1647 1790 1645
f 1791 1792 1649
f 1649 1792 1648
f 1786 1788 1790
f 1790 1788 1793
f 1603 1794 1604
f 1604 1794 1795
f 1796 1747 1791
f 1791 1747 1792
f 1561 1564 1672
f 1672 1564 1797
f 1798 1799 1745
f 1745 1799 1716
f 1800 1801 1654
f 1654 1801 1655
f 1712 1802 1603
f 1603 1802 1794
f 1632 1803 1633
f 1633 1803 1804
f 1806 1681 1805
f 1805 1681 1680
f 1808 1809 1807
f 1807 1809 1810
f 1667 1666 1592
f 1592 1666 1811
f 1812 1589 1811
f 1811 1589 1592
f 1813 1814 1710
f 1710 1814 1711
f 1619 1725 1689
f 1689 1725 1695
f 1622 1726 1619
f 1619 1726 1725
f 1729 1726 1685
f 1685 1726 1622
f 1685 1684 1729
f 1729 1684 1815
f 1684 1816 1815
f 1815 1816 1817
f 1769 1690 1818
f 1818 1690 1693
f 1819 1820 1742
f 1742 1820 1743
f 1668 1821 1669
f 1669 1821 1822
f 1567 1823 1824
f 1790 1789 1786
f 1786 1789 1750
f 1709 1825 1626
f 1626 1825 1623
f 1731 1734 1721
f 1721 1734 1697
f 1706 1709 1650
f 1650 1709 1626
f 1827 1777 1826
f 1826 1777 1763
f 1825 1709 1828
f 1828 1709 1708
f 1677 1601 1665
f 1665 1601 1664
f 1603 1606 1712
f 1712 1606 1713
f 1613 1829 1614
f 1614 1829 1830
f 1701 1831 1816
f 1816 1831 1817
f 1832 1705 1699
f 1699 1705 1634
f 1704 1825 1631
f 1631 1825 1828
f 1763 1833 1826
f 1826 1833 1834
f 1751 1752 1605
f 1605 1752 1606
f 1615 1691 1616
f 1616 1691 1690
f 1639 1660 1758
f 1758 1660 1835
f 1705 1704 1634
f 1634 1704 1631
f 1803 1834 1804
f 1804 1834 1833
f 1739 1738 1640
f 1640 1738 1637
f 1604 1795 1837
f 1837 1795 1838
f 1783 1779 1839
f 1839 1779 1778
f 1779 1782 1780
f 1780 1782 1724
f 1837 1838 1780
f 1780 1838 1781
f 1721 1724 1731
f 1731 1724 1782
f 1820 1819 1694
f 1694 1819 1785
f 1570 1572 1684
f 1684 1572 1816
f 1776 1784 1774
f 1774 1784 1786
f 1643 1783 1840
f 1840 1783 1839
f 1816 1572 1701
f 1701 1572 1702
f 1800 1654 1814
f 1814 1654 1711
f 1614 1830 1712
f 1712 1830 1802
f 1663 1841 1607
f 1607 1841 1611
f 1799 1842 1716
f 1716 1842 1652
f 1790 1793 1645
f 1645 1793 1646
f 1602 1688 1663
f 1663 1688 1841
f 1809 1808 1805
f 1805 1808 1806
f 1842 1582 1652
f 1652 1582 1581
f 1662 1661 1843
f 1843 1661 1844
f 1828 1708 1845
f 1845 1708 1785
f 1694 1707 1695
f 1695 1707 1689
f 1739 1846 1717
f 1717 1846 1718
f 1847 1848 1833
f 1833 1848 1849
f 1707 1706 1689
f 1689 1706 1650
f 1818 1831 1733
f 1733 1831 1743
f 1700 1743 1701
f 1701 1743 1831
f 1829 1613 1840
f 1840 1613 1643
f 1730 1692 1746
f 1746 1692 1691
f 1667 1673 1668
f 1668 1673 1594
f 1673 1675 1594
f 1594 1675 1679
f 1668 1594 1821
f 1821 1594 1593
f 1843 1844 1810
f 1810 1844 1807
f 1784 1715 1787
f 1787 1715 1571
f 1779 1783 1782
f 1782 1783 1770
f 1703 1623 1704
f 1704 1623 1825
f 1780 1724 1837
f 1837 1724 1723
f 1755 1719 1756
f 1756 1719 1718
f 1601 1602 1664
f 1664 1602 1663
f 1837 1723 1604
f 1604 1723 1605
f 1717 1720 1847
f 1847 1720 1848
f 1594 1679 1595
f 1849 1850 1833
f 1833 1850 1804
f 1840 1839 1852
f 1852 1839 1851
f 1840 1852 1829
f 1829 1852 1853
f 1830 1829 1854
f 1854 1829 1853
f 1802 1830 1855
f 1855 1830 1854
f 1839 1778 1851
f 1851 1778 1856
f 1778 1781 1856
f 1856 1781 1857
f 1857 1781 1858
f 1858 1781 1838
f 1859 1860 1856
f 1856 1860 1851
f 1862 1863 1861
f 1861 1863 1864
f 1865 1866 1864
f 1864 1866 1861
f 1864 1863 1868
f 1868 1863 1867
f 1869 1870 1868
f 1868 1870 1871
f 1867 1872 1868
f 1868 1872 1869
f 1873 1860 1867
f 1867 1860 1872
f 1871 1865 1868
f 1868 1865 1864
f 1874 1875 1877
f 1877 1875 1876
f 1875 1874 1865
f 1865 1874 1866
f 1867 1863 1873
f 1873 1863 1862
f 1862 1853 1873
f 1873 1853 1852
f 1862 1878 1853
f 1853 1878 1854
f 1861 1879 1862
f 1862 1879 1878
f 1879 1861 1880
f 1880 1861 1866
f 1860 1873 1851
f 1851 1873 1852
f 1874 1881 1866
f 1866 1881 1880
f 1879 1880 1882
f 1882 1880 1883
f 1880 1881 1883
f 1883 1881 1884
f 1882 1883 1885
f 1885 1883 1886
f 1885 1887 1882
f 1882 1887 1888
f 1889 1886 1884
f 1884 1886 1883
f 1879 1882 1878
f 1878 1882 1888
f 1878 1888 1854
f 1854 1888 1855
f 1881 1874 1890
f 1890 1874 1877
f 1869 1872 1891
f 1891 1872 1860
f 1891 1892 1869
f 1869 1892 1870
f 1860 1859 1891
f 1891 1859 1893
f 1892 1891 1894
f 1894 1891 1893
f 1892 1895 1870
f 1870 1895 1896
f 1802 1855 1794
f 1794 1855 1897
f 1795 1898 1838
f 1838 1898 1858
f 1898 1795 1897
f 1897 1795 1794
f 1897 1887 1898
f 1898 1887 1899
f 1887 1885 1899
f 1899 1885 1900
f 1898 1899 1858
f 1858 1899 1901
f 1897 1855 1887
f 1887 1855 1888
f 1902 1857 1901
f 1901 1857 1858
f 1902 1859 1857
f 1857 1859 1856
f 1903 1893 1902
f 1902 1893 1859
f 1903 1902 1904
f 1904 1902 1901
f 1905 1903 1906
f 1906 1903 1904
f 1899 1900 1901
f 1901 1900 1904
f 1900 1907 1904
f 1904 1907 1906
f 1893 1903 1894
f 1894 1903 1905
f 1909 1894 1908
f 1908 1894 1905
f 1908 1911 1910
f 1910 1911 1912
f 1908 1905 1911
f 1911 1905 1906
f 1908 1910 1909
f 1909 1910 1890
f 1909 1890 1895
f 1895 1890 1877
f 1895 1892 1909
f 1909 1892 1894
f 1885 1886 1900
f 1900 1886 1907
f 1912 1907 1889
f 1889 1907 1886
f 1912 1911 1907
f 1907 1911 1906
f 1910 1912 1884
f 1884 1912 1889
f 1884 1881 1910
f 1910 1881 1890
f 1865 1871 1875
f 1875 1871 1876
f 1876 1896 1877
f 1877 1896 1895
f 1876 1871 1896
f 1896 1871 1870
f 1693 1692 1817
f 1817 1692 1815
f 1696 1722 1697
f 1697 1722 1721
f 1728 1727 1751
f 1751 1727 1752
f 1727 1730 1752
f 1752 1730 1746
f 1734 1733 1820
f 1820 1733 1743
f 1728 1751 1696
f 1696 1751 1722
f 1693 1817 1818
f 1818 1817 1831
f 1734 1820 1697
f 1697 1820 1694
f 1818 1733 1769
f 1769 1733 1732
f 1692 1730 1815
f 1815 1730 1729
f 1914 1915 1913
f 1913 1915 1916
f 1918 1919 1917
f 1917 1919 1920
f 1917 1920 1921
f 1921 1920 1922
f 1923 1924 1926
f 1926 1924 1925
f 1632 1927 1803
f 1803 1927 1928
f 1929 1930 1918
f 1918 1930 1919
f 1932 1933 1931
f 1931 1933 1934
f 1845 1785 1936
f 1936 1785 1935
f 1937 1935 1819
f 1819 1935 1785
f 1939 1940 1938
f 1938 1940 1941
f 1942 1924 1930
f 1930 1924 1919
f 1632 1845 1927
f 1927 1845 1936
f 1933 1932 1915
f 1915 1932 1943
f 1944 1942 1916
f 1916 1942 1930
f 1945 1939 1922
f 1922 1939 1946
f 1948 1949 1947
f 1947 1949 1950
f 1939 1938 1946
f 1946 1938 1951
f 1952 1921 1946
f 1946 1921 1922
f 1945 1922 1923
f 1923 1922 1920
f 1913 1953 1914
f 1914 1953 1954
f 1929 1955 1913
f 1913 1955 1953
f 1945 1923 1956
f 1956 1923 1926
f 1938 1941 1931
f 1931 1941 1928
f 1913 1916 1929
f 1929 1916 1930
f 1917 1957 1918
f 1918 1957 1958
f 1943 1944 1915
f 1915 1944 1916
f 1919 1924 1920
f 1920 1924 1923
f 1914 1954 1959
f 1959 1954 1960
f 1952 1948 1961
f 1961 1948 1947
f 1948 1951 1949
f 1949 1951 1934
f 1949 1959 1950
f 1950 1959 1960
f 1931 1934 1938
f 1938 1934 1951
f 1921 1952 1962
f 1962 1952 1961
f 1918 1958 1929
f 1929 1958 1955
f 1827 1826 1956
f 1956 1826 1940
f 1957 1917 1962
f 1962 1917 1921
f 1937 1925 1942
f 1942 1925 1924
f 1948 1952 1951
f 1951 1952 1946
f 1949 1934 1959
f 1959 1934 1933
f 1959 1933 1914
f 1914 1933 1915
f 1962 1961 1964
f 1964 1961 1963
f 1962 1964 1957
f 1957 1964 1965
f 1957 1965 1958
f 1958 1965 1966
f 1958 1966 1955
f 1955 1966 1967
f 1961 1947 1963
f 1963 1947 1968
f 1947 1950 1968
f 1968 1950 1969
f 1950 1960 1969
f 1969 1960 1970
f 1971 1972 1968
f 1968 1972 1963
f 1974 1975 1973
f 1973 1975 1976
f 1977 1978 1974
f 1974 1978 1975
f 1975 1978 1980
f 1980 1978 1979
f 1981 1982 1980
f 1980 1982 1983
f 1979 1984 1980
f 1980 1984 1981
f 1983 1976 1980
f 1980 1976 1975
f 1976 1985 1973
f 1973 1985 1986
f 1979 1978 1987
f 1987 1978 1977
f 1977 1965 1987
f 1987 1965 1964
f 1977 1988 1965
f 1965 1988 1966
f 1974 1989 1977
f 1977 1989 1988
f 1990 1989 1973
f 1973 1989 1974
f 1987 1972 1979
f 1979 1972 1984
f 1972 1987 1963
f 1963 1987 1964
f 1991 1990 1986
f 1986 1990 1973
f 1989 1990 1992
f 1992 1990 1993
f 1990 1991 1993
f 1993 1991 1994
f 1992 1993 1995
f 1995 1993 1996
f 1995 1997 1992
f 1992 1997 1998
f 1994 1999 1993
f 1993 1999 1996
f 1992 1998 1989
f 1989 1998 1988
f 1988 1998 1966
f 1966 1998 1967
f 1991 1986 2001
f 2001 1986 2000
f 1986 1985 2000
f 2000 1985 2002
f 1981 1984 2003
f 2003 1984 1972
f 1982 1981 2004
f 2004 1981 2003
f 1972 1971 2003
f 2003 1971 2005
f 2003 2005 2004
f 2004 2005 2006
f 2007 2008 2004
f 2004 2008 1982
f 2002 2008 2000
f 2000 2008 2007
f 1955 1967 1953
f 1953 1967 2009
f 1954 2010 1960
f 1960 2010 1970
f 2010 1954 2009
f 2009 1954 1953
f 2009 1997 2010
f 2010 1997 2011
f 1997 1995 2011
f 2011 1995 2012
f 2010 2011 1970
f 1970 2011 2013
f 1997 2009 1998
f 1998 2009 1967
f 2014 1969 2013
f 2013 1969 1970
f 2014 1971 1969
f 1969 1971 1968
f 2014 2015 1971
f 1971 2015 2005
f 2015 2014 2016
f 2016 2014 2013
f 2017 2015 2018
f 2018 2015 2016
f 2011 2012 2013
f 2013 2012 2016
f 2012 2019 2016
f 2016 2019 2018
f 2015 2017 2005
f 2005 2017 2006
f 2021 2006 2020
f 2020 2006 2017
f 2020 2023 2022
f 2022 2023 2024
f 2020 2017 2023
f 2023 2017 2018
f 2020 2022 2021
f 2021 2022 2001
f 2021 2001 2007
f 2007 2001 2000
f 2007 2004 2021
f 2021 2004 2006
f 1995 1996 2012
f 2012 1996 2019
f 2024 2019 1999
f 1999 2019 1996
f 2024 2023 2019
f 2019 2023 2018
f 2022 2024 1994
f 1994 2024 1999
f 1994 1991 2022
f 2022 1991 2001
f 1976 1983 1985
f 1985 1983 2002
f 2002 1983 2008
f 2008 1983 1982
f 1926 1925 1744
f 1744 1925 1742
f 1927 1932 1928
f 1928 1932 1931
f 1936 1935 1943
f 1943 1935 1944
f 1935 1937 1944
f 1944 1937 1942
f 1941 1940 1834
f 1834 1940 1826
f 1936 1943 1927
f 1927 1943 1932
f 1956 1926 1827
f 1827 1926 1744
f 1941 1834 1928
f 1928 1834 1803
f 1956 1940 1945
f 1945 1940 1939
f 1925 1937 1742
f 1742 1937 1819
f 1777 1827 1700
f 1700 1827 1744
f 1777 1575 1763
f 1763 1575 1578
f 1575 1574 1578
f 1578 1574 1579
f 1574 1775 1579
f 1579 1775 1764
f 2025 2026 2028
f 2028 2026 2027
f 2030 2031 2029
f 2029 2031 2032
f 2029 2032 2033
f 2033 2032 2034
f 2036 2037 2035
f 2035 2037 2038
f 2039 2040 2030
f 2030 2040 2031
f 2042 2043 2041
f 2041 2043 2044
f 2045 2046 1633
f 1633 2046 1698
f 2047 2045 1804
f 1804 2045 1633
f 2049 2050 2048
f 2048 2050 2051
f 2052 2036 2040
f 2040 2036 2031
f 2042 2053 2043
f 2043 2053 2027
f 2054 2052 2028
f 2028 2052 2040
f 2055 2049 2034
f 2034 2049 2056
f 2057 2058 2060
f 2060 2058 2059
f 2049 2048 2056
f 2056 2048 2061
f 2062 2033 2056
f 2056 2033 2034
f 2055 2034 2035
f 2035 2034 2032
f 2025 2063 2026
f 2026 2063 2064
f 2039 2065 2025
f 2025 2065 2063
f 2035 2038 2055
f 2055 2038 2066
f 2048 2051 2041
f 2041 2051 2067
f 2039 2025 2040
f 2040 2025 2028
f 2029 2068 2030
f 2030 2068 2069
f 2053 2054 2027
f 2027 2054 2028
f 2031 2036 2032
f 2032 2036 2035
f 2026 2064 2070
f 2070 2064 2071
f 2062 2058 2072
f 2072 2058 2057
f 2059 2058 2044
f 2044 2058 2061
f 2070 2071 2059
f 2059 2071 2060
f 2041 2044 2048
f 2048 2044 2061
f 2033 2062 2073
f 2073 2062 2072
f 2030 2069 2039
f 2039 2069 2065
f 2066 1848 2050
f 2050 1848 1720
f 2068 2029 2073
f 2073 2029 2033
f 2047 2037 2052
f 2052 2037 2036
f 2058 2062 2061
f 2061 2062 2056
f 2059 2044 2070
f 2070 2044 2043
f 2070 2043 2026
f 2026 2043 2027
f 2073 2072 2075
f 2075 2072 2074
f 2073 2075 2068
f 2068 2075 2076
f 2068 2076 2069
f 2069 2076 2077
f 2069 2077 2065
f 2065 2077 2078
f 2072 2057 2074
f 2074 2057 2079
f 2057 2060 2079
f 2079 2060 2080
f 2080 2060 2081
f 2081 2060 2071
f 2082 2083 2079
f 2079 2083 2074
f 2085 2086 2084
f 2084 2086 2087
f 2088 2089 2085
f 2085 2089 2086
f 2086 2089 2091
f 2091 2089 2090
f 2092 2093 2091
f 2091 2093 2094
f 2090 2095 2091
f 2091 2095 2092
f 2094 2087 2091
f 2091 2087 2086
f 2096 2097 2087
f 2087 2097 2084
f 2089 2088 2090
f 2090 2088 2098
f 2088 2076 2098
f 2098 2076 2075
f 2088 2099 2076
f 2076 2099 2077
f 2085 2100 2088
f 2088 2100 2099
f 2100 2085 2101
f 2101 2085 2084
f 2090 2098 2095
f 2095 2098 2083
f 2083 2098 2074
f 2074 2098 2075
f 2097 2102 2084
f 2084 2102 2101
f 2103 2100 2104
f 2104 2100 2101
f 2102 2105 2101
f 2101 2105 2104
f 2106 2103 2107
f 2107 2103 2104
f 2103 2106 2109
f 2109 2106 2108
f 2105 2110 2104
f 2104 2110 2107
f 2100 2103 2099
f 2099 2103 2109
f 2099 2109 2077
f 2077 2109 2078
f 2102 2097 2112
f 2112 2097 2111
f 2097 2096 2111
f 2111 2096 2113
f 2092 2095 2114
f 2114 2095 2083
f 2093 2092 2115
f 2115 2092 2114
f 2083 2082 2114
f 2114 2082 2116
f 2115 2114 2117
f 2117 2114 2116
f 2115 2118 2093
f 2093 2118 2119
f 2113 2119 2111
f 2111 2119 2118
f 2065 2078 2063
f 2063 2078 2120
f 2064 2121 2071
f 2071 2121 2081
f 2121 2064 2120
f 2120 2064 2063
f 2120 2108 2121
f 2121 2108 2122
f 2108 2106 2122
f 2122 2106 2123
f 2121 2122 2081
f 2081 2122 2124
f 2120 2078 2108
f 2108 2078 2109
f 2125 2080 2124
f 2124 2080 2081
f 2125 2082 2080
f 2080 2082 2079
f 2126 2116 2125
f 2125 2116 2082
f 2126 2125 2127
f 2127 2125 2124
f 2128 2126 2129
f 2129 2126 2127
f 2122 2123 2124
f 2124 2123 2127
f 2123 2130 2127
f 2127 2130 2129
f 2126 2128 2116
f 2116 2128 2117
f 2132 2117 2131
f 2131 2117 2128
f 2131 2134 2133
f 2133 2134 2135
f 2131 2128 2134
f 2134 2128 2129
f 2131 2133 2132
f 2132 2133 2112
f 2132 2112 2118
f 2118 2112 2111
f 2118 2115 2132
f 2132 2115 2117
f 2106 2107 2123
f 2123 2107 2130
f 2135 2130 2110
f 2110 2130 2107
f 2135 2134 2130
f 2130 2134 2129
f 2135 2110 2133
f 2133 2110 2105
f 2105 2102 2133
f 2133 2102 2112
f 2087 2094 2096
f 2096 2094 2113
f 2113 2094 2119
f 2119 2094 2093
f 2037 1850 2038
f 2038 1850 1849
f 2136 2042 2067
f 2067 2042 2041
f 2046 2045 2053
f 2053 2045 2054
f 2045 2047 2054
f 2054 2047 2052
f 1719 2051 1720
f 1720 2051 2050
f 2136 2046 2042
f 2042 2046 2053
f 2038 1849 2066
f 2066 1849 1848
f 2051 1719 2067
f 2067 1719 1755
f 2050 2049 2066
f 2066 2049 2055
f 2037 2047 1850
f 1850 2047 1804
f 2138 2139 2137
f 2137 2139 2140
f 2142 2143 2141
f 2141 2143 2144
f 2141 2144 2145
f 2145 2144 2146
f 2148 2149 2147
f 2147 2149 2150
f 2151 2152 2154
f 2154 2152 2153
f 2155 2156 2142
f 2142 2156 2143
f 2157 2158 2160
f 2160 2158 2159
f 2161 2162 2164
f 2164 2162 2163
f 2165 2163 1756
f 1756 2163 2162
f 2166 2167 2169
f 2169 2167 2168
f 2156 2170 2143
f 2143 2170 2148
f 2152 2161 2153
f 2153 2161 2164
f 2158 2171 2159
f 2159 2171 2139
f 2172 2170 2140
f 2140 2170 2156
f 2167 2174 2173
f 2173 2174 2146
f 2176 2177 2175
f 2175 2177 2178
f 2166 2179 2167
f 2167 2179 2174
f 2180 2145 2174
f 2174 2145 2146
f 2173 2146 2147
f 2147 2146 2144
f 2137 2181 2138
f 2138 2181 2182
f 2155 2183 2137
f 2137 2183 2181
f 2147 2150 2173
f 2173 2150 2184
f 2157 2166 2154
f 2154 2166 2169
f 2137 2140 2155
f 2155 2140 2156
f 2141 2185 2142
f 2142 2185 2186
f 2171 2172 2139
f 2139 2172 2140
f 2143 2148 2144
f 2144 2148 2147
f 2138 2182 2187
f 2187 2182 2188
f 2180 2176 2189
f 2189 2176 2175
f 2177 2176 2160
f 2160 2176 2179
f 2187 2188 2177
f 2177 2188 2178
f 2166 2157 2179
f 2179 2157 2160
f 2145 2180 2190
f 2190 2180 2189
f 2142 2186 2155
f 2155 2186 2183
f 1759 1758 2184
f 2184 1758 2168
f 2185 2141 2190
f 2190 2141 2145
f 2165 2149 2170
f 2170 2149 2148
f 2176 2180 2179
f 2179 2180 2174
f 2187 2177 2159
f 2159 2177 2160
f 2138 2187 2139
f 2139 2187 2159
f 2190 2189 2192
f 2192 2189 2191
f 2190 2192 2185
f 2185 2192 2193
f 2185 2193 2186
f 2186 2193 2194
f 2186 2194 2183
f 2183 2194 2195
f 2189 2175 2191
f 2191 2175 2196
f 2175 2178 2196
f 2196 2178 2197
f 2197 2178 2198
f 2198 2178 2188
f 2200 2191 2199
f 2199 2191 2196
f 2201 2202 2204
f 2204 2202 2203
f 2205 2206 2202
f 2202 2206 2203
f 2203 2206 2208
f 2208 2206 2207
f 2208 2209 2211
f 2211 2209 2210
f 2207 2212 2208
f 2208 2212 2209
f 2211 2204 2208
f 2208 2204 2203
f 2204 2213 2201
f 2201 2213 2214
f 2206 2205 2207
f 2207 2205 2215
f 2205 2193 2215
f 2215 2193 2192
f 2205 2216 2193
f 2193 2216 2194
f 2217 2216 2202
f 2202 2216 2205
f 2218 2217 2201
f 2201 2217 2202
f 2207 2215 2212
f 2212 2215 2200
f 2200 2215 2191
f 2191 2215 2192
f 2219 2218 2214
f 2214 2218 2201
f 2220 2217 2221
f 2221 2217 2218
f 2219 2222 2218
f 2218 2222 2221
f 2223 2220 2224
f 2224 2220 2221
f 2220 2223 2226
f 2226 2223 2225
f 2222 2227 2221
f 2221 2227 2224
f 2217 2220 2216
f 2216 2220 2226
f 2216 2226 2194
f 2194 2226 2195
f 2214 2228 2219
f 2219 2228 2229
f 2214 2213 2228
f 2228 2213 2230
f 2209 2212 2231
f 2231 2212 2200
f 2209 2231 2210
f 2210 2231 2232
f 2231 2200 2233
f 2233 2200 2199
f 2232 2231 2234
f 2234 2231 2233
f 2235 2236 2232
f 2232 2236 2210
f 2230 2236 2228
f 2228 2236 2235
f 2183 2195 2181
f 2181 2195 2237
f 2182 2238 2188
f 2188 2238 2198
f 2237 2238 2181
f 2181 2238 2182
f 2225 2239 2237
f 2237 2239 2238
f 2223 2240 2225
f 2225 2240 2239
f 2238 2239 2198
f 2198 2239 2241
f 2237 2195 2225
f 2225 2195 2226
f 2242 2197 2241
f 2241 2197 2198
f 2197 2242 2196
f 2196 2242 2199
f 2242 2243 2199
f 2199 2243 2233
f 2243 2242 2244
f 2244 2242 2241
f 2245 2243 2246
f 2246 2243 2244
f 2239 2240 2241
f 2241 2240 2244
f 2240 2247 2244
f 2244 2247 2246
f 2243 2245 2233
f 2233 2245 2234
f 2249 2234 2248
f 2248 2234 2245
f 2248 2251 2250
f 2250 2251 2252
f 2248 2245 2251
f 2251 2245 2246
f 2248 2250 2249
f 2249 2250 2229
f 2249 2229 2235
f 2235 2229 2228
f 2235 2232 2249
f 2249 2232 2234
f 2240 2223 2247
f 2247 2223 2224
f 2252 2247 2227
f 2227 2247 2224
f 2252 2251 2247
f 2247 2251 2246
f 2250 2252 2222
f 2222 2252 2227
f 2222 2219 2250
f 2250 2219 2229
f 2204 2211 2213
f 2213 2211 2230
f 2230 2211 2236
f 2236 2211 2210
f 2149 1718 2150
f 2150 1718 1846
f 2154 2153 2157
f 2157 2153 2158
f 2171 2164 2172
f 2172 2164 2163
f 2163 2165 2172
f 2172 2165 2170
f 2253 2151 2169
f 2169 2151 2154
f 2153 2164 2158
f 2158 2164 2171
f 2150 1846 2184
f 2184 1846 1759
f 2184 2168 2173
f 2173 2168 2167
f 2149 2165 1718
f 1718 2165 1756
f 1661 1585 2254
f 2254 1585 2255
f 1824 1682 2257
f 2257 1682 2256
f 1682 1681 2256
f 2256 1681 2258
f 1808 2259 1806
f 1806 2259 2260
f 1588 1824 2261
f 2261 1824 2257
f 1844 1661 2262
f 2262 1661 2254
f 1585 1588 2255
f 2255 1588 2261
f 2263 1807 2262
f 2262 1807 1844
f 1806 2260 1681
f 1681 2260 2258
f 2259 1808 2263
f 2263 1808 1807
f 2262 2264 2263
f 2263 2264 2265
f 2263 2265 2259
f 2259 2265 2266
f 2259 2266 2260
f 2260 2266 2267
f 2260 2267 2258
f 2258 2267 2268
f 2262 2254 2264
f 2264 2254 2269
f 2254 2255 2269
f 2269 2255 2270
f 2255 2261 2270
f 2270 2261 2271
f 2273 2264 2272
f 2272 2264 2269
f 2275 2276 2274
f 2274 2276 2277
f 2278 2279 2275
f 2275 2279 2276
f 2280 2281 2279
f 2279 2281 2276
f 2280 2282 2281
f 2281 2282 2283
f 2284 2277 2281
f 2281 2277 2276
f 2277 2284 2285
f 2285 2284 2286
f 2285 2287 2277
f 2277 2287 2274
f 2280 2279 2288
f 2288 2279 2278
f 2278 2266 2288
f 2288 2266 2265
f 2278 2289 2266
f 2266 2289 2267
f 2275 2290 2278
f 2278 2290 2289
f 2290 2275 2291
f 2291 2275 2274
f 2280 2288 2282
f 2282 2288 2273
f 2273 2288 2264
f 2264 2288 2265
f 2287 2292 2274
f 2274 2292 2291
f 2293 2290 2294
f 2294 2290 2291
f 2292 2295 2291
f 2291 2295 2294
f 2296 2293 2297
f 2297 2293 2294
f 2293 2296 2299
f 2299 2296 2298
f 2295 2300 2294
f 2294 2300 2297
f 2290 2293 2289
f 2289 2293 2299
f 2289 2299 2267
f 2267 2299 2268
f 2292 2287 2302
f 2302 2287 2301
f 2287 2285 2301
f 2301 2285 2286
f 2283 2282 2303
f 2303 2282 2273
f 2304 2283 2305
f 2305 2283 2303
f 2303 2273 2306
f 2306 2273 2272
f 2305 2303 2307
f 2307 2303 2306
f 2305 2308 2304
f 2304 2308 2309
f 2286 2309 2301
f 2301 2309 2308
f 2284 2281 2304
f 2304 2281 2283
f 2286 2284 2309
f 2309 2284 2304
f 2256 2258 2310
f 2310 2258 2268
f 2261 2257 2271
f 2271 2257 2311
f 2310 2311 2256
f 2256 2311 2257
f 2298 2312 2310
f 2310 2312 2311
f 2296 2313 2298
f 2298 2313 2312
f 2311 2312 2271
f 2271 2312 2314
f 2310 2268 2298
f 2298 2268 2299
f 2315 2270 2314
f 2314 2270 2271
f 2270 2315 2269
f 2269 2315 2272
f 2315 2316 2272
f 2272 2316 2306
f 2316 2315 2317
f 2317 2315 2314
f 2318 2316 2319
f 2319 2316 2317
f 2312 2313 2314
f 2314 2313 2317
f 2313 2320 2317
f 2317 2320 2319
f 2316 2318 2306
f 2306 2318 2307
f 2322 2307 2321
f 2321 2307 2318
f 2323 2321 2325
f 2325 2321 2324
f 2321 2318 2324
f 2324 2318 2319
f 2321 2323 2322
f 2322 2323 2302
f 2322 2302 2308
f 2308 2302 2301
f 2308 2305 2322
f 2322 2305 2307
f 2313 2296 2320
f 2320 2296 2297
f 2325 2320 2300
f 2300 2320 2297
f 2325 2324 2320
f 2320 2324 2319
f 2323 2325 2295
f 2295 2325 2300
f 2295 2292 2323
f 2323 2292 2302
f 1775 1773 1764
f 1764 1773 1765
f 1765 1773 1766
f 1766 1773 1749
f 1754 2136 1755
f 1755 2136 2067
f 1632 1631 1845
f 1845 1631 1828
f 1833 1763 1847
f 1847 1763 1740
f 1846 1739 1759
f 1759 1739 1640
f 2046 2136 1698
f 1698 2136 1754
f 1698 1754 1699
f 1699 1754 1753
f 1705 1832 1628
f 1628 1832 1629
f 1660 1659 1835
f 1835 1659 2326
f 2326 2152 1835
f 1835 2152 2151
f 2161 2152 2327
f 2327 2152 2326
f 2327 2326 2328
f 2328 2326 1659
f 2328 1659 2329
f 2329 1659 1658
f 1711 2330 1657
f 1657 2330 1658
f 2329 1658 1653
f 1653 1658 2330
f 2331 2329 1656
f 1656 2329 1653
f 2329 2331 2328
f 2328 2331 2332
f 2328 2332 2327
f 2327 2332 2333
f 1756 2162 1753
f 1753 2162 2333
f 1745 1627 2334
f 2334 1627 1630
f 1653 2330 1654
f 1654 2330 1711
f 1739 1717 1740
f 1740 1717 1847
f 2333 1832 1753
f 1753 1832 1699
f 2333 2162 2327
f 2327 2162 2161
f 2169 2168 2253
f 2253 2168 1758
f 2151 2253 1835
f 1835 2253 1758
f 1629 1832 2332
f 2332 1832 2333
f 2332 2331 1629
f 1629 2331 1630
f 1656 2334 2331
f 2331 2334 1630
f 2334 1656 1745
f 1745 1656 1655
f 1801 1798 1655
f 1655 1798 1745
f 1687 1589 1812
f 1584 1557 1651
f 1651 1557 1618
f 1583 1558 1584
f 1584 1558 1557
f 1821 1671 1822
f 1822 1671 1670
f 1651 1618 1625
f 1625 1618 1620
f 1618 1617 1620
f 1620 1617 1621
f 1617 1569 1621
f 1621 1569 1686
f 1569 1568 1686
f 1686 1568 1570
f 1587 1567 1588
f 1588 1567 1824
f 1571 1568 1587
f 1587 1568 1567
f 1587 1586 1571
f 1571 1586 1787
f 1586 1662 1787
f 1787 1662 1788
f 1843 1793 1662
f 1662 1793 1788
f 1810 1646 1843
f 1843 1646 1793
f 1809 1600 1810
f 1810 1600 1646
f 1809 1805 1600
f 1600 1805 1563
f 1823 1683 1824
f 1824 1683 1682
f 1566 1559 1797
f 1797 1559 1672
f 1559 1558 1672
f 1672 1558 1670
f 1558 1583 1670
f 1670 1583 1822
f 1583 1582 1822
f 1822 1582 1669
f 1582 1842 1669
f 1669 1842 1666
f 1842 1799 1666
f 1666 1799 1811
f 1799 1798 1811
f 1811 1798 1812
f 1798 1801 1812
f 1812 1801 1687
f 1801 1800 1687
f 1687 1800 1688
f 1821 1593 1671
f 1671 1593 1597
f 1597 1593 1598
f 1598 1593 1596
f 1648 1647 1596
f 1596 1647 1598
f 1792 1789 1648
f 1648 1789 1647
f 1747 1750 1792
f 1792 1750 1789
f 1814 1841 1800
f 1800 1841 1688
f 1813 1611 1814
f 1814 1611 1841
f 1813 1710 1757
f 1757 1710 1741
f 1612 1757 1760
f 1760 1757 1736
f 1611 1813 1612
f 1612 1813 1757
f 1760 1641 1612
f 1612 1641 1608
f 1642 1678 1609
f 1609 1678 1635
f 1768 1771 1642
f 1642 1771 1678
f 1767 1772 1768
f 1768 1772 1771
f 1748 1836 1767
f 1767 1836 1772
f 1747 1796 1748
f 1748 1796 1836
f 1805 1680 1563
f 1563 1680 1564
f 1680 1683 1564
f 1564 1683 1797
f 1683 1823 1797
f 1797 1823 1566
f 1566 1823 1565
f 1565 1823 1567
