o hand_left
v -0.239670 0.559334 0.852344
v -0.232622 0.566509 0.848625
v -0.233841 0.556662 0.844426
v -0.241507 0.550779 0.847699
v -0.217933 0.567508 0.833004
v -0.218075 0.571722 0.821300
v -0.222351 0.556200 0.820319
v -0.220666 0.555058 0.830667
v -0.245001 0.544310 0.843805
v -0.235296 0.548855 0.841391
v -0.249135 0.543365 0.840077
v -0.262088 0.543306 0.843562
v -0.255198 0.542048 0.846350
v -0.269016 0.540886 0.848329
v -0.267402 0.552973 0.841077
v -0.275956 0.546449 0.852614
v -0.268692 0.574209 0.862179
v -0.263642 0.581115 0.872685
v -0.271167 0.567537 0.882069
v -0.274613 0.561333 0.870179
v -0.257361 0.579132 0.893153
v -0.265245 0.572171 0.887484
v -0.259061 0.586302 0.878495
v -0.252240 0.591700 0.883961
v -0.234263 0.571835 0.861500
v -0.228155 0.579867 0.857869
v -0.230779 0.575915 0.854439
v -0.236428 0.568307 0.857736
v -0.247904 0.541510 0.827815
v -0.254967 0.552410 0.828161
v -0.254774 0.547335 0.834655
v -0.244679 0.539539 0.831988
v -0.207141 0.599586 0.854216
v -0.207432 0.611596 0.848018
v -0.209989 0.609690 0.843077
v -0.209601 0.599309 0.850022
v -0.215502 0.594402 0.826572
v -0.217216 0.604866 0.827073
v -0.225595 0.610491 0.817615
v -0.227517 0.600511 0.817062
v -0.215823 0.582466 0.823958
v -0.224963 0.587897 0.814912
v -0.226020 0.575200 0.813404
v -0.228362 0.557904 0.813226
v -0.204493 0.617342 0.859110
v -0.203334 0.609191 0.865131
v -0.256723 0.504832 0.864244
v -0.253281 0.508419 0.867883
v -0.254542 0.510160 0.867093
v -0.257980 0.506591 0.863761
v -0.215647 0.623162 0.874913
v -0.224899 0.627045 0.875778
v -0.220681 0.632278 0.872951
v -0.212566 0.628319 0.870315
v -0.219712 0.616283 0.880912
v -0.230437 0.619283 0.879215
v -0.261991 0.495733 0.871529
v -0.260769 0.497296 0.866592
v -0.264951 0.499605 0.867288
v -0.266963 0.498875 0.872800
v -0.249094 0.545258 0.850274
v -0.244548 0.551766 0.855686
v -0.257667 0.534743 0.858750
v -0.253153 0.541715 0.859078
v -0.256254 0.540259 0.852708
v -0.260867 0.535059 0.853640
v -0.243532 0.556348 0.875115
v -0.238696 0.565229 0.869390
v -0.241793 0.561051 0.865262
v -0.247015 0.550333 0.869974
v -0.230406 0.571009 0.879339
v -0.236257 0.562085 0.884228
v -0.230907 0.566484 0.889320
v -0.226844 0.571489 0.884790
v -0.248292 0.546879 0.889688
v -0.251387 0.543383 0.891301
v -0.248410 0.543794 0.893586
v -0.245918 0.548885 0.891947
v -0.217570 0.637879 0.869876
v -0.210331 0.633094 0.865265
v -0.241105 0.588341 0.904481
v -0.230150 0.591024 0.904931
v -0.233564 0.580985 0.913978
v -0.245064 0.580993 0.911366
v -0.234612 0.626790 0.872159
v -0.230514 0.633426 0.871216
v -0.261347 0.496869 0.877960
v -0.265895 0.499551 0.879493
v -0.237985 0.580898 0.812773
v -0.237875 0.560365 0.811350
v -0.237520 0.596135 0.815357
v -0.237620 0.606717 0.817831
v -0.236550 0.615367 0.817087
v -0.252484 0.541224 0.865575
v -0.241348 0.559863 0.859405
v -0.231718 0.574442 0.865060
v -0.214155 0.582717 0.889053
v -0.209494 0.590200 0.883317
v -0.214628 0.583010 0.877222
v -0.218167 0.578272 0.883626
v -0.221185 0.586809 0.904054
v -0.218466 0.580311 0.900000
v -0.222395 0.574245 0.905488
v -0.225291 0.578922 0.910954
v -0.248223 0.542693 0.820162
v -0.253652 0.556857 0.821814
v -0.207626 0.617548 0.870892
v -0.206526 0.622297 0.864806
v -0.206066 0.629293 0.859996
v -0.217396 0.589035 0.854888
v -0.211154 0.599031 0.847035
v -0.212599 0.596510 0.843661
v -0.219665 0.587888 0.852982
v -0.223156 0.573079 0.844918
v -0.215357 0.580924 0.837067
v -0.224290 0.561531 0.841798
v -0.212826 0.608531 0.835536
v -0.207927 0.618150 0.837568
v -0.212211 0.616198 0.830002
v -0.205176 0.622032 0.846144
v -0.204178 0.625870 0.854131
v -0.228892 0.641694 0.869882
v -0.217755 0.614427 0.823896
v -0.223546 0.546338 0.828821
v -0.225203 0.538625 0.826298
v -0.230064 0.538228 0.832617
v -0.228644 0.545594 0.836080
v -0.273822 0.535417 0.854040
v -0.266528 0.533946 0.851976
v -0.261768 0.539745 0.847733
v -0.208684 0.593158 0.863712
v -0.205176 0.601516 0.872543
v -0.256671 0.534066 0.864892
v -0.270615 0.504119 0.872166
v -0.268421 0.504420 0.866214
v -0.273252 0.522304 0.859785
v -0.276564 0.522218 0.866079
v -0.260018 0.530829 0.872858
v -0.257320 0.531070 0.866116
v -0.257488 0.529740 0.867508
v -0.257616 0.528668 0.874162
v -0.242629 0.549389 0.898407
v -0.240374 0.554016 0.896528
v -0.275991 0.547205 0.877968
v -0.282725 0.545288 0.866577
v -0.277996 0.555320 0.859654
v -0.239454 0.560390 0.879906
v -0.243474 0.552861 0.885620
v -0.241319 0.554926 0.888554
v -0.253207 0.539975 0.870029
v -0.256667 0.534590 0.871165
v -0.255624 0.538289 0.874906
v -0.251197 0.543467 0.873672
v -0.226796 0.601102 0.896727
v -0.216218 0.596144 0.896169
v -0.259135 0.500731 0.863957
v -0.261787 0.502647 0.863785
v -0.234762 0.568988 0.874172
v -0.270342 0.566894 0.853078
v -0.228615 0.576920 0.868864
v -0.252444 0.563310 0.908302
v -0.245239 0.560191 0.909133
v -0.244486 0.554074 0.909522
v -0.250271 0.554188 0.910159
v -0.254700 0.515393 0.878791
v -0.252640 0.514653 0.873188
v -0.252977 0.512277 0.872939
v -0.253986 0.511971 0.879024
v -0.258581 0.530654 0.860375
v -0.262255 0.530018 0.855604
v -0.261566 0.525697 0.857824
v -0.258482 0.527589 0.862768
v -0.268392 0.528908 0.854736
v -0.267774 0.523934 0.856878
v -0.259503 0.513333 0.883027
v -0.265757 0.508630 0.883124
v -0.271000 0.526178 0.878770
v -0.263044 0.526461 0.879230
v -0.248711 0.604274 0.875932
v -0.240796 0.607988 0.882834
v -0.244242 0.595681 0.891144
v -0.248475 0.584216 0.900434
v -0.252304 0.572621 0.907899
v -0.262172 0.568955 0.901582
v -0.237733 0.599115 0.894882
v -0.266666 0.537074 0.877912
v -0.274392 0.537246 0.875990
v -0.271889 0.540163 0.879061
v -0.223525 0.578660 0.874040
v -0.264226 0.506571 0.862854
v -0.250595 0.617328 0.833789
v -0.249996 0.623056 0.845807
v -0.252641 0.614802 0.847435
v -0.252615 0.607978 0.833967
v -0.254038 0.512295 0.866679
v -0.258501 0.509652 0.862433
v -0.236733 0.555521 0.901795
v -0.239634 0.550893 0.903029
v -0.239825 0.551311 0.906142
v -0.235272 0.554891 0.906656
v -0.235856 0.610467 0.885117
v -0.233395 0.571652 0.917735
v -0.244303 0.573255 0.915532
v -0.238184 0.618553 0.875411
v -0.245503 0.615790 0.869567
v -0.242929 0.624301 0.865501
v -0.268130 0.556904 0.894742
v -0.254352 0.599370 0.871504
v -0.250006 0.611667 0.864941
v -0.247112 0.621648 0.859865
v -0.245272 0.629304 0.857005
v -0.240740 0.631366 0.863437
v -0.269102 0.505445 0.878618
v -0.261809 0.503111 0.884303
v -0.239417 0.640239 0.861860
v -0.244043 0.637246 0.854406
v -0.254382 0.606910 0.858367
v -0.258335 0.600675 0.849847
v -0.258245 0.595101 0.864949
v -0.262730 0.588008 0.857099
v -0.277369 0.556246 0.888269
v -0.244712 0.499445 0.880931
v -0.253298 0.504773 0.883187
v -0.251642 0.509071 0.879442
v -0.243431 0.503337 0.879639
v -0.256944 0.508907 0.883232
v -0.257134 0.500511 0.882880
v -0.263884 0.579280 0.845193
v -0.259073 0.534963 0.876300
v -0.256854 0.591319 0.834828
v -0.264301 0.564804 0.834424
v -0.257007 0.573021 0.826445
v -0.248701 0.602004 0.822878
v -0.249412 0.585500 0.818514
v -0.244643 0.619629 0.822986
v -0.247120 0.611295 0.824360
v -0.248305 0.568405 0.815461
v -0.247944 0.503122 0.864814
v -0.245602 0.506573 0.869350
v -0.248778 0.625252 0.831853
v -0.226854 0.552646 0.838925
v -0.218281 0.584828 0.866765
v -0.222465 0.583286 0.863276
v -0.207458 0.594682 0.879238
v -0.212128 0.587460 0.871156
v -0.250428 0.498215 0.863681
v -0.253164 0.542259 0.893847
v -0.252581 0.543343 0.893746
v -0.223398 0.547261 0.819796
v -0.224691 0.540653 0.818828
v -0.236169 0.540822 0.811972
v -0.229099 0.540549 0.813348
v -0.228638 0.548687 0.812992
v -0.236231 0.549622 0.811302
v -0.215552 0.589559 0.856753
v -0.213200 0.590440 0.859795
v -0.222721 0.609245 0.888540
v -0.212658 0.603533 0.888144
v -0.274158 0.529634 0.857659
v -0.279527 0.538349 0.859927
v -0.278020 0.531294 0.863476
v -0.276374 0.525616 0.872598
v -0.261995 0.534069 0.877097
v -0.264813 0.532648 0.876656
v -0.213900 0.589156 0.840882
v -0.222012 0.582599 0.849439
v -0.236579 0.544311 0.838700
v -0.237542 0.538388 0.835300
v -0.247574 0.549017 0.878362
v -0.265075 0.545265 0.895302
v -0.272232 0.545065 0.889273
v -0.252425 0.542683 0.881878
v -0.251275 0.491903 0.869393
v -0.251189 0.494692 0.865246
v -0.278898 0.534696 0.869741
v -0.235651 0.558714 0.893630
v -0.262630 0.550765 0.897789
v -0.258620 0.543318 0.896997
v -0.226276 0.572962 0.913584
v -0.247654 0.631177 0.842955
v -0.250838 0.510545 0.873848
v -0.244200 0.507636 0.874488
v -0.247460 0.496137 0.880013
v -0.251012 0.492933 0.875610
v -0.209853 0.609371 0.879276
v -0.225319 0.581850 0.861156
v -0.245931 0.554336 0.814170
v -0.243309 0.542271 0.814800
v -0.255547 0.540327 0.883334
v -0.247674 0.566883 0.911533
v -0.260215 0.559331 0.905064
v -0.257609 0.549779 0.907539
v -0.259282 0.544851 0.902052
v -0.256104 0.541413 0.896737
v -0.241530 0.494437 0.878165
v -0.245376 0.491250 0.874057
v -0.246843 0.490623 0.867980
v -0.247807 0.493581 0.864487
v -0.247735 0.497906 0.863563
v -0.238984 0.498537 0.878826
v -0.238614 0.502412 0.877403
v -0.241563 0.506734 0.874135
v -0.234768 0.499637 0.875611
v -0.233777 0.494672 0.872914
v -0.237452 0.494957 0.858425
v -0.240114 0.491820 0.863129
v -0.237125 0.492345 0.863005
v -0.234280 0.494809 0.859368
v -0.230194 0.496893 0.856548
v -0.233275 0.497249 0.854873
v -0.236267 0.492033 0.867894
v -0.231735 0.495405 0.863371
v -0.229878 0.497641 0.866518
v -0.226154 0.499585 0.862433
v -0.227525 0.497524 0.859653
v -0.232726 0.494898 0.869529
v -0.238230 0.490548 0.869821
v -0.229138 0.499352 0.853831
v -0.227624 0.498038 0.855350
v -0.225455 0.499128 0.857637
v -0.224924 0.501477 0.855715
v -0.244996 0.494625 0.862144
v -0.239032 0.496835 0.857204
v -0.234441 0.500225 0.854641
v -0.230196 0.501986 0.853762
v -0.238758 0.501109 0.857120
v -0.234778 0.503071 0.855551
v -0.231093 0.504808 0.855299
v -0.237613 0.505107 0.858714
v -0.234050 0.505760 0.857315
v -0.245381 0.502417 0.864360
v -0.247096 0.498619 0.862856
v -0.231812 0.506555 0.856418
v -0.225346 0.503644 0.855734
v -0.230108 0.499624 0.869768
v -0.226308 0.502344 0.863950
v -0.230475 0.502116 0.870339
v -0.226351 0.504479 0.864901
v -0.223534 0.502958 0.860204
v -0.224564 0.500672 0.860012
v -0.246427 0.502777 0.865458
v -0.243940 0.506395 0.870148
v -0.242899 0.506172 0.869159
v -0.235695 0.507937 0.862495
v -0.239819 0.506649 0.872420
v -0.235378 0.503621 0.874141
v -0.230906 0.505098 0.869061
v -0.232617 0.507535 0.866925
v -0.227898 0.506542 0.864507
v -0.229785 0.507659 0.863168
v -0.232246 0.507878 0.859922
v -0.226542 0.506885 0.860536
v -0.224409 0.504889 0.860520
v -0.227563 0.505934 0.856874
v -0.228205 0.507762 0.860698
v -0.229684 0.506889 0.858068
v -0.241623 0.517736 0.884797
v -0.238637 0.521030 0.889517
v -0.242780 0.521700 0.889485
v -0.245321 0.518915 0.885592
v -0.247326 0.506064 0.890537
v -0.245506 0.509626 0.885560
v -0.251256 0.510623 0.886884
v -0.253239 0.508280 0.893152
v -0.246856 0.506947 0.898027
v -0.252473 0.510177 0.899997
v -0.258143 0.512452 0.892777
v -0.255477 0.514399 0.886392
v -0.264647 0.531855 0.880869
v -0.268328 0.531800 0.886292
v -0.251148 0.540148 0.889144
v -0.251676 0.539993 0.892772
v -0.243475 0.514179 0.884064
v -0.248228 0.514984 0.884895
v -0.242938 0.526110 0.897591
v -0.242285 0.525865 0.892111
v -0.240815 0.523758 0.893559
v -0.240971 0.522713 0.899047
v -0.257263 0.535139 0.879150
v -0.254399 0.537876 0.884287
v -0.260627 0.533295 0.878888
v -0.246370 0.523487 0.902760
v -0.251548 0.519305 0.904530
v -0.262462 0.536265 0.899171
v -0.256491 0.537925 0.899243
v -0.251770 0.517191 0.883751
v -0.243887 0.523172 0.887093
v -0.247228 0.520617 0.883718
v -0.257009 0.515578 0.899612
v -0.246764 0.514323 0.904432
v -0.226697 0.512136 0.899139
v -0.237561 0.516237 0.902321
v -0.236267 0.520193 0.899132
v -0.225231 0.516586 0.897390
v -0.242828 0.519164 0.903109
v -0.241198 0.511506 0.902321
v -0.228126 0.516160 0.883201
v -0.225761 0.519738 0.888386
v -0.229627 0.511999 0.881455
v -0.267735 0.534073 0.893105
v -0.233259 0.503875 0.886750
v -0.231408 0.508161 0.882150
v -0.236926 0.522518 0.894457
v -0.224593 0.519735 0.893560
v -0.228907 0.508211 0.898193
v -0.233495 0.504103 0.893499
v -0.223030 0.506634 0.894930
v -0.226676 0.503450 0.890748
v -0.228052 0.503610 0.884859
v -0.228487 0.507974 0.881705
v -0.227932 0.512032 0.881753
v -0.221003 0.510283 0.896122
v -0.220595 0.514967 0.895607
v -0.222370 0.518605 0.892708
v -0.215507 0.513607 0.891283
v -0.215445 0.508908 0.889195
v -0.218519 0.514293 0.870629
v -0.221381 0.510647 0.874830
v -0.218978 0.509882 0.875702
v -0.216277 0.513388 0.872097
v -0.222665 0.506214 0.879245
v -0.220217 0.506826 0.879249
v -0.217702 0.506591 0.883539
v -0.215603 0.511024 0.879094
v -0.213229 0.512867 0.882996
v -0.210372 0.516000 0.878754
v -0.212267 0.514080 0.874827
v -0.215069 0.509090 0.885260
v -0.213891 0.515660 0.870312
v -0.214216 0.517765 0.868843
v -0.219212 0.504278 0.885572
v -0.227410 0.508521 0.879808
v -0.223340 0.513176 0.874018
v -0.219715 0.517437 0.870274
v -0.214396 0.520775 0.869451
v -0.223791 0.517481 0.874592
v -0.219789 0.520557 0.871427
v -0.215145 0.522670 0.871232
v -0.222902 0.521656 0.877000
v -0.218602 0.523774 0.874012
v -0.227711 0.516770 0.883816
v -0.228741 0.512904 0.880715
v -0.216239 0.523858 0.873038
v -0.210031 0.518589 0.870897
v -0.210790 0.521818 0.871139
v -0.210610 0.517081 0.871855
v -0.212686 0.514295 0.884666
v -0.210218 0.518070 0.879498
v -0.212683 0.517220 0.885604
v -0.210110 0.520556 0.879614
v -0.208540 0.519768 0.875141
v -0.208938 0.518240 0.874706
v -0.226739 0.515538 0.884423
v -0.224389 0.518640 0.888916
v -0.225032 0.519544 0.888365
v -0.219642 0.523637 0.881208
v -0.221624 0.519410 0.891712
v -0.217460 0.517035 0.891827
v -0.213832 0.519933 0.886104
v -0.216180 0.522914 0.884366
v -0.210319 0.522535 0.880506
v -0.213159 0.524008 0.880797
v -0.216539 0.525236 0.877438
v -0.209233 0.523632 0.875893
v -0.208521 0.521518 0.875237
v -0.211927 0.523286 0.872278
v -0.211598 0.524790 0.877190
v -0.213917 0.524710 0.874283
v -0.235303 0.528398 0.898482
v -0.232466 0.531344 0.902774
v -0.235190 0.532757 0.902911
v -0.238126 0.529619 0.899230
v -0.241406 0.518448 0.903576
v -0.239677 0.520568 0.899422
v -0.244138 0.522489 0.900267
v -0.247175 0.521205 0.904587
v -0.239332 0.518019 0.908924
v -0.246980 0.521693 0.910759
v -0.251391 0.524959 0.904696
v -0.247430 0.525181 0.900166
v -0.254150 0.537792 0.897603
v -0.257431 0.538028 0.903185
v -0.237590 0.524471 0.897934
v -0.240847 0.526019 0.898620
v -0.234571 0.535345 0.910278
v -0.233969 0.535087 0.905354
v -0.233623 0.533489 0.908027
v -0.234266 0.532008 0.912315
v -0.245753 0.543082 0.894501
v -0.242834 0.546354 0.898597
v -0.249375 0.539694 0.894786
v -0.238927 0.533071 0.914880
v -0.245470 0.529779 0.915977
v -0.249053 0.544244 0.913066
v -0.243816 0.546517 0.911159
v -0.243371 0.527465 0.898033
v -0.235657 0.534000 0.900373
v -0.239111 0.530863 0.897389
v -0.250450 0.527155 0.910768
v -0.242048 0.524504 0.915589
v -0.219702 0.518636 0.910281
v -0.233591 0.525613 0.915169
v -0.231285 0.530200 0.912078
v -0.218183 0.522731 0.909374
v -0.236989 0.528369 0.915806
v -0.236908 0.521190 0.914214
v -0.222576 0.524332 0.896101
v -0.220067 0.526446 0.900613
v -0.225765 0.520877 0.895376
v -0.255958 0.540732 0.909659
v -0.240511 0.547917 0.905887
v -0.227852 0.514110 0.898627
v -0.227172 0.517736 0.896058
v -0.231214 0.531940 0.908033
v -0.218282 0.525907 0.906166
v -0.223327 0.514880 0.909366
v -0.227611 0.512882 0.904527
v -0.218676 0.513581 0.906337
v -0.223408 0.511387 0.901893
v -0.225445 0.513304 0.897111
v -0.225695 0.518099 0.895351
v -0.224505 0.521504 0.895116
v -0.215751 0.518537 0.907141
v -0.215148 0.522555 0.906766
v -0.218044 0.525861 0.905186
v -0.212720 0.519515 0.904751
v -0.213439 0.514814 0.901772
v -0.212705 0.521971 0.885055
v -0.216806 0.519326 0.889272
v -0.215900 0.518790 0.889870
v -0.211470 0.520828 0.885679
v -0.220350 0.514923 0.893882
v -0.218418 0.515439 0.893447
v -0.216296 0.514019 0.896565
v -0.211483 0.516841 0.892277
v -0.208589 0.519013 0.897346
v -0.205179 0.520978 0.892781
v -0.207484 0.519062 0.887895
v -0.213023 0.515371 0.899596
v -0.208573 0.521929 0.883903
v -0.209240 0.522733 0.882323
v -0.217907 0.512270 0.898236
v -0.223381 0.518791 0.893545
v -0.218522 0.521874 0.888683
v -0.214439 0.524518 0.884531
v -0.210376 0.526196 0.882962
v -0.218785 0.525609 0.889800
v -0.214675 0.527144 0.886254
v -0.210882 0.528433 0.884929
v -0.217579 0.528244 0.891652
v -0.213841 0.529147 0.888661
v -0.222671 0.525401 0.897094
v -0.224231 0.522578 0.894799
v -0.211032 0.529382 0.887132
v -0.204843 0.522854 0.884230
v -0.205092 0.526999 0.885191
v -0.205622 0.521698 0.885314
v -0.208181 0.519691 0.899007
v -0.203797 0.522616 0.893683
v -0.208046 0.522309 0.900210
v -0.203826 0.524934 0.894948
v -0.202504 0.523344 0.888972
v -0.203301 0.522411 0.888955
v -0.222345 0.524518 0.896519
v -0.220169 0.526388 0.900952
v -0.220635 0.527115 0.901256
v -0.214620 0.530262 0.895409
v -0.217751 0.526539 0.904785
v -0.212738 0.523551 0.904536
v -0.209146 0.525618 0.899976
v -0.211082 0.528946 0.898451
v -0.205369 0.527327 0.895260
v -0.207831 0.528944 0.895227
v -0.211253 0.530739 0.891878
v -0.204585 0.528041 0.890980
v -0.202657 0.525833 0.890001
v -0.206814 0.529126 0.886959
v -0.206596 0.529526 0.891737
v -0.208403 0.530153 0.888739
v -0.240755 0.547854 0.902335
v -0.229844 0.537078 0.907971
v -0.226737 0.538429 0.910757
v -0.227229 0.538904 0.911078
v -0.230566 0.538621 0.907946
v -0.239518 0.533648 0.913190
v -0.236744 0.533890 0.909212
v -0.239455 0.536960 0.909749
v -0.241958 0.537107 0.913777
v -0.238968 0.534686 0.918571
v -0.240255 0.537872 0.919299
v -0.242414 0.541116 0.913795
v -0.240339 0.540831 0.909540
v -0.243403 0.556661 0.908490
v -0.245048 0.559554 0.912865
v -0.226077 0.565920 0.914996
v -0.224766 0.565293 0.910067
v -0.224963 0.556593 0.912929
v -0.226171 0.558153 0.917199
v -0.233371 0.535388 0.907688
v -0.235083 0.537900 0.907334
v -0.225926 0.541774 0.920166
v -0.225162 0.541446 0.915244
v -0.225091 0.539556 0.914723
v -0.224579 0.539267 0.919541
v -0.226905 0.561849 0.906745
v -0.230974 0.559134 0.905751
v -0.230298 0.555362 0.906255
v -0.227095 0.554485 0.909182
v -0.236265 0.554095 0.906147
v -0.229456 0.541884 0.923052
v -0.235596 0.541801 0.923576
v -0.234405 0.561865 0.921945
v -0.229673 0.560783 0.920344
v -0.236201 0.539765 0.907837
v -0.227410 0.541194 0.910886
v -0.230677 0.539774 0.908633
v -0.241093 0.542095 0.919486
v -0.234269 0.538005 0.922898
v -0.223371 0.530762 0.921412
v -0.227147 0.536493 0.922767
v -0.224051 0.538346 0.919561
v -0.221241 0.533095 0.919876
v -0.228035 0.538437 0.922528
v -0.232525 0.534639 0.922328
v -0.225788 0.534184 0.907550
v -0.222521 0.535434 0.911989
v -0.228600 0.532301 0.906533
v -0.241985 0.562069 0.918106
v -0.233328 0.528004 0.910585
v -0.230785 0.529829 0.907388
v -0.224643 0.538633 0.914656
v -0.220698 0.535037 0.916421
v -0.227769 0.528177 0.920557
v -0.233242 0.527969 0.916504
v -0.224133 0.524846 0.918117
v -0.229763 0.524849 0.914514
v -0.229847 0.527065 0.908188
v -0.228354 0.530657 0.906745
v -0.226554 0.533346 0.906901
v -0.220303 0.528540 0.919718
v -0.219066 0.531099 0.919265
v -0.219807 0.533980 0.916458
v -0.217425 0.526673 0.917358
v -0.218934 0.524384 0.913227
v -0.214514 0.531486 0.902861
v -0.218717 0.530966 0.904096
v -0.218240 0.529889 0.904484
v -0.214399 0.530389 0.902782
v -0.223678 0.528546 0.905868
v -0.221694 0.528030 0.906045
v -0.222032 0.525535 0.908921
v -0.216846 0.526435 0.906728
v -0.213910 0.525704 0.911271
v -0.210281 0.526430 0.909105
v -0.213161 0.526676 0.905209
v -0.218416 0.524635 0.911526
v -0.211659 0.529675 0.902054
v -0.210697 0.530659 0.901495
v -0.224625 0.524336 0.909797
v -0.224418 0.532632 0.905906
v -0.218069 0.533671 0.903778
v -0.212982 0.533580 0.902248
v -0.209107 0.532401 0.902320
v -0.217921 0.535828 0.905153
v -0.212335 0.535556 0.903315
v -0.208743 0.534286 0.903600
v -0.216739 0.537420 0.907929
v -0.211812 0.536582 0.905609
v -0.221866 0.536965 0.910307
v -0.223317 0.535596 0.907329
v -0.209144 0.535139 0.905077
v -0.208239 0.528185 0.903547
v -0.207040 0.530867 0.904572
v -0.209586 0.527024 0.903924
v -0.213304 0.525949 0.912644
v -0.208899 0.527032 0.910103
v -0.212490 0.527395 0.914379
v -0.208114 0.528852 0.911103
v -0.207150 0.527666 0.907017
v -0.208866 0.526631 0.906674
v -0.223550 0.535228 0.908957
v -0.221589 0.535313 0.911958
v -0.219644 0.536025 0.913841
v -0.214773 0.536733 0.911839
v -0.217965 0.533360 0.917691
v -0.217021 0.529644 0.918646
v -0.212039 0.530077 0.915282
v -0.212451 0.533521 0.914825
v -0.207906 0.531064 0.911222
v -0.208863 0.533985 0.911118
v -0.210371 0.536300 0.908887
v -0.206656 0.531808 0.907639
v -0.206304 0.529947 0.907293
v -0.207022 0.532778 0.905510
v -0.207362 0.533559 0.908087
v -0.208024 0.534460 0.906738
v -0.229184 0.565517 0.917760
v -0.245014 0.528034 0.820836
v -0.244211 0.528059 0.826445
v -0.228024 0.526319 0.828165
v -0.234350 0.525939 0.831351
v -0.225064 0.526350 0.821951
v -0.229799 0.527720 0.812087
v -0.226051 0.527953 0.816375
v -0.240238 0.526716 0.830589
v -0.242864 0.528514 0.815056
v -0.236704 0.528660 0.810855
v -0.245160 0.519490 0.815023
v -0.238091 0.519345 0.810508
v -0.231055 0.518442 0.811075
v -0.226298 0.520639 0.816697
v -0.224807 0.521051 0.821645
v -0.245551 0.521730 0.822459
v -0.243984 0.522490 0.827689
v -0.238603 0.522675 0.831555
v -0.245194 0.514834 0.826638
v -0.241854 0.505696 0.824754
v -0.225340 0.494876 0.825455
v -0.225819 0.501296 0.822847
v -0.228397 0.500156 0.822580
v -0.227691 0.494232 0.824502
v -0.228795 0.505129 0.819629
v -0.230359 0.503756 0.820797
v -0.235578 0.504711 0.821325
v -0.234664 0.499259 0.823494
v -0.239397 0.504141 0.824785
v -0.239122 0.500698 0.827508
v -0.234045 0.493929 0.825566
v -0.229200 0.490567 0.825472
v -0.233316 0.489556 0.827478
v -0.227008 0.490236 0.827752
v -0.237147 0.504728 0.818362
v -0.225354 0.511100 0.819196
v -0.223486 0.503818 0.824033
v -0.223345 0.496760 0.827981
v -0.225849 0.491556 0.830510
v -0.222552 0.506199 0.827610
v -0.223568 0.499742 0.831167
v -0.226460 0.495322 0.833662
v -0.224416 0.508124 0.831742
v -0.225805 0.501674 0.833898
v -0.226294 0.519351 0.828137
v -0.223738 0.516307 0.823009
v -0.227430 0.497833 0.834604
v -0.232498 0.488147 0.829864
v -0.231340 0.489784 0.832911
v -0.241256 0.502456 0.829547
v -0.238924 0.495511 0.829216
v -0.239681 0.496719 0.831854
v -0.241881 0.505465 0.832145
v -0.239469 0.498140 0.834323
v -0.237344 0.491417 0.831990
v -0.237109 0.491703 0.829170
v -0.226759 0.522417 0.827450
v -0.232296 0.523206 0.830949
v -0.231937 0.520567 0.831511
v -0.229977 0.509870 0.835157
v -0.237814 0.519447 0.833051
v -0.242954 0.517164 0.830601
v -0.240262 0.507506 0.834845
v -0.236070 0.509435 0.836194
v -0.237181 0.500168 0.836258
v -0.234536 0.501673 0.836694
v -0.229651 0.502070 0.836161
v -0.234496 0.495579 0.836069
v -0.236566 0.493040 0.834649
v -0.230559 0.493760 0.835202
v -0.233202 0.498010 0.836303
v -0.230183 0.497329 0.835764
v -0.224172 0.570119 0.907496
v -0.226329 0.565842 0.903042
v -0.223512 0.570613 0.900623
v -0.218833 0.576222 0.895226
v -0.214684 0.585848 0.894464
v -0.222400 0.573182 0.889996
v -0.226988 0.567422 0.895928
v -0.231517 0.560863 0.899653
v -0.223194 0.576387 0.880307
f 2 3 1
f 1 3 4
f 5 6 8
f 8 6 7
f 9 4 10
f 10 4 3
f 12 13 11
f 11 13 9
f 14 12 16
f 16 12 15
f 18 19 17
f 17 19 20
f 22 23 21
f 21 23 24
f 26 27 25
f 25 27 28
f 30 31 29
f 29 31 32
f 33 34 36
f 36 34 35
f 37 38 40
f 40 38 39
f 41 42 6
f 6 42 43
f 6 43 7
f 7 43 44
f 45 34 46
f 46 34 33
f 48 49 47
f 47 49 50
f 52 53 51
f 51 53 54
f 56 52 55
f 55 52 51
f 58 59 57
f 57 59 60
f 61 62 4
f 4 62 1
f 64 65 63
f 63 65 66
f 68 69 67
f 67 69 70
f 72 73 71
f 71 73 74
f 76 77 75
f 75 77 78
f 53 79 54
f 54 79 80
f 82 83 81
f 81 83 84
f 85 86 52
f 52 86 53
f 57 60 87
f 87 60 88
f 89 90 43
f 43 90 44
f 43 42 89
f 89 42 91
f 40 39 92
f 92 39 93
f 94 70 64
f 64 70 69
f 13 61 9
f 9 61 4
f 25 28 69
f 69 28 95
f 96 25 68
f 68 25 69
f 98 99 97
f 97 99 100
f 101 102 104
f 104 102 103
f 106 30 105
f 105 30 29
f 51 54 107
f 107 54 108
f 54 80 108
f 108 80 109
f 111 112 110
f 110 112 113
f 115 5 114
f 114 5 116
f 115 41 5
f 5 41 6
f 36 35 111
f 111 35 117
f 35 118 117
f 117 118 119
f 34 120 35
f 35 120 118
f 34 45 120
f 120 45 121
f 125 126 124
f 124 126 127
f 128 129 14
f 14 129 130
f 33 131 46
f 46 131 132
f 133 94 63
f 63 94 64
f 134 135 137
f 137 135 136
f 139 140 138
f 138 140 141
f 77 142 78
f 78 142 143
f 144 145 20
f 20 145 146
f 148 149 147
f 147 149 72
f 151 152 150
f 150 152 153
f 82 101 83
f 83 101 104
f 101 82 155
f 155 82 154
f 156 157 58
f 58 157 59
f 158 68 147
f 147 68 67
f 159 146 15
f 15 146 16
f 68 158 96
f 96 158 160
f 129 66 130
f 130 66 65
f 162 163 161
f 161 163 164
f 166 167 165
f 165 167 168
f 170 171 169
f 169 171 172
f 174 171 173
f 173 171 170
f 176 177 175
f 175 177 178
f 180 181 179
f 179 181 24
f 182 183 21
f 21 183 184
f 81 185 82
f 82 185 154
f 186 187 188
f 188 187 144
f 158 71 160
f 160 71 189
f 190 135 157
f 157 135 59
f 169 172 139
f 139 172 140
f 147 72 158
f 158 72 71
f 192 193 191
f 191 193 194
f 167 166 49
f 49 166 195
f 196 190 50
f 50 190 157
f 197 198 200
f 200 198 199
f 21 24 182
f 182 24 181
f 146 159 20
f 20 159 17
f 182 181 81
f 81 181 185
f 201 185 180
f 180 185 181
f 202 203 83
f 83 203 84
f 205 206 204
f 204 206 85
f 207 22 184
f 184 22 21
f 179 24 208
f 208 24 23
f 208 209 179
f 179 209 205
f 209 210 205
f 205 210 206
f 212 206 211
f 211 206 210
f 179 205 180
f 180 205 204
f 213 176 88
f 88 176 214
f 86 85 212
f 212 85 206
f 193 217 218
f 217 219 218
f 218 219 220
f 219 18 220
f 220 18 17
f 19 221 20
f 20 221 144
f 222 223 225
f 225 223 224
f 175 226 176
f 176 226 214
f 227 87 214
f 214 87 88
f 220 17 228
f 228 17 159
f 134 213 60
f 60 213 88
f 138 229 151
f 151 229 152
f 193 192 210
f 210 192 211
f 230 194 218
f 218 194 193
f 231 232 228
f 228 232 230
f 233 234 91
f 91 234 89
f 235 236 93
f 93 236 92
f 230 232 234
f 234 232 237
f 47 238 48
f 48 238 239
f 240 191 235
f 235 191 236
f 5 8 116
f 116 8 241
f 242 243 189
f 189 243 160
f 244 245 98
f 98 245 99
f 156 246 47
f 47 246 238
f 76 247 77
f 77 247 248
f 250 125 249
f 249 125 124
f 252 253 251
f 251 253 254
f 111 110 36
f 36 110 255
f 256 33 255
f 255 33 36
f 257 258 154
f 154 258 155
f 63 169 133
f 133 169 139
f 66 170 63
f 63 170 169
f 173 170 129
f 129 170 66
f 129 128 173
f 173 128 259
f 128 260 259
f 259 260 261
f 213 134 262
f 262 134 137
f 263 264 186
f 186 264 187
f 112 265 113
f 113 265 266
f 11 267 268
f 234 233 230
f 230 233 194
f 153 269 70
f 70 269 67
f 175 178 165
f 165 178 141
f 150 153 94
f 94 153 70
f 271 221 270
f 270 221 207
f 269 153 272
f 272 153 152
f 121 45 109
f 109 45 108
f 47 50 156
f 156 50 157
f 57 273 58
f 58 273 274
f 145 275 260
f 260 275 261
f 276 149 143
f 143 149 78
f 148 269 75
f 75 269 272
f 207 277 270
f 270 277 278
f 195 196 49
f 49 196 50
f 59 135 60
f 60 135 134
f 83 104 202
f 202 104 279
f 149 148 78
f 78 148 75
f 247 278 248
f 248 278 277
f 183 182 84
f 84 182 81
f 48 239 281
f 281 239 282
f 227 223 283
f 283 223 222
f 223 226 224
f 224 226 168
f 281 282 224
f 224 282 225
f 165 168 175
f 175 168 226
f 264 263 138
f 138 263 229
f 14 16 128
f 128 16 260
f 220 228 218
f 218 228 230
f 87 227 284
f 284 227 283
f 260 16 145
f 145 16 146
f 244 98 258
f 258 98 155
f 58 274 156
f 156 274 246
f 107 285 51
f 51 285 55
f 243 286 160
f 160 286 96
f 234 237 89
f 89 237 90
f 46 132 107
f 107 132 285
f 253 252 249
f 249 252 250
f 286 26 96
f 96 26 25
f 106 105 287
f 287 105 288
f 272 152 289
f 289 152 229
f 138 151 139
f 139 151 133
f 183 290 161
f 161 290 162
f 291 292 277
f 277 292 293
f 151 150 133
f 133 150 94
f 262 275 177
f 177 275 187
f 144 187 145
f 145 187 275
f 273 57 284
f 284 57 87
f 174 136 190
f 190 136 135
f 111 117 112
f 112 117 38
f 117 119 38
f 38 119 123
f 112 38 265
f 265 38 37
f 287 288 254
f 254 288 251
f 228 159 231
f 231 159 15
f 223 227 226
f 226 227 214
f 147 67 148
f 148 67 269
f 224 168 281
f 281 168 167
f 199 163 200
f 200 163 162
f 45 46 108
f 108 46 107
f 281 167 48
f 48 167 49
f 161 164 291
f 291 164 292
f 38 123 39
f 293 294 277
f 277 294 248
f 284 283 296
f 296 283 295
f 284 296 273
f 273 296 297
f 274 273 298
f 298 273 297
f 246 274 299
f 299 274 298
f 283 222 295
f 295 222 300
f 222 225 300
f 300 225 301
f 301 225 302
f 302 225 282
f 303 304 300
f 300 304 295
f 306 307 305
f 305 307 308
f 309 310 308
f 308 310 305
f 308 307 312
f 312 307 311
f 313 314 312
f 312 314 315
f 311 316 312
f 312 316 313
f 317 304 311
f 311 304 316
f 315 309 312
f 312 309 308
f 318 319 321
f 321 319 320
f 319 318 309
f 309 318 310
f 311 307 317
f 317 307 306
f 306 297 317
f 317 297 296
f 306 322 297
f 297 322 298
f 305 323 306
f 306 323 322
f 323 305 324
f 324 305 310
f 304 317 295
f 295 317 296
f 318 325 310
f 310 325 324
f 323 324 326
f 326 324 327
f 324 325 327
f 327 325 328
f 326 327 329
f 329 327 330
f 329 331 326
f 326 331 332
f 333 330 328
f 328 330 327
f 323 326 322
f 322 326 332
f 322 332 298
f 298 332 299
f 325 318 334
f 334 318 321
f 313 316 335
f 335 316 304
f 335 336 313
f 313 336 314
f 304 303 335
f 335 303 337
f 336 335 338
f 338 335 337
f 336 339 314
f 314 339 340
f 246 299 238
f 238 299 341
f 239 342 282
f 282 342 302
f 342 239 341
f 341 239 238
f 341 331 342
f 342 331 343
f 331 329 343
f 343 329 344
f 342 343 302
f 302 343 345
f 341 299 331
f 331 299 332
f 346 301 345
f 345 301 302
f 346 303 301
f 301 303 300
f 347 337 346
f 346 337 303
f 347 346 348
f 348 346 345
f 349 347 350
f 350 347 348
f 343 344 345
f 345 344 348
f 344 351 348
f 348 351 350
f 337 347 338
f 338 347 349
f 353 338 352
f 352 338 349
f 352 355 354
f 354 355 356
f 352 349 355
f 355 349 350
f 352 354 353
f 353 354 334
f 353 334 339
f 339 334 321
f 339 336 353
f 353 336 338
f 329 330 344
f 344 330 351
f 356 351 333
f 333 351 330
f 356 355 351
f 351 355 350
f 354 356 328
f 328 356 333
f 328 325 354
f 354 325 334
f 309 315 319
f 319 315 320
f 320 340 321
f 321 340 339
f 320 315 340
f 340 315 314
f 137 136 261
f 261 136 259
f 140 166 141
f 141 166 165
f 172 171 195
f 195 171 196
f 171 174 196
f 196 174 190
f 178 177 264
f 264 177 187
f 172 195 140
f 140 195 166
f 137 261 262
f 262 261 275
f 178 264 141
f 141 264 138
f 262 177 213
f 213 177 176
f 136 174 259
f 259 174 173
f 358 359 357
f 357 359 360
f 362 363 361
f 361 363 364
f 361 364 365
f 365 364 366
f 367 368 370
f 370 368 369
f 76 371 247
f 247 371 372
f 373 374 362
f 362 374 363
f 376 377 375
f 375 377 378
f 289 229 380
f 380 229 379
f 381 379 263
f 263 379 229
f 383 384 382
f 382 384 385
f 386 368 374
f 374 368 363
f 76 289 371
f 371 289 380
f 377 376 359
f 359 376 387
f 388 386 360
f 360 386 374
f 389 383 366
f 366 383 390
f 392 393 391
f 391 393 394
f 383 382 390
f 390 382 395
f 396 365 390
f 390 365 366
f 389 366 367
f 367 366 364
f 357 397 358
f 358 397 398
f 373 399 357
f 357 399 397
f 389 367 400
f 400 367 370
f 382 385 375
f 375 385 372
f 357 360 373
f 373 360 374
f 361 401 362
f 362 401 402
f 387 388 359
f 359 388 360
f 363 368 364
f 364 368 367
f 358 398 403
f 403 398 404
f 396 392 405
f 405 392 391
f 392 395 393
f 393 395 378
f 393 403 394
f 394 403 404
f 375 378 382
f 382 378 395
f 365 396 406
f 406 396 405
f 362 402 373
f 373 402 399
f 271 270 400
f 400 270 384
f 401 361 406
f 406 361 365
f 381 369 386
f 386 369 368
f 392 396 395
f 395 396 390
f 393 378 403
f 403 378 377
f 403 377 358
f 358 377 359
f 406 405 408
f 408 405 407
f 406 408 401
f 401 408 409
f 401 409 402
f 402 409 410
f 402 410 399
f 399 410 411
f 405 391 407
f 407 391 412
f 391 394 412
f 412 394 413
f 394 404 413
f 413 404 414
f 415 416 412
f 412 416 407
f 418 419 417
f 417 419 420
f 421 422 418
f 418 422 419
f 419 422 424
f 424 422 423
f 425 426 424
f 424 426 427
f 423 428 424
f 424 428 425
f 427 420 424
f 424 420 419
f 420 429 417
f 417 429 430
f 423 422 431
f 431 422 421
f 421 409 431
f 431 409 408
f 421 432 409
f 409 432 410
f 418 433 421
f 421 433 432
f 434 433 417
f 417 433 418
f 431 416 423
f 423 416 428
f 416 431 407
f 407 431 408
f 435 434 430
f 430 434 417
f 433 434 436
f 436 434 437
f 434 435 437
f 437 435 438
f 436 437 439
f 439 437 440
f 439 441 436
f 436 441 442
f 438 443 437
f 437 443 440
f 436 442 433
f 433 442 432
f 432 442 410
f 410 442 411
f 435 430 445
f 445 430 444
f 430 429 444
f 444 429 446
f 425 428 447
f 447 428 416
f 426 425 448
f 448 425 447
f 416 415 447
f 447 415 449
f 447 449 448
f 448 449 450
f 451 452 448
f 448 452 426
f 446 452 444
f 444 452 451
f 399 411 397
f 397 411 453
f 398 454 404
f 404 454 414
f 454 398 453
f 453 398 397
f 453 441 454
f 454 441 455
f 441 439 455
f 455 439 456
f 454 455 414
f 414 455 457
f 441 453 442
f 442 453 411
f 458 413 457
f 457 413 414
f 458 415 413
f 413 415 412
f 458 459 415
f 415 459 449
f 459 458 460
f 460 458 457
f 461 459 462
f 462 459 460
f 455 456 457
f 457 456 460
f 456 463 460
f 460 463 462
f 459 461 449
f 449 461 450
f 465 450 464
f 464 450 461
f 464 467 466
f 466 467 468
f 464 461 467
f 467 461 462
f 464 466 465
f 465 466 445
f 465 445 451
f 451 445 444
f 451 448 465
f 465 448 450
f 439 440 456
f 456 440 463
f 468 463 443
f 443 463 440
f 468 467 463
f 463 467 462
f 466 468 438
f 438 468 443
f 438 435 466
f 466 435 445
f 420 427 429
f 429 427 446
f 446 427 452
f 452 427 426
f 370 369 188
f 188 369 186
f 371 376 372
f 372 376 375
f 380 379 387
f 387 379 388
f 379 381 388
f 388 381 386
f 385 384 278
f 278 384 270
f 380 387 371
f 371 387 376
f 400 370 271
f 271 370 188
f 385 278 372
f 372 278 247
f 400 384 389
f 389 384 383
f 369 381 186
f 186 381 263
f 221 271 144
f 144 271 188
f 221 19 207
f 207 19 22
f 19 18 22
f 22 18 23
f 18 219 23
f 23 219 208
f 469 470 472
f 472 470 471
f 474 475 473
f 473 475 476
f 473 476 477
f 477 476 478
f 480 481 479
f 479 481 482
f 483 484 474
f 474 484 475
f 486 487 485
f 485 487 488
f 489 490 77
f 77 490 142
f 491 489 248
f 248 489 77
f 493 494 492
f 492 494 495
f 496 480 484
f 484 480 475
f 486 497 487
f 487 497 471
f 498 496 472
f 472 496 484
f 499 493 478
f 478 493 500
f 501 502 504
f 504 502 503
f 493 492 500
f 500 492 505
f 506 477 500
f 500 477 478
f 499 478 479
f 479 478 476
f 469 507 470
f 470 507 508
f 483 509 469
f 469 509 507
f 479 482 499
f 499 482 510
f 492 495 485
f 485 495 511
f 483 469 484
f 484 469 472
f 473 512 474
f 474 512 513
f 497 498 471
f 471 498 472
f 475 480 476
f 476 480 479
f 470 508 514
f 514 508 515
f 506 502 516
f 516 502 501
f 503 502 488
f 488 502 505
f 514 515 503
f 503 515 504
f 485 488 492
f 492 488 505
f 477 506 517
f 517 506 516
f 474 513 483
f 483 513 509
f 510 292 494
f 494 292 164
f 512 473 517
f 517 473 477
f 491 481 496
f 496 481 480
f 502 506 505
f 505 506 500
f 503 488 514
f 514 488 487
f 514 487 470
f 470 487 471
f 517 516 519
f 519 516 518
f 517 519 512
f 512 519 520
f 512 520 513
f 513 520 521
f 513 521 509
f 509 521 522
f 516 501 518
f 518 501 523
f 501 504 523
f 523 504 524
f 524 504 525
f 525 504 515
f 526 527 523
f 523 527 518
f 529 530 528
f 528 530 531
f 532 533 529
f 529 533 530
f 530 533 535
f 535 533 534
f 536 537 535
f 535 537 538
f 534 539 535
f 535 539 536
f 538 531 535
f 535 531 530
f 540 541 531
f 531 541 528
f 533 532 534
f 534 532 542
f 532 520 542
f 542 520 519
f 532 543 520
f 520 543 521
f 529 544 532
f 532 544 543
f 544 529 545
f 545 529 528
f 534 542 539
f 539 542 527
f 527 542 518
f 518 542 519
f 541 546 528
f 528 546 545
f 547 544 548
f 548 544 545
f 546 549 545
f 545 549 548
f 550 547 551
f 551 547 548
f 547 550 553
f 553 550 552
f 549 554 548
f 548 554 551
f 544 547 543
f 543 547 553
f 543 553 521
f 521 553 522
f 546 541 556
f 556 541 555
f 541 540 555
f 555 540 557
f 536 539 558
f 558 539 527
f 537 536 559
f 559 536 558
f 527 526 558
f 558 526 560
f 559 558 561
f 561 558 560
f 559 562 537
f 537 562 563
f 557 563 555
f 555 563 562
f 509 522 507
f 507 522 564
f 508 565 515
f 515 565 525
f 565 508 564
f 564 508 507
f 564 552 565
f 565 552 566
f 552 550 566
f 566 550 567
f 565 566 525
f 525 566 568
f 564 522 552
f 552 522 553
f 569 524 568
f 568 524 525
f 569 526 524
f 524 526 523
f 570 560 569
f 569 560 526
f 570 569 571
f 571 569 568
f 572 570 573
f 573 570 571
f 566 567 568
f 568 567 571
f 567 574 571
f 571 574 573
f 570 572 560
f 560 572 561
f 576 561 575
f 575 561 572
f 575 578 577
f 577 578 579
f 575 572 578
f 578 572 573
f 575 577 576
f 576 577 556
f 576 556 562
f 562 556 555
f 562 559 576
f 576 559 561
f 550 551 567
f 567 551 574
f 579 574 554
f 554 574 551
f 579 578 574
f 574 578 573
f 579 554 577
f 577 554 549
f 549 546 577
f 577 546 556
f 531 538 540
f 540 538 557
f 557 538 563
f 563 538 537
f 481 294 482
f 482 294 293
f 580 486 511
f 511 486 485
f 490 489 497
f 497 489 498
f 489 491 498
f 498 491 496
f 163 495 164
f 164 495 494
f 580 490 486
f 486 490 497
f 482 293 510
f 510 293 292
f 495 163 511
f 511 163 199
f 494 493 510
f 510 493 499
f 481 491 294
f 294 491 248
f 582 583 581
f 581 583 584
f 586 587 585
f 585 587 588
f 585 588 589
f 589 588 590
f 592 593 591
f 591 593 594
f 595 596 598
f 598 596 597
f 599 600 586
f 586 600 587
f 601 602 604
f 604 602 603
f 605 606 608
f 608 606 607
f 609 607 200
f 200 607 606
f 610 611 613
f 613 611 612
f 600 614 587
f 587 614 592
f 596 605 597
f 597 605 608
f 602 615 603
f 603 615 583
f 616 614 584
f 584 614 600
f 611 618 617
f 617 618 590
f 620 621 619
f 619 621 622
f 610 623 611
f 611 623 618
f 624 589 618
f 618 589 590
f 617 590 591
f 591 590 588
f 581 625 582
f 582 625 626
f 599 627 581
f 581 627 625
f 591 594 617
f 617 594 628
f 601 610 598
f 598 610 613
f 581 584 599
f 599 584 600
f 585 629 586
f 586 629 630
f 615 616 583
f 583 616 584
f 587 592 588
f 588 592 591
f 582 626 631
f 631 626 632
f 624 620 633
f 633 620 619
f 621 620 604
f 604 620 623
f 631 632 621
f 621 632 622
f 610 601 623
f 623 601 604
f 589 624 634
f 634 624 633
f 586 630 599
f 599 630 627
f 203 202 628
f 628 202 612
f 629 585 634
f 634 585 589
f 609 593 614
f 614 593 592
f 620 624 623
f 623 624 618
f 631 621 603
f 603 621 604
f 582 631 583
f 583 631 603
f 634 633 636
f 636 633 635
f 634 636 629
f 629 636 637
f 629 637 630
f 630 637 638
f 630 638 627
f 627 638 639
f 633 619 635
f 635 619 640
f 619 622 640
f 640 622 641
f 641 622 642
f 642 622 632
f 644 635 643
f 643 635 640
f 645 646 648
f 648 646 647
f 649 650 646
f 646 650 647
f 647 650 652
f 652 650 651
f 652 653 655
f 655 653 654
f 651 656 652
f 652 656 653
f 655 648 652
f 652 648 647
f 648 657 645
f 645 657 658
f 650 649 651
f 651 649 659
f 649 637 659
f 659 637 636
f 649 660 637
f 637 660 638
f 661 660 646
f 646 660 649
f 662 661 645
f 645 661 646
f 651 659 656
f 656 659 644
f 644 659 635
f 635 659 636
f 663 662 658
f 658 662 645
f 664 661 665
f 665 661 662
f 663 666 662
f 662 666 665
f 667 664 668
f 668 664 665
f 664 667 670
f 670 667 669
f 666 671 665
f 665 671 668
f 661 664 660
f 660 664 670
f 660 670 638
f 638 670 639
f 658 672 663
f 663 672 673
f 658 657 672
f 672 657 674
f 653 656 675
f 675 656 644
f 653 675 654
f 654 675 676
f 675 644 677
f 677 644 643
f 676 675 678
f 678 675 677
f 679 680 676
f 676 680 654
f 674 680 672
f 672 680 679
f 627 639 625
f 625 639 681
f 626 682 632
f 632 682 642
f 681 682 625
f 625 682 626
f 669 683 681
f 681 683 682
f 667 684 669
f 669 684 683
f 682 683 642
f 642 683 685
f 681 639 669
f 669 639 670
f 686 641 685
f 685 641 642
f 641 686 640
f 640 686 643
f 686 687 643
f 643 687 677
f 687 686 688
f 688 686 685
f 689 687 690
f 690 687 688
f 683 684 685
f 685 684 688
f 684 691 688
f 688 691 690
f 687 689 677
f 677 689 678
f 693 678 692
f 692 678 689
f 692 695 694
f 694 695 696
f 692 689 695
f 695 689 690
f 692 694 693
f 693 694 673
f 693 673 679
f 679 673 672
f 679 676 693
f 693 676 678
f 684 667 691
f 691 667 668
f 696 691 671
f 671 691 668
f 696 695 691
f 691 695 690
f 694 696 666
f 666 696 671
f 666 663 694
f 694 663 673
f 648 655 657
f 657 655 674
f 674 655 680
f 680 655 654
f 593 162 594
f 594 162 290
f 598 597 601
f 601 597 602
f 615 608 616
f 616 608 607
f 607 609 616
f 616 609 614
f 697 595 613
f 613 595 598
f 597 608 602
f 602 608 615
f 594 290 628
f 628 290 203
f 628 612 617
f 617 612 611
f 593 609 162
f 162 609 200
f 105 29 698
f 698 29 699
f 268 126 701
f 701 126 700
f 126 125 700
f 700 125 702
f 252 703 250
f 250 703 704
f 32 268 705
f 705 268 701
f 288 105 706
f 706 105 698
f 29 32 699
f 699 32 705
f 707 251 706
f 706 251 288
f 250 704 125
f 125 704 702
f 703 252 707
f 707 252 251
f 706 708 707
f 707 708 709
f 707 709 703
f 703 709 710
f 703 710 704
f 704 710 711
f 704 711 702
f 702 711 712
f 706 698 708
f 708 698 713
f 698 699 713
f 713 699 714
f 699 705 714
f 714 705 715
f 717 708 716
f 716 708 713
f 719 720 718
f 718 720 721
f 722 723 719
f 719 723 720
f 724 725 723
f 723 725 720
f 724 726 725
f 725 726 727
f 728 721 725
f 725 721 720
f 721 728 729
f 729 728 730
f 729 731 721
f 721 731 718
f 724 723 732
f 732 723 722
f 722 710 732
f 732 710 709
f 722 733 710
f 710 733 711
f 719 734 722
f 722 734 733
f 734 719 735
f 735 719 718
f 724 732 726
f 726 732 717
f 717 732 708
f 708 732 709
f 731 736 718
f 718 736 735
f 737 734 738
f 738 734 735
f 736 739 735
f 735 739 738
f 740 737 741
f 741 737 738
f 737 740 743
f 743 740 742
f 739 744 738
f 738 744 741
f 734 737 733
f 733 737 743
f 733 743 711
f 711 743 712
f 736 731 746
f 746 731 745
f 731 729 745
f 745 729 730
f 727 726 747
f 747 726 717
f 748 727 749
f 749 727 747
f 747 717 750
f 750 717 716
f 749 747 751
f 751 747 750
f 749 752 748
f 748 752 753
f 730 753 745
f 745 753 752
f 728 725 748
f 748 725 727
f 730 728 753
f 753 728 748
f 700 702 754
f 754 702 712
f 705 701 715
f 715 701 755
f 754 755 700
f 700 755 701
f 742 756 754
f 754 756 755
f 740 757 742
f 742 757 756
f 755 756 715
f 715 756 758
f 754 712 742
f 742 712 743
f 759 714 758
f 758 714 715
f 714 759 713
f 713 759 716
f 759 760 716
f 716 760 750
f 760 759 761
f 761 759 758
f 762 760 763
f 763 760 761
f 756 757 758
f 758 757 761
f 757 764 761
f 761 764 763
f 760 762 750
f 750 762 751
f 766 751 765
f 765 751 762
f 767 765 769
f 769 765 768
f 765 762 768
f 768 762 763
f 765 767 766
f 766 767 746
f 766 746 752
f 752 746 745
f 752 749 766
f 766 749 751
f 757 740 764
f 764 740 741
f 769 764 744
f 744 764 741
f 769 768 764
f 764 768 763
f 767 769 739
f 739 769 744
f 739 736 767
f 767 736 746
f 219 217 208
f 208 217 209
f 209 217 210
f 210 217 193
f 198 580 199
f 199 580 511
f 76 75 289
f 289 75 272
f 277 207 291
f 291 207 184
f 290 183 203
f 203 183 84
f 490 580 142
f 142 580 198
f 142 198 143
f 143 198 197
f 149 276 72
f 72 276 73
f 104 103 279
f 279 103 770
f 770 596 279
f 279 596 595
f 605 596 771
f 771 596 770
f 771 770 772
f 772 770 103
f 772 103 773
f 773 103 102
f 155 774 101
f 101 774 102
f 773 102 97
f 97 102 774
f 775 773 100
f 100 773 97
f 773 775 772
f 772 775 776
f 772 776 771
f 771 776 777
f 200 606 197
f 197 606 777
f 189 71 778
f 778 71 74
f 97 774 98
f 98 774 155
f 183 161 184
f 184 161 291
f 777 276 197
f 197 276 143
f 777 606 771
f 771 606 605
f 613 612 697
f 697 612 202
f 595 697 279
f 279 697 202
f 73 276 776
f 776 276 777
f 776 775 73
f 73 775 74
f 100 778 775
f 775 778 74
f 778 100 189
f 189 100 99
f 245 242 99
f 99 242 189
f 131 33 256
f 28 1 95
f 95 1 62
f 27 2 28
f 28 2 1
f 265 115 266
f 266 115 114
f 95 62 69
f 69 62 64
f 62 61 64
f 64 61 65
f 61 13 65
f 65 13 130
f 13 12 130
f 130 12 14
f 31 11 32
f 32 11 268
f 15 12 31
f 31 12 11
f 31 30 15
f 15 30 231
f 30 106 231
f 231 106 232
f 287 237 106
f 106 237 232
f 254 90 287
f 287 90 237
f 253 44 254
f 254 44 90
f 253 249 44
f 44 249 7
f 267 127 268
f 268 127 126
f 10 3 241
f 241 3 116
f 3 2 116
f 116 2 114
f 2 27 114
f 114 27 266
f 27 26 266
f 266 26 113
f 26 286 113
f 113 286 110
f 286 243 110
f 110 243 255
f 243 242 255
f 255 242 256
f 242 245 256
f 256 245 131
f 245 244 131
f 131 244 132
f 265 37 115
f 115 37 41
f 41 37 42
f 42 37 40
f 92 91 40
f 40 91 42
f 236 233 92
f 92 233 91
f 191 194 236
f 236 194 233
f 258 285 244
f 244 285 132
f 257 55 258
f 258 55 285
f 257 154 201
f 201 154 185
f 56 201 204
f 204 201 180
f 55 257 56
f 56 257 201
f 204 85 56
f 56 85 52
f 86 122 53
f 53 122 79
f 212 215 86
f 86 215 122
f 211 216 212
f 212 216 215
f 192 280 211
f 211 280 216
f 191 240 192
f 192 240 280
f 249 124 7
f 7 124 8
f 124 127 8
f 8 127 241
f 127 267 241
f 241 267 10
f 10 267 9
f 9 267 11
o hand_right
v 0.119415 0.410005 0.889912
v 0.121862 0.420224 0.889271
v 0.111305 0.418329 0.886058
v 0.110144 0.407500 0.886067
v 0.115598 0.441030 0.883263
v 0.116780 0.447650 0.872917
v 0.102808 0.440841 0.871314
v 0.103612 0.437034 0.880915
v 0.103496 0.404723 0.881518
v 0.103394 0.416503 0.883458
v 0.102259 0.403846 0.875892
v 0.108230 0.390256 0.872900
v 0.106306 0.393479 0.879182
v 0.110393 0.381071 0.873998
v 0.117718 0.391145 0.866670
v 0.119267 0.376837 0.873182
v 0.145699 0.389478 0.881047
v 0.154100 0.392176 0.891483
v 0.147351 0.377514 0.897204
v 0.138813 0.376743 0.886411
v 0.157273 0.388616 0.911910
v 0.151634 0.381664 0.904147
v 0.159329 0.395666 0.897947
v 0.163882 0.401240 0.905266
v 0.132915 0.415724 0.898706
v 0.136778 0.425296 0.897643
v 0.132403 0.422693 0.893983
v 0.128858 0.413975 0.894908
v 0.096243 0.411354 0.865833
v 0.108794 0.408064 0.861524
v 0.105893 0.403386 0.867790
v 0.094739 0.411470 0.871268
v 0.146850 0.452521 0.902460
v 0.155461 0.460081 0.895294
v 0.152894 0.459170 0.890092
v 0.145959 0.451989 0.897726
v 0.136845 0.454644 0.875698
v 0.145978 0.457636 0.873579
v 0.150160 0.457546 0.860381
v 0.142319 0.451997 0.860414
v 0.126384 0.451219 0.875031
v 0.130666 0.450049 0.861834
v 0.119827 0.446134 0.861646
v 0.104136 0.439795 0.861964
v 0.163458 0.460376 0.905344
v 0.157964 0.455275 0.912199
v 0.084000 0.351982 0.903076
v 0.086262 0.354191 0.908116
v 0.088539 0.356274 0.905588
v 0.086173 0.353658 0.900944
v 0.177512 0.447526 0.912052
v 0.184134 0.441448 0.907427
v 0.186466 0.448282 0.906474
v 0.179534 0.454130 0.909035
v 0.174665 0.438807 0.915966
v 0.180131 0.432229 0.908578
v 0.087450 0.339707 0.901900
v 0.084260 0.343464 0.900304
v 0.088143 0.344106 0.897169
v 0.092117 0.340653 0.898789
v 0.109193 0.397481 0.885395
v 0.115840 0.401394 0.891441
v 0.104978 0.380685 0.890689
v 0.110718 0.388592 0.891578
v 0.107754 0.388262 0.884768
v 0.104547 0.380803 0.884248
v 0.126639 0.395967 0.907824
v 0.131172 0.406102 0.904103
v 0.126926 0.403519 0.899626
v 0.120567 0.392673 0.902604
v 0.137159 0.411089 0.915961
v 0.132555 0.400476 0.918493
v 0.136514 0.404492 0.924977
v 0.138327 0.411850 0.922375
v 0.124126 0.381749 0.919592
v 0.122156 0.375421 0.920794
v 0.122976 0.376291 0.923976
v 0.126188 0.383109 0.922395
v 0.189400 0.454469 0.904681
v 0.181329 0.460058 0.905245
v 0.164281 0.400563 0.928523
v 0.163407 0.409997 0.934488
v 0.159401 0.399205 0.941759
v 0.161606 0.391821 0.933271
v 0.185679 0.435050 0.899369
v 0.189947 0.441624 0.899745
v 0.091663 0.338157 0.906252
v 0.096100 0.339364 0.903478
v 0.127417 0.438416 0.854121
v 0.107926 0.433362 0.855250
v 0.141262 0.442937 0.854499
v 0.150917 0.446141 0.854916
v 0.157586 0.451125 0.853567
v 0.112177 0.385983 0.897675
v 0.123549 0.405810 0.895043
v 0.135770 0.417456 0.902645
v 0.145826 0.425186 0.930788
v 0.149122 0.434597 0.927157
v 0.142286 0.429828 0.920478
v 0.141311 0.422243 0.924822
v 0.156637 0.415406 0.939134
v 0.148613 0.416142 0.938221
v 0.146377 0.407716 0.941990
v 0.153628 0.405672 0.944137
v 0.095376 0.415056 0.859035
v 0.110835 0.413640 0.856252
v 0.168668 0.453134 0.913615
v 0.170436 0.458577 0.908372
v 0.174833 0.463965 0.903550
v 0.140809 0.439034 0.899370
v 0.145248 0.451664 0.894490
v 0.142531 0.450502 0.891354
v 0.139762 0.437133 0.896854
v 0.124488 0.432050 0.890186
v 0.128163 0.444690 0.886658
v 0.112896 0.429838 0.887955
v 0.150338 0.459347 0.882455
v 0.157830 0.466835 0.885267
v 0.154879 0.465666 0.876947
v 0.163365 0.467205 0.893366
v 0.169201 0.466385 0.900077
v 0.196292 0.447088 0.898250
v 0.152987 0.462985 0.869166
v 0.095446 0.433163 0.878690
v 0.088038 0.430368 0.876597
v 0.090257 0.423370 0.879547
v 0.097320 0.425273 0.882175
v 0.110019 0.371333 0.876661
v 0.105083 0.376577 0.879631
v 0.106969 0.386152 0.877542
v 0.144877 0.444600 0.910615
v 0.154239 0.447414 0.918618
v 0.106484 0.377853 0.896576
v 0.096437 0.343284 0.895830
v 0.092008 0.346811 0.893897
v 0.102754 0.359222 0.884400
v 0.107567 0.354743 0.886401
v 0.108761 0.368350 0.901566
v 0.105048 0.373084 0.898193
v 0.104873 0.370356 0.899488
v 0.107491 0.366528 0.904108
v 0.127974 0.381551 0.929834
v 0.130682 0.387664 0.928378
v 0.129894 0.366043 0.893896
v 0.126397 0.365750 0.880907
v 0.130441 0.376096 0.877096
v 0.130595 0.399002 0.913399
v 0.126920 0.390068 0.917427
v 0.129117 0.391341 0.920764
v 0.112887 0.382734 0.901244
v 0.109505 0.375806 0.901517
v 0.113781 0.377980 0.904464
v 0.116900 0.384631 0.904693
v 0.168570 0.420264 0.927803
v 0.160769 0.426640 0.933604
v 0.083169 0.348006 0.900534
v 0.086053 0.349161 0.897811
v 0.134943 0.408884 0.909634
v 0.136071 0.388950 0.873613
v 0.138359 0.419445 0.907093
v 0.148059 0.378530 0.929397
v 0.143577 0.381637 0.934714
v 0.138806 0.377621 0.936087
v 0.141662 0.373138 0.933152
v 0.099642 0.355827 0.911159
v 0.094984 0.358644 0.909236
v 0.092486 0.356004 0.910471
v 0.096644 0.352712 0.912991
v 0.102555 0.374414 0.893036
v 0.101546 0.374052 0.886684
v 0.098960 0.369126 0.890311
v 0.101428 0.370135 0.895654
v 0.102903 0.369239 0.882477
v 0.099833 0.364686 0.885807
v 0.103283 0.350462 0.910093
v 0.103833 0.344435 0.905508
v 0.114516 0.355153 0.898203
v 0.111022 0.359687 0.903846
v 0.171250 0.412580 0.898527
v 0.174499 0.417656 0.907896
v 0.167380 0.406415 0.914856
v 0.161624 0.394798 0.921921
v 0.154994 0.384056 0.927866
v 0.152798 0.377546 0.917766
v 0.169666 0.411494 0.920856
v 0.117424 0.365607 0.901433
v 0.121326 0.362183 0.893580
v 0.123187 0.363831 0.898327
v 0.140106 0.422123 0.913837
v 0.089375 0.351683 0.894712
v 0.169032 0.433943 0.860129
v 0.178025 0.431991 0.869690
v 0.172059 0.425609 0.870910
v 0.161463 0.428089 0.860625
v 0.090545 0.359171 0.904050
v 0.088272 0.356843 0.898433
v 0.133297 0.388523 0.934515
v 0.130795 0.382514 0.934715
v 0.132979 0.380661 0.937127
v 0.134745 0.386675 0.939681
v 0.175942 0.421727 0.911999
v 0.154451 0.392522 0.945879
v 0.157344 0.386527 0.938247
v 0.180595 0.427286 0.901460
v 0.178378 0.422646 0.893143
v 0.183754 0.430057 0.889800
v 0.141987 0.369217 0.910657
v 0.167130 0.407758 0.892595
v 0.174495 0.419180 0.887512
v 0.180737 0.427885 0.883252
v 0.185971 0.433868 0.880671
v 0.188609 0.435751 0.888165
v 0.100608 0.342469 0.900754
v 0.099355 0.341231 0.909189
v 0.195508 0.441343 0.886226
v 0.191720 0.439409 0.877973
v 0.169338 0.416332 0.880407
v 0.161985 0.413870 0.872097
v 0.162259 0.405496 0.885705
v 0.154506 0.402042 0.877827
v 0.141788 0.366112 0.900268
v 0.086771 0.341083 0.921346
v 0.095298 0.344503 0.915587
v 0.093602 0.350117 0.915596
v 0.086604 0.345273 0.922395
v 0.099399 0.347393 0.912719
v 0.094955 0.340066 0.911955
v 0.142578 0.402313 0.868438
v 0.111914 0.371673 0.905198
v 0.147942 0.417155 0.861593
v 0.125374 0.401233 0.860919
v 0.128368 0.413817 0.856813
v 0.151614 0.433164 0.854215
v 0.135758 0.428078 0.852438
v 0.165619 0.444159 0.853733
v 0.159635 0.437870 0.854844
v 0.118735 0.424954 0.852406
v 0.078147 0.350759 0.911729
v 0.081582 0.352294 0.916165
v 0.174792 0.439715 0.858259
v 0.104124 0.427034 0.884890
v 0.141480 0.431994 0.909478
v 0.140177 0.429343 0.904608
v 0.151119 0.439874 0.924087
v 0.143418 0.436293 0.915969
v 0.076546 0.346722 0.908515
v 0.123407 0.370324 0.921969
v 0.124513 0.372027 0.921874
v 0.094310 0.437633 0.871048
v 0.087952 0.434772 0.870227
v 0.088802 0.428423 0.858514
v 0.087324 0.433604 0.863343
v 0.095125 0.436782 0.862402
v 0.097176 0.431484 0.857002
v 0.141390 0.440241 0.901764
v 0.142515 0.441388 0.905388
v 0.171842 0.430291 0.921827
v 0.163577 0.435973 0.927545
v 0.107327 0.364655 0.880920
v 0.117326 0.366490 0.877712
v 0.113002 0.360716 0.882682
v 0.113245 0.354280 0.890611
v 0.112884 0.367069 0.904557
v 0.113931 0.364614 0.900646
v 0.135763 0.447281 0.889460
v 0.134393 0.434184 0.893474
v 0.098611 0.416273 0.880590
v 0.092743 0.415756 0.877835
v 0.122296 0.388193 0.909686
v 0.132712 0.363028 0.914064
v 0.132251 0.360715 0.905531
v 0.119140 0.379894 0.911309
v 0.078452 0.338589 0.909793
v 0.076535 0.342902 0.908183
v 0.118914 0.359813 0.886254
v 0.132465 0.395237 0.927582
v 0.136782 0.368386 0.916924
v 0.128778 0.365470 0.919922
v 0.150580 0.400391 0.946817
v 0.183522 0.438595 0.867320
v 0.089918 0.353934 0.913495
v 0.084941 0.351225 0.919886
v 0.086168 0.337979 0.918394
v 0.083292 0.336478 0.913225
v 0.164945 0.444356 0.920699
v 0.138973 0.427234 0.901568
v 0.104438 0.423367 0.854024
v 0.092426 0.421689 0.857015
v 0.117666 0.375039 0.912288
v 0.151087 0.382627 0.934173
v 0.146544 0.371845 0.922791
v 0.139987 0.366414 0.927434
v 0.133700 0.364617 0.923477
v 0.126764 0.366739 0.922559
v 0.081774 0.337923 0.922150
v 0.078847 0.336369 0.917082
v 0.074241 0.338645 0.913447
v 0.072882 0.342655 0.911586
v 0.074072 0.346885 0.911516
v 0.082386 0.341183 0.925222
v 0.082251 0.345121 0.925791
v 0.082446 0.350502 0.922394
v 0.078625 0.342677 0.928207
v 0.074818 0.339011 0.927326
v 0.062966 0.343153 0.921152
v 0.067494 0.339914 0.919013
v 0.066569 0.339746 0.921642
v 0.062836 0.341941 0.924190
v 0.059505 0.343302 0.927951
v 0.059003 0.344956 0.924846
v 0.070689 0.338265 0.923361
v 0.065956 0.340936 0.927462
v 0.068768 0.341764 0.930525
v 0.064471 0.343179 0.933792
v 0.061801 0.342288 0.931248
v 0.071732 0.339568 0.927630
v 0.072522 0.337138 0.922004
v 0.057367 0.345993 0.929084
v 0.057995 0.343926 0.930406
v 0.059795 0.343680 0.933205
v 0.058398 0.346284 0.934035
v 0.069113 0.343644 0.914600
v 0.062932 0.345496 0.919936
v 0.059943 0.347990 0.924622
v 0.058285 0.348680 0.928884
v 0.063945 0.349284 0.921263
v 0.061596 0.350346 0.925325
v 0.060582 0.351080 0.929186
v 0.065989 0.352182 0.923720
v 0.063570 0.352190 0.927075
v 0.073967 0.350293 0.915788
v 0.071930 0.347445 0.913354
v 0.062162 0.352558 0.929243
v 0.059149 0.348384 0.934209
v 0.072147 0.343015 0.931452
v 0.066422 0.345556 0.934792
v 0.073300 0.345121 0.931868
v 0.067789 0.347383 0.935492
v 0.062451 0.346156 0.936771
v 0.062047 0.344277 0.935059
v 0.077000 0.350450 0.913842
v 0.080512 0.351844 0.918554
v 0.078008 0.351802 0.920353
v 0.069270 0.353385 0.927089
v 0.079703 0.350781 0.924352
v 0.078666 0.346591 0.928410
v 0.073032 0.348138 0.932112
v 0.072217 0.351250 0.930761
v 0.068417 0.349700 0.934490
v 0.067992 0.351512 0.932709
v 0.065843 0.353072 0.929859
v 0.064459 0.350577 0.935106
v 0.063409 0.348183 0.936541
v 0.061240 0.350844 0.933094
v 0.065321 0.351722 0.933755
v 0.063178 0.351956 0.931620
v 0.094564 0.357517 0.929539
v 0.098177 0.359269 0.934501
v 0.101052 0.359028 0.930786
v 0.097885 0.357516 0.926720
v 0.095550 0.343524 0.928011
v 0.093047 0.349149 0.926618
v 0.096924 0.348180 0.922813
v 0.100813 0.342767 0.924831
v 0.100794 0.341399 0.932510
v 0.106118 0.341576 0.929206
v 0.105058 0.343892 0.920890
v 0.101030 0.349595 0.919077
v 0.114234 0.360550 0.906711
v 0.118788 0.355347 0.907549
v 0.118329 0.370796 0.920766
v 0.120536 0.368042 0.922581
v 0.093191 0.354251 0.927563
v 0.096605 0.353571 0.924087
v 0.109657 0.358955 0.934631
v 0.105799 0.361681 0.931820
v 0.103951 0.359478 0.934719
v 0.107224 0.356080 0.937602
v 0.112494 0.368151 0.910147
v 0.115677 0.370095 0.915265
v 0.112377 0.364830 0.908127
v 0.112880 0.353098 0.935210
v 0.113887 0.346787 0.932619
v 0.126750 0.355831 0.919718
v 0.125044 0.360667 0.923608
v 0.099333 0.354747 0.920201
v 0.101877 0.361318 0.927655
v 0.099536 0.359424 0.923362
v 0.110682 0.343531 0.925824
v 0.109024 0.344894 0.936100
v 0.094826 0.349721 0.949190
v 0.104499 0.349948 0.942038
v 0.103437 0.355055 0.941424
v 0.094414 0.354747 0.949754
v 0.108982 0.350731 0.938514
v 0.103835 0.344794 0.939109
v 0.085013 0.359367 0.940543
v 0.089024 0.360883 0.945286
v 0.082841 0.356069 0.938159
v 0.124235 0.353683 0.912492
v 0.085409 0.345998 0.937302
v 0.082835 0.352040 0.936710
v 0.101463 0.358896 0.938631
v 0.092251 0.359048 0.948694
v 0.093685 0.345935 0.946864
v 0.090644 0.343296 0.940732
v 0.088550 0.346583 0.950101
v 0.085322 0.344641 0.945017
v 0.080698 0.347328 0.941132
v 0.079686 0.352901 0.939847
v 0.080819 0.356675 0.940575
v 0.089803 0.350063 0.952489
v 0.090187 0.354855 0.952994
v 0.089676 0.359108 0.950222
v 0.084615 0.353891 0.956434
v 0.081707 0.350376 0.955309
v 0.066146 0.359485 0.950655
v 0.070080 0.355868 0.947799
v 0.070216 0.354535 0.950071
v 0.066672 0.357777 0.952845
v 0.073763 0.350929 0.946320
v 0.073304 0.351258 0.948793
v 0.076638 0.349829 0.951793
v 0.072739 0.354088 0.954180
v 0.076346 0.354688 0.957392
v 0.072259 0.357518 0.960363
v 0.068472 0.356794 0.957445
v 0.078175 0.351277 0.955087
v 0.064891 0.359663 0.955416
v 0.064161 0.362152 0.955272
v 0.078365 0.347489 0.950312
v 0.076460 0.353759 0.941869
v 0.070477 0.358636 0.946382
v 0.066844 0.362686 0.950206
v 0.065449 0.364871 0.955887
v 0.072163 0.362492 0.947006
v 0.068621 0.365289 0.951068
v 0.067701 0.366436 0.955931
v 0.075018 0.365686 0.949124
v 0.071428 0.367568 0.953301
v 0.082341 0.360605 0.943452
v 0.078949 0.357868 0.941347
v 0.069886 0.367387 0.955467
v 0.065270 0.361499 0.959939
v 0.066426 0.364673 0.959950
v 0.065895 0.359863 0.959256
v 0.077989 0.355566 0.958488
v 0.073360 0.359311 0.961173
v 0.079531 0.357884 0.959290
v 0.074046 0.361556 0.961888
v 0.069252 0.361352 0.962503
v 0.068548 0.360009 0.961699
v 0.083715 0.359201 0.942754
v 0.087488 0.360390 0.946843
v 0.086278 0.361593 0.947460
v 0.078515 0.366097 0.953171
v 0.088213 0.360060 0.951554
v 0.086444 0.357094 0.955518
v 0.080869 0.360403 0.958831
v 0.080492 0.363956 0.956936
v 0.075338 0.363330 0.962053
v 0.076566 0.365190 0.959649
v 0.074436 0.367723 0.956116
v 0.070988 0.365046 0.962621
v 0.069750 0.363026 0.962866
v 0.068078 0.366089 0.959381
v 0.072982 0.366336 0.960790
v 0.070731 0.367404 0.958079
v 0.107695 0.367179 0.941603
v 0.110965 0.369904 0.945532
v 0.113548 0.370189 0.943041
v 0.110517 0.367278 0.939234
v 0.109816 0.354445 0.942371
v 0.106886 0.358104 0.940602
v 0.110362 0.357876 0.937413
v 0.114327 0.354116 0.938290
v 0.112502 0.353560 0.947375
v 0.118869 0.353049 0.942463
v 0.118598 0.354640 0.934560
v 0.113678 0.358408 0.934288
v 0.123872 0.364990 0.925261
v 0.128884 0.360819 0.926745
v 0.106606 0.362809 0.940460
v 0.109439 0.362872 0.937862
v 0.120878 0.369954 0.947614
v 0.117435 0.371903 0.944839
v 0.116823 0.370083 0.947310
v 0.119330 0.367530 0.949818
v 0.122254 0.375264 0.927229
v 0.126090 0.377852 0.931209
v 0.121421 0.370354 0.926027
v 0.124350 0.364227 0.948301
v 0.126198 0.357830 0.945171
v 0.135783 0.366194 0.937835
v 0.133982 0.371871 0.939330
v 0.111703 0.363214 0.935134
v 0.114260 0.371786 0.940530
v 0.111583 0.368459 0.936899
v 0.123399 0.354775 0.938837
v 0.121429 0.356380 0.948385
v 0.104914 0.361047 0.963146
v 0.118060 0.361340 0.953595
v 0.116646 0.367064 0.952378
v 0.104984 0.365544 0.963013
v 0.121264 0.362159 0.951212
v 0.116778 0.356043 0.951671
v 0.096944 0.368782 0.952106
v 0.100509 0.370532 0.955955
v 0.096426 0.364816 0.949937
v 0.134148 0.360875 0.931634
v 0.130578 0.377212 0.937290
v 0.097045 0.357376 0.951613
v 0.096160 0.361366 0.949907
v 0.114452 0.369608 0.949596
v 0.103693 0.369273 0.960536
v 0.104054 0.356833 0.960609
v 0.101132 0.354744 0.955317
v 0.099460 0.358281 0.963827
v 0.096508 0.356254 0.958476
v 0.092929 0.358620 0.954249
v 0.092849 0.362856 0.952211
v 0.093600 0.366280 0.952104
v 0.100658 0.362818 0.965954
v 0.101081 0.366800 0.965366
v 0.101991 0.369504 0.961052
v 0.097407 0.365202 0.968074
v 0.093565 0.361339 0.967153
v 0.079166 0.369935 0.963021
v 0.083406 0.366732 0.960268
v 0.083638 0.366202 0.961358
v 0.079242 0.368888 0.964417
v 0.087737 0.361719 0.958494
v 0.086946 0.362393 0.960200
v 0.089199 0.360960 0.963127
v 0.084766 0.364634 0.966304
v 0.089287 0.366434 0.969939
v 0.084945 0.369085 0.971815
v 0.080468 0.367432 0.968856
v 0.091524 0.362240 0.966845
v 0.077393 0.370389 0.966762
v 0.076054 0.371271 0.965693
v 0.090884 0.359181 0.962244
v 0.088753 0.364687 0.954672
v 0.083602 0.368934 0.958235
v 0.079327 0.372313 0.960894
v 0.077476 0.374430 0.964424
v 0.085507 0.372262 0.957904
v 0.081511 0.374618 0.960831
v 0.079786 0.376400 0.964056
v 0.087621 0.374585 0.959082
v 0.084061 0.376342 0.961905
v 0.094437 0.370176 0.954491
v 0.091305 0.367724 0.953591
v 0.082022 0.377094 0.964224
v 0.077282 0.371650 0.970311
v 0.078870 0.375556 0.969819
v 0.078329 0.370355 0.969805
v 0.090950 0.366954 0.970605
v 0.085841 0.370749 0.973233
v 0.092667 0.369248 0.970656
v 0.087500 0.372893 0.973150
v 0.081510 0.371933 0.973387
v 0.081419 0.370949 0.972665
v 0.095974 0.369106 0.953531
v 0.099514 0.370529 0.956991
v 0.097980 0.371484 0.957677
v 0.090594 0.376276 0.962502
v 0.100289 0.370719 0.961814
v 0.097977 0.368915 0.967166
v 0.093220 0.372197 0.969153
v 0.092508 0.375085 0.966629
v 0.088444 0.374984 0.971503
v 0.088948 0.376080 0.968883
v 0.086731 0.377826 0.964806
v 0.084377 0.376100 0.971255
v 0.082879 0.374306 0.973152
v 0.081072 0.377317 0.968284
v 0.085607 0.377181 0.969310
v 0.083170 0.377966 0.966957
v 0.128607 0.378672 0.934740
v 0.120161 0.377133 0.951437
v 0.121594 0.379446 0.954717
v 0.123361 0.380035 0.954122
v 0.122200 0.378607 0.950218
v 0.125834 0.367294 0.950178
v 0.122219 0.370104 0.948981
v 0.125427 0.371055 0.946427
v 0.128958 0.368371 0.947636
v 0.129367 0.367086 0.953994
v 0.132134 0.368510 0.952087
v 0.131866 0.370329 0.946015
v 0.128393 0.373277 0.944426
v 0.140362 0.381277 0.936783
v 0.145619 0.379650 0.938142
v 0.146453 0.395726 0.948693
v 0.142398 0.398231 0.946130
v 0.137771 0.392303 0.950185
v 0.141809 0.390875 0.952401
v 0.120523 0.373711 0.949565
v 0.122851 0.375285 0.947203
v 0.131578 0.380615 0.959784
v 0.127958 0.382475 0.957138
v 0.125509 0.380992 0.957568
v 0.128435 0.379679 0.960924
v 0.138576 0.396068 0.943100
v 0.136835 0.392555 0.940542
v 0.134297 0.390127 0.942262
v 0.134568 0.391116 0.946787
v 0.134698 0.385523 0.939283
v 0.134374 0.377303 0.959669
v 0.136396 0.372688 0.956425
v 0.149583 0.384972 0.950181
v 0.146632 0.388645 0.951978
v 0.125138 0.376341 0.945940
v 0.125567 0.382110 0.953135
v 0.124064 0.380006 0.949815
v 0.135242 0.369851 0.950664
v 0.133101 0.371469 0.957805
v 0.123099 0.372680 0.966738
v 0.129532 0.375253 0.962595
v 0.126638 0.379185 0.961869
v 0.121777 0.375645 0.966316
v 0.131181 0.376060 0.961153
v 0.130328 0.370171 0.959859
v 0.114756 0.375778 0.955779
v 0.117254 0.378069 0.960044
v 0.114619 0.372848 0.954020
v 0.149582 0.380689 0.943200
v 0.118052 0.366178 0.955225
v 0.115184 0.369376 0.953931
v 0.123605 0.380148 0.958393
v 0.119699 0.377869 0.963895
v 0.123467 0.368399 0.964653
v 0.122242 0.365245 0.959262
v 0.118997 0.367886 0.966676
v 0.117874 0.365039 0.961171
v 0.113774 0.367045 0.956850
v 0.112921 0.370567 0.955360
v 0.112867 0.373789 0.955499
v 0.119355 0.372394 0.968594
v 0.118878 0.375367 0.967931
v 0.117963 0.377711 0.964975
v 0.115537 0.372355 0.970282
v 0.112847 0.368729 0.968572
v 0.101209 0.373769 0.964096
v 0.104464 0.372441 0.961762
v 0.104663 0.371647 0.962676
v 0.101078 0.372746 0.964516
v 0.108706 0.369347 0.959915
v 0.107995 0.369326 0.961571
v 0.110526 0.367841 0.963785
v 0.105996 0.369555 0.966229
v 0.108213 0.371001 0.970943
v 0.104376 0.372116 0.972311
v 0.102715 0.370430 0.968138
v 0.110974 0.368602 0.968066
v 0.099086 0.372703 0.966528
v 0.098061 0.373674 0.966541
v 0.112219 0.366559 0.962941
v 0.109314 0.372530 0.957359
v 0.103788 0.374801 0.960917
v 0.099834 0.375799 0.964078
v 0.097909 0.375845 0.967459
v 0.105058 0.377029 0.960710
v 0.100360 0.378079 0.964255
v 0.098684 0.378065 0.967591
v 0.106898 0.379533 0.962033
v 0.102168 0.379717 0.965267
v 0.112464 0.378211 0.958956
v 0.110437 0.375693 0.957395
v 0.100227 0.378989 0.967632
v 0.098638 0.372733 0.970342
v 0.098643 0.375719 0.970733
v 0.099676 0.371515 0.970026
v 0.109055 0.371763 0.971817
v 0.104463 0.373295 0.973509
v 0.110143 0.373897 0.972554
v 0.104753 0.375451 0.973785
v 0.100907 0.373503 0.973119
v 0.101578 0.372077 0.972027
v 0.113603 0.377071 0.957694
v 0.115837 0.378175 0.960864
v 0.114698 0.379071 0.962557
v 0.109171 0.380538 0.965353
v 0.116508 0.378029 0.966678
v 0.116545 0.375300 0.969487
v 0.110614 0.376534 0.971866
v 0.110398 0.379196 0.969680
v 0.104697 0.377533 0.973053
v 0.105013 0.379726 0.970928
v 0.104076 0.380733 0.967868
v 0.100985 0.377501 0.972087
v 0.100587 0.375851 0.972962
v 0.099431 0.377649 0.970387
v 0.101690 0.378960 0.970972
v 0.100979 0.379197 0.969485
v 0.148542 0.392199 0.949274
v 0.081059 0.412928 0.863022
v 0.082500 0.411095 0.868184
v 0.077788 0.423281 0.878391
v 0.079689 0.416418 0.877838
v 0.075454 0.428586 0.874568
v 0.074876 0.429525 0.863506
v 0.075545 0.430797 0.869086
v 0.081508 0.412115 0.873961
v 0.079360 0.417499 0.859191
v 0.076947 0.424602 0.858793
v 0.071125 0.412572 0.859339
v 0.068022 0.420541 0.859079
v 0.065769 0.425974 0.863286
v 0.068728 0.428239 0.870248
v 0.070327 0.427399 0.875133
v 0.075699 0.409812 0.865158
v 0.077652 0.409090 0.870223
v 0.077770 0.411905 0.876221
v 0.070320 0.406045 0.870053
v 0.060536 0.406636 0.871665
v 0.047295 0.416699 0.882559
v 0.052522 0.419480 0.878894
v 0.051931 0.417048 0.877612
v 0.046894 0.414898 0.880736
v 0.055655 0.419608 0.873950
v 0.055123 0.417338 0.874408
v 0.057253 0.413065 0.872077
v 0.052690 0.411108 0.875502
v 0.058615 0.408205 0.873259
v 0.056201 0.406145 0.876429
v 0.048253 0.408987 0.878605
v 0.044088 0.412010 0.881533
v 0.044624 0.407341 0.881426
v 0.044036 0.412823 0.884600
v 0.056647 0.413016 0.868634
v 0.060242 0.424703 0.874327
v 0.054665 0.421806 0.880636
v 0.049381 0.417988 0.885368
v 0.045906 0.413110 0.887271
v 0.057761 0.421870 0.883771
v 0.053163 0.417433 0.887448
v 0.050491 0.412505 0.888970
v 0.061225 0.419159 0.886045
v 0.056268 0.414998 0.888334
v 0.070856 0.422718 0.880189
v 0.065920 0.426155 0.877585
v 0.053299 0.412096 0.888830
v 0.043911 0.406589 0.884151
v 0.046177 0.406873 0.886981
v 0.058921 0.404074 0.876750
v 0.051888 0.403886 0.879027
v 0.054004 0.402550 0.880636
v 0.062646 0.403437 0.878099
v 0.056039 0.402163 0.882562
v 0.048639 0.402697 0.882946
v 0.047958 0.404152 0.880609
v 0.073684 0.423555 0.878910
v 0.076650 0.417586 0.878912
v 0.074280 0.416969 0.879959
v 0.065056 0.413559 0.885858
v 0.074974 0.411049 0.878450
v 0.073235 0.407061 0.874172
v 0.065015 0.404337 0.880841
v 0.066289 0.407898 0.883755
v 0.058049 0.403941 0.884963
v 0.059018 0.406484 0.886366
v 0.058158 0.410934 0.888264
v 0.053186 0.404794 0.887010
v 0.050818 0.402798 0.885272
v 0.050415 0.407890 0.888558
v 0.055219 0.406568 0.887389
v 0.053789 0.409128 0.888559
v 0.144445 0.403106 0.943624
v 0.139598 0.401180 0.939566
v 0.141750 0.407157 0.938001
v 0.143525 0.415948 0.934668
v 0.150554 0.423956 0.934618
v 0.140177 0.413942 0.928874
v 0.138345 0.405055 0.932683
v 0.135632 0.396347 0.934723
v 0.140072 0.418780 0.919683
f 780 781 779
f 779 781 782
f 783 784 786
f 786 784 785
f 787 782 788
f 788 782 781
f 790 791 789
f 789 791 787
f 792 790 794
f 794 790 793
f 796 797 795
f 795 797 798
f 800 801 799
f 799 801 802
f 804 805 803
f 803 805 806
f 808 809 807
f 807 809 810
f 811 812 814
f 814 812 813
f 815 816 818
f 818 816 817
f 819 820 784
f 784 820 821
f 784 821 785
f 785 821 822
f 823 812 824
f 824 812 811
f 826 827 825
f 825 827 828
f 830 831 829
f 829 831 832
f 834 830 833
f 833 830 829
f 836 837 835
f 835 837 838
f 839 840 782
f 782 840 779
f 842 843 841
f 841 843 844
f 846 847 845
f 845 847 848
f 850 851 849
f 849 851 852
f 854 855 853
f 853 855 856
f 831 857 832
f 832 857 858
f 860 861 859
f 859 861 862
f 863 864 830
f 830 864 831
f 835 838 865
f 865 838 866
f 867 868 821
f 821 868 822
f 821 820 867
f 867 820 869
f 818 817 870
f 870 817 871
f 872 848 842
f 842 848 847
f 791 839 787
f 787 839 782
f 803 806 847
f 847 806 873
f 874 803 846
f 846 803 847
f 876 877 875
f 875 877 878
f 879 880 882
f 882 880 881
f 884 808 883
f 883 808 807
f 829 832 885
f 885 832 886
f 832 858 886
f 886 858 887
f 889 890 888
f 888 890 891
f 893 783 892
f 892 783 894
f 893 819 783
f 783 819 784
f 814 813 889
f 889 813 895
f 813 896 895
f 895 896 897
f 812 898 813
f 813 898 896
f 812 823 898
f 898 823 899
f 903 904 902
f 902 904 905
f 906 907 792
f 792 907 908
f 811 909 824
f 824 909 910
f 911 872 841
f 841 872 842
f 912 913 915
f 915 913 914
f 917 918 916
f 916 918 919
f 855 920 856
f 856 920 921
f 922 923 798
f 798 923 924
f 926 927 925
f 925 927 850
f 929 930 928
f 928 930 931
f 860 879 861
f 861 879 882
f 879 860 933
f 933 860 932
f 934 935 836
f 836 935 837
f 936 846 925
f 925 846 845
f 937 924 793
f 793 924 794
f 846 936 874
f 874 936 938
f 907 844 908
f 908 844 843
f 940 941 939
f 939 941 942
f 944 945 943
f 943 945 946
f 948 949 947
f 947 949 950
f 952 949 951
f 951 949 948
f 954 955 953
f 953 955 956
f 958 959 957
f 957 959 802
f 960 961 799
f 799 961 962
f 859 963 860
f 860 963 932
f 964 965 966
f 966 965 922
f 936 849 938
f 938 849 967
f 968 913 935
f 935 913 837
f 947 950 917
f 917 950 918
f 925 850 936
f 936 850 849
f 970 971 969
f 969 971 972
f 945 944 827
f 827 944 973
f 974 968 828
f 828 968 935
f 975 976 978
f 978 976 977
f 799 802 960
f 960 802 959
f 924 937 798
f 798 937 795
f 960 959 859
f 859 959 963
f 979 963 958
f 958 963 959
f 980 981 861
f 861 981 862
f 983 984 982
f 982 984 863
f 985 800 962
f 962 800 799
f 957 802 986
f 986 802 801
f 986 987 957
f 957 987 983
f 987 988 983
f 983 988 984
f 990 984 989
f 989 984 988
f 957 983 958
f 958 983 982
f 991 954 866
f 866 954 992
f 864 863 990
f 990 863 984
f 971 995 996
f 995 997 996
f 996 997 998
f 997 796 998
f 998 796 795
f 797 999 798
f 798 999 922
f 1000 1001 1003
f 1003 1001 1002
f 953 1004 954
f 954 1004 992
f 1005 865 992
f 992 865 866
f 998 795 1006
f 1006 795 937
f 912 991 838
f 838 991 866
f 916 1007 929
f 929 1007 930
f 971 970 988
f 988 970 989
f 1008 972 996
f 996 972 971
f 1009 1010 1006
f 1006 1010 1008
f 1011 1012 869
f 869 1012 867
f 1013 1014 871
f 871 1014 870
f 1008 1010 1012
f 1012 1010 1015
f 825 1016 826
f 826 1016 1017
f 1018 969 1013
f 1013 969 1014
f 783 786 894
f 894 786 1019
f 1020 1021 967
f 967 1021 938
f 1022 1023 876
f 876 1023 877
f 934 1024 825
f 825 1024 1016
f 854 1025 855
f 855 1025 1026
f 1028 903 1027
f 1027 903 902
f 1030 1031 1029
f 1029 1031 1032
f 889 888 814
f 814 888 1033
f 1034 811 1033
f 1033 811 814
f 1035 1036 932
f 932 1036 933
f 841 947 911
f 911 947 917
f 844 948 841
f 841 948 947
f 951 948 907
f 907 948 844
f 907 906 951
f 951 906 1037
f 906 1038 1037
f 1037 1038 1039
f 991 912 1040
f 1040 912 915
f 1041 1042 964
f 964 1042 965
f 890 1043 891
f 891 1043 1044
f 789 1045 1046
f 1012 1011 1008
f 1008 1011 972
f 931 1047 848
f 848 1047 845
f 953 956 943
f 943 956 919
f 928 931 872
f 872 931 848
f 1049 999 1048
f 1048 999 985
f 1047 931 1050
f 1050 931 930
f 899 823 887
f 887 823 886
f 825 828 934
f 934 828 935
f 835 1051 836
f 836 1051 1052
f 923 1053 1038
f 1038 1053 1039
f 1054 927 921
f 921 927 856
f 926 1047 853
f 853 1047 1050
f 985 1055 1048
f 1048 1055 1056
f 973 974 827
f 827 974 828
f 837 913 838
f 838 913 912
f 861 882 980
f 980 882 1057
f 927 926 856
f 856 926 853
f 1025 1056 1026
f 1026 1056 1055
f 961 960 862
f 862 960 859
f 826 1017 1059
f 1059 1017 1060
f 1005 1001 1061
f 1061 1001 1000
f 1001 1004 1002
f 1002 1004 946
f 1059 1060 1002
f 1002 1060 1003
f 943 946 953
f 953 946 1004
f 1042 1041 916
f 916 1041 1007
f 792 794 906
f 906 794 1038
f 998 1006 996
f 996 1006 1008
f 865 1005 1062
f 1062 1005 1061
f 1038 794 923
f 923 794 924
f 1022 876 1036
f 1036 876 933
f 836 1052 934
f 934 1052 1024
f 885 1063 829
f 829 1063 833
f 1021 1064 938
f 938 1064 874
f 1012 1015 867
f 867 1015 868
f 824 910 885
f 885 910 1063
f 1031 1030 1027
f 1027 1030 1028
f 1064 804 874
f 874 804 803
f 884 883 1065
f 1065 883 1066
f 1050 930 1067
f 1067 930 1007
f 916 929 917
f 917 929 911
f 961 1068 939
f 939 1068 940
f 1069 1070 1055
f 1055 1070 1071
f 929 928 911
f 911 928 872
f 1040 1053 955
f 955 1053 965
f 922 965 923
f 923 965 1053
f 1051 835 1062
f 1062 835 865
f 952 914 968
f 968 914 913
f 889 895 890
f 890 895 816
f 895 897 816
f 816 897 901
f 890 816 1043
f 1043 816 815
f 1065 1066 1032
f 1032 1066 1029
f 1006 937 1009
f 1009 937 793
f 1001 1005 1004
f 1004 1005 992
f 925 845 926
f 926 845 1047
f 1002 946 1059
f 1059 946 945
f 977 941 978
f 978 941 940
f 823 824 886
f 886 824 885
f 1059 945 826
f 826 945 827
f 939 942 1069
f 1069 942 1070
f 816 901 817
f 1071 1072 1055
f 1055 1072 1026
f 1062 1061 1074
f 1074 1061 1073
f 1062 1074 1051
f 1051 1074 1075
f 1052 1051 1076
f 1076 1051 1075
f 1024 1052 1077
f 1077 1052 1076
f 1061 1000 1073
f 1073 1000 1078
f 1000 1003 1078
f 1078 1003 1079
f 1079 1003 1080
f 1080 1003 1060
f 1081 1082 1078
f 1078 1082 1073
f 1084 1085 1083
f 1083 1085 1086
f 1087 1088 1086
f 1086 1088 1083
f 1086 1085 1090
f 1090 1085 1089
f 1091 1092 1090
f 1090 1092 1093
f 1089 1094 1090
f 1090 1094 1091
f 1095 1082 1089
f 1089 1082 1094
f 1093 1087 1090
f 1090 1087 1086
f 1096 1097 1099
f 1099 1097 1098
f 1097 1096 1087
f 1087 1096 1088
f 1089 1085 1095
f 1095 1085 1084
f 1084 1075 1095
f 1095 1075 1074
f 1084 1100 1075
f 1075 1100 1076
f 1083 1101 1084
f 1084 1101 1100
f 1101 1083 1102
f 1102 1083 1088
f 1082 1095 1073
f 1073 1095 1074
f 1096 1103 1088
f 1088 1103 1102
f 1101 1102 1104
f 1104 1102 1105
f 1102 1103 1105
f 1105 1103 1106
f 1104 1105 1107
f 1107 1105 1108
f 1107 1109 1104
f 1104 1109 1110
f 1111 1108 1106
f 1106 1108 1105
f 1101 1104 1100
f 1100 1104 1110
f 1100 1110 1076
f 1076 1110 1077
f 1103 1096 1112
f 1112 1096 1099
f 1091 1094 1113
f 1113 1094 1082
f 1113 1114 1091
f 1091 1114 1092
f 1082 1081 1113
f 1113 1081 1115
f 1114 1113 1116
f 1116 1113 1115
f 1114 1117 1092
f 1092 1117 1118
f 1024 1077 1016
f 1016 1077 1119
f 1017 1120 1060
f 1060 1120 1080
f 1120 1017 1119
f 1119 1017 1016
f 1119 1109 1120
f 1120 1109 1121
f 1109 1107 1121
f 1121 1107 1122
f 1120 1121 1080
f 1080 1121 1123
f 1119 1077 1109
f 1109 1077 1110
f 1124 1079 1123
f 1123 1079 1080
f 1124 1081 1079
f 1079 1081 1078
f 1125 1115 1124
f 1124 1115 1081
f 1125 1124 1126
f 1126 1124 1123
f 1127 1125 1128
f 1128 1125 1126
f 1121 1122 1123
f 1123 1122 1126
f 1122 1129 1126
f 1126 1129 1128
f 1115 1125 1116
f 1116 1125 1127
f 1131 1116 1130
f 1130 1116 1127
f 1130 1133 1132
f 1132 1133 1134
f 1130 1127 1133
f 1133 1127 1128
f 1130 1132 1131
f 1131 1132 1112
f 1131 1112 1117
f 1117 1112 1099
f 1117 1114 1131
f 1131 1114 1116
f 1107 1108 1122
f 1122 1108 1129
f 1134 1129 1111
f 1111 1129 1108
f 1134 1133 1129
f 1129 1133 1128
f 1132 1134 1106
f 1106 1134 1111
f 1106 1103 1132
f 1132 1103 1112
f 1087 1093 1097
f 1097 1093 1098
f 1098 1118 1099
f 1099 1118 1117
f 1098 1093 1118
f 1118 1093 1092
f 915 914 1039
f 1039 914 1037
f 918 944 919
f 919 944 943
f 950 949 973
f 973 949 974
f 949 952 974
f 974 952 968
f 956 955 1042
f 1042 955 965
f 950 973 918
f 918 973 944
f 915 1039 1040
f 1040 1039 1053
f 956 1042 919
f 919 1042 916
f 1040 955 991
f 991 955 954
f 914 952 1037
f 1037 952 951
f 1136 1137 1135
f 1135 1137 1138
f 1140 1141 1139
f 1139 1141 1142
f 1139 1142 1143
f 1143 1142 1144
f 1145 1146 1148
f 1148 1146 1147
f 854 1149 1025
f 1025 1149 1150
f 1151 1152 1140
f 1140 1152 1141
f 1154 1155 1153
f 1153 1155 1156
f 1067 1007 1158
f 1158 1007 1157
f 1159 1157 1041
f 1041 1157 1007
f 1161 1162 1160
f 1160 1162 1163
f 1164 1146 1152
f 1152 1146 1141
f 854 1067 1149
f 1149 1067 1158
f 1155 1154 1137
f 1137 1154 1165
f 1166 1164 1138
f 1138 1164 1152
f 1167 1161 1144
f 1144 1161 1168
f 1170 1171 1169
f 1169 1171 1172
f 1161 1160 1168
f 1168 1160 1173
f 1174 1143 1168
f 1168 1143 1144
f 1167 1144 1145
f 1145 1144 1142
f 1135 1175 1136
f 1136 1175 1176
f 1151 1177 1135
f 1135 1177 1175
f 1167 1145 1178
f 1178 1145 1148
f 1160 1163 1153
f 1153 1163 1150
f 1135 1138 1151
f 1151 1138 1152
f 1139 1179 1140
f 1140 1179 1180
f 1165 1166 1137
f 1137 1166 1138
f 1141 1146 1142
f 1142 1146 1145
f 1136 1176 1181
f 1181 1176 1182
f 1174 1170 1183
f 1183 1170 1169
f 1170 1173 1171
f 1171 1173 1156
f 1171 1181 1172
f 1172 1181 1182
f 1153 1156 1160
f 1160 1156 1173
f 1143 1174 1184
f 1184 1174 1183
f 1140 1180 1151
f 1151 1180 1177
f 1049 1048 1178
f 1178 1048 1162
f 1179 1139 1184
f 1184 1139 1143
f 1159 1147 1164
f 1164 1147 1146
f 1170 1174 1173
f 1173 1174 1168
f 1171 1156 1181
f 1181 1156 1155
f 1181 1155 1136
f 1136 1155 1137
f 1184 1183 1186
f 1186 1183 1185
f 1184 1186 1179
f 1179 1186 1187
f 1179 1187 1180
f 1180 1187 1188
f 1180 1188 1177
f 1177 1188 1189
f 1183 1169 1185
f 1185 1169 1190
f 1169 1172 1190
f 1190 1172 1191
f 1172 1182 1191
f 1191 1182 1192
f 1193 1194 1190
f 1190 1194 1185
f 1196 1197 1195
f 1195 1197 1198
f 1199 1200 1196
f 1196 1200 1197
f 1197 1200 1202
f 1202 1200 1201
f 1203 1204 1202
f 1202 1204 1205
f 1201 1206 1202
f 1202 1206 1203
f 1205 1198 1202
f 1202 1198 1197
f 1198 1207 1195
f 1195 1207 1208
f 1201 1200 1209
f 1209 1200 1199
f 1199 1187 1209
f 1209 1187 1186
f 1199 1210 1187
f 1187 1210 1188
f 1196 1211 1199
f 1199 1211 1210
f 1212 1211 1195
f 1195 1211 1196
f 1209 1194 1201
f 1201 1194 1206
f 1194 1209 1185
f 1185 1209 1186
f 1213 1212 1208
f 1208 1212 1195
f 1211 1212 1214
f 1214 1212 1215
f 1212 1213 1215
f 1215 1213 1216
f 1214 1215 1217
f 1217 1215 1218
f 1217 1219 1214
f 1214 1219 1220
f 1216 1221 1215
f 1215 1221 1218
f 1214 1220 1211
f 1211 1220 1210
f 1210 1220 1188
f 1188 1220 1189
f 1213 1208 1223
f 1223 1208 1222
f 1208 1207 1222
f 1222 1207 1224
f 1203 1206 1225
f 1225 1206 1194
f 1204 1203 1226
f 1226 1203 1225
f 1194 1193 1225
f 1225 1193 1227
f 1225 1227 1226
f 1226 1227 1228
f 1229 1230 1226
f 1226 1230 1204
f 1224 1230 1222
f 1222 1230 1229
f 1177 1189 1175
f 1175 1189 1231
f 1176 1232 1182
f 1182 1232 1192
f 1232 1176 1231
f 1231 1176 1175
f 1231 1219 1232
f 1232 1219 1233
f 1219 1217 1233
f 1233 1217 1234
f 1232 1233 1192
f 1192 1233 1235
f 1219 1231 1220
f 1220 1231 1189
f 1236 1191 1235
f 1235 1191 1192
f 1236 1193 1191
f 1191 1193 1190
f 1236 1237 1193
f 1193 1237 1227
f 1237 1236 1238
f 1238 1236 1235
f 1239 1237 1240
f 1240 1237 1238
f 1233 1234 1235
f 1235 1234 1238
f 1234 1241 1238
f 1238 1241 1240
f 1237 1239 1227
f 1227 1239 1228
f 1243 1228 1242
f 1242 1228 1239
f 1242 1245 1244
f 1244 1245 1246
f 1242 1239 1245
f 1245 1239 1240
f 1242 1244 1243
f 1243 1244 1223
f 1243 1223 1229
f 1229 1223 1222
f 1229 1226 1243
f 1243 1226 1228
f 1217 1218 1234
f 1234 1218 1241
f 1246 1241 1221
f 1221 1241 1218
f 1246 1245 1241
f 1241 1245 1240
f 1244 1246 1216
f 1216 1246 1221
f 1216 1213 1244
f 1244 1213 1223
f 1198 1205 1207
f 1207 1205 1224
f 1224 1205 1230
f 1230 1205 1204
f 1148 1147 966
f 966 1147 964
f 1149 1154 1150
f 1150 1154 1153
f 1158 1157 1165
f 1165 1157 1166
f 1157 1159 1166
f 1166 1159 1164
f 1163 1162 1056
f 1056 1162 1048
f 1158 1165 1149
f 1149 1165 1154
f 1178 1148 1049
f 1049 1148 966
f 1163 1056 1150
f 1150 1056 1025
f 1178 1162 1167
f 1167 1162 1161
f 1147 1159 964
f 964 1159 1041
f 999 1049 922
f 922 1049 966
f 999 797 985
f 985 797 800
f 797 796 800
f 800 796 801
f 796 997 801
f 801 997 986
f 1247 1248 1250
f 1250 1248 1249
f 1252 1253 1251
f 1251 1253 1254
f 1251 1254 1255
f 1255 1254 1256
f 1258 1259 1257
f 1257 1259 1260
f 1261 1262 1252
f 1252 1262 1253
f 1264 1265 1263
f 1263 1265 1266
f 1267 1268 855
f 855 1268 920
f 1269 1267 1026
f 1026 1267 855
f 1271 1272 1270
f 1270 1272 1273
f 1274 1258 1262
f 1262 1258 1253
f 1264 1275 1265
f 1265 1275 1249
f 1276 1274 1250
f 1250 1274 1262
f 1277 1271 1256
f 1256 1271 1278
f 1279 1280 1282
f 1282 1280 1281
f 1271 1270 1278
f 1278 1270 1283
f 1284 1255 1278
f 1278 1255 1256
f 1277 1256 1257
f 1257 1256 1254
f 1247 1285 1248
f 1248 1285 1286
f 1261 1287 1247
f 1247 1287 1285
f 1257 1260 1277
f 1277 1260 1288
f 1270 1273 1263
f 1263 1273 1289
f 1261 1247 1262
f 1262 1247 1250
f 1251 1290 1252
f 1252 1290 1291
f 1275 1276 1249
f 1249 1276 1250
f 1253 1258 1254
f 1254 1258 1257
f 1248 1286 1292
f 1292 1286 1293
f 1284 1280 1294
f 1294 1280 1279
f 1281 1280 1266
f 1266 1280 1283
f 1292 1293 1281
f 1281 1293 1282
f 1263 1266 1270
f 1270 1266 1283
f 1255 1284 1295
f 1295 1284 1294
f 1252 1291 1261
f 1261 1291 1287
f 1288 1070 1272
f 1272 1070 942
f 1290 1251 1295
f 1295 1251 1255
f 1269 1259 1274
f 1274 1259 1258
f 1280 1284 1283
f 1283 1284 1278
f 1281 1266 1292
f 1292 1266 1265
f 1292 1265 1248
f 1248 1265 1249
f 1295 1294 1297
f 1297 1294 1296
f 1295 1297 1290
f 1290 1297 1298
f 1290 1298 1291
f 1291 1298 1299
f 1291 1299 1287
f 1287 1299 1300
f 1294 1279 1296
f 1296 1279 1301
f 1279 1282 1301
f 1301 1282 1302
f 1302 1282 1303
f 1303 1282 1293
f 1304 1305 1301
f 1301 1305 1296
f 1307 1308 1306
f 1306 1308 1309
f 1310 1311 1307
f 1307 1311 1308
f 1308 1311 1313
f 1313 1311 1312
f 1314 1315 1313
f 1313 1315 1316
f 1312 1317 1313
f 1313 1317 1314
f 1316 1309 1313
f 1313 1309 1308
f 1318 1319 1309
f 1309 1319 1306
f 1311 1310 1312
f 1312 1310 1320
f 1310 1298 1320
f 1320 1298 1297
f 1310 1321 1298
f 1298 1321 1299
f 1307 1322 1310
f 1310 1322 1321
f 1322 1307 1323
f 1323 1307 1306
f 1312 1320 1317
f 1317 1320 1305
f 1305 1320 1296
f 1296 1320 1297
f 1319 1324 1306
f 1306 1324 1323
f 1325 1322 1326
f 1326 1322 1323
f 1324 1327 1323
f 1323 1327 1326
f 1328 1325 1329
f 1329 1325 1326
f 1325 1328 1331
f 1331 1328 1330
f 1327 1332 1326
f 1326 1332 1329
f 1322 1325 1321
f 1321 1325 1331
f 1321 1331 1299
f 1299 1331 1300
f 1324 1319 1334
f 1334 1319 1333
f 1319 1318 1333
f 1333 1318 1335
f 1314 1317 1336
f 1336 1317 1305
f 1315 1314 1337
f 1337 1314 1336
f 1305 1304 1336
f 1336 1304 1338
f 1337 1336 1339
f 1339 1336 1338
f 1337 1340 1315
f 1315 1340 1341
f 1335 1341 1333
f 1333 1341 1340
f 1287 1300 1285
f 1285 1300 1342
f 1286 1343 1293
f 1293 1343 1303
f 1343 1286 1342
f 1342 1286 1285
f 1342 1330 1343
f 1343 1330 1344
f 1330 1328 1344
f 1344 1328 1345
f 1343 1344 1303
f 1303 1344 1346
f 1342 1300 1330
f 1330 1300 1331
f 1347 1302 1346
f 1346 1302 1303
f 1347 1304 1302
f 1302 1304 1301
f 1348 1338 1347
f 1347 1338 1304
f 1348 1347 1349
f 1349 1347 1346
f 1350 1348 1351
f 1351 1348 1349
f 1344 1345 1346
f 1346 1345 1349
f 1345 1352 1349
f 1349 1352 1351
f 1348 1350 1338
f 1338 1350 1339
f 1354 1339 1353
f 1353 1339 1350
f 1353 1356 1355
f 1355 1356 1357
f 1353 1350 1356
f 1356 1350 1351
f 1353 1355 1354
f 1354 1355 1334
f 1354 1334 1340
f 1340 1334 1333
f 1340 1337 1354
f 1354 1337 1339
f 1328 1329 1345
f 1345 1329 1352
f 1357 1352 1332
f 1332 1352 1329
f 1357 1356 1352
f 1352 1356 1351
f 1357 1332 1355
f 1355 1332 1327
f 1327 1324 1355
f 1355 1324 1334
f 1309 1316 1318
f 1318 1316 1335
f 1335 1316 1341
f 1341 1316 1315
f 1259 1072 1260
f 1260 1072 1071
f 1358 1264 1289
f 1289 1264 1263
f 1268 1267 1275
f 1275 1267 1276
f 1267 1269 1276
f 1276 1269 1274
f 941 1273 942
f 942 1273 1272
f 1358 1268 1264
f 1264 1268 1275
f 1260 1071 1288
f 1288 1071 1070
f 1273 941 1289
f 1289 941 977
f 1272 1271 1288
f 1288 1271 1277
f 1259 1269 1072
f 1072 1269 1026
f 1360 1361 1359
f 1359 1361 1362
f 1364 1365 1363
f 1363 1365 1366
f 1363 1366 1367
f 1367 1366 1368
f 1370 1371 1369
f 1369 1371 1372
f 1373 1374 1376
f 1376 1374 1375
f 1377 1378 1364
f 1364 1378 1365
f 1379 1380 1382
f 1382 1380 1381
f 1383 1384 1386
f 1386 1384 1385
f 1387 1385 978
f 978 1385 1384
f 1388 1389 1391
f 1391 1389 1390
f 1378 1392 1365
f 1365 1392 1370
f 1374 1383 1375
f 1375 1383 1386
f 1380 1393 1381
f 1381 1393 1361
f 1394 1392 1362
f 1362 1392 1378
f 1389 1396 1395
f 1395 1396 1368
f 1398 1399 1397
f 1397 1399 1400
f 1388 1401 1389
f 1389 1401 1396
f 1402 1367 1396
f 1396 1367 1368
f 1395 1368 1369
f 1369 1368 1366
f 1359 1403 1360
f 1360 1403 1404
f 1377 1405 1359
f 1359 1405 1403
f 1369 1372 1395
f 1395 1372 1406
f 1379 1388 1376
f 1376 1388 1391
f 1359 1362 1377
f 1377 1362 1378
f 1363 1407 1364
f 1364 1407 1408
f 1393 1394 1361
f 1361 1394 1362
f 1365 1370 1366
f 1366 1370 1369
f 1360 1404 1409
f 1409 1404 1410
f 1402 1398 1411
f 1411 1398 1397
f 1399 1398 1382
f 1382 1398 1401
f 1409 1410 1399
f 1399 1410 1400
f 1388 1379 1401
f 1401 1379 1382
f 1367 1402 1412
f 1412 1402 1411
f 1364 1408 1377
f 1377 1408 1405
f 981 980 1406
f 1406 980 1390
f 1407 1363 1412
f 1412 1363 1367
f 1387 1371 1392
f 1392 1371 1370
f 1398 1402 1401
f 1401 1402 1396
f 1409 1399 1381
f 1381 1399 1382
f 1360 1409 1361
f 1361 1409 1381
f 1412 1411 1414
f 1414 1411 1413
f 1412 1414 1407
f 1407 1414 1415
f 1407 1415 1408
f 1408 1415 1416
f 1408 1416 1405
f 1405 1416 1417
f 1411 1397 1413
f 1413 1397 1418
f 1397 1400 1418
f 1418 1400 1419
f 1419 1400 1420
f 1420 1400 1410
f 1422 1413 1421
f 1421 1413 1418
f 1423 1424 1426
f 1426 1424 1425
f 1427 1428 1424
f 1424 1428 1425
f 1425 1428 1430
f 1430 1428 1429
f 1430 1431 1433
f 1433 1431 1432
f 1429 1434 1430
f 1430 1434 1431
f 1433 1426 1430
f 1430 1426 1425
f 1426 1435 1423
f 1423 1435 1436
f 1428 1427 1429
f 1429 1427 1437
f 1427 1415 1437
f 1437 1415 1414
f 1427 1438 1415
f 1415 1438 1416
f 1439 1438 1424
f 1424 1438 1427
f 1440 1439 1423
f 1423 1439 1424
f 1429 1437 1434
f 1434 1437 1422
f 1422 1437 1413
f 1413 1437 1414
f 1441 1440 1436
f 1436 1440 1423
f 1442 1439 1443
f 1443 1439 1440
f 1441 1444 1440
f 1440 1444 1443
f 1445 1442 1446
f 1446 1442 1443
f 1442 1445 1448
f 1448 1445 1447
f 1444 1449 1443
f 1443 1449 1446
f 1439 1442 1438
f 1438 1442 1448
f 1438 1448 1416
f 1416 1448 1417
f 1436 1450 1441
f 1441 1450 1451
f 1436 1435 1450
f 1450 1435 1452
f 1431 1434 1453
f 1453 1434 1422
f 1431 1453 1432
f 1432 1453 1454
f 1453 1422 1455
f 1455 1422 1421
f 1454 1453 1456
f 1456 1453 1455
f 1457 1458 1454
f 1454 1458 1432
f 1452 1458 1450
f 1450 1458 1457
f 1405 1417 1403
f 1403 1417 1459
f 1404 1460 1410
f 1410 1460 1420
f 1459 1460 1403
f 1403 1460 1404
f 1447 1461 1459
f 1459 1461 1460
f 1445 1462 1447
f 1447 1462 1461
f 1460 1461 1420
f 1420 1461 1463
f 1459 1417 1447
f 1447 1417 1448
f 1464 1419 1463
f 1463 1419 1420
f 1419 1464 1418
f 1418 1464 1421
f 1464 1465 1421
f 1421 1465 1455
f 1465 1464 1466
f 1466 1464 1463
f 1467 1465 1468
f 1468 1465 1466
f 1461 1462 1463
f 1463 1462 1466
f 1462 1469 1466
f 1466 1469 1468
f 1465 1467 1455
f 1455 1467 1456
f 1471 1456 1470
f 1470 1456 1467
f 1470 1473 1472
f 1472 1473 1474
f 1470 1467 1473
f 1473 1467 1468
f 1470 1472 1471
f 1471 1472 1451
f 1471 1451 1457
f 1457 1451 1450
f 1457 1454 1471
f 1471 1454 1456
f 1462 1445 1469
f 1469 1445 1446
f 1474 1469 1449
f 1449 1469 1446
f 1474 1473 1469
f 1469 1473 1468
f 1472 1474 1444
f 1444 1474 1449
f 1444 1441 1472
f 1472 1441 1451
f 1426 1433 1435
f 1435 1433 1452
f 1452 1433 1458
f 1458 1433 1432
f 1371 940 1372
f 1372 940 1068
f 1376 1375 1379
f 1379 1375 1380
f 1393 1386 1394
f 1394 1386 1385
f 1385 1387 1394
f 1394 1387 1392
f 1475 1373 1391
f 1391 1373 1376
f 1375 1386 1380
f 1380 1386 1393
f 1372 1068 1406
f 1406 1068 981
f 1406 1390 1395
f 1395 1390 1389
f 1371 1387 940
f 940 1387 978
f 883 807 1476
f 1476 807 1477
f 1046 904 1479
f 1479 904 1478
f 904 903 1478
f 1478 903 1480
f 1030 1481 1028
f 1028 1481 1482
f 810 1046 1483
f 1483 1046 1479
f 1066 883 1484
f 1484 883 1476
f 807 810 1477
f 1477 810 1483
f 1485 1029 1484
f 1484 1029 1066
f 1028 1482 903
f 903 1482 1480
f 1481 1030 1485
f 1485 1030 1029
f 1484 1486 1485
f 1485 1486 1487
f 1485 1487 1481
f 1481 1487 1488
f 1481 1488 1482
f 1482 1488 1489
f 1482 1489 1480
f 1480 1489 1490
f 1484 1476 1486
f 1486 1476 1491
f 1476 1477 1491
f 1491 1477 1492
f 1477 1483 1492
f 1492 1483 1493
f 1495 1486 1494
f 1494 1486 1491
f 1497 1498 1496
f 1496 1498 1499
f 1500 1501 1497
f 1497 1501 1498
f 1502 1503 1501
f 1501 1503 1498
f 1502 1504 1503
f 1503 1504 1505
f 1506 1499 1503
f 1503 1499 1498
f 1499 1506 1507
f 1507 1506 1508
f 1507 1509 1499
f 1499 1509 1496
f 1502 1501 1510
f 1510 1501 1500
f 1500 1488 1510
f 1510 1488 1487
f 1500 1511 1488
f 1488 1511 1489
f 1497 1512 1500
f 1500 1512 1511
f 1512 1497 1513
f 1513 1497 1496
f 1502 1510 1504
f 1504 1510 1495
f 1495 1510 1486
f 1486 1510 1487
f 1509 1514 1496
f 1496 1514 1513
f 1515 1512 1516
f 1516 1512 1513
f 1514 1517 1513
f 1513 1517 1516
f 1518 1515 1519
f 1519 1515 1516
f 1515 1518 1521
f 1521 1518 1520
f 1517 1522 1516
f 1516 1522 1519
f 1512 1515 1511
f 1511 1515 1521
f 1511 1521 1489
f 1489 1521 1490
f 1514 1509 1524
f 1524 1509 1523
f 1509 1507 1523
f 1523 1507 1508
f 1505 1504 1525
f 1525 1504 1495
f 1526 1505 1527
f 1527 1505 1525
f 1525 1495 1528
f 1528 1495 1494
f 1527 1525 1529
f 1529 1525 1528
f 1527 1530 1526
f 1526 1530 1531
f 1508 1531 1523
f 1523 1531 1530
f 1506 1503 1526
f 1526 1503 1505
f 1508 1506 1531
f 1531 1506 1526
f 1478 1480 1532
f 1532 1480 1490
f 1483 1479 1493
f 1493 1479 1533
f 1532 1533 1478
f 1478 1533 1479
f 1520 1534 1532
f 1532 1534 1533
f 1518 1535 1520
f 1520 1535 1534
f 1533 1534 1493
f 1493 1534 1536
f 1532 1490 1520
f 1520 1490 1521
f 1537 1492 1536
f 1536 1492 1493
f 1492 1537 1491
f 1491 1537 1494
f 1537 1538 1494
f 1494 1538 1528
f 1538 1537 1539
f 1539 1537 1536
f 1540 1538 1541
f 1541 1538 1539
f 1534 1535 1536
f 1536 1535 1539
f 1535 1542 1539
f 1539 1542 1541
f 1538 1540 1528
f 1528 1540 1529
f 1544 1529 1543
f 1543 1529 1540
f 1545 1543 1547
f 1547 1543 1546
f 1543 1540 1546
f 1546 1540 1541
f 1543 1545 1544
f 1544 1545 1524
f 1544 1524 1530
f 1530 1524 1523
f 1530 1527 1544
f 1544 1527 1529
f 1535 1518 1542
f 1542 1518 1519
f 1547 1542 1522
f 1522 1542 1519
f 1547 1546 1542
f 1542 1546 1541
f 1545 1547 1517
f 1517 1547 1522
f 1517 1514 1545
f 1545 1514 1524
f 997 995 986
f 986 995 987
f 987 995 988
f 988 995 971
f 976 1358 977
f 977 1358 1289
f 854 853 1067
f 1067 853 1050
f 1055 985 1069
f 1069 985 962
f 1068 961 981
f 981 961 862
f 1268 1358 920
f 920 1358 976
f 920 976 921
f 921 976 975
f 927 1054 850
f 850 1054 851
f 882 881 1057
f 1057 881 1548
f 1548 1374 1057
f 1057 1374 1373
f 1383 1374 1549
f 1549 1374 1548
f 1549 1548 1550
f 1550 1548 881
f 1550 881 1551
f 1551 881 880
f 933 1552 879
f 879 1552 880
f 1551 880 875
f 875 880 1552
f 1553 1551 878
f 878 1551 875
f 1551 1553 1550
f 1550 1553 1554
f 1550 1554 1549
f 1549 1554 1555
f 978 1384 975
f 975 1384 1555
f 967 849 1556
f 1556 849 852
f 875 1552 876
f 876 1552 933
f 961 939 962
f 962 939 1069
f 1555 1054 975
f 975 1054 921
f 1555 1384 1549
f 1549 1384 1383
f 1391 1390 1475
f 1475 1390 980
f 1373 1475 1057
f 1057 1475 980
f 851 1054 1554
f 1554 1054 1555
f 1554 1553 851
f 851 1553 852
f 878 1556 1553
f 1553 1556 852
f 1556 878 967
f 967 878 877
f 1023 1020 877
f 877 1020 967
f 909 811 1034
f 806 779 873
f 873 779 840
f 805 780 806
f 806 780 779
f 1043 893 1044
f 1044 893 892
f 873 840 847
f 847 840 842
f 840 839 842
f 842 839 843
f 839 791 843
f 843 791 908
f 791 790 908
f 908 790 792
f 809 789 810
f 810 789 1046
f 793 790 809
f 809 790 789
f 809 808 793
f 793 808 1009
f 808 884 1009
f 1009 884 1010
f 1065 1015 884
f 884 1015 1010
f 1032 868 1065
f 1065 868 1015
f 1031 822 1032
f 1032 822 868
f 1031 1027 822
f 822 1027 785
f 1045 905 1046
f 1046 905 904
f 788 781 1019
f 1019 781 894
f 781 780 894
f 894 780 892
f 780 805 892
f 892 805 1044
f 805 804 1044
f 1044 804 891
f 804 1064 891
f 891 1064 888
f 1064 1021 888
f 888 1021 1033
f 1021 1020 1033
f 1033 1020 1034
f 1020 1023 1034
f 1034 1023 909
f 1023 1022 909
f 909 1022 910
f 1043 815 893
f 893 815 819
f 819 815 820
f 820 815 818
f 870 869 818
f 818 869 820
f 1014 1011 870
f 870 1011 869
f 969 972 1014
f 1014 972 1011
f 1036 1063 1022
f 1022 1063 910
f 1035 833 1036
f 1036 833 1063
f 1035 932 979
f 979 932 963
f 834 979 982
f 982 979 958
f 833 1035 834
f 834 1035 979
f 982 863 834
f 834 863 830
f 864 900 831
f 831 900 857
f 990 993 864
f 864 993 900
f 989 994 990
f 990 994 993
f 970 1058 989
f 989 1058 994
f 969 1018 970
f 970 1018 1058
f 1027 902 785
f 785 902 786
f 902 905 786
f 786 905 1019
f 905 1045 1019
f 1019 1045 788
f 788 1045 787
f 787 1045 789
o hand_right
v 0.114522 0.272466 0.954829
v 0.121473 0.272866 0.962598
v 0.114317 0.265738 0.958462
v 0.108220 0.265515 0.952468
v 0.128573 0.256946 0.970208
v 0.127567 0.250888 0.981254
v 0.115949 0.244562 0.970840
v 0.119091 0.250830 0.962918
v 0.100639 0.261826 0.951191
v 0.108294 0.260537 0.955070
v 0.094031 0.262875 0.954383
v 0.085697 0.266563 0.951265
v 0.092977 0.263876 0.947574
v 0.080960 0.268756 0.945454
v 0.083266 0.273043 0.960165
v 0.077744 0.277563 0.946751
v 0.094518 0.298894 0.957533
v 0.103801 0.308134 0.954389
v 0.096229 0.307168 0.938846
v 0.088019 0.297045 0.943231
v 0.114897 0.317013 0.938650
v 0.104172 0.311755 0.937975
v 0.111004 0.313660 0.953723
v 0.120268 0.318211 0.953523
v 0.125772 0.283583 0.956226
v 0.132858 0.284455 0.964715
v 0.128484 0.281060 0.964905
v 0.121797 0.279962 0.956831
v 0.088966 0.256461 0.962078
v 0.089053 0.262152 0.969831
v 0.089068 0.263816 0.961859
v 0.091870 0.257263 0.957199
v 0.156313 0.287550 0.980727
v 0.157502 0.291922 0.993557
v 0.153337 0.288394 0.995768
v 0.152982 0.285452 0.983555
v 0.140183 0.267665 0.995981
v 0.141540 0.276746 1.003618
v 0.132496 0.278110 1.014449
v 0.128120 0.271095 1.007630
v 0.134953 0.257947 0.987995
v 0.126219 0.259486 0.999455
v 0.120247 0.250627 0.990441
v 0.109953 0.243022 0.977988
v 0.164602 0.301818 0.989391
v 0.165233 0.299721 0.979432
v 0.084149 0.253731 0.899625
v 0.088689 0.257093 0.897772
v 0.088279 0.258614 0.900862
v 0.083643 0.255136 0.902059
v 0.160094 0.320147 0.981782
v 0.152637 0.326825 0.983724
v 0.157186 0.326938 0.989373
v 0.163046 0.319555 0.988672
v 0.156139 0.320786 0.972673
v 0.146377 0.325846 0.975863
v 0.073732 0.256200 0.892474
v 0.076064 0.252994 0.895766
v 0.073819 0.255909 0.898677
v 0.071770 0.259895 0.895844
v 0.101240 0.265090 0.946417
v 0.109040 0.270636 0.946770
v 0.093492 0.265721 0.930802
v 0.099319 0.268774 0.936872
v 0.094378 0.265068 0.940591
v 0.089245 0.263573 0.935334
v 0.116501 0.285069 0.935303
v 0.121916 0.285615 0.945663
v 0.116792 0.281495 0.945902
v 0.110289 0.279080 0.934858
v 0.133795 0.292701 0.942418
v 0.127254 0.291941 0.932609
v 0.134788 0.296057 0.931905
v 0.138684 0.295181 0.938779
v 0.113474 0.289763 0.917377
v 0.109626 0.290423 0.911843
v 0.112583 0.290900 0.910937
v 0.116482 0.291702 0.917165
v 0.160705 0.327650 0.995423
v 0.164934 0.318768 0.995606
v 0.135411 0.323935 0.936878
v 0.146391 0.321864 0.938164
v 0.143410 0.322231 0.925582
v 0.132210 0.324608 0.927421
v 0.142469 0.328092 0.986050
v 0.147775 0.330375 0.991286
v 0.074748 0.261046 0.888876
v 0.073160 0.264754 0.892246
v 0.111900 0.259038 0.997026
v 0.102760 0.247458 0.983272
v 0.117641 0.270551 1.005952
v 0.120641 0.279884 1.011727
v 0.123281 0.285384 1.018258
v 0.101533 0.272249 0.931410
v 0.115323 0.277004 0.949560
v 0.129741 0.286550 0.955280
v 0.154694 0.300698 0.943592
v 0.159517 0.300513 0.953069
v 0.151160 0.293703 0.952454
v 0.148302 0.295820 0.944402
v 0.153309 0.315201 0.935744
v 0.152904 0.307353 0.933972
v 0.149059 0.307932 0.925825
v 0.149431 0.315623 0.925830
v 0.087209 0.251471 0.967485
v 0.090200 0.259628 0.976966
v 0.164942 0.310734 0.980937
v 0.165527 0.309645 0.988616
v 0.166430 0.311272 0.996926
v 0.144542 0.284476 0.973045
v 0.150866 0.283742 0.985482
v 0.148227 0.280012 0.986068
v 0.141912 0.283161 0.973780
v 0.130582 0.270499 0.968327
v 0.138518 0.265915 0.978285
v 0.122430 0.263268 0.961528
v 0.148602 0.283601 1.000327
v 0.155885 0.290027 1.005654
v 0.149441 0.285406 1.009723
v 0.161749 0.297088 1.002129
v 0.165660 0.304464 0.998892
v 0.151097 0.334519 0.997791
v 0.142256 0.282273 1.012860
v 0.111697 0.247323 0.958221
v 0.105219 0.244234 0.954024
v 0.102879 0.251249 0.951586
v 0.108951 0.254868 0.954786
v 0.076662 0.269121 0.937108
v 0.082992 0.264112 0.936329
v 0.087379 0.264382 0.944387
v 0.155698 0.289881 0.969391
v 0.163577 0.299953 0.968751
v 0.095211 0.269586 0.925451
v 0.071087 0.262921 0.900731
v 0.073365 0.258155 0.903450
v 0.075142 0.263845 0.921712
v 0.071925 0.269405 0.918831
v 0.091524 0.275285 0.916988
v 0.093441 0.270187 0.921023
v 0.092407 0.270959 0.918573
v 0.091828 0.275384 0.913659
v 0.120759 0.295353 0.912059
v 0.124080 0.295991 0.917482
v 0.084572 0.292921 0.927866
v 0.074862 0.286465 0.935745
v 0.080701 0.288298 0.947280
v 0.122697 0.289244 0.934590
v 0.118435 0.289252 0.925030
v 0.121689 0.291780 0.924276
v 0.101498 0.274652 0.927155
v 0.096636 0.274034 0.921632
v 0.100343 0.277469 0.922306
v 0.105437 0.278434 0.927218
v 0.149828 0.322733 0.950861
v 0.158174 0.315106 0.947825
v 0.079703 0.252175 0.898614
v 0.078280 0.254159 0.901208
v 0.127831 0.289716 0.944783
v 0.088701 0.289362 0.959923
v 0.134274 0.289448 0.954194
v 0.118847 0.314878 0.916712
v 0.124893 0.310849 0.912811
v 0.122942 0.307807 0.908310
v 0.117662 0.310884 0.908582
v 0.089653 0.270781 0.899225
v 0.091538 0.265706 0.901246
v 0.090503 0.263773 0.897937
v 0.088772 0.268404 0.894628
v 0.091736 0.265875 0.924736
v 0.087452 0.262657 0.928595
v 0.087188 0.262025 0.922499
v 0.090654 0.266318 0.920096
v 0.081184 0.263042 0.929166
v 0.080865 0.261342 0.923276
v 0.084217 0.273944 0.897211
v 0.076711 0.272929 0.896425
v 0.078311 0.280248 0.912727
v 0.085793 0.278981 0.910510
v 0.124542 0.320400 0.967840
v 0.134723 0.324335 0.965435
v 0.130624 0.322434 0.951120
v 0.126459 0.321668 0.936974
v 0.122214 0.319515 0.923769
v 0.110250 0.317168 0.925938
v 0.138595 0.324477 0.950787
v 0.090147 0.282974 0.918432
v 0.080822 0.285021 0.922695
v 0.086544 0.287797 0.921513
v 0.140843 0.292011 0.951646
v 0.078122 0.255675 0.905421
v 0.114982 0.303060 1.007382
v 0.119953 0.314622 1.002459
v 0.115966 0.310914 0.995675
v 0.111048 0.297437 1.001089
v 0.089523 0.259693 0.904041
v 0.084655 0.255708 0.905912
v 0.128997 0.299434 0.914575
v 0.125005 0.298702 0.910050
v 0.125670 0.301814 0.907827
v 0.131612 0.302359 0.910162
v 0.140628 0.325541 0.965530
v 0.142255 0.320704 0.917469
v 0.132208 0.323249 0.919270
v 0.137883 0.325895 0.978036
v 0.128774 0.323025 0.980298
v 0.132216 0.325376 0.989053
v 0.098688 0.307432 0.922042
v 0.116878 0.316331 0.967658
v 0.122302 0.318908 0.980792
v 0.126117 0.321509 0.991305
v 0.128928 0.324289 0.998609
v 0.135509 0.328015 0.995359
v 0.072817 0.268396 0.897608
v 0.077417 0.269608 0.890027
v 0.138588 0.332492 1.002437
v 0.131385 0.327544 1.005761
v 0.115208 0.313098 0.982261
v 0.107907 0.304967 0.984445
v 0.110301 0.310734 0.969453
v 0.102269 0.302725 0.970443
v 0.089450 0.305450 0.927390
v 0.087698 0.259594 0.879509
v 0.084816 0.267299 0.887044
v 0.089207 0.265793 0.890613
v 0.091537 0.259905 0.881580
v 0.084135 0.270807 0.891721
v 0.079169 0.265800 0.886672
v 0.095937 0.290103 0.974083
v 0.096863 0.277960 0.917605
v 0.103319 0.288506 0.989962
v 0.088030 0.275192 0.973215
v 0.095162 0.272052 0.984276
v 0.110751 0.284276 1.005317
v 0.104489 0.270951 0.997535
v 0.118180 0.295341 1.016905
v 0.114454 0.291163 1.010356
v 0.098394 0.258941 0.988403
v 0.089841 0.249638 0.892264
v 0.093376 0.253995 0.890485
v 0.118006 0.306616 1.014106
v 0.114849 0.258330 0.957517
v 0.145423 0.289691 0.961313
v 0.140255 0.287964 0.962810
v 0.161543 0.300396 0.959168
v 0.152991 0.292014 0.960006
v 0.085039 0.247177 0.891602
v 0.106639 0.292955 0.908199
v 0.108047 0.292879 0.910154
v 0.109772 0.241148 0.964275
v 0.104592 0.239133 0.959690
v 0.093776 0.239681 0.967207
v 0.099659 0.237128 0.964088
v 0.104364 0.239358 0.970726
v 0.098283 0.242322 0.974581
v 0.146658 0.285450 0.971945
v 0.149785 0.287165 0.970317
v 0.153529 0.321809 0.962334
v 0.161251 0.313897 0.958797
v 0.075955 0.267056 0.928894
v 0.073563 0.276286 0.935538
v 0.073221 0.273159 0.926940
v 0.073112 0.276317 0.917235
v 0.093249 0.279507 0.915779
v 0.087625 0.280274 0.916914
v 0.144121 0.273357 0.982540
v 0.137226 0.278322 0.972649
v 0.103264 0.258578 0.954185
v 0.097809 0.256385 0.952463
v 0.111638 0.283676 0.927748
v 0.096115 0.300466 0.912380
v 0.089187 0.298185 0.917276
v 0.106418 0.283554 0.920437
v 0.079600 0.248809 0.885233
v 0.082030 0.246888 0.889151
v 0.074014 0.280283 0.925699
v 0.129312 0.295366 0.923101
v 0.102057 0.304102 0.914905
v 0.101487 0.298235 0.908138
v 0.147621 0.314659 0.920249
v 0.123415 0.317472 1.010000
v 0.091435 0.261889 0.894269
v 0.094474 0.258020 0.887359
v 0.083591 0.258143 0.879563
v 0.079494 0.254093 0.881853
v 0.163093 0.311302 0.969218
v 0.136743 0.286729 0.963460
v 0.093500 0.250888 0.979043
v 0.089467 0.245550 0.968892
v 0.103803 0.284309 0.916334
v 0.126048 0.317419 0.916724
v 0.109390 0.313544 0.916539
v 0.108754 0.309452 0.907551
v 0.104348 0.303049 0.906995
v 0.104994 0.295829 0.907000
v 0.086755 0.254151 0.876474
v 0.082799 0.250436 0.878892
v 0.082624 0.245639 0.882829
v 0.084472 0.244270 0.886648
v 0.087458 0.245552 0.889488
v 0.091098 0.255550 0.876239
v 0.094394 0.255889 0.878437
v 0.096055 0.256003 0.884571
v 0.094877 0.252220 0.874941
v 0.092173 0.247829 0.873203
v 0.092929 0.236072 0.880927
v 0.088411 0.239840 0.880112
v 0.090153 0.239175 0.878108
v 0.094135 0.236099 0.877937
v 0.098253 0.233385 0.876284
v 0.097374 0.232769 0.879606
v 0.089599 0.243210 0.875706
v 0.095134 0.239335 0.874805
v 0.097349 0.242478 0.873059
v 0.101339 0.238740 0.871915
v 0.099417 0.235804 0.873216
v 0.093291 0.244829 0.873473
v 0.087607 0.244760 0.875841
v 0.101252 0.231709 0.877340
v 0.100608 0.232203 0.874997
v 0.102056 0.234199 0.872862
v 0.104662 0.233205 0.874023
v 0.087845 0.241439 0.885685
v 0.093792 0.236133 0.883426
v 0.099243 0.233982 0.881853
v 0.102898 0.232861 0.879309
v 0.097272 0.237724 0.885058
v 0.101148 0.235947 0.882958
v 0.104436 0.235433 0.880703
v 0.100692 0.240332 0.885200
v 0.103338 0.238300 0.882909
v 0.092694 0.246901 0.888979
v 0.089232 0.244371 0.889053
v 0.105308 0.237183 0.881686
v 0.106184 0.234163 0.875282
v 0.098342 0.246074 0.873129
v 0.103379 0.241031 0.872804
v 0.100001 0.247540 0.874205
v 0.104966 0.242674 0.873458
v 0.105806 0.237397 0.871917
v 0.103378 0.236635 0.871900
v 0.091165 0.249048 0.890412
v 0.094825 0.253492 0.888162
v 0.096229 0.251643 0.886724
v 0.103336 0.244101 0.883546
v 0.097929 0.253689 0.883175
v 0.097850 0.252739 0.877491
v 0.102378 0.247660 0.876146
v 0.103797 0.247080 0.879301
v 0.105856 0.243482 0.875727
v 0.105975 0.243109 0.878249
v 0.105499 0.240943 0.881458
v 0.107499 0.239735 0.876037
v 0.106922 0.238529 0.873411
v 0.106829 0.236421 0.877728
v 0.107300 0.240616 0.877753
v 0.106314 0.238329 0.879498
v 0.101842 0.268597 0.887812
v 0.106203 0.272796 0.885510
v 0.103374 0.275145 0.888485
v 0.099830 0.271322 0.890096
v 0.089837 0.270118 0.880685
v 0.093456 0.267196 0.884713
v 0.090421 0.270261 0.887291
v 0.087573 0.274695 0.883321
v 0.090746 0.275636 0.876728
v 0.088941 0.280348 0.880274
v 0.085927 0.277786 0.888378
v 0.089662 0.273016 0.892235
v 0.090222 0.281578 0.911352
v 0.086373 0.286773 0.908865
v 0.106491 0.288236 0.907746
v 0.105284 0.291099 0.905266
v 0.098031 0.267066 0.887163
v 0.095405 0.269720 0.889490
v 0.105808 0.284185 0.887894
v 0.106586 0.279658 0.890868
v 0.106170 0.278527 0.886301
v 0.104936 0.282340 0.882419
v 0.098375 0.280078 0.912770
v 0.102663 0.284420 0.910746
v 0.094602 0.279665 0.912345
v 0.101348 0.287934 0.884617
v 0.094702 0.288782 0.883161
v 0.093662 0.297439 0.901893
v 0.099809 0.296441 0.901255
v 0.094543 0.271131 0.894105
v 0.104054 0.274969 0.892967
v 0.100109 0.271770 0.894514
v 0.088261 0.284334 0.885693
v 0.095294 0.284364 0.877570
v 0.107226 0.271427 0.867902
v 0.102876 0.280573 0.875003
v 0.106664 0.279013 0.878286
v 0.111584 0.270655 0.870334
v 0.101068 0.284606 0.878821
v 0.096986 0.279707 0.874327
v 0.109910 0.259987 0.879030
v 0.114012 0.264351 0.876702
v 0.105825 0.257797 0.878745
v 0.087840 0.293303 0.905566
v 0.097260 0.260969 0.873850
v 0.101737 0.257899 0.877549
v 0.108251 0.276502 0.882495
v 0.114451 0.268058 0.873347
v 0.102801 0.270240 0.867399
v 0.097058 0.266646 0.870265
v 0.105524 0.265493 0.864629
v 0.100870 0.261868 0.866937
v 0.100667 0.256712 0.870827
v 0.104239 0.255053 0.875014
v 0.107667 0.255941 0.876870
v 0.109639 0.266690 0.864981
v 0.113718 0.266694 0.867420
v 0.115433 0.265552 0.871950
v 0.115158 0.261643 0.863556
v 0.111741 0.258977 0.861903
v 0.115612 0.242283 0.868453
v 0.111125 0.246180 0.869115
v 0.111456 0.246727 0.866575
v 0.115628 0.243255 0.865806
v 0.106486 0.250149 0.867859
v 0.108215 0.249942 0.866078
v 0.109022 0.253729 0.863444
v 0.113708 0.249765 0.863559
v 0.116185 0.253625 0.861993
v 0.120125 0.249712 0.860723
v 0.117707 0.245702 0.861950
v 0.112210 0.255467 0.862017
v 0.118650 0.241644 0.864680
v 0.120488 0.240654 0.866168
v 0.106387 0.255423 0.863499
v 0.105982 0.251994 0.873419
v 0.112414 0.246084 0.871960
v 0.117839 0.242560 0.870857
v 0.123005 0.241688 0.867550
v 0.115823 0.247404 0.874079
v 0.120425 0.244126 0.872072
v 0.124270 0.243717 0.868838
v 0.119670 0.250117 0.874841
v 0.123621 0.246911 0.872191
v 0.112386 0.257275 0.877223
v 0.108905 0.253952 0.876711
v 0.124752 0.245693 0.870141
v 0.122867 0.242373 0.862337
v 0.125351 0.243177 0.864460
v 0.121175 0.243109 0.862027
v 0.117611 0.255257 0.861965
v 0.122054 0.250692 0.861393
v 0.119902 0.256638 0.862992
v 0.124220 0.251187 0.862361
v 0.124362 0.246619 0.860968
v 0.122833 0.245973 0.860642
v 0.110993 0.258860 0.876990
v 0.114471 0.262932 0.875003
v 0.115670 0.261510 0.875291
v 0.122532 0.253985 0.872518
v 0.116984 0.264017 0.871496
v 0.117097 0.263027 0.866476
v 0.121616 0.257608 0.865098
v 0.123218 0.256613 0.868654
v 0.125750 0.252299 0.863497
v 0.125728 0.253000 0.866678
v 0.125517 0.250192 0.870606
v 0.127357 0.247927 0.863379
v 0.125896 0.246964 0.861774
v 0.126114 0.244564 0.866023
v 0.127259 0.249502 0.865906
v 0.126387 0.246847 0.868269
v 0.118845 0.281135 0.888792
v 0.123580 0.284469 0.888802
v 0.122085 0.286513 0.891543
v 0.117239 0.283449 0.891338
v 0.110198 0.286317 0.880633
v 0.111498 0.282369 0.883396
v 0.109360 0.285055 0.886401
v 0.107493 0.289847 0.884466
v 0.113069 0.290020 0.877365
v 0.109751 0.295126 0.882317
v 0.105317 0.293107 0.888556
v 0.107661 0.287532 0.889788
v 0.105901 0.293954 0.903252
v 0.104072 0.299962 0.900859
v 0.114854 0.280930 0.886475
v 0.113129 0.283120 0.889078
v 0.125535 0.294647 0.890558
v 0.124877 0.290311 0.892837
v 0.125121 0.290558 0.889537
v 0.125142 0.294056 0.886853
v 0.114545 0.290660 0.908308
v 0.119327 0.294599 0.908436
v 0.110192 0.290578 0.905640
v 0.122007 0.299340 0.887295
v 0.115254 0.301831 0.885835
v 0.116054 0.307775 0.899142
v 0.121214 0.305129 0.901359
v 0.111564 0.284646 0.891819
v 0.121584 0.286464 0.894681
v 0.116571 0.283767 0.894103
v 0.108530 0.298492 0.887180
v 0.116191 0.298111 0.881219
v 0.128727 0.284265 0.868711
v 0.123275 0.294796 0.879888
v 0.126536 0.291784 0.883919
v 0.131973 0.283000 0.871526
v 0.122323 0.297291 0.882945
v 0.118026 0.294355 0.877348
v 0.126754 0.272201 0.878380
v 0.130752 0.276019 0.878113
v 0.122430 0.272307 0.877315
v 0.107756 0.306033 0.899191
v 0.123497 0.300284 0.905172
v 0.118237 0.275213 0.871717
v 0.119890 0.272921 0.875084
v 0.126361 0.288635 0.886852
v 0.133033 0.280224 0.875135
v 0.124000 0.283889 0.867643
v 0.118933 0.280515 0.868879
v 0.127176 0.280418 0.864664
v 0.122281 0.276886 0.865910
v 0.121217 0.271750 0.868529
v 0.122806 0.269782 0.872131
v 0.125223 0.269387 0.874602
v 0.131778 0.280802 0.865938
v 0.134381 0.279719 0.868705
v 0.133712 0.278514 0.873756
v 0.134827 0.277883 0.864189
v 0.131139 0.275453 0.861027
v 0.133926 0.258953 0.860749
v 0.130297 0.262588 0.863373
v 0.130539 0.263351 0.862407
v 0.133925 0.259841 0.859268
v 0.125819 0.267464 0.864401
v 0.127270 0.267118 0.863081
v 0.128129 0.270569 0.861471
v 0.132383 0.266666 0.858737
v 0.136331 0.271138 0.859387
v 0.139008 0.267327 0.857197
v 0.135552 0.263096 0.856122
v 0.131523 0.273380 0.860632
v 0.136330 0.258748 0.857437
v 0.136269 0.256835 0.857901
v 0.126482 0.272222 0.862194
v 0.125604 0.265982 0.869039
v 0.130750 0.261273 0.865948
v 0.134537 0.257389 0.863527
v 0.138117 0.256515 0.861081
v 0.133248 0.261679 0.868804
v 0.136496 0.258455 0.865817
v 0.139641 0.257583 0.863525
v 0.135810 0.263155 0.870278
v 0.138663 0.260422 0.867271
v 0.129760 0.269341 0.875099
v 0.127280 0.266957 0.872683
v 0.140468 0.259237 0.864923
v 0.139422 0.259552 0.855500
v 0.142297 0.259319 0.858612
v 0.138169 0.260725 0.855892
v 0.137258 0.272610 0.860072
v 0.141275 0.268035 0.857483
v 0.139113 0.273335 0.862100
v 0.143020 0.268630 0.859528
v 0.141830 0.264160 0.855751
v 0.140607 0.264118 0.855750
v 0.128243 0.271280 0.876504
v 0.131758 0.274923 0.876365
v 0.133041 0.272925 0.875174
v 0.139333 0.266181 0.870099
v 0.135168 0.276482 0.872797
v 0.136996 0.276790 0.867005
v 0.140458 0.272233 0.864869
v 0.141008 0.269671 0.867595
v 0.143730 0.268070 0.862179
v 0.142933 0.267072 0.864739
v 0.141737 0.263113 0.867321
v 0.144040 0.264191 0.860769
v 0.143673 0.264327 0.857828
v 0.142969 0.259884 0.861679
v 0.143794 0.264081 0.863270
v 0.142857 0.260875 0.864038
v 0.122552 0.297548 0.907313
v 0.139055 0.297530 0.888382
v 0.142979 0.298891 0.889241
v 0.142584 0.300301 0.890618
v 0.138543 0.298696 0.890852
v 0.132577 0.305783 0.883801
v 0.133240 0.301234 0.884968
v 0.131248 0.303242 0.888210
v 0.130678 0.307704 0.887251
v 0.135490 0.310060 0.883393
v 0.134322 0.311844 0.886715
v 0.130032 0.309058 0.890767
v 0.130468 0.304421 0.891991
v 0.127501 0.309138 0.907804
v 0.127858 0.314917 0.908589
v 0.146164 0.313053 0.914637
v 0.145197 0.307418 0.916425
v 0.145134 0.306963 0.907508
v 0.146152 0.312010 0.907244
v 0.135694 0.298582 0.886748
v 0.134268 0.299608 0.889936
v 0.147329 0.309104 0.892054
v 0.146256 0.304391 0.892947
v 0.145936 0.302877 0.890662
v 0.147957 0.306933 0.889354
v 0.141061 0.303696 0.915353
v 0.136400 0.302678 0.914155
v 0.136760 0.301599 0.909481
v 0.141547 0.303326 0.907041
v 0.131490 0.302782 0.907660
v 0.145356 0.312818 0.890960
v 0.140005 0.315396 0.889875
v 0.140721 0.320632 0.907801
v 0.144376 0.317117 0.908177
v 0.133374 0.300783 0.892094
v 0.142771 0.301212 0.893366
v 0.138594 0.299535 0.892556
v 0.133549 0.313781 0.890010
v 0.140745 0.313181 0.886637
v 0.149535 0.305623 0.879126
v 0.147017 0.309711 0.885778
v 0.148607 0.305539 0.887883
v 0.150769 0.303251 0.880933
v 0.146089 0.310792 0.887747
v 0.142017 0.311423 0.883477
v 0.142465 0.294004 0.882737
v 0.147061 0.296610 0.883668
v 0.139496 0.294489 0.881251
v 0.132592 0.319871 0.908371
v 0.136865 0.300262 0.877097
v 0.137571 0.296209 0.878884
v 0.146352 0.301491 0.888932
v 0.149998 0.299940 0.882798
v 0.145612 0.306888 0.876997
v 0.139551 0.305404 0.876331
v 0.147178 0.303845 0.873760
v 0.141204 0.302131 0.873413
v 0.138881 0.296572 0.874885
v 0.139436 0.294067 0.877727
v 0.141221 0.292770 0.880057
v 0.151024 0.303016 0.876323
v 0.152034 0.301162 0.878623
v 0.150942 0.298585 0.881302
v 0.152616 0.300179 0.873668
v 0.149412 0.299026 0.870282
v 0.148639 0.285566 0.869393
v 0.145975 0.288117 0.871296
v 0.146248 0.288945 0.870443
v 0.148392 0.286026 0.868404
v 0.142722 0.292426 0.872284
v 0.144032 0.292443 0.871151
v 0.145057 0.295874 0.870495
v 0.148018 0.292124 0.868111
v 0.152691 0.294809 0.868244
v 0.154459 0.291533 0.866306
v 0.150092 0.289593 0.866076
v 0.148953 0.297320 0.869361
v 0.150047 0.285037 0.866394
v 0.150598 0.283757 0.866497
v 0.143736 0.297431 0.870857
v 0.142182 0.290776 0.876042
v 0.146516 0.286261 0.872948
v 0.149724 0.283541 0.870061
v 0.152536 0.282995 0.867540
v 0.147472 0.286315 0.875360
v 0.151093 0.283016 0.871897
v 0.153862 0.282676 0.869486
v 0.149823 0.287158 0.877638
v 0.152753 0.284151 0.873642
v 0.146299 0.291555 0.881291
v 0.143775 0.290461 0.878957
v 0.154333 0.283606 0.870973
v 0.153200 0.285887 0.864499
v 0.155168 0.284668 0.866390
v 0.152292 0.287154 0.864361
v 0.153789 0.295447 0.868882
v 0.156067 0.291458 0.866666
v 0.155511 0.295624 0.870736
v 0.157452 0.290806 0.868236
v 0.155895 0.288295 0.865036
v 0.154219 0.289116 0.864892
v 0.144727 0.292769 0.881952
v 0.147908 0.295380 0.882535
v 0.149665 0.294265 0.881579
v 0.152992 0.289633 0.878174
v 0.152470 0.297437 0.879935
v 0.153362 0.299489 0.876721
v 0.156234 0.294606 0.873217
v 0.155794 0.292566 0.875968
v 0.157952 0.289596 0.870025
v 0.157325 0.288213 0.872695
v 0.155370 0.286077 0.874269
v 0.157213 0.286255 0.868351
v 0.157063 0.286939 0.866574
v 0.155903 0.284383 0.868360
v 0.157041 0.285836 0.870274
v 0.155951 0.284698 0.870721
v 0.144590 0.316448 0.912676
v 0.082063 0.245890 0.955356
v 0.083818 0.250026 0.951675
v 0.096375 0.243194 0.943767
v 0.091895 0.248661 0.943782
v 0.097284 0.236977 0.946224
v 0.092126 0.232577 0.954728
v 0.096095 0.233874 0.951013
v 0.087340 0.251148 0.946727
v 0.082742 0.240728 0.958345
v 0.086905 0.234926 0.958560
v 0.077136 0.238471 0.952818
v 0.081683 0.232108 0.952757
v 0.086770 0.229110 0.949091
v 0.092095 0.231264 0.945363
v 0.094350 0.234371 0.942107
v 0.078429 0.244849 0.949985
v 0.080885 0.248756 0.946533
v 0.086124 0.249565 0.942465
v 0.075187 0.244627 0.942586
v 0.071664 0.237344 0.936566
v 0.077086 0.224866 0.923187
v 0.080784 0.226198 0.928698
v 0.077953 0.226576 0.929353
v 0.074727 0.224797 0.924542
v 0.080811 0.227166 0.934153
v 0.078686 0.227962 0.933214
v 0.075252 0.231302 0.935560
v 0.072494 0.229672 0.931086
v 0.072189 0.235370 0.934702
v 0.070319 0.235570 0.931156
v 0.069672 0.228316 0.926616
v 0.071260 0.224472 0.922575
v 0.067561 0.227317 0.922566
v 0.072884 0.225173 0.919866
v 0.074299 0.230239 0.937603
v 0.087391 0.228343 0.936884
v 0.084380 0.227532 0.928551
v 0.079963 0.227018 0.921867
v 0.074715 0.227425 0.918313
v 0.086943 0.231110 0.927425
v 0.081972 0.231063 0.921718
v 0.076923 0.231998 0.918783
v 0.087106 0.236001 0.926814
v 0.081799 0.235067 0.922087
v 0.092967 0.239294 0.937524
v 0.092267 0.232775 0.937437
v 0.077957 0.234413 0.920049
v 0.067347 0.228063 0.919838
v 0.069414 0.230741 0.918151
v 0.070003 0.239039 0.931660
v 0.067078 0.234139 0.927227
v 0.067511 0.237181 0.926395
v 0.071692 0.242782 0.932093
v 0.068773 0.239736 0.925494
v 0.065838 0.233521 0.922386
v 0.066072 0.231366 0.924357
v 0.094685 0.240446 0.940600
v 0.091497 0.246286 0.941137
v 0.089687 0.245281 0.938351
v 0.084378 0.242006 0.928063
v 0.084356 0.248724 0.938843
v 0.078500 0.247918 0.940814
v 0.074535 0.245169 0.930953
v 0.079288 0.245339 0.929591
v 0.072011 0.241211 0.924387
v 0.075091 0.241115 0.923849
v 0.079238 0.238716 0.922419
v 0.070987 0.237548 0.920749
v 0.067647 0.236061 0.921172
v 0.072751 0.234166 0.918590
v 0.073672 0.238390 0.921440
v 0.075499 0.236256 0.920156
v 0.146768 0.307491 0.921381
v 0.142133 0.302652 0.921189
v 0.145682 0.303044 0.926418
v 0.150149 0.301887 0.934497
v 0.156497 0.306391 0.941854
v 0.144639 0.297938 0.936150
v 0.140383 0.299315 0.927582
v 0.135024 0.299471 0.919986
v 0.142197 0.294321 0.945487
f 1558 1559 1557
f 1557 1559 1560
f 1561 1562 1564
f 1564 1562 1563
f 1565 1560 1566
f 1566 1560 1559
f 1568 1569 1567
f 1567 1569 1565
f 1570 1568 1572
f 1572 1568 1571
f 1574 1575 1573
f 1573 1575 1576
f 1578 1579 1577
f 1577 1579 1580
f 1582 1583 1581
f 1581 1583 1584
f 1586 1587 1585
f 1585 1587 1588
f 1589 1590 1592
f 1592 1590 1591
f 1593 1594 1596
f 1596 1594 1595
f 1597 1598 1562
f 1562 1598 1599
f 1562 1599 1563
f 1563 1599 1600
f 1601 1590 1602
f 1602 1590 1589
f 1604 1605 1603
f 1603 1605 1606
f 1608 1609 1607
f 1607 1609 1610
f 1612 1608 1611
f 1611 1608 1607
f 1614 1615 1613
f 1613 1615 1616
f 1617 1618 1560
f 1560 1618 1557
f 1620 1621 1619
f 1619 1621 1622
f 1624 1625 1623
f 1623 1625 1626
f 1628 1629 1627
f 1627 1629 1630
f 1632 1633 1631
f 1631 1633 1634
f 1609 1635 1610
f 1610 1635 1636
f 1638 1639 1637
f 1637 1639 1640
f 1641 1642 1608
f 1608 1642 1609
f 1613 1616 1643
f 1643 1616 1644
f 1645 1646 1599
f 1599 1646 1600
f 1599 1598 1645
f 1645 1598 1647
f 1596 1595 1648
f 1648 1595 1649
f 1650 1626 1620
f 1620 1626 1625
f 1569 1617 1565
f 1565 1617 1560
f 1581 1584 1625
f 1625 1584 1651
f 1652 1581 1624
f 1624 1581 1625
f 1654 1655 1653
f 1653 1655 1656
f 1657 1658 1660
f 1660 1658 1659
f 1662 1586 1661
f 1661 1586 1585
f 1607 1610 1663
f 1663 1610 1664
f 1610 1636 1664
f 1664 1636 1665
f 1667 1668 1666
f 1666 1668 1669
f 1671 1561 1670
f 1670 1561 1672
f 1671 1597 1561
f 1561 1597 1562
f 1592 1591 1667
f 1667 1591 1673
f 1591 1674 1673
f 1673 1674 1675
f 1590 1676 1591
f 1591 1676 1674
f 1590 1601 1676
f 1676 1601 1677
f 1681 1682 1680
f 1680 1682 1683
f 1684 1685 1570
f 1570 1685 1686
f 1589 1687 1602
f 1602 1687 1688
f 1689 1650 1619
f 1619 1650 1620
f 1690 1691 1693
f 1693 1691 1692
f 1695 1696 1694
f 1694 1696 1697
f 1633 1698 1634
f 1634 1698 1699
f 1700 1701 1576
f 1576 1701 1702
f 1704 1705 1703
f 1703 1705 1628
f 1707 1708 1706
f 1706 1708 1709
f 1638 1657 1639
f 1639 1657 1660
f 1657 1638 1711
f 1711 1638 1710
f 1712 1713 1614
f 1614 1713 1615
f 1714 1624 1703
f 1703 1624 1623
f 1715 1702 1571
f 1571 1702 1572
f 1624 1714 1652
f 1652 1714 1716
f 1685 1622 1686
f 1686 1622 1621
f 1718 1719 1717
f 1717 1719 1720
f 1722 1723 1721
f 1721 1723 1724
f 1726 1727 1725
f 1725 1727 1728
f 1730 1727 1729
f 1729 1727 1726
f 1732 1733 1731
f 1731 1733 1734
f 1736 1737 1735
f 1735 1737 1580
f 1738 1739 1577
f 1577 1739 1740
f 1637 1741 1638
f 1638 1741 1710
f 1742 1743 1744
f 1744 1743 1700
f 1714 1627 1716
f 1716 1627 1745
f 1746 1691 1713
f 1713 1691 1615
f 1725 1728 1695
f 1695 1728 1696
f 1703 1628 1714
f 1714 1628 1627
f 1748 1749 1747
f 1747 1749 1750
f 1723 1722 1605
f 1605 1722 1751
f 1752 1746 1606
f 1606 1746 1713
f 1753 1754 1756
f 1756 1754 1755
f 1577 1580 1738
f 1738 1580 1737
f 1702 1715 1576
f 1576 1715 1573
f 1738 1737 1637
f 1637 1737 1741
f 1757 1741 1736
f 1736 1741 1737
f 1758 1759 1639
f 1639 1759 1640
f 1761 1762 1760
f 1760 1762 1641
f 1763 1578 1740
f 1740 1578 1577
f 1735 1580 1764
f 1764 1580 1579
f 1764 1765 1735
f 1735 1765 1761
f 1765 1766 1761
f 1761 1766 1762
f 1768 1762 1767
f 1767 1762 1766
f 1735 1761 1736
f 1736 1761 1760
f 1769 1732 1644
f 1644 1732 1770
f 1642 1641 1768
f 1768 1641 1762
f 1749 1773 1774
f 1773 1775 1774
f 1774 1775 1776
f 1775 1574 1776
f 1776 1574 1573
f 1575 1777 1576
f 1576 1777 1700
f 1778 1779 1781
f 1781 1779 1780
f 1731 1782 1732
f 1732 1782 1770
f 1783 1643 1770
f 1770 1643 1644
f 1776 1573 1784
f 1784 1573 1715
f 1690 1769 1616
f 1616 1769 1644
f 1694 1785 1707
f 1707 1785 1708
f 1749 1748 1766
f 1766 1748 1767
f 1786 1750 1774
f 1774 1750 1749
f 1787 1788 1784
f 1784 1788 1786
f 1789 1790 1647
f 1647 1790 1645
f 1791 1792 1649
f 1649 1792 1648
f 1786 1788 1790
f 1790 1788 1793
f 1603 1794 1604
f 1604 1794 1795
f 1796 1747 1791
f 1791 1747 1792
f 1561 1564 1672
f 1672 1564 1797
f 1798 1799 1745
f 1745 1799 1716
f 1800 1801 1654
f 1654 1801 1655
f 1712 1802 1603
f 1603 1802 1794
f 1632 1803 1633
f 1633 1803 1804
f 1806 1681 1805
f 1805 1681 1680
f 1808 1809 1807
f 1807 1809 1810
f 1667 1666 1592
f 1592 1666 1811
f 1812 1589 1811
f 1811 1589 1592
f 1813 1814 1710
f 1710 1814 1711
f 1619 1725 1689
f 1689 1725 1695
f 1622 1726 1619
f 1619 1726 1725
f 1729 1726 1685
f 1685 1726 1622
f 1685 1684 1729
f 1729 1684 1815
f 1684 1816 1815
f 1815 1816 1817
f 1769 1690 1818
f 1818 1690 1693
f 1819 1820 1742
f 1742 1820 1743
f 1668 1821 1669
f 1669 1821 1822
f 1567 1823 1824
f 1790 1789 1786
f 1786 1789 1750
f 1709 1825 1626
f 1626 1825 1623
f 1731 1734 1721
f 1721 1734 1697
f 1706 1709 1650
f 1650 1709 1626
f 1827 1777 1826
f 1826 1777 1763
f 1825 1709 1828
f 1828 1709 1708
f 1677 1601 1665
f 1665 1601 1664
f 1603 1606 1712
f 1712 1606 1713
f 1613 1829 1614
f 1614 1829 1830
f 1701 1831 1816
f 1816 1831 1817
f 1832 1705 1699
f 1699 1705 1634
f 1704 1825 1631
f 1631 1825 1828
f 1763 1833 1826
f 1826 1833 1834
f 1751 1752 1605
f 1605 1752 1606
f 1615 1691 1616
f 1616 1691 1690
f 1639 1660 1758
f 1758 1660 1835
f 1705 1704 1634
f 1634 1704 1631
f 1803 1834 1804
f 1804 1834 1833
f 1739 1738 1640
f 1640 1738 1637
f 1604 1795 1837
f 1837 1795 1838
f 1783 1779 1839
f 1839 1779 1778
f 1779 1782 1780
f 1780 1782 1724
f 1837 1838 1780
f 1780 1838 1781
f 1721 1724 1731
f 1731 1724 1782
f 1820 1819 1694
f 1694 1819 1785
f 1570 1572 1684
f 1684 1572 1816
f 1776 1784 1774
f 1774 1784 1786
f 1643 1783 1840
f 1840 1783 1839
f 1816 1572 1701
f 1701 1572 1702
f 1800 1654 1814
f 1814 1654 1711
f 1614 1830 1712
f 1712 1830 1802
f 1663 1841 1607
f 1607 1841 1611
f 1799 1842 1716
f 1716 1842 1652
f 1790 1793 1645
f 1645 1793 1646
f 1602 1688 1663
f 1663 1688 1841
f 1809 1808 1805
f 1805 1808 1806
f 1842 1582 1652
f 1652 1582 1581
f 1662 1661 1843
f 1843 1661 1844
f 1828 1708 1845
f 1845 1708 1785
f 1694 1707 1695
f 1695 1707 1689
f 1739 1846 1717
f 1717 1846 1718
f 1847 1848 1833
f 1833 1848 1849
f 1707 1706 1689
f 1689 1706 1650
f 1818 1831 1733
f 1733 1831 1743
f 1700 1743 1701
f 1701 1743 1831
f 1829 1613 1840
f 1840 1613 1643
f 1730 1692 1746
f 1746 1692 1691
f 1667 1673 1668
f 1668 1673 1594
f 1673 1675 1594
f 1594 1675 1679
f 1668 1594 1821
f 1821 1594 1593
f 1843 1844 1810
f 1810 1844 1807
f 1784 1715 1787
f 1787 1715 1571
f 1779 1783 1782
f 1782 1783 1770
f 1703 1623 1704
f 1704 1623 1825
f 1780 1724 1837
f 1837 1724 1723
f 1755 1719 1756
f 1756 1719 1718
f 1601 1602 1664
f 1664 1602 1663
f 1837 1723 1604
f 1604 1723 1605
f 1717 1720 1847
f 1847 1720 1848
f 1594 1679 1595
f 1849 1850 1833
f 1833 1850 1804
f 1840 1839 1852
f 1852 1839 1851
f 1840 1852 1829
f 1829 1852 1853
f 1830 1829 1854
f 1854 1829 1853
f 1802 1830 1855
f 1855 1830 1854
f 1839 1778 1851
f 1851 1778 1856
f 1778 1781 1856
f 1856 1781 1857
f 1857 1781 1858
f 1858 1781 1838
f 1859 1860 1856
f 1856 1860 1851
f 1862 1863 1861
f 1861 1863 1864
f 1865 1866 1864
f 1864 1866 1861
f 1864 1863 1868
f 1868 1863 1867
f 1869 1870 1868
f 1868 1870 1871
f 1867 1872 1868
f 1868 1872 1869
f 1873 1860 1867
f 1867 1860 1872
f 1871 1865 1868
f 1868 1865 1864
f 1874 1875 1877
f 1877 1875 1876
f 1875 1874 1865
f 1865 1874 1866
f 1867 1863 1873
f 1873 1863 1862
f 1862 1853 1873
f 1873 1853 1852
f 1862 1878 1853
f 1853 1878 1854
f 1861 1879 1862
f 1862 1879 1878
f 1879 1861 1880
f 1880 1861 1866
f 1860 1873 1851
f 1851 1873 1852
f 1874 1881 1866
f 1866 1881 1880
f 1879 1880 1882
f 1882 1880 1883
f 1880 1881 1883
f 1883 1881 1884
f 1882 1883 1885
f 1885 1883 1886
f 1885 1887 1882
f 1882 1887 1888
f 1889 1886 1884
f 1884 1886 1883
f 1879 1882 1878
f 1878 1882 1888
f 1878 1888 1854
f 1854 1888 1855
f 1881 1874 1890
f 1890 1874 1877
f 1869 1872 1891
f 1891 1872 1860
f 1891 1892 1869
f 1869 1892 1870
f 1860 1859 1891
f 1891 1859 1893
f 1892 1891 1894
f 1894 1891 1893
f 1892 1895 1870
f 1870 1895 1896
f 1802 1855 1794
f 1794 1855 1897
f 1795 1898 1838
f 1838 1898 1858
f 1898 1795 1897
f 1897 1795 1794
f 1897 1887 1898
f 1898 1887 1899
f 1887 1885 1899
f 1899 1885 1900
f 1898 1899 1858
f 1858 1899 1901
f 1897 1855 1887
f 1887 1855 1888
f 1902 1857 1901
f 1901 1857 1858
f 1902 1859 1857
f 1857 1859 1856
f 1903 1893 1902
f 1902 1893 1859
f 1903 1902 1904
f 1904 1902 1901
f 1905 1903 1906
f 1906 1903 1904
f 1899 1900 1901
f 1901 1900 1904
f 1900 1907 1904
f 1904 1907 1906
f 1893 1903 1894
f 1894 1903 1905
f 1909 1894 1908
f 1908 1894 1905
f 1908 1911 1910
f 1910 1911 1912
f 1908 1905 1911
f 1911 1905 1906
f 1908 1910 1909
f 1909 1910 1890
f 1909 1890 1895
f 1895 1890 1877
f 1895 1892 1909
f 1909 1892 1894
f 1885 1886 1900
f 1900 1886 1907
f 1912 1907 1889
f 1889 1907 1886
f 1912 1911 1907
f 1907 1911 1906
f 1910 1912 1884
f 1884 1912 1889
f 1884 1881 1910
f 1910 1881 1890
f 1865 1871 1875
f 1875 1871 1876
f 1876 1896 1877
f 1877 1896 1895
f 1876 1871 1896
f 1896 1871 1870
f 1693 1692 1817
f 1817 1692 1815
f 1696 1722 1697
f 1697 1722 1721
f 1728 1727 1751
f 1751 1727 1752
f 1727 1730 1752
f 1752 1730 1746
f 1734 1733 1820
f 1820 1733 1743
f 1728 1751 1696
f 1696 1751 1722
f 1693 1817 1818
f 1818 1817 1831
f 1734 1820 1697
f 1697 1820 1694
f 1818 1733 1769
f 1769 1733 1732
f 1692 1730 1815
f 1815 1730 1729
f 1914 1915 1913
f 1913 1915 1916
f 1918 1919 1917
f 1917 1919 1920
f 1917 1920 1921
f 1921 1920 1922
f 1923 1924 1926
f 1926 1924 1925
f 1632 1927 1803
f 1803 1927 1928
f 1929 1930 1918
f 1918 1930 1919
f 1932 1933 1931
f 1931 1933 1934
f 1845 1785 1936
f 1936 1785 1935
f 1937 1935 1819
f 1819 1935 1785
f 1939 1940 1938
f 1938 1940 1941
f 1942 1924 1930
f 1930 1924 1919
f 1632 1845 1927
f 1927 1845 1936
f 1933 1932 1915
f 1915 1932 1943
f 1944 1942 1916
f 1916 1942 1930
f 1945 1939 1922
f 1922 1939 1946
f 1948 1949 1947
f 1947 1949 1950
f 1939 1938 1946
f 1946 1938 1951
f 1952 1921 1946
f 1946 1921 1922
f 1945 1922 1923
f 1923 1922 1920
f 1913 1953 1914
f 1914 1953 1954
f 1929 1955 1913
f 1913 1955 1953
f 1945 1923 1956
f 1956 1923 1926
f 1938 1941 1931
f 1931 1941 1928
f 1913 1916 1929
f 1929 1916 1930
f 1917 1957 1918
f 1918 1957 1958
f 1943 1944 1915
f 1915 1944 1916
f 1919 1924 1920
f 1920 1924 1923
f 1914 1954 1959
f 1959 1954 1960
f 1952 1948 1961
f 1961 1948 1947
f 1948 1951 1949
f 1949 1951 1934
f 1949 1959 1950
f 1950 1959 1960
f 1931 1934 1938
f 1938 1934 1951
f 1921 1952 1962
f 1962 1952 1961
f 1918 1958 1929
f 1929 1958 1955
f 1827 1826 1956
f 1956 1826 1940
f 1957 1917 1962
f 1962 1917 1921
f 1937 1925 1942
f 1942 1925 1924
f 1948 1952 1951
f 1951 1952 1946
f 1949 1934 1959
f 1959 1934 1933
f 1959 1933 1914
f 1914 1933 1915
f 1962 1961 1964
f 1964 1961 1963
f 1962 1964 1957
f 1957 1964 1965
f 1957 1965 1958
f 1958 1965 1966
f 1958 1966 1955
f 1955 1966 1967
f 1961 1947 1963
f 1963 1947 1968
f 1947 1950 1968
f 1968 1950 1969
f 1950 1960 1969
f 1969 1960 1970
f 1971 1972 1968
f 1968 1972 1963
f 1974 1975 1973
f 1973 1975 1976
f 1977 1978 1974
f 1974 1978 1975
f 1975 1978 1980
f 1980 1978 1979
f 1981 1982 1980
f 1980 1982 1983
f 1979 1984 1980
f 1980 1984 1981
f 1983 1976 1980
f 1980 1976 1975
f 1976 1985 1973
f 1973 1985 1986
f 1979 1978 1987
f 1987 1978 1977
f 1977 1965 1987
f 1987 1965 1964
f 1977 1988 1965
f 1965 1988 1966
f 1974 1989 1977
f 1977 1989 1988
f 1990 1989 1973
f 1973 1989 1974
f 1987 1972 1979
f 1979 1972 1984
f 1972 1987 1963
f 1963 1987 1964
f 1991 1990 1986
f 1986 1990 1973
f 1989 1990 1992
f 1992 1990 1993
f 1990 1991 1993
f 1993 1991 1994
f 1992 1993 1995
f 1995 1993 1996
f 1995 1997 1992
f 1992 1997 1998
f 1994 1999 1993
f 1993 1999 1996
f 1992 1998 1989
f 1989 1998 1988
f 1988 1998 1966
f 1966 1998 1967
f 1991 1986 2001
f 2001 1986 2000
f 1986 1985 2000
f 2000 1985 2002
f 1981 1984 2003
f 2003 1984 1972
f 1982 1981 2004
f 2004 1981 2003
f 1972 1971 2003
f 2003 1971 2005
f 2003 2005 2004
f 2004 2005 2006
f 2007 2008 2004
f 2004 2008 1982
f 2002 2008 2000
f 2000 2008 2007
f 1955 1967 1953
f 1953 1967 2009
f 1954 2010 1960
f 1960 2010 1970
f 2010 1954 2009
f 2009 1954 1953
f 2009 1997 2010
f 2010 1997 2011
f 1997 1995 2011
f 2011 1995 2012
f 2010 2011 1970
f 1970 2011 2013
f 1997 2009 1998
f 1998 2009 1967
f 2014 1969 2013
f 2013 1969 1970
f 2014 1971 1969
f 1969 1971 1968
f 2014 2015 1971
f 1971 2015 2005
f 2015 2014 2016
f 2016 2014 2013
f 2017 2015 2018
f 2018 2015 2016
f 2011 2012 2013
f 2013 2012 2016
f 2012 2019 2016
f 2016 2019 2018
f 2015 2017 2005
f 2005 2017 2006
f 2021 2006 2020
f 2020 2006 2017
f 2020 2023 2022
f 2022 2023 2024
f 2020 2017 2023
f 2023 2017 2018
f 2020 2022 2021
f 2021 2022 2001
f 2021 2001 2007
f 2007 2001 2000
f 2007 2004 2021
f 2021 2004 2006
f 1995 1996 2012
f 2012 1996 2019
f 2024 2019 1999
f 1999 2019 1996
f 2024 2023 2019
f 2019 2023 2018
f 2022 2024 1994
f 1994 2024 1999
f 1994 1991 2022
f 2022 1991 2001
f 1976 1983 1985
f 1985 1983 2002
f 2002 1983 2008
f 2008 1983 1982
f 1926 1925 1744
f 1744 1925 1742
f 1927 1932 1928
f 1928 1932 1931
f 1936 1935 1943
f 1943 1935 1944
f 1935 1937 1944
f 1944 1937 1942
f 1941 1940 1834
f 1834 1940 1826
f 1936 1943 1927
f 1927 1943 1932
f 1956 1926 1827
f 1827 1926 1744
f 1941 1834 1928
f 1928 1834 1803
f 1956 1940 1945
f 1945 1940 1939
f 1925 1937 1742
f 1742 1937 1819
f 1777 1827 1700
f 1700 1827 1744
f 1777 1575 1763
f 1763 1575 1578
f 1575 1574 1578
f 1578 1574 1579
f 1574 1775 1579
f 1579 1775 1764
f 2025 2026 2028
f 2028 2026 2027
f 2030 2031 2029
f 2029 2031 2032
f 2029 2032 2033
f 2033 2032 2034
f 2036 2037 2035
f 2035 2037 2038
f 2039 2040 2030
f 2030 2040 2031
f 2042 2043 2041
f 2041 2043 2044
f 2045 2046 1633
f 1633 2046 1698
f 2047 2045 1804
f 1804 2045 1633
f 2049 2050 2048
f 2048 2050 2051
f 2052 2036 2040
f 2040 2036 2031
f 2042 2053 2043
f 2043 2053 2027
f 2054 2052 2028
f 2028 2052 2040
f 2055 2049 2034
f 2034 2049 2056
f 2057 2058 2060
f 2060 2058 2059
f 2049 2048 2056
f 2056 2048 2061
f 2062 2033 2056
f 2056 2033 2034
f 2055 2034 2035
f 2035 2034 2032
f 2025 2063 2026
f 2026 2063 2064
f 2039 2065 2025
f 2025 2065 2063
f 2035 2038 2055
f 2055 2038 2066
f 2048 2051 2041
f 2041 2051 2067
f 2039 2025 2040
f 2040 2025 2028
f 2029 2068 2030
f 2030 2068 2069
f 2053 2054 2027
f 2027 2054 2028
f 2031 2036 2032
f 2032 2036 2035
f 2026 2064 2070
f 2070 2064 2071
f 2062 2058 2072
f 2072 2058 2057
f 2059 2058 2044
f 2044 2058 2061
f 2070 2071 2059
f 2059 2071 2060
f 2041 2044 2048
f 2048 2044 2061
f 2033 2062 2073
f 2073 2062 2072
f 2030 2069 2039
f 2039 2069 2065
f 2066 1848 2050
f 2050 1848 1720
f 2068 2029 2073
f 2073 2029 2033
f 2047 2037 2052
f 2052 2037 2036
f 2058 2062 2061
f 2061 2062 2056
f 2059 2044 2070
f 2070 2044 2043
f 2070 2043 2026
f 2026 2043 2027
f 2073 2072 2075
f 2075 2072 2074
f 2073 2075 2068
f 2068 2075 2076
f 2068 2076 2069
f 2069 2076 2077
f 2069 2077 2065
f 2065 2077 2078
f 2072 2057 2074
f 2074 2057 2079
f 2057 2060 2079
f 2079 2060 2080
f 2080 2060 2081
f 2081 2060 2071
f 2082 2083 2079
f 2079 2083 2074
f 2085 2086 2084
f 2084 2086 2087
f 2088 2089 2085
f 2085 2089 2086
f 2086 2089 2091
f 2091 2089 2090
f 2092 2093 2091
f 2091 2093 2094
f 2090 2095 2091
f 2091 2095 2092
f 2094 2087 2091
f 2091 2087 2086
f 2096 2097 2087
f 2087 2097 2084
f 2089 2088 2090
f 2090 2088 2098
f 2088 2076 2098
f 2098 2076 2075
f 2088 2099 2076
f 2076 2099 2077
f 2085 2100 2088
f 2088 2100 2099
f 2100 2085 2101
f 2101 2085 2084
f 2090 2098 2095
f 2095 2098 2083
f 2083 2098 2074
f 2074 2098 2075
f 2097 2102 2084
f 2084 2102 2101
f 2103 2100 2104
f 2104 2100 2101
f 2102 2105 2101
f 2101 2105 2104
f 2106 2103 2107
f 2107 2103 2104
f 2103 2106 2109
f 2109 2106 2108
f 2105 2110 2104
f 2104 2110 2107
f 2100 2103 2099
f 2099 2103 2109
f 2099 2109 2077
f 2077 2109 2078
f 2102 2097 2112
f 2112 2097 2111
f 2097 2096 2111
f 2111 2096 2113
f 2092 2095 2114
f 2114 2095 2083
f 2093 2092 2115
f 2115 2092 2114
f 2083 2082 2114
f 2114 2082 2116
f 2115 2114 2117
f 2117 2114 2116
f 2115 2118 2093
f 2093 2118 2119
f 2113 2119 2111
f 2111 2119 2118
f 2065 2078 2063
f 2063 2078 2120
f 2064 2121 2071
f 2071 2121 2081
f 2121 2064 2120
f 2120 2064 2063
f 2120 2108 2121
f 2121 2108 2122
f 2108 2106 2122
f 2122 2106 2123
f 2121 2122 2081
f 2081 2122 2124
f 2120 2078 2108
f 2108 2078 2109
f 2125 2080 2124
f 2124 2080 2081
f 2125 2082 2080
f 2080 2082 2079
f 2126 2116 2125
f 2125 2116 2082
f 2126 2125 2127
f 2127 2125 2124
f 2128 2126 2129
f 2129 2126 2127
f 2122 2123 2124
f 2124 2123 2127
f 2123 2130 2127
f 2127 2130 2129
f 2126 2128 2116
f 2116 2128 2117
f 2132 2117 2131
f 2131 2117 2128
f 2131 2134 2133
f 2133 2134 2135
f 2131 2128 2134
f 2134 2128 2129
f 2131 2133 2132
f 2132 2133 2112
f 2132 2112 2118
f 2118 2112 2111
f 2118 2115 2132
f 2132 2115 2117
f 2106 2107 2123
f 2123 2107 2130
f 2135 2130 2110
f 2110 2130 2107
f 2135 2134 2130
f 2130 2134 2129
f 2135 2110 2133
f 2133 2110 2105
f 2105 2102 2133
f 2133 2102 2112
f 2087 2094 2096
f 2096 2094 2113
f 2113 2094 2119
f 2119 2094 2093
f 2037 1850 2038
f 2038 1850 1849
f 2136 2042 2067
f 2067 2042 2041
f 2046 2045 2053
f 2053 2045 2054
f 2045 2047 2054
f 2054 2047 2052
f 1719 2051 1720
f 1720 2051 2050
f 2136 2046 2042
f 2042 2046 2053
f 2038 1849 2066
f 2066 1849 1848
f 2051 1719 2067
f 2067 1719 1755
f 2050 2049 2066
f 2066 2049 2055
f 2037 2047 1850
f 1850 2047 1804
f 2138 2139 2137
f 2137 2139 2140
f 2142 2143 2141
f 2141 2143 2144
f 2141 2144 2145
f 2145 2144 2146
f 2148 2149 2147
f 2147 2149 2150
f 2151 2152 2154
f 2154 2152 2153
f 2155 2156 2142
f 2142 2156 2143
f 2157 2158 2160
f 2160 2158 2159
f 2161 2162 2164
f 2164 2162 2163
f 2165 2163 1756
f 1756 2163 2162
f 2166 2167 2169
f 2169 2167 2168
f 2156 2170 2143
f 2143 2170 2148
f 2152 2161 2153
f 2153 2161 2164
f 2158 2171 2159
f 2159 2171 2139
f 2172 2170 2140
f 2140 2170 2156
f 2167 2174 2173
f 2173 2174 2146
f 2176 2177 2175
f 2175 2177 2178
f 2166 2179 2167
f 2167 2179 2174
f 2180 2145 2174
f 2174 2145 2146
f 2173 2146 2147
f 2147 2146 2144
f 2137 2181 2138
f 2138 2181 2182
f 2155 2183 2137
f 2137 2183 2181
f 2147 2150 2173
f 2173 2150 2184
f 2157 2166 2154
f 2154 2166 2169
f 2137 2140 2155
f 2155 2140 2156
f 2141 2185 2142
f 2142 2185 2186
f 2171 2172 2139
f 2139 2172 2140
f 2143 2148 2144
f 2144 2148 2147
f 2138 2182 2187
f 2187 2182 2188
f 2180 2176 2189
f 2189 2176 2175
f 2177 2176 2160
f 2160 2176 2179
f 2187 2188 2177
f 2177 2188 2178
f 2166 2157 2179
f 2179 2157 2160
f 2145 2180 2190
f 2190 2180 2189
f 2142 2186 2155
f 2155 2186 2183
f 1759 1758 2184
f 2184 1758 2168
f 2185 2141 2190
f 2190 2141 2145
f 2165 2149 2170
f 2170 2149 2148
f 2176 2180 2179
f 2179 2180 2174
f 2187 2177 2159
f 2159 2177 2160
f 2138 2187 2139
f 2139 2187 2159
f 2190 2189 2192
f 2192 2189 2191
f 2190 2192 2185
f 2185 2192 2193
f 2185 2193 2186
f 2186 2193 2194
f 2186 2194 2183
f 2183 2194 2195
f 2189 2175 2191
f 2191 2175 2196
f 2175 2178 2196
f 2196 2178 2197
f 2197 2178 2198
f 2198 2178 2188
f 2200 2191 2199
f 2199 2191 2196
f 2201 2202 2204
f 2204 2202 2203
f 2205 2206 2202
f 2202 2206 2203
f 2203 2206 2208
f 2208 2206 2207
f 2208 2209 2211
f 2211 2209 2210
f 2207 2212 2208
f 2208 2212 2209
f 2211 2204 2208
f 2208 2204 2203
f 2204 2213 2201
f 2201 2213 2214
f 2206 2205 2207
f 2207 2205 2215
f 2205 2193 2215
f 2215 2193 2192
f 2205 2216 2193
f 2193 2216 2194
f 2217 2216 2202
f 2202 2216 2205
f 2218 2217 2201
f 2201 2217 2202
f 2207 2215 2212
f 2212 2215 2200
f 2200 2215 2191
f 2191 2215 2192
f 2219 2218 2214
f 2214 2218 2201
f 2220 2217 2221
f 2221 2217 2218
f 2219 2222 2218
f 2218 2222 2221
f 2223 2220 2224
f 2224 2220 2221
f 2220 2223 2226
f 2226 2223 2225
f 2222 2227 2221
f 2221 2227 2224
f 2217 2220 2216
f 2216 2220 2226
f 2216 2226 2194
f 2194 2226 2195
f 2214 2228 2219
f 2219 2228 2229
f 2214 2213 2228
f 2228 2213 2230
f 2209 2212 2231
f 2231 2212 2200
f 2209 2231 2210
f 2210 2231 2232
f 2231 2200 2233
f 2233 2200 2199
f 2232 2231 2234
f 2234 2231 2233
f 2235 2236 2232
f 2232 2236 2210
f 2230 2236 2228
f 2228 2236 2235
f 2183 2195 2181
f 2181 2195 2237
f 2182 2238 2188
f 2188 2238 2198
f 2237 2238 2181
f 2181 2238 2182
f 2225 2239 2237
f 2237 2239 2238
f 2223 2240 2225
f 2225 2240 2239
f 2238 2239 2198
f 2198 2239 2241
f 2237 2195 2225
f 2225 2195 2226
f 2242 2197 2241
f 2241 2197 2198
f 2197 2242 2196
f 2196 2242 2199
f 2242 2243 2199
f 2199 2243 2233
f 2243 2242 2244
f 2244 2242 2241
f 2245 2243 2246
f 2246 2243 2244
f 2239 2240 2241
f 2241 2240 2244
f 2240 2247 2244
f 2244 2247 2246
f 2243 2245 2233
f 2233 2245 2234
f 2249 2234 2248
f 2248 2234 2245
f 2248 2251 2250
f 2250 2251 2252
f 2248 2245 2251
f 2251 2245 2246
f 2248 2250 2249
f 2249 2250 2229
f 2249 2229 2235
f 2235 2229 2228
f 2235 2232 2249
f 2249 2232 2234
f 2240 2223 2247
f 2247 2223 2224
f 2252 2247 2227
f 2227 2247 2224
f 2252 2251 2247
f 2247 2251 2246
f 2250 2252 2222
f 2222 2252 2227
f 2222 2219 2250
f 2250 2219 2229
f 2204 2211 2213
f 2213 2211 2230
f 2230 2211 2236
f 2236 2211 2210
f 2149 1718 2150
f 2150 1718 1846
f 2154 2153 2157
f 2157 2153 2158
f 2171 2164 2172
f 2172 2164 2163
f 2163 2165 2172
f 2172 2165 2170
f 2253 2151 2169
f 2169 2151 2154
f 2153 2164 2158
f 2158 2164 2171
f 2150 1846 2184
f 2184 1846 1759
f 2184 2168 2173
f 2173 2168 2167
f 2149 2165 1718
f 1718 2165 1756
f 1661 1585 2254
f 2254 1585 2255
f 1824 1682 2257
f 2257 1682 2256
f 1682 1681 2256
f 2256 1681 2258
f 1808 2259 1806
f 1806 2259 2260
f 1588 1824 2261
f 2261 1824 2257
f 1844 1661 2262
f 2262 1661 2254
f 1585 1588 2255
f 2255 1588 2261
f 2263 1807 2262
f 2262 1807 1844
f 1806 2260 1681
f 1681 2260 2258
f 2259 1808 2263
f 2263 1808 1807
f 2262 2264 2263
f 2263 2264 2265
f 2263 2265 2259
f 2259 2265 2266
f 2259 2266 2260
f 2260 2266 2267
f 2260 2267 2258
f 2258 2267 2268
f 2262 2254 2264
f 2264 2254 2269
f 2254 2255 2269
f 2269 2255 2270
f 2255 2261 2270
f 2270 2261 2271
f 2273 2264 2272
f 2272 2264 2269
f 2275 2276 2274
f 2274 2276 2277
f 2278 2279 2275
f 2275 2279 2276
f 2280 2281 2279
f 2279 2281 2276
f 2280 2282 2281
f 2281 2282 2283
f 2284 2277 2281
f 2281 2277 2276
f 2277 2284 2285
f 2285 2284 2286
f 2285 2287 2277
f 2277 2287 2274
f 2280 2279 2288
f 2288 2279 2278
f 2278 2266 2288
f 2288 2266 2265
f 2278 2289 2266
f 2266 2289 2267
f 2275 2290 2278
f 2278 2290 2289
f 2290 2275 2291
f 2291 2275 2274
f 2280 2288 2282
f 2282 2288 2273
f 2273 2288 2264
f 2264 2288 2265
f 2287 2292 2274
f 2274 2292 2291
f 2293 2290 2294
f 2294 2290 2291
f 2292 2295 2291
f 2291 2295 2294
f 2296 2293 2297
f 2297 2293 2294
f 2293 2296 2299
f 2299 2296 2298
f 2295 2300 2294
f 2294 2300 2297
f 2290 2293 2289
f 2289 2293 2299
f 2289 2299 2267
f 2267 2299 2268
f 2292 2287 2302
f 2302 2287 2301
f 2287 2285 2301
f 2301 2285 2286
f 2283 2282 2303
f 2303 2282 2273
f 2304 2283 2305
f 2305 2283 2303
f 2303 2273 2306
f 2306 2273 2272
f 2305 2303 2307
f 2307 2303 2306
f 2305 2308 2304
f 2304 2308 2309
f 2286 2309 2301
f 2301 2309 2308
f 2284 2281 2304
f 2304 2281 2283
f 2286 2284 2309
f 2309 2284 2304
f 2256 2258 2310
f 2310 2258 2268
f 2261 2257 2271
f 2271 2257 2311
f 2310 2311 2256
f 2256 2311 2257
f 2298 2312 2310
f 2310 2312 2311
f 2296 2313 2298
f 2298 2313 2312
f 2311 2312 2271
f 2271 2312 2314
f 2310 2268 2298
f 2298 2268 2299
f 2315 2270 2314
f 2314 2270 2271
f 2270 2315 2269
f 2269 2315 2272
f 2315 2316 2272
f 2272 2316 2306
f 2316 2315 2317
f 2317 2315 2314
f 2318 2316 2319
f 2319 2316 2317
f 2312 2313 2314
f 2314 2313 2317
f 2313 2320 2317
f 2317 2320 2319
f 2316 2318 2306
f 2306 2318 2307
f 2322 2307 2321
f 2321 2307 2318
f 2323 2321 2325
f 2325 2321 2324
f 2321 2318 2324
f 2324 2318 2319
f 2321 2323 2322
f 2322 2323 2302
f 2322 2302 2308
f 2308 2302 2301
f 2308 2305 2322
f 2322 2305 2307
f 2313 2296 2320
f 2320 2296 2297
f 2325 2320 2300
f 2300 2320 2297
f 2325 2324 2320
f 2320 2324 2319
f 2323 2325 2295
f 2295 2325 2300
f 2295 2292 2323
f 2323 2292 2302
f 1775 1773 1764
f 1764 1773 1765
f 1765 1773 1766
f 1766 1773 1749
f 1754 2136 1755
f 1755 2136 2067
f 1632 1631 1845
f 1845 1631 1828
f 1833 1763 1847
f 1847 1763 1740
f 1846 1739 1759
f 1759 1739 1640
f 2046 2136 1698
f 1698 2136 1754
f 1698 1754 1699
f 1699 1754 1753
f 1705 1832 1628
f 1628 1832 1629
f 1660 1659 1835
f 1835 1659 2326
f 2326 2152 1835
f 1835 2152 2151
f 2161 2152 2327
f 2327 2152 2326
f 2327 2326 2328
f 2328 2326 1659
f 2328 1659 2329
f 2329 1659 1658
f 1711 2330 1657
f 1657 2330 1658
f 2329 1658 1653
f 1653 1658 2330
f 2331 2329 1656
f 1656 2329 1653
f 2329 2331 2328
f 2328 2331 2332
f 2328 2332 2327
f 2327 2332 2333
f 1756 2162 1753
f 1753 2162 2333
f 1745 1627 2334
f 2334 1627 1630
f 1653 2330 1654
f 1654 2330 1711
f 1739 1717 1740
f 1740 1717 1847
f 2333 1832 1753
f 1753 1832 1699
f 2333 2162 2327
f 2327 2162 2161
f 2169 2168 2253
f 2253 2168 1758
f 2151 2253 1835
f 1835 2253 1758
f 1629 1832 2332
f 2332 1832 2333
f 2332 2331 1629
f 1629 2331 1630
f 1656 2334 2331
f 2331 2334 1630
f 2334 1656 1745
f 1745 1656 1655
f 1801 1798 1655
f 1655 1798 1745
f 1687 1589 1812
f 1584 1557 1651
f 1651 1557 1618
f 1583 1558 1584
f 1584 1558 1557
f 1821 1671 1822
f 1822 1671 1670
f 1651 1618 1625
f 1625 1618 1620
f 1618 1617 1620
f 1620 1617 1621
f 1617 1569 1621
f 1621 1569 1686
f 1569 1568 1686
f 1686 1568 1570
f 1587 1567 1588
f 1588 1567 1824
f 1571 1568 1587
f 1587 1568 1567
f 1587 1586 1571
f 1571 1586 1787
f 1586 1662 1787
f 1787 1662 1788
f 1843 1793 1662
f 1662 1793 1788
f 1810 1646 1843
f 1843 1646 1793
f 1809 1600 1810
f 1810 1600 1646
f 1809 1805 1600
f 1600 1805 1563
f 1823 1683 1824
f 1824 1683 1682
f 1566 1559 1797
f 1797 1559 1672
f 1559 1558 1672
f 1672 1558 1670
f 1558 1583 1670
f 1670 1583 1822
f 1583 1582 1822
f 1822 1582 1669
f 1582 1842 1669
f 1669 1842 1666
f 1842 1799 1666
f 1666 1799 1811
f 1799 1798 1811
f 1811 1798 1812
f 1798 1801 1812
f 1812 1801 1687
f 1801 1800 1687
f 1687 1800 1688
f 1821 1593 1671
f 1671 1593 1597
f 1597 1593 1598
f 1598 1593 1596
f 1648 1647 1596
f 1596 1647 1598
f 1792 1789 1648
f 1648 1789 1647
f 1747 1750 1792
f 1792 1750 1789
f 1814 1841 1800
f 1800 1841 1688
f 1813 1611 1814
f 1814 1611 1841
f 1813 1710 1757
f 1757 1710 1741
f 1612 1757 1760
f 1760 1757 1736
f 1611 1813 1612
f 1612 1813 1757
f 1760 1641 1612
f 1612 1641 1608
f 1642 1678 1609
f 1609 1678 1635
f 1768 1771 1642
f 1642 1771 1678
f 1767 1772 1768
f 1768 1772 1771
f 1748 1836 1767
f 1767 1836 1772
f 1747 1796 1748
f 1748 1796 1836
f 1805 1680 1563
f 1563 1680 1564
f 1680 1683 1564
f 1564 1683 1797
f 1683 1823 1797
f 1797 1823 1566
f 1566 1823 1565
f 1565 1823 1567
