o hand_left
v -0.244861 0.561994 0.859370
v -0.236830 0.568122 0.856251
v -0.237261 0.557658 0.852809
v -0.245972 0.552733 0.855406
v -0.218797 0.567499 0.844063
v -0.216220 0.570630 0.832419
v -0.220249 0.555327 0.831826
v -0.221054 0.554860 0.842153
v -0.248678 0.545655 0.851354
v -0.238163 0.549438 0.850213
v -0.251778 0.544195 0.846328
v -0.265506 0.545325 0.847736
v -0.259547 0.544396 0.852343
v -0.273529 0.543996 0.851540
v -0.269690 0.554757 0.842935
v -0.281021 0.550238 0.853484
v -0.274532 0.579145 0.860863
v -0.271397 0.587416 0.871198
v -0.281517 0.575494 0.880568
v -0.282752 0.567696 0.869140
v -0.269701 0.588210 0.892689
v -0.276578 0.580706 0.886432
v -0.267835 0.593270 0.877101
v -0.262012 0.599224 0.883121
v -0.240865 0.575841 0.867849
v -0.233781 0.582998 0.864592
v -0.235906 0.578446 0.861239
v -0.242403 0.571751 0.864199
v -0.247453 0.541309 0.833923
v -0.254283 0.552287 0.832411
v -0.255849 0.547817 0.839278
v -0.245414 0.539517 0.838892
v -0.211330 0.601606 0.862815
v -0.209665 0.612607 0.855120
v -0.211268 0.610079 0.850065
v -0.212935 0.600783 0.858310
v -0.214298 0.593159 0.835204
v -0.215419 0.603365 0.833789
v -0.221272 0.607785 0.822025
v -0.223596 0.598103 0.822490
v -0.214516 0.581356 0.834226
v -0.221194 0.585696 0.822754
v -0.222013 0.573471 0.822648
v -0.224398 0.556731 0.823478
v -0.208765 0.619813 0.865703
v -0.209325 0.612586 0.872885
v -0.265525 0.510724 0.873677
v -0.262959 0.514561 0.877731
v -0.264014 0.516326 0.876490
v -0.266651 0.512489 0.872761
v -0.222607 0.628132 0.877847
v -0.231607 0.632330 0.876189
v -0.226616 0.636994 0.873638
v -0.218361 0.632493 0.873348
v -0.228202 0.622302 0.883731
v -0.238158 0.625288 0.879396
v -0.272621 0.502251 0.880146
v -0.270217 0.503416 0.875560
v -0.274411 0.505798 0.875052
v -0.277648 0.505509 0.879922
v -0.254363 0.548145 0.857250
v -0.250769 0.555336 0.862676
v -0.265090 0.539765 0.865412
v -0.260467 0.546267 0.865575
v -0.262198 0.543981 0.858931
v -0.267040 0.539323 0.859638
v -0.253578 0.562798 0.881141
v -0.247178 0.570622 0.875434
v -0.249581 0.565945 0.871342
v -0.256249 0.556197 0.876238
v -0.240819 0.577573 0.886041
v -0.248045 0.569622 0.890724
v -0.243643 0.574610 0.896197
v -0.238449 0.578765 0.892009
v -0.261777 0.555762 0.895555
v -0.265288 0.552857 0.896915
v -0.262391 0.553786 0.899662
v -0.259711 0.558076 0.897955
v -0.222631 0.642015 0.870563
v -0.214869 0.636434 0.868287
v -0.255762 0.598676 0.905968
v -0.244976 0.601185 0.908347
v -0.251072 0.592678 0.917837
v -0.261818 0.592497 0.912879
v -0.240360 0.631801 0.870657
v -0.235798 0.638128 0.869714
v -0.273471 0.503897 0.886411
v -0.278139 0.506750 0.886545
v -0.233463 0.579010 0.818680
v -0.233237 0.559059 0.819265
v -0.233171 0.593979 0.819361
v -0.233282 0.604522 0.820261
v -0.231579 0.612784 0.818543
v -0.261224 0.546770 0.872133
v -0.247997 0.563846 0.865906
v -0.238960 0.578911 0.871484
v -0.226339 0.590180 0.897344
v -0.220176 0.596610 0.891773
v -0.224312 0.588734 0.885733
v -0.229360 0.585080 0.891819
v -0.236246 0.596685 0.909943
v -0.233041 0.589595 0.907405
v -0.238452 0.584660 0.912757
v -0.242370 0.590129 0.916928
v -0.245799 0.542008 0.826376
v -0.251344 0.556145 0.826174
v -0.214248 0.621795 0.876420
v -0.211654 0.625589 0.870116
v -0.209822 0.631807 0.864608
v -0.222184 0.591440 0.862797
v -0.213914 0.600119 0.855177
v -0.214876 0.597200 0.852030
v -0.224186 0.590000 0.860704
v -0.226586 0.574082 0.853952
v -0.217061 0.581140 0.847229
v -0.227045 0.562177 0.851617
v -0.212603 0.607959 0.842366
v -0.207625 0.617601 0.844011
v -0.210371 0.614708 0.836048
v -0.206491 0.622603 0.852372
v -0.206954 0.627527 0.859796
v -0.233482 0.646076 0.867649
v -0.214641 0.612246 0.829196
v -0.223673 0.545975 0.840439
v -0.225055 0.538050 0.838102
v -0.231322 0.538025 0.843021
v -0.230370 0.545588 0.846256
v -0.279558 0.539629 0.856797
v -0.272105 0.537964 0.856776
v -0.266453 0.542733 0.852823
v -0.215143 0.596659 0.872544
v -0.213084 0.606114 0.880713
v -0.265487 0.539943 0.871691
v -0.280932 0.510691 0.877991
v -0.277403 0.510515 0.872767
v -0.280371 0.527803 0.863727
v -0.285108 0.528243 0.869033
v -0.270571 0.537794 0.878958
v -0.266404 0.537264 0.873061
v -0.266887 0.536070 0.874423
v -0.268613 0.535590 0.880918
v -0.257535 0.559817 0.905015
v -0.254986 0.563703 0.902958
v -0.286448 0.554831 0.878331
v -0.290862 0.551254 0.865966
v -0.284161 0.560169 0.858841
v -0.250364 0.567389 0.886094
v -0.255888 0.560896 0.891782
v -0.254260 0.563328 0.894794
v -0.262911 0.546189 0.876445
v -0.266847 0.541229 0.877660
v -0.266367 0.545298 0.880841
v -0.261475 0.550066 0.879852
v -0.239307 0.609799 0.899656
v -0.229119 0.604546 0.902018
v -0.267911 0.506627 0.873144
v -0.270450 0.508557 0.872203
v -0.244115 0.574931 0.880388
v -0.274598 0.570496 0.852543
v -0.236574 0.581842 0.875489
v -0.268866 0.574419 0.910431
v -0.261950 0.571367 0.913258
v -0.261482 0.565433 0.914658
v -0.267303 0.565582 0.913819
v -0.266949 0.522612 0.887229
v -0.263618 0.521442 0.882374
v -0.263823 0.518909 0.882333
v -0.266270 0.519080 0.887978
v -0.266259 0.536254 0.867241
v -0.268728 0.534971 0.861817
v -0.268509 0.531120 0.864417
v -0.266704 0.533494 0.869785
v -0.274424 0.533734 0.859510
v -0.274315 0.529208 0.862101
v -0.272633 0.520863 0.890338
v -0.278769 0.516155 0.889324
v -0.282690 0.533358 0.882301
v -0.275115 0.533733 0.884675
v -0.256177 0.610428 0.874376
v -0.249667 0.614898 0.882239
v -0.255489 0.604014 0.891252
v -0.262319 0.594106 0.900992
v -0.268448 0.583734 0.908971
v -0.276766 0.579357 0.901141
v -0.249712 0.607806 0.895803
v -0.277734 0.545010 0.881474
v -0.284991 0.544400 0.877944
v -0.282903 0.548110 0.881115
v -0.232576 0.584189 0.881347
v -0.272502 0.512407 0.870332
v -0.248598 0.617357 0.831436
v -0.250157 0.624711 0.842395
v -0.253540 0.616844 0.844533
v -0.251142 0.608202 0.832466
v -0.263454 0.518548 0.875955
v -0.266797 0.515499 0.871019
v -0.252400 0.565854 0.908644
v -0.255533 0.561694 0.909989
v -0.256253 0.562442 0.912848
v -0.251896 0.565902 0.913878
v -0.245175 0.617560 0.885169
v -0.252196 0.583630 0.922605
v -0.262402 0.585055 0.917868
v -0.244978 0.624210 0.874166
v -0.251074 0.620821 0.867328
v -0.247246 0.628591 0.862784
v -0.281552 0.566677 0.894824
v -0.261041 0.605081 0.869553
v -0.254746 0.616191 0.862452
v -0.250315 0.625262 0.856801
v -0.247504 0.632379 0.853387
v -0.244292 0.635229 0.860294
v -0.280969 0.512570 0.884460
v -0.275292 0.510702 0.891885
v -0.242186 0.643748 0.857849
v -0.245331 0.639831 0.850059
v -0.257928 0.610651 0.855803
v -0.260396 0.603336 0.847575
v -0.263726 0.600010 0.862955
v -0.266882 0.591950 0.855357
v -0.289444 0.565249 0.886820
v -0.258029 0.506416 0.893186
v -0.266783 0.512147 0.892766
v -0.264143 0.516110 0.889223
v -0.256410 0.510231 0.891939
v -0.270220 0.516365 0.891580
v -0.270529 0.507903 0.891877
v -0.265976 0.581519 0.844664
v -0.270237 0.542586 0.881864
v -0.256335 0.591901 0.834591
v -0.264603 0.565582 0.835647
v -0.255363 0.572660 0.828528
v -0.245358 0.600813 0.823426
v -0.245770 0.584098 0.821094
v -0.240430 0.617968 0.821937
v -0.243622 0.610056 0.823908
v -0.244279 0.567094 0.820169
v -0.257095 0.509044 0.876570
v -0.255893 0.512813 0.881259
v -0.245968 0.624858 0.828858
v -0.229035 0.552892 0.848919
v -0.225616 0.589092 0.874591
v -0.229085 0.587143 0.870542
v -0.217087 0.600388 0.887643
v -0.220366 0.592187 0.879790
v -0.259321 0.504090 0.875246
v -0.267305 0.552274 0.898982
v -0.266264 0.553491 0.898752
v -0.221403 0.546452 0.831717
v -0.222670 0.539655 0.830894
v -0.232048 0.539578 0.821381
v -0.225557 0.539295 0.824513
v -0.224868 0.547553 0.823791
v -0.231824 0.548478 0.820238
v -0.220660 0.592236 0.864865
v -0.218903 0.593513 0.868164
v -0.233131 0.616535 0.891452
v -0.223532 0.610570 0.893980
v -0.280720 0.534702 0.860816
v -0.286381 0.543379 0.860900
v -0.285842 0.536980 0.865363
v -0.286454 0.532204 0.875094
v -0.273172 0.541935 0.881989
v -0.276051 0.539947 0.881293
v -0.216068 0.589610 0.850115
v -0.226132 0.584184 0.857523
v -0.238857 0.544538 0.847294
v -0.239256 0.538420 0.843835
v -0.258613 0.556136 0.884416
v -0.279003 0.555225 0.897528
v -0.284903 0.554284 0.890215
v -0.264435 0.550540 0.887657
v -0.261610 0.498188 0.880969
v -0.260484 0.500704 0.876804
v -0.288085 0.540974 0.870942
v -0.249576 0.567710 0.900402
v -0.276821 0.561008 0.899583
v -0.273136 0.553611 0.900745
v -0.244226 0.584594 0.920013
v -0.246829 0.632275 0.839032
v -0.261959 0.517140 0.883901
v -0.255794 0.514223 0.886486
v -0.260511 0.503026 0.891920
v -0.262899 0.499584 0.887016
v -0.218614 0.614975 0.885179
v -0.231536 0.585453 0.868089
v -0.241860 0.553332 0.820475
v -0.239624 0.541245 0.822261
v -0.268021 0.548735 0.888731
v -0.264828 0.578207 0.914123
v -0.275821 0.570136 0.906009
v -0.273930 0.560938 0.909932
v -0.274358 0.555582 0.904637
v -0.270058 0.551836 0.900610
v -0.254337 0.501358 0.891869
v -0.256848 0.497806 0.887081
v -0.256496 0.496889 0.880786
v -0.256575 0.499614 0.876924
v -0.256422 0.503843 0.875746
v -0.252063 0.505504 0.892799
v -0.251312 0.509261 0.891206
v -0.253227 0.513305 0.886866
v -0.247292 0.506482 0.890972
v -0.245549 0.501423 0.889235
v -0.244066 0.500319 0.874581
v -0.248244 0.497666 0.878349
v -0.245399 0.498204 0.879164
v -0.241414 0.500267 0.876545
v -0.236560 0.502035 0.875162
v -0.238884 0.502266 0.872512
v -0.246289 0.498358 0.884001
v -0.240409 0.501219 0.881092
v -0.239679 0.503731 0.884473
v -0.234711 0.505211 0.881873
v -0.235104 0.502899 0.878953
v -0.243470 0.501340 0.886472
v -0.248740 0.497061 0.885268
v -0.234593 0.504257 0.872820
v -0.233711 0.503061 0.874856
v -0.232437 0.504315 0.877679
v -0.231229 0.506516 0.875893
v -0.252595 0.500330 0.875549
v -0.245116 0.502076 0.872811
v -0.239840 0.505200 0.871718
v -0.235520 0.506870 0.872229
v -0.244761 0.506291 0.872517
v -0.240411 0.508095 0.872260
v -0.236825 0.509804 0.873140
v -0.244161 0.510399 0.874060
v -0.240282 0.510923 0.873923
v -0.253841 0.508276 0.876800
v -0.254907 0.504366 0.875208
v -0.237843 0.511625 0.873800
v -0.231629 0.508669 0.875628
v -0.240972 0.506000 0.887207
v -0.235306 0.508120 0.882998
v -0.241470 0.508484 0.887397
v -0.235648 0.510331 0.883676
v -0.231417 0.508373 0.880457
v -0.232361 0.506057 0.880094
v -0.255697 0.508815 0.877548
v -0.254487 0.512711 0.882419
v -0.252886 0.512371 0.881808
v -0.243573 0.513528 0.877970
v -0.250963 0.513139 0.885823
v -0.247333 0.510278 0.889121
v -0.241370 0.511310 0.885868
v -0.242193 0.513537 0.883134
v -0.236946 0.512326 0.882631
v -0.238245 0.513322 0.880648
v -0.239444 0.513255 0.876792
v -0.234298 0.512317 0.879410
v -0.232320 0.510336 0.880290
v -0.234034 0.511058 0.875733
v -0.235913 0.513189 0.878918
v -0.236417 0.512110 0.876039
v -0.254332 0.526086 0.894952
v -0.252277 0.529945 0.899669
v -0.256277 0.531115 0.898520
v -0.258024 0.527844 0.894589
v -0.261873 0.515622 0.900742
v -0.258848 0.518373 0.895844
v -0.264494 0.519922 0.895520
v -0.267923 0.518438 0.901487
v -0.262988 0.517599 0.907954
v -0.268555 0.521264 0.908045
v -0.272487 0.522573 0.899726
v -0.268547 0.523722 0.893833
v -0.276285 0.540449 0.884958
v -0.280907 0.541005 0.889514
v -0.264569 0.549683 0.894892
v -0.265669 0.549919 0.898284
v -0.256230 0.522567 0.894312
v -0.260949 0.523914 0.893794
v -0.258150 0.536574 0.905975
v -0.256472 0.535717 0.900770
v -0.255159 0.533567 0.902677
v -0.256575 0.533316 0.908056
v -0.268682 0.543552 0.884437
v -0.266910 0.546822 0.889803
v -0.271930 0.541688 0.883667
v -0.262620 0.534545 0.910552
v -0.268164 0.530636 0.911693
v -0.277490 0.546853 0.902720
v -0.271638 0.548501 0.903830
v -0.264300 0.526167 0.891685
v -0.257138 0.532535 0.895852
v -0.259775 0.529588 0.892205
v -0.272630 0.526414 0.906242
v -0.263777 0.525817 0.913088
v -0.243528 0.521989 0.913276
v -0.254470 0.527118 0.912912
v -0.252233 0.530492 0.909565
v -0.241268 0.526046 0.911209
v -0.259404 0.530392 0.912039
v -0.258264 0.522528 0.912788
v -0.240707 0.523406 0.896987
v -0.239343 0.527564 0.901972
v -0.242113 0.519116 0.895610
v -0.281525 0.544011 0.895971
v -0.247620 0.512162 0.901029
v -0.244378 0.515567 0.896437
v -0.251594 0.532047 0.904604
v -0.239452 0.528407 0.907155
v -0.245801 0.518036 0.912556
v -0.249447 0.513495 0.907511
v -0.239632 0.515828 0.911512
v -0.242177 0.512051 0.906845
v -0.241678 0.511319 0.900452
v -0.240753 0.515236 0.896493
v -0.239942 0.519151 0.896025
v -0.237678 0.519746 0.912490
v -0.236646 0.524202 0.911040
v -0.237255 0.527216 0.906961
v -0.230909 0.521705 0.909504
v -0.230636 0.516769 0.908524
v -0.225463 0.518701 0.889711
v -0.230167 0.516079 0.892848
v -0.228413 0.515423 0.894751
v -0.224082 0.517922 0.892057
v -0.233686 0.512587 0.897000
v -0.231348 0.513140 0.897911
v -0.230781 0.513582 0.902784
v -0.226464 0.516841 0.899017
v -0.225667 0.519327 0.903198
v -0.220974 0.521336 0.900129
v -0.221370 0.518788 0.896096
v -0.228752 0.516214 0.905044
v -0.220900 0.519621 0.891113
v -0.220401 0.521484 0.889367
v -0.233284 0.511677 0.904439
v -0.238196 0.515306 0.895136
v -0.231329 0.518493 0.890991
v -0.226031 0.521776 0.888476
v -0.220450 0.524558 0.889437
v -0.231450 0.522845 0.890724
v -0.226158 0.525035 0.889067
v -0.221592 0.526805 0.890475
v -0.231089 0.527341 0.892609
v -0.225703 0.528611 0.891404
v -0.239134 0.524121 0.897234
v -0.239353 0.519858 0.894743
v -0.223147 0.528371 0.891488
v -0.217251 0.522388 0.892841
v -0.217668 0.525656 0.892317
v -0.218306 0.521064 0.893684
v -0.225645 0.520965 0.904720
v -0.220844 0.523490 0.900589
v -0.225632 0.523978 0.905135
v -0.220462 0.525942 0.900441
v -0.217383 0.524225 0.897154
v -0.217761 0.522645 0.896814
v -0.239299 0.523030 0.898197
v -0.238134 0.526646 0.902710
v -0.238005 0.527501 0.901959
v -0.229528 0.529877 0.897381
v -0.236075 0.527809 0.906404
v -0.232436 0.525227 0.908677
v -0.226568 0.526757 0.904725
v -0.227670 0.529488 0.901793
v -0.220832 0.528054 0.900809
v -0.223379 0.529724 0.899702
v -0.224995 0.530511 0.895126
v -0.217915 0.528200 0.896988
v -0.217211 0.525972 0.897002
v -0.218979 0.527392 0.892665
v -0.220444 0.529716 0.897018
v -0.221423 0.529275 0.893452
v -0.250008 0.538183 0.908422
v -0.248283 0.541633 0.912856
v -0.250952 0.543447 0.912008
v -0.252932 0.539970 0.908043
v -0.258070 0.529296 0.912839
v -0.255103 0.530714 0.909090
v -0.259345 0.533047 0.908342
v -0.263525 0.532428 0.911833
v -0.257582 0.529506 0.918585
v -0.264875 0.533740 0.917794
v -0.267553 0.536213 0.910503
v -0.262529 0.535891 0.907134
v -0.268304 0.548350 0.902026
v -0.272873 0.548954 0.906588
v -0.252375 0.534279 0.907790
v -0.255583 0.536271 0.907229
v -0.252472 0.546917 0.919192
v -0.250615 0.546220 0.914637
v -0.250783 0.544755 0.917240
v -0.252612 0.543932 0.921287
v -0.259453 0.553439 0.900814
v -0.257517 0.556997 0.905194
v -0.263003 0.550062 0.900383
v -0.257887 0.545136 0.922730
v -0.264582 0.542054 0.922376
v -0.267027 0.555978 0.917685
v -0.261417 0.558128 0.916961
v -0.257988 0.537954 0.905884
v -0.251022 0.544692 0.909506
v -0.253631 0.541280 0.906048
v -0.268119 0.538948 0.916369
v -0.261332 0.537030 0.923381
v -0.239490 0.529064 0.925791
v -0.253236 0.537755 0.925094
v -0.249806 0.541720 0.922161
v -0.237384 0.532876 0.924804
v -0.256322 0.540827 0.924463
v -0.256499 0.533290 0.923872
v -0.237286 0.532688 0.910667
v -0.236125 0.535356 0.915423
v -0.240380 0.529375 0.909454
v -0.272976 0.552155 0.913003
v -0.256908 0.559117 0.912627
v -0.243878 0.523313 0.912727
v -0.242146 0.526446 0.910058
v -0.248471 0.542862 0.918117
v -0.236157 0.535536 0.921267
v -0.242913 0.525414 0.924261
v -0.245587 0.522933 0.918612
v -0.237494 0.523444 0.923292
v -0.240520 0.520912 0.917719
v -0.240414 0.522090 0.911948
v -0.239616 0.526447 0.909530
v -0.238253 0.529705 0.909268
v -0.234586 0.528168 0.924487
v -0.233479 0.531997 0.923633
v -0.235444 0.535239 0.920523
v -0.230586 0.528502 0.923219
v -0.230671 0.523437 0.920808
v -0.222463 0.527179 0.905188
v -0.228202 0.525755 0.907491
v -0.227698 0.525271 0.908482
v -0.221782 0.526086 0.906425
v -0.233820 0.522621 0.910696
v -0.231838 0.522874 0.911054
v -0.231367 0.521918 0.914953
v -0.224997 0.523522 0.912798
v -0.224129 0.526375 0.918237
v -0.219068 0.527195 0.915431
v -0.219407 0.524526 0.910389
v -0.229416 0.523545 0.918860
v -0.218326 0.526593 0.906003
v -0.218146 0.527112 0.904196
v -0.233689 0.520701 0.916086
v -0.235997 0.526510 0.908475
v -0.229137 0.528228 0.905863
v -0.223435 0.529691 0.903590
v -0.218916 0.530704 0.903774
v -0.229281 0.532098 0.906285
v -0.223959 0.532606 0.904666
v -0.219849 0.533325 0.904964
v -0.228590 0.534919 0.908102
v -0.223913 0.534969 0.906896
v -0.236289 0.533637 0.911074
v -0.236831 0.530492 0.908796
v -0.220745 0.534698 0.906706
v -0.215005 0.527298 0.907817
v -0.215018 0.531552 0.907957
v -0.216329 0.526451 0.908589
v -0.224325 0.527320 0.919820
v -0.217946 0.528860 0.916612
v -0.224329 0.530097 0.920618
v -0.218157 0.531384 0.917403
v -0.214825 0.528555 0.912962
v -0.215658 0.527699 0.912711
v -0.236735 0.532828 0.911055
v -0.235998 0.535260 0.915693
v -0.235706 0.535900 0.915505
v -0.227133 0.537341 0.912379
v -0.234445 0.535737 0.920052
v -0.230049 0.532392 0.922365
v -0.224760 0.533349 0.919464
v -0.225372 0.536379 0.916777
v -0.219298 0.533895 0.916667
v -0.221253 0.535610 0.915311
v -0.222671 0.536959 0.910614
v -0.216788 0.533688 0.913124
v -0.215008 0.531208 0.913442
v -0.216952 0.534108 0.908439
v -0.218660 0.535421 0.912689
v -0.218945 0.535578 0.909157
v -0.256336 0.558778 0.909180
v -0.246095 0.548138 0.917993
v -0.243886 0.550081 0.921264
v -0.244380 0.550679 0.921291
v -0.246650 0.549736 0.917459
v -0.256781 0.545252 0.920837
v -0.253113 0.544938 0.917761
v -0.255687 0.547989 0.916988
v -0.259096 0.548556 0.920100
v -0.257603 0.547110 0.925884
v -0.258862 0.550159 0.925554
v -0.259580 0.552621 0.919425
v -0.256458 0.551969 0.915945
v -0.259509 0.567757 0.912774
v -0.262256 0.570963 0.916302
v -0.244374 0.577776 0.922380
v -0.242038 0.576611 0.917918
v -0.242635 0.568514 0.921691
v -0.244908 0.570464 0.925303
v -0.249435 0.546290 0.917002
v -0.250850 0.548765 0.915729
v -0.245528 0.554783 0.929850
v -0.243471 0.553906 0.925414
v -0.243342 0.552024 0.925180
v -0.244196 0.552522 0.929859
v -0.243435 0.572834 0.914651
v -0.247368 0.569964 0.913184
v -0.246441 0.566473 0.914311
v -0.243758 0.565980 0.917822
v -0.252076 0.565148 0.912869
v -0.249704 0.555055 0.931600
v -0.255714 0.554746 0.930374
v -0.254216 0.574363 0.927342
v -0.249192 0.573291 0.927148
v -0.251983 0.550861 0.915536
v -0.244438 0.553018 0.920720
v -0.246869 0.551211 0.917826
v -0.259787 0.554153 0.925044
v -0.254305 0.551252 0.930524
v -0.243831 0.544477 0.933674
v -0.247626 0.550280 0.932754
v -0.243705 0.551650 0.930251
v -0.241328 0.546514 0.932393
v -0.248291 0.551939 0.931846
v -0.252684 0.548066 0.931206
v -0.242126 0.545143 0.919335
v -0.240230 0.547307 0.924198
v -0.244579 0.543041 0.917926
v -0.260553 0.574015 0.921744
v -0.250312 0.539436 0.921221
v -0.246976 0.540688 0.918556
v -0.242941 0.551059 0.925445
v -0.239787 0.547782 0.928942
v -0.247837 0.541664 0.932159
v -0.251859 0.540474 0.926873
v -0.243846 0.538023 0.931626
v -0.247991 0.537194 0.926626
v -0.246085 0.538088 0.920199
v -0.244208 0.541349 0.918563
v -0.242482 0.544048 0.918692
v -0.240612 0.542076 0.933511
v -0.239261 0.544540 0.932908
v -0.238980 0.546790 0.929438
v -0.237325 0.539819 0.932715
v -0.237461 0.536694 0.928924
v -0.229481 0.541651 0.919479
v -0.233846 0.541286 0.919285
v -0.233586 0.540331 0.920018
v -0.229403 0.540565 0.919657
v -0.239213 0.539160 0.919710
v -0.237437 0.538750 0.920650
v -0.238838 0.536889 0.923690
v -0.233217 0.537451 0.923252
v -0.232050 0.537732 0.928574
v -0.227914 0.538099 0.927667
v -0.229267 0.537489 0.923056
v -0.236394 0.536616 0.927496
v -0.226640 0.539791 0.920070
v -0.225493 0.540647 0.919687
v -0.241606 0.535813 0.923871
v -0.239787 0.543121 0.918651
v -0.233003 0.543866 0.918672
v -0.227732 0.543593 0.919018
v -0.224203 0.542548 0.920647
v -0.233244 0.546234 0.919557
v -0.227386 0.545750 0.919819
v -0.224189 0.544660 0.921557
v -0.233027 0.548379 0.922175
v -0.227647 0.547226 0.921899
v -0.238757 0.548304 0.922612
v -0.239156 0.546320 0.919712
v -0.225041 0.545772 0.922611
v -0.224038 0.538721 0.922912
v -0.223123 0.541563 0.923727
v -0.225478 0.537649 0.923028
v -0.231946 0.538269 0.929978
v -0.226938 0.538920 0.928923
v -0.231708 0.540075 0.931544
v -0.226453 0.540917 0.929734
v -0.224230 0.538944 0.926570
v -0.225769 0.537841 0.925873
v -0.240202 0.546393 0.921073
v -0.239299 0.547168 0.924448
v -0.237921 0.548193 0.926720
v -0.232566 0.548558 0.926542
v -0.237692 0.546424 0.931430
v -0.237272 0.543007 0.933405
v -0.231468 0.542875 0.931984
v -0.231546 0.546115 0.930726
v -0.226183 0.543099 0.929472
v -0.226901 0.545899 0.928464
v -0.227450 0.547650 0.925448
v -0.223763 0.543115 0.926474
v -0.223412 0.541239 0.926653
v -0.223328 0.543615 0.924210
v -0.224486 0.544896 0.926290
v -0.224598 0.545481 0.924651
v -0.248063 0.577629 0.924321
v -0.243152 0.527360 0.828318
v -0.243845 0.527723 0.833936
v -0.228755 0.525668 0.839914
v -0.235704 0.525647 0.841352
v -0.224285 0.525260 0.834700
v -0.226228 0.526123 0.823890
v -0.223719 0.526537 0.828982
v -0.241151 0.526537 0.839038
v -0.239549 0.527408 0.823274
v -0.232512 0.527131 0.820841
v -0.242200 0.518437 0.823102
v -0.234197 0.517752 0.820649
v -0.227618 0.516661 0.823115
v -0.224394 0.519078 0.829667
v -0.224236 0.519775 0.834799
v -0.244417 0.521176 0.830036
v -0.244246 0.522234 0.835435
v -0.240066 0.522500 0.840573
v -0.245541 0.514599 0.834522
v -0.242304 0.505251 0.834110
v -0.227153 0.493926 0.839789
v -0.226586 0.500168 0.836795
v -0.229059 0.499104 0.835913
v -0.229200 0.493304 0.838280
v -0.228401 0.503877 0.832690
v -0.230289 0.502642 0.833474
v -0.235406 0.503817 0.832538
v -0.235385 0.498496 0.835170
v -0.240029 0.503618 0.834879
v -0.240663 0.500363 0.837763
v -0.235617 0.493304 0.837624
v -0.231105 0.489772 0.839014
v -0.235652 0.489048 0.839901
v -0.229614 0.489516 0.841811
v -0.236130 0.503684 0.829271
v -0.224655 0.509684 0.832855
v -0.224521 0.502680 0.838416
v -0.225801 0.495904 0.842646
v -0.229156 0.490976 0.844700
v -0.224443 0.505263 0.841972
v -0.226700 0.499100 0.845486
v -0.230377 0.494965 0.847360
v -0.227230 0.507528 0.845342
v -0.229474 0.501292 0.847408
v -0.227493 0.518547 0.840745
v -0.223834 0.515077 0.836663
v -0.231427 0.497567 0.847868
v -0.235569 0.487774 0.842493
v -0.235172 0.489569 0.845643
v -0.243164 0.502328 0.839059
v -0.241197 0.495302 0.839746
v -0.242559 0.496711 0.842015
v -0.244294 0.505525 0.841224
v -0.242931 0.498287 0.844368
v -0.240624 0.491352 0.843064
v -0.239638 0.491440 0.840397
v -0.227583 0.521586 0.839785
v -0.233796 0.522785 0.841638
v -0.233758 0.520179 0.842420
v -0.233395 0.509697 0.847048
v -0.239885 0.519369 0.842399
v -0.244308 0.517108 0.838800
v -0.243342 0.507683 0.844140
v -0.239561 0.509548 0.846447
v -0.241131 0.500355 0.846728
v -0.238620 0.501790 0.847769
v -0.233754 0.501977 0.848538
v -0.238737 0.495673 0.847517
v -0.240492 0.493121 0.845740
v -0.234814 0.493660 0.847834
v -0.237424 0.498066 0.847952
v -0.234410 0.497243 0.848276
v -0.240810 0.580966 0.914849
v -0.242106 0.576107 0.910593
v -0.238613 0.580303 0.908197
v -0.232571 0.584825 0.903211
v -0.227839 0.594097 0.902068
v -0.235109 0.581113 0.897771
v -0.241161 0.576478 0.903301
v -0.246638 0.570689 0.906815
v -0.233678 0.582851 0.887789
f 2 3 1
f 1 3 4
f 5 6 8
f 8 6 7
f 9 4 10
f 10 4 3
f 12 13 11
f 11 13 9
f 14 12 16
f 16 12 15
f 18 19 17
f 17 19 20
f 22 23 21
f 21 23 24
f 26 27 25
f 25 27 28
f 30 31 29
f 29 31 32
f 33 34 36
f 36 34 35
f 37 38 40
f 40 38 39
f 41 42 6
f 6 42 43
f 6 43 7
f 7 43 44
f 45 34 46
f 46 34 33
f 48 49 47
f 47 49 50
f 52 53 51
f 51 53 54
f 56 52 55
f 55 52 51
f 58 59 57
f 57 59 60
f 61 62 4
f 4 62 1
f 64 65 63
f 63 65 66
f 68 69 67
f 67 69 70
f 72 73 71
f 71 73 74
f 76 77 75
f 75 77 78
f 53 79 54
f 54 79 80
f 82 83 81
f 81 83 84
f 85 86 52
f 52 86 53
f 57 60 87
f 87 60 88
f 89 90 43
f 43 90 44
f 43 42 89
f 89 42 91
f 40 39 92
f 92 39 93
f 94 70 64
f 64 70 69
f 13 61 9
f 9 61 4
f 25 28 69
f 69 28 95
f 96 25 68
f 68 25 69
f 98 99 97
f 97 99 100
f 101 102 104
f 104 102 103
f 106 30 105
f 105 30 29
f 51 54 107
f 107 54 108
f 54 80 108
f 108 80 109
f 111 112 110
f 110 112 113
f 115 5 114
f 114 5 116
f 115 41 5
f 5 41 6
f 36 35 111
f 111 35 117
f 35 118 117
f 117 118 119
f 34 120 35
f 35 120 118
f 34 45 120
f 120 45 121
f 125 126 124
f 124 126 127
f 128 129 14
f 14 129 130
f 33 131 46
f 46 131 132
f 133 94 63
f 63 94 64
f 134 135 137
f 137 135 136
f 139 140 138
f 138 140 141
f 77 142 78
f 78 142 143
f 144 145 20
f 20 145 146
f 148 149 147
f 147 149 72
f 151 152 150
f 150 152 153
f 82 101 83
f 83 101 104
f 101 82 155
f 155 82 154
f 156 157 58
f 58 157 59
f 158 68 147
f 147 68 67
f 159 146 15
f 15 146 16
f 68 158 96
f 96 158 160
f 129 66 130
f 130 66 65
f 162 163 161
f 161 163 164
f 166 167 165
f 165 167 168
f 170 171 169
f 169 171 172
f 174 171 173
f 173 171 170
f 176 177 175
f 175 177 178
f 180 181 179
f 179 181 24
f 182 183 21
f 21 183 184
f 81 185 82
f 82 185 154
f 186 187 188
f 188 187 144
f 158 71 160
f 160 71 189
f 190 135 157
f 157 135 59
f 169 172 139
f 139 172 140
f 147 72 158
f 158 72 71
f 192 193 191
f 191 193 194
f 167 166 49
f 49 166 195
f 196 190 50
f 50 190 157
f 197 198 200
f 200 198 199
f 21 24 182
f 182 24 181
f 146 159 20
f 20 159 17
f 182 181 81
f 81 181 185
f 201 185 180
f 180 185 181
f 202 203 83
f 83 203 84
f 205 206 204
f 204 206 85
f 207 22 184
f 184 22 21
f 179 24 208
f 208 24 23
f 208 209 179
f 179 209 205
f 209 210 205
f 205 210 206
f 212 206 211
f 211 206 210
f 179 205 180
f 180 205 204
f 213 176 88
f 88 176 214
f 86 85 212
f 212 85 206
f 193 217 218
f 217 219 218
f 218 219 220
f 219 18 220
f 220 18 17
f 19 221 20
f 20 221 144
f 222 223 225
f 225 223 224
f 175 226 176
f 176 226 214
f 227 87 214
f 214 87 88
f 220 17 228
f 228 17 159
f 134 213 60
f 60 213 88
f 138 229 151
f 151 229 152
f 193 192 210
f 210 192 211
f 230 194 218
f 218 194 193
f 231 232 228
f 228 232 230
f 233 234 91
f 91 234 89
f 235 236 93
f 93 236 92
f 230 232 234
f 234 232 237
f 47 238 48
f 48 238 239
f 240 191 235
f 235 191 236
f 5 8 116
f 116 8 241
f 242 243 189
f 189 243 160
f 244 245 98
f 98 245 99
f 156 246 47
f 47 246 238
f 76 247 77
f 77 247 248
f 250 125 249
f 249 125 124
f 252 253 251
f 251 253 254
f 111 110 36
f 36 110 255
f 256 33 255
f 255 33 36
f 257 258 154
f 154 258 155
f 63 169 133
f 133 169 139
f 66 170 63
f 63 170 169
f 173 170 129
f 129 170 66
f 129 128 173
f 173 128 259
f 128 260 259
f 259 260 261
f 213 134 262
f 262 134 137
f 263 264 186
f 186 264 187
f 112 265 113
f 113 265 266
f 11 267 268
f 234 233 230
f 230 233 194
f 153 269 70
f 70 269 67
f 175 178 165
f 165 178 141
f 150 153 94
f 94 153 70
f 271 221 270
f 270 221 207
f 269 153 272
f 272 153 152
f 121 45 109
f 109 45 108
f 47 50 156
f 156 50 157
f 57 273 58
f 58 273 274
f 145 275 260
f 260 275 261
f 276 149 143
f 143 149 78
f 148 269 75
f 75 269 272
f 207 277 270
f 270 277 278
f 195 196 49
f 49 196 50
f 59 135 60
f 60 135 134
f 83 104 202
f 202 104 279
f 149 148 78
f 78 148 75
f 247 278 248
f 248 278 277
f 183 182 84
f 84 182 81
f 48 239 281
f 281 239 282
f 227 223 283
f 283 223 222
f 223 226 224
f 224 226 168
f 281 282 224
f 224 282 225
f 165 168 175
f 175 168 226
f 264 263 138
f 138 263 229
f 14 16 128
f 128 16 260
f 220 228 218
f 218 228 230
f 87 227 284
f 284 227 283
f 260 16 145
f 145 16 146
f 244 98 258
f 258 98 155
f 58 274 156
f 156 274 246
f 107 285 51
f 51 285 55
f 243 286 160
f 160 286 96
f 234 237 89
f 89 237 90
f 46 132 107
f 107 132 285
f 253 252 249
f 249 252 250
f 286 26 96
f 96 26 25
f 106 105 287
f 287 105 288
f 272 152 289
f 289 152 229
f 138 151 139
f 139 151 133
f 183 290 161
f 161 290 162
f 291 292 277
f 277 292 293
f 151 150 133
f 133 150 94
f 262 275 177
f 177 275 187
f 144 187 145
f 145 187 275
f 273 57 284
f 284 57 87
f 174 136 190
f 190 136 135
f 111 117 112
f 112 117 38
f 117 119 38
f 38 119 123
f 112 38 265
f 265 38 37
f 287 288 254
f 254 288 251
f 228 159 231
f 231 159 15
f 223 227 226
f 226 227 214
f 147 67 148
f 148 67 269
f 224 168 281
f 281 168 167
f 199 163 200
f 200 163 162
f 45 46 108
f 108 46 107
f 281 167 48
f 48 167 49
f 161 164 291
f 291 164 292
f 38 123 39
f 293 294 277
f 277 294 248
f 284 283 296
f 296 283 295
f 284 296 273
f 273 296 297
f 274 273 298
f 298 273 297
f 246 274 299
f 299 274 298
f 283 222 295
f 295 222 300
f 222 225 300
f 300 225 301
f 301 225 302
f 302 225 282
f 303 304 300
f 300 304 295
f 306 307 305
f 305 307 308
f 309 310 308
f 308 310 305
f 308 307 312
f 312 307 311
f 313 314 312
f 312 314 315
f 311 316 312
f 312 316 313
f 317 304 311
f 311 304 316
f 315 309 312
f 312 309 308
f 318 319 321
f 321 319 320
f 319 318 309
f 309 318 310
f 311 307 317
f 317 307 306
f 306 297 317
f 317 297 296
f 306 322 297
f 297 322 298
f 305 323 306
f 306 323 322
f 323 305 324
f 324 305 310
f 304 317 295
f 295 317 296
f 318 325 310
f 310 325 324
f 323 324 326
f 326 324 327
f 324 325 327
f 327 325 328
f 326 327 329
f 329 327 330
f 329 331 326
f 326 331 332
f 333 330 328
f 328 330 327
f 323 326 322
f 322 326 332
f 322 332 298
f 298 332 299
f 325 318 334
f 334 318 321
f 313 316 335
f 335 316 304
f 335 336 313
f 313 336 314
f 304 303 335
f 335 303 337
f 336 335 338
f 338 335 337
f 336 339 314
f 314 339 340
f 246 299 238
f 238 299 341
f 239 342 282
f 282 342 302
f 342 239 341
f 341 239 238
f 341 331 342
f 342 331 343
f 331 329 343
f 343 329 344
f 342 343 302
f 302 343 345
f 341 299 331
f 331 299 332
f 346 301 345
f 345 301 302
f 346 303 301
f 301 303 300
f 347 337 346
f 346 337 303
f 347 346 348
f 348 346 345
f 349 347 350
f 350 347 348
f 343 344 345
f 345 344 348
f 344 351 348
f 348 351 350
f 337 347 338
f 338 347 349
f 353 338 352
f 352 338 349
f 352 355 354
f 354 355 356
f 352 349 355
f 355 349 350
f 352 354 353
f 353 354 334
f 353 334 339
f 339 334 321
f 339 336 353
f 353 336 338
f 329 330 344
f 344 330 351
f 356 351 333
f 333 351 330
f 356 355 351
f 351 355 350
f 354 356 328
f 328 356 333
f 328 325 354
f 354 325 334
f 309 315 319
f 319 315 320
f 320 340 321
f 321 340 339
f 320 315 340
f 340 315 314
f 137 136 261
f 261 136 259
f 140 166 141
f 141 166 165
f 172 171 195
f 195 171 196
f 171 174 196
f 196 174 190
f 178 177 264
f 264 177 187
f 172 195 140
f 140 195 166
f 137 261 262
f 262 261 275
f 178 264 141
f 141 264 138
f 262 177 213
f 213 177 176
f 136 174 259
f 259 174 173
f 358 359 357
f 357 359 360
f 362 363 361
f 361 363 364
f 361 364 365
f 365 364 366
f 367 368 370
f 370 368 369
f 76 371 247
f 247 371 372
f 373 374 362
f 362 374 363
f 376 377 375
f 375 377 378
f 289 229 380
f 380 229 379
f 381 379 263
f 263 379 229
f 383 384 382
f 382 384 385
f 386 368 374
f 374 368 363
f 76 289 371
f 371 289 380
f 377 376 359
f 359 376 387
f 388 386 360
f 360 386 374
f 389 383 366
f 366 383 390
f 392 393 391
f 391 393 394
f 383 382 390
f 390 382 395
f 396 365 390
f 390 365 366
f 389 366 367
f 367 366 364
f 357 397 358
f 358 397 398
f 373 399 357
f 357 399 397
f 389 367 400
f 400 367 370
f 382 385 375
f 375 385 372
f 357 360 373
f 373 360 374
f 361 401 362
f 362 401 402
f 387 388 359
f 359 388 360
f 363 368 364
f 364 368 367
f 358 398 403
f 403 398 404
f 396 392 405
f 405 392 391
f 392 395 393
f 393 395 378
f 393 403 394
f 394 403 404
f 375 378 382
f 382 378 395
f 365 396 406
f 406 396 405
f 362 402 373
f 373 402 399
f 271 270 400
f 400 270 384
f 401 361 406
f 406 361 365
f 381 369 386
f 386 369 368
f 392 396 395
f 395 396 390
f 393 378 403
f 403 378 377
f 403 377 358
f 358 377 359
f 406 405 408
f 408 405 407
f 406 408 401
f 401 408 409
f 401 409 402
f 402 409 410
f 402 410 399
f 399 410 411
f 405 391 407
f 407 391 412
f 391 394 412
f 412 394 413
f 394 404 413
f 413 404 414
f 415 416 412
f 412 416 407
f 418 419 417
f 417 419 420
f 421 422 418
f 418 422 419
f 419 422 424
f 424 422 423
f 425 426 424
f 424 426 427
f 423 428 424
f 424 428 425
f 427 420 424
f 424 420 419
f 420 429 417
f 417 429 430
f 423 422 431
f 431 422 421
f 421 409 431
f 431 409 408
f 421 432 409
f 409 432 410
f 418 433 421
f 421 433 432
f 434 433 417
f 417 433 418
f 431 416 423
f 423 416 428
f 416 431 407
f 407 431 408
f 435 434 430
f 430 434 417
f 433 434 436
f 436 434 437
f 434 435 437
f 437 435 438
f 436 437 439
f 439 437 440
f 439 441 436
f 436 441 442
f 438 443 437
f 437 443 440
f 436 442 433
f 433 442 432
f 432 442 410
f 410 442 411
f 435 430 445
f 445 430 444
f 430 429 444
f 444 429 446
f 425 428 447
f 447 428 416
f 426 425 448
f 448 425 447
f 416 415 447
f 447 415 449
f 447 449 448
f 448 449 450
f 451 452 448
f 448 452 426
f 446 452 444
f 444 452 451
f 399 411 397
f 397 411 453
f 398 454 404
f 404 454 414
f 454 398 453
f 453 398 397
f 453 441 454
f 454 441 455
f 441 439 455
f 455 439 456
f 454 455 414
f 414 455 457
f 441 453 442
f 442 453 411
f 458 413 457
f 457 413 414
f 458 415 413
f 413 415 412
f 458 459 415
f 415 459 449
f 459 458 460
f 460 458 457
f 461 459 462
f 462 459 460
f 455 456 457
f 457 456 460
f 456 463 460
f 460 463 462
f 459 461 449
f 449 461 450
f 465 450 464
f 464 450 461
f 464 467 466
f 466 467 468
f 464 461 467
f 467 461 462
f 464 466 465
f 465 466 445
f 465 445 451
f 451 445 444
f 451 448 465
f 465 448 450
f 439 440 456
f 456 440 463
f 468 463 443
f 443 463 440
f 468 467 463
f 463 467 462
f 466 468 438
f 438 468 443
f 438 435 466
f 466 435 445
f 420 427 429
f 429 427 446
f 446 427 452
f 452 427 426
f 370 369 188
f 188 369 186
f 371 376 372
f 372 376 375
f 380 379 387
f 387 379 388
f 379 381 388
f 388 381 386
f 385 384 278
f 278 384 270
f 380 387 371
f 371 387 376
f 400 370 271
f 271 370 188
f 385 278 372
f 372 278 247
f 400 384 389
f 389 384 383
f 369 381 186
f 186 381 263
f 221 271 144
f 144 271 188
f 221 19 207
f 207 19 22
f 19 18 22
f 22 18 23
f 18 219 23
f 23 219 208
f 469 470 472
f 472 470 471
f 474 475 473
f 473 475 476
f 473 476 477
f 477 476 478
f 480 481 479
f 479 481 482
f 483 484 474
f 474 484 475
f 486 487 485
f 485 487 488
f 489 490 77
f 77 490 142
f 491 489 248
f 248 489 77
f 493 494 492
f 492 494 495
f 496 480 484
f 484 480 475
f 486 497 487
f 487 497 471
f 498 496 472
f 472 496 484
f 499 493 478
f 478 493 500
f 501 502 504
f 504 502 503
f 493 492 500
f 500 492 505
f 506 477 500
f 500 477 478
f 499 478 479
f 479 478 476
f 469 507 470
f 470 507 508
f 483 509 469
f 469 509 507
f 479 482 499
f 499 482 510
f 492 495 485
f 485 495 511
f 483 469 484
f 484 469 472
f 473 512 474
f 474 512 513
f 497 498 471
f 471 498 472
f 475 480 476
f 476 480 479
f 470 508 514
f 514 508 515
f 506 502 516
f 516 502 501
f 503 502 488
f 488 502 505
f 514 515 503
f 503 515 504
f 485 488 492
f 492 488 505
f 477 506 517
f 517 506 516
f 474 513 483
f 483 513 509
f 510 292 494
f 494 292 164
f 512 473 517
f 517 473 477
f 491 481 496
f 496 481 480
f 502 506 505
f 505 506 500
f 503 488 514
f 514 488 487
f 514 487 470
f 470 487 471
f 517 516 519
f 519 516 518
f 517 519 512
f 512 519 520
f 512 520 513
f 513 520 521
f 513 521 509
f 509 521 522
f 516 501 518
f 518 501 523
f 501 504 523
f 523 504 524
f 524 504 525
f 525 504 515
f 526 527 523
f 523 527 518
f 529 530 528
f 528 530 531
f 532 533 529
f 529 533 530
f 530 533 535
f 535 533 534
f 536 537 535
f 535 537 538
f 534 539 535
f 535 539 536
f 538 531 535
f 535 531 530
f 540 541 531
f 531 541 528
f 533 532 534
f 534 532 542
f 532 520 542
f 542 520 519
f 532 543 520
f 520 543 521
f 529 544 532
f 532 544 543
f 544 529 545
f 545 529 528
f 534 542 539
f 539 542 527
f 527 542 518
f 518 542 519
f 541 546 528
f 528 546 545
f 547 544 548
f 548 544 545
f 546 549 545
f 545 549 548
f 550 547 551
f 551 547 548
f 547 550 553
f 553 550 552
f 549 554 548
f 548 554 551
f 544 547 543
f 543 547 553
f 543 553 521
f 521 553 522
f 546 541 556
f 556 541 555
f 541 540 555
f 555 540 557
f 536 539 558
f 558 539 527
f 537 536 559
f 559 536 558
f 527 526 558
f 558 526 560
f 559 558 561
f 561 558 560
f 559 562 537
f 537 562 563
f 557 563 555
f 555 563 562
f 509 522 507
f 507 522 564
f 508 565 515
f 515 565 525
f 565 508 564
f 564 508 507
f 564 552 565
f 565 552 566
f 552 550 566
f 566 550 567
f 565 566 525
f 525 566 568
f 564 522 552
f 552 522 553
f 569 524 568
f 568 524 525
f 569 526 524
f 524 526 523
f 570 560 569
f 569 560 526
f 570 569 571
f 571 569 568
f 572 570 573
f 573 570 571
f 566 567 568
f 568 567 571
f 567 574 571
f 571 574 573
f 570 572 560
f 560 572 561
f 576 561 575
f 575 561 572
f 575 578 577
f 577 578 579
f 575 572 578
f 578 572 573
f 575 577 576
f 576 577 556
f 576 556 562
f 562 556 555
f 562 559 576
f 576 559 561
f 550 551 567
f 567 551 574
f 579 574 554
f 554 574 551
f 579 578 574
f 574 578 573
f 579 554 577
f 577 554 549
f 549 546 577
f 577 546 556
f 531 538 540
f 540 538 557
f 557 538 563
f 563 538 537
f 481 294 482
f 482 294 293
f 580 486 511
f 511 486 485
f 490 489 497
f 497 489 498
f 489 491 498
f 498 491 496
f 163 495 164
f 164 495 494
f 580 490 486
f 486 490 497
f 482 293 510
f 510 293 292
f 495 163 511
f 511 163 199
f 494 493 510
f 510 493 499
f 481 491 294
f 294 491 248
f 582 583 581
f 581 583 584
f 586 587 585
f 585 587 588
f 585 588 589
f 589 588 590
f 592 593 591
f 591 593 594
f 595 596 598
f 598 596 597
f 599 600 586
f 586 600 587
f 601 602 604
f 604 602 603
f 605 606 608
f 608 606 607
f 609 607 200
f 200 607 606
f 610 611 613
f 613 611 612
f 600 614 587
f 587 614 592
f 596 605 597
f 597 605 608
f 602 615 603
f 603 615 583
f 616 614 584
f 584 614 600
f 611 618 617
f 617 618 590
f 620 621 619
f 619 621 622
f 610 623 611
f 611 623 618
f 624 589 618
f 618 589 590
f 617 590 591
f 591 590 588
f 581 625 582
f 582 625 626
f 599 627 581
f 581 627 625
f 591 594 617
f 617 594 628
f 601 610 598
f 598 610 613
f 581 584 599
f 599 584 600
f 585 629 586
f 586 629 630
f 615 616 583
f 583 616 584
f 587 592 588
f 588 592 591
f 582 626 631
f 631 626 632
f 624 620 633
f 633 620 619
f 621 620 604
f 604 620 623
f 631 632 621
f 621 632 622
f 610 601 623
f 623 601 604
f 589 624 634
f 634 624 633
f 586 630 599
f 599 630 627
f 203 202 628
f 628 202 612
f 629 585 634
f 634 585 589
f 609 593 614
f 614 593 592
f 620 624 623
f 623 624 618
f 631 621 603
f 603 621 604
f 582 631 583
f 583 631 603
f 634 633 636
f 636 633 635
f 634 636 629
f 629 636 637
f 629 637 630
f 630 637 638
f 630 638 627
f 627 638 639
f 633 619 635
f 635 619 640
f 619 622 640
f 640 622 641
f 641 622 642
f 642 622 632
f 644 635 643
f 643 635 640
f 645 646 648
f 648 646 647
f 649 650 646
f 646 650 647
f 647 650 652
f 652 650 651
f 652 653 655
f 655 653 654
f 651 656 652
f 652 656 653
f 655 648 652
f 652 648 647
f 648 657 645
f 645 657 658
f 650 649 651
f 651 649 659
f 649 637 659
f 659 637 636
f 649 660 637
f 637 660 638
f 661 660 646
f 646 660 649
f 662 661 645
f 645 661 646
f 651 659 656
f 656 659 644
f 644 659 635
f 635 659 636
f 663 662 658
f 658 662 645
f 664 661 665
f 665 661 662
f 663 666 662
f 662 666 665
f 667 664 668
f 668 664 665
f 664 667 670
f 670 667 669
f 666 671 665
f 665 671 668
f 661 664 660
f 660 664 670
f 660 670 638
f 638 670 639
f 658 672 663
f 663 672 673
f 658 657 672
f 672 657 674
f 653 656 675
f 675 656 644
f 653 675 654
f 654 675 676
f 675 644 677
f 677 644 643
f 676 675 678
f 678 675 677
f 679 680 676
f 676 680 654
f 674 680 672
f 672 680 679
f 627 639 625
f 625 639 681
f 626 682 632
f 632 682 642
f 681 682 625
f 625 682 626
f 669 683 681
f 681 683 682
f 667 684 669
f 669 684 683
f 682 683 642
f 642 683 685
f 681 639 669
f 669 639 670
f 686 641 685
f 685 641 642
f 641 686 640
f 640 686 643
f 686 687 643
f 643 687 677
f 687 686 688
f 688 686 685
f 689 687 690
f 690 687 688
f 683 684 685
f 685 684 688
f 684 691 688
f 688 691 690
f 687 689 677
f 677 689 678
f 693 678 692
f 692 678 689
f 692 695 694
f 694 695 696
f 692 689 695
f 695 689 690
f 692 694 693
f 693 694 673
f 693 673 679
f 679 673 672
f 679 676 693
f 693 676 678
f 684 667 691
f 691 667 668
f 696 691 671
f 671 691 668
f 696 695 691
f 691 695 690
f 694 696 666
f 666 696 671
f 666 663 694
f 694 663 673
f 648 655 657
f 657 655 674
f 674 655 680
f 680 655 654
f 593 162 594
f 594 162 290
f 598 597 601
f 601 597 602
f 615 608 616
f 616 608 607
f 607 609 616
f 616 609 614
f 697 595 613
f 613 595 598
f 597 608 602
f 602 608 615
f 594 290 628
f 628 290 203
f 628 612 617
f 617 612 611
f 593 609 162
f 162 609 200
f 105 29 698
f 698 29 699
f 268 126 701
f 701 126 700
f 126 125 700
f 700 125 702
f 252 703 250
f 250 703 704
f 32 268 705
f 705 268 701
f 288 105 706
f 706 105 698
f 29 32 699
f 699 32 705
f 707 251 706
f 706 251 288
f 250 704 125
f 125 704 702
f 703 252 707
f 707 252 251
f 706 708 707
f 707 708 709
f 707 709 703
f 703 709 710
f 703 710 704
f 704 710 711
f 704 711 702
f 702 711 712
f 706 698 708
f 708 698 713
f 698 699 713
f 713 699 714
f 699 705 714
f 714 705 715
f 717 708 716
f 716 708 713
f 719 720 718
f 718 720 721
f 722 723 719
f 719 723 720
f 724 725 723
f 723 725 720
f 724 726 725
f 725 726 727
f 728 721 725
f 725 721 720
f 721 728 729
f 729 728 730
f 729 731 721
f 721 731 718
f 724 723 732
f 732 723 722
f 722 710 732
f 732 710 709
f 722 733 710
f 710 733 711
f 719 734 722
f 722 734 733
f 734 719 735
f 735 719 718
f 724 732 726
f 726 732 717
f 717 732 708
f 708 732 709
f 731 736 718
f 718 736 735
f 737 734 738
f 738 734 735
f 736 739 735
f 735 739 738
f 740 737 741
f 741 737 738
f 737 740 743
f 743 740 742
f 739 744 738
f 738 744 741
f 734 737 733
f 733 737 743
f 733 743 711
f 711 743 712
f 736 731 746
f 746 731 745
f 731 729 745
f 745 729 730
f 727 726 747
f 747 726 717
f 748 727 749
f 749 727 747
f 747 717 750
f 750 717 716
f 749 747 751
f 751 747 750
f 749 752 748
f 748 752 753
f 730 753 745
f 745 753 752
f 728 725 748
f 748 725 727
f 730 728 753
f 753 728 748
f 700 702 754
f 754 702 712
f 705 701 715
f 715 701 755
f 754 755 700
f 700 755 701
f 742 756 754
f 754 756 755
f 740 757 742
f 742 757 756
f 755 756 715
f 715 756 758
f 754 712 742
f 742 712 743
f 759 714 758
f 758 714 715
f 714 759 713
f 713 759 716
f 759 760 716
f 716 760 750
f 760 759 761
f 761 759 758
f 762 760 763
f 763 760 761
f 756 757 758
f 758 757 761
f 757 764 761
f 761 764 763
f 760 762 750
f 750 762 751
f 766 751 765
f 765 751 762
f 767 765 769
f 769 765 768
f 765 762 768
f 768 762 763
f 765 767 766
f 766 767 746
f 766 746 752
f 752 746 745
f 752 749 766
f 766 749 751
f 757 740 764
f 764 740 741
f 769 764 744
f 744 764 741
f 769 768 764
f 764 768 763
f 767 769 739
f 739 769 744
f 739 736 767
f 767 736 746
f 219 217 208
f 208 217 209
f 209 217 210
f 210 217 193
f 198 580 199
f 199 580 511
f 76 75 289
f 289 75 272
f 277 207 291
f 291 207 184
f 290 183 203
f 203 183 84
f 490 580 142
f 142 580 198
f 142 198 143
f 143 198 197
f 149 276 72
f 72 276 73
f 104 103 279
f 279 103 770
f 770 596 279
f 279 596 595
f 605 596 771
f 771 596 770
f 771 770 772
f 772 770 103
f 772 103 773
f 773 103 102
f 155 774 101
f 101 774 102
f 773 102 97
f 97 102 774
f 775 773 100
f 100 773 97
f 773 775 772
f 772 775 776
f 772 776 771
f 771 776 777
f 200 606 197
f 197 606 777
f 189 71 778
f 778 71 74
f 97 774 98
f 98 774 155
f 183 161 184
f 184 161 291
f 777 276 197
f 197 276 143
f 777 606 771
f 771 606 605
f 613 612 697
f 697 612 202
f 595 697 279
f 279 697 202
f 73 276 776
f 776 276 777
f 776 775 73
f 73 775 74
f 100 778 775
f 775 778 74
f 778 100 189
f 189 100 99
f 245 242 99
f 99 242 189
f 131 33 256
f 28 1 95
f 95 1 62
f 27 2 28
f 28 2 1
f 265 115 266
f 266 115 114
f 95 62 69
f 69 62 64
f 62 61 64
f 64 61 65
f 61 13 65
f 65 13 130
f 13 12 130
f 130 12 14
f 31 11 32
f 32 11 268
f 15 12 31
f 31 12 11
f 31 30 15
f 15 30 231
f 30 106 231
f 231 106 232
f 287 237 106
f 106 237 232
f 254 90 287
f 287 90 237
f 253 44 254
f 254 44 90
f 253 249 44
f 44 249 7
f 267 127 268
f 268 127 126
f 10 3 241
f 241 3 116
f 3 2 116
f 116 2 114
f 2 27 114
f 114 27 266
f 27 26 266
f 266 26 113
f 26 286 113
f 113 286 110
f 286 243 110
f 110 243 255
f 243 242 255
f 255 242 256
f 242 245 256
f 256 245 131
f 245 244 131
f 131 244 132
f 265 37 115
f 115 37 41
f 41 37 42
f 42 37 40
f 92 91 40
f 40 91 42
f 236 233 92
f 92 233 91
f 191 194 236
f 236 194 233
f 258 285 244
f 244 285 132
f 257 55 258
f 258 55 285
f 257 154 201
f 201 154 185
f 56 201 204
f 204 201 180
f 55 257 56
f 56 257 201
f 204 85 56
f 56 85 52
f 86 122 53
f 53 122 79
f 212 215 86
f 86 215 122
f 211 216 212
f 212 216 215
f 192 280 211
f 211 280 216
f 191 240 192
f 192 240 280
f 249 124 7
f 7 124 8
f 124 127 8
f 8 127 241
f 127 267 241
f 241 267 10
f 10 267 9
f 9 267 11
o hand_right
v 0.117842 0.417802 0.900464
v 0.121240 0.427615 0.900689
v 0.109969 0.426998 0.900103
v 0.107633 0.416697 0.898890
v 0.116067 0.449283 0.900395
v 0.115441 0.457850 0.891556
v 0.100724 0.452369 0.892511
v 0.103355 0.446557 0.900557
v 0.099812 0.415220 0.895764
v 0.101481 0.426194 0.899378
v 0.097491 0.415419 0.890246
v 0.100400 0.402444 0.884075
v 0.100520 0.404589 0.891260
v 0.101457 0.393169 0.883303
v 0.107999 0.403846 0.875647
v 0.109066 0.388262 0.879331
v 0.138062 0.397329 0.881620
v 0.149169 0.397406 0.889600
v 0.142337 0.382598 0.894633
v 0.131241 0.384303 0.886663
v 0.157062 0.390148 0.907473
v 0.148789 0.385134 0.900642
v 0.156314 0.399244 0.894793
v 0.163293 0.403023 0.901311
v 0.133799 0.420767 0.906048
v 0.138429 0.430026 0.905432
v 0.132934 0.428469 0.902726
v 0.128699 0.420069 0.903274
v 0.090593 0.424733 0.883270
v 0.100577 0.422153 0.875585
v 0.098944 0.416418 0.881454
v 0.090559 0.423798 0.888804
v 0.152793 0.455002 0.911464
v 0.160099 0.463060 0.903448
v 0.156159 0.463333 0.899114
v 0.150625 0.455426 0.907170
v 0.136365 0.462858 0.889476
v 0.144986 0.465470 0.885280
v 0.145538 0.467524 0.871545
v 0.137347 0.462749 0.872945
v 0.125708 0.460328 0.891378
v 0.126300 0.461530 0.877402
v 0.115356 0.458593 0.879780
v 0.099625 0.453195 0.883088
v 0.170426 0.460858 0.910766
v 0.166332 0.455021 0.917988
v 0.078101 0.367148 0.915011
v 0.082106 0.368056 0.919347
v 0.084057 0.369714 0.916604
v 0.079984 0.368403 0.912613
v 0.183994 0.445926 0.911156
v 0.188354 0.440301 0.903968
v 0.191199 0.446988 0.903486
v 0.185976 0.452791 0.908771
v 0.181172 0.436894 0.914293
v 0.183648 0.431381 0.904733
v 0.077393 0.354615 0.912443
v 0.075146 0.359267 0.911940
v 0.078172 0.359193 0.907929
v 0.081266 0.354618 0.908208
v 0.105354 0.407184 0.897127
v 0.113761 0.409402 0.901669
v 0.101134 0.390702 0.900836
v 0.107391 0.397281 0.901265
v 0.102851 0.398477 0.895564
v 0.098943 0.392027 0.894932
v 0.127678 0.400216 0.913399
v 0.132323 0.410479 0.910174
v 0.126769 0.409114 0.906706
v 0.120103 0.398444 0.909634
v 0.141791 0.412672 0.920521
v 0.136676 0.402162 0.922592
v 0.142666 0.404535 0.928286
v 0.144686 0.412112 0.926403
v 0.126583 0.384151 0.923151
v 0.124301 0.377638 0.923868
v 0.125974 0.377623 0.926805
v 0.129435 0.384729 0.925501
v 0.194317 0.453146 0.901937
v 0.187447 0.459152 0.905608
v 0.169653 0.398110 0.923059
v 0.171618 0.406204 0.930550
v 0.168572 0.394427 0.936745
v 0.167332 0.388926 0.926880
v 0.186906 0.435401 0.894895
v 0.191923 0.441435 0.895089
v 0.081951 0.351457 0.915392
v 0.085726 0.351643 0.911583
v 0.119863 0.452098 0.869122
v 0.100953 0.448146 0.874561
v 0.133716 0.455215 0.866299
v 0.143435 0.457402 0.864417
v 0.150065 0.461933 0.861990
v 0.110152 0.393473 0.906209
v 0.122627 0.412469 0.903640
v 0.137786 0.421506 0.909263
v 0.155758 0.423027 0.934334
v 0.159159 0.432691 0.931411
v 0.150272 0.429785 0.926260
v 0.149510 0.421604 0.929489
v 0.167061 0.411062 0.937706
v 0.159209 0.412500 0.939232
v 0.157075 0.403447 0.942217
v 0.164425 0.400582 0.941777
v 0.088241 0.429684 0.877816
v 0.101730 0.428523 0.871049
v 0.176659 0.451827 0.915994
v 0.177663 0.457987 0.911389
v 0.181284 0.463805 0.906438
v 0.144480 0.442837 0.908132
v 0.149044 0.455763 0.904280
v 0.145443 0.455418 0.901934
v 0.142555 0.441514 0.905752
v 0.125375 0.438649 0.902844
v 0.129582 0.451495 0.900724
v 0.113266 0.437550 0.903410
v 0.151720 0.465138 0.892668
v 0.160582 0.471345 0.894358
v 0.155422 0.471985 0.887140
v 0.168054 0.469769 0.900525
v 0.175295 0.467263 0.905112
v 0.198289 0.446562 0.892750
v 0.151232 0.470956 0.879888
v 0.094693 0.443578 0.899807
v 0.087031 0.441149 0.899225
v 0.089502 0.433749 0.900115
v 0.096586 0.435151 0.901012
v 0.100257 0.383643 0.884822
v 0.097419 0.388833 0.889833
v 0.099881 0.397784 0.888526
v 0.152043 0.445886 0.918491
v 0.163453 0.446426 0.923878
v 0.103682 0.386763 0.905567
v 0.085354 0.356623 0.904263
v 0.081741 0.361419 0.903865
v 0.092772 0.372766 0.892824
v 0.096637 0.367002 0.892943
v 0.105242 0.376619 0.908516
v 0.101899 0.382631 0.906927
v 0.101426 0.380143 0.907891
v 0.104072 0.375082 0.911179
v 0.133026 0.381125 0.931750
v 0.135922 0.387543 0.930695
v 0.123222 0.373078 0.894720
v 0.116194 0.375006 0.883291
v 0.120683 0.385914 0.879853
v 0.133294 0.401835 0.918062
v 0.129697 0.392596 0.921554
v 0.132821 0.393011 0.924343
v 0.111313 0.389595 0.908914
v 0.107381 0.383300 0.909114
v 0.112297 0.384299 0.911085
v 0.116138 0.390483 0.911404
v 0.176062 0.417088 0.924337
v 0.170948 0.422821 0.933025
v 0.075537 0.363867 0.912637
v 0.077821 0.364509 0.909388
v 0.137733 0.411872 0.914798
v 0.126878 0.398958 0.877044
v 0.141689 0.422419 0.913060
v 0.151781 0.377411 0.924865
v 0.149466 0.379449 0.931578
v 0.144786 0.375174 0.933370
v 0.146217 0.371376 0.928865
v 0.095577 0.365628 0.919079
v 0.091535 0.369776 0.918739
v 0.088851 0.367784 0.920182
v 0.092407 0.363193 0.921311
v 0.098533 0.385420 0.902950
v 0.095745 0.386325 0.897267
v 0.093241 0.382007 0.900732
v 0.097185 0.381442 0.905235
v 0.094811 0.382427 0.892231
v 0.091788 0.378410 0.895617
v 0.097223 0.359705 0.916709
v 0.094878 0.354429 0.911757
v 0.106213 0.363784 0.902448
v 0.105540 0.367806 0.909327
v 0.170015 0.414731 0.894636
v 0.176224 0.417716 0.903390
v 0.169801 0.406062 0.910220
v 0.164678 0.393973 0.916668
v 0.158529 0.382923 0.922492
v 0.152908 0.378762 0.912521
v 0.174199 0.409724 0.916054
v 0.113248 0.372535 0.905388
v 0.113809 0.370158 0.896613
v 0.117733 0.370847 0.900426
v 0.145469 0.423647 0.919377
v 0.080817 0.366656 0.905758
v 0.160538 0.442946 0.862261
v 0.171388 0.438516 0.868464
v 0.165194 0.432519 0.870297
v 0.152710 0.437764 0.863946
v 0.086244 0.372131 0.915054
v 0.082126 0.371326 0.910051
v 0.140316 0.386748 0.935838
v 0.137288 0.380745 0.935540
v 0.139826 0.378129 0.936671
v 0.143052 0.383452 0.939859
v 0.179192 0.420827 0.907503
v 0.164441 0.386911 0.940349
v 0.164215 0.382787 0.931561
v 0.181606 0.427821 0.897085
v 0.176710 0.424991 0.889105
v 0.181916 0.432434 0.885590
v 0.139725 0.372416 0.907513
v 0.163907 0.411422 0.889420
v 0.171073 0.422945 0.884322
v 0.177030 0.431759 0.879895
v 0.182117 0.437682 0.876920
v 0.186853 0.437931 0.883572
v 0.090171 0.354041 0.907843
v 0.090692 0.351884 0.916376
v 0.193649 0.443224 0.880676
v 0.187610 0.443158 0.873619
v 0.163906 0.421880 0.878600
v 0.154395 0.421628 0.872406
v 0.157150 0.410856 0.883913
v 0.147233 0.409551 0.878079
v 0.136341 0.371346 0.897326
v 0.081969 0.353907 0.931455
v 0.089459 0.355421 0.923755
v 0.089556 0.361255 0.924399
v 0.083402 0.357845 0.932599
v 0.093373 0.357400 0.920074
v 0.086959 0.351710 0.920172
v 0.133464 0.412583 0.872468
v 0.109925 0.378226 0.911452
v 0.138720 0.428064 0.866877
v 0.115095 0.414403 0.869711
v 0.118438 0.427352 0.867088
v 0.142325 0.444850 0.861498
v 0.126145 0.441620 0.863395
v 0.156898 0.454417 0.858769
v 0.150700 0.448587 0.860547
v 0.109613 0.439961 0.867397
v 0.074663 0.366795 0.924786
v 0.079436 0.366747 0.928176
v 0.166278 0.448469 0.859765
v 0.103673 0.435986 0.902227
v 0.146894 0.434019 0.916400
v 0.144036 0.432429 0.911735
v 0.160940 0.438281 0.928754
v 0.150996 0.436874 0.922674
v 0.071147 0.363749 0.922009
v 0.125133 0.372149 0.923690
v 0.126374 0.373765 0.923543
v 0.092124 0.449373 0.893742
v 0.085510 0.446667 0.894031
v 0.082820 0.442752 0.881547
v 0.082930 0.446889 0.887525
v 0.090621 0.450178 0.885158
v 0.090805 0.446044 0.878503
v 0.145830 0.443531 0.910418
v 0.148005 0.443896 0.913706
v 0.178901 0.427723 0.919309
v 0.173235 0.432870 0.927934
v 0.097508 0.377491 0.888840
v 0.106559 0.377679 0.883092
v 0.102438 0.372329 0.888397
v 0.102924 0.364582 0.895361
v 0.109947 0.373825 0.909869
v 0.109038 0.372326 0.905814
v 0.137994 0.453086 0.901564
v 0.136103 0.439595 0.903577
v 0.096385 0.426742 0.897586
v 0.090751 0.426723 0.896304
v 0.123033 0.392590 0.915187
v 0.130926 0.366141 0.912302
v 0.127874 0.365650 0.904086
v 0.119411 0.384390 0.916352
v 0.070659 0.355346 0.922520
v 0.069869 0.360172 0.921601
v 0.108811 0.369657 0.890060
v 0.138318 0.395179 0.930558
v 0.136449 0.370797 0.914564
v 0.129081 0.367474 0.919335
v 0.161807 0.394689 0.944178
v 0.176862 0.444987 0.865709
v 0.086765 0.366186 0.923523
v 0.083140 0.364308 0.930812
v 0.079716 0.351460 0.928693
v 0.075329 0.351516 0.924427
v 0.173834 0.442221 0.922373
v 0.141814 0.431025 0.908856
v 0.096312 0.438608 0.872320
v 0.085485 0.436514 0.877824
v 0.117723 0.379492 0.917047
v 0.156629 0.380237 0.928917
v 0.147832 0.372367 0.917770
v 0.142375 0.366328 0.922530
v 0.135076 0.365906 0.920315
v 0.128335 0.368404 0.922082
v 0.076632 0.352286 0.933613
v 0.072086 0.352303 0.929561
v 0.067692 0.356304 0.927487
v 0.067299 0.360753 0.926084
v 0.069746 0.364398 0.925688
v 0.079048 0.354898 0.936401
v 0.080367 0.358613 0.937017
v 0.081364 0.364061 0.933802
v 0.077050 0.357087 0.940328
v 0.072231 0.354853 0.940600
v 0.061107 0.362975 0.938489
v 0.063565 0.358818 0.934983
v 0.063427 0.358640 0.937762
v 0.061470 0.361507 0.941385
v 0.059963 0.363318 0.946015
v 0.059158 0.365416 0.943261
v 0.067167 0.355821 0.938073
v 0.064902 0.359235 0.943489
v 0.068581 0.358817 0.945553
v 0.066085 0.360993 0.950020
v 0.062652 0.361260 0.948403
v 0.069737 0.356239 0.941834
v 0.068054 0.354373 0.936215
v 0.059235 0.366363 0.947815
v 0.059507 0.364057 0.948828
v 0.061856 0.362934 0.950914
v 0.061684 0.365715 0.952200
v 0.064970 0.362400 0.930322
v 0.061494 0.365336 0.937396
v 0.060931 0.368015 0.942830
v 0.060885 0.368642 0.947399
v 0.064003 0.368448 0.938422
v 0.063388 0.369658 0.943036
v 0.063819 0.370189 0.947028
v 0.067478 0.370294 0.940180
v 0.066263 0.370610 0.944121
v 0.071839 0.367149 0.930016
v 0.068410 0.365315 0.928306
v 0.065737 0.371108 0.946624
v 0.063101 0.367444 0.952166
v 0.072287 0.358902 0.945411
v 0.068901 0.362549 0.950424
v 0.074108 0.360496 0.945489
v 0.070919 0.363793 0.950698
v 0.066084 0.364042 0.953541
v 0.064613 0.362594 0.951998
v 0.074157 0.366645 0.927146
v 0.079038 0.366368 0.930696
v 0.077231 0.366817 0.933194
v 0.071783 0.370052 0.942386
v 0.079553 0.364875 0.936480
v 0.078408 0.360730 0.940579
v 0.074907 0.363381 0.945873
v 0.074791 0.366722 0.944918
v 0.071947 0.365909 0.949597
v 0.071639 0.367968 0.948077
v 0.069400 0.370427 0.946070
v 0.068848 0.367830 0.951429
v 0.067540 0.365705 0.953068
v 0.065460 0.369290 0.950521
v 0.069607 0.368822 0.949901
v 0.067144 0.369946 0.948545
v 0.098362 0.361687 0.936333
v 0.103430 0.361844 0.940256
v 0.104908 0.361613 0.936004
v 0.100619 0.361445 0.932769
v 0.096135 0.348138 0.932643
v 0.094478 0.354309 0.932881
v 0.096996 0.353201 0.927891
v 0.100219 0.346956 0.927878
v 0.101918 0.344365 0.935076
v 0.106206 0.344161 0.930356
v 0.103422 0.348310 0.923106
v 0.100067 0.354728 0.923508
v 0.110995 0.366787 0.910270
v 0.114799 0.361091 0.908788
v 0.120074 0.373317 0.924141
v 0.122255 0.369991 0.924698
v 0.095885 0.359106 0.934417
v 0.097988 0.358322 0.930013
v 0.113816 0.359595 0.937354
v 0.109841 0.363247 0.936316
v 0.108799 0.360949 0.938932
v 0.112021 0.356636 0.940216
v 0.111353 0.373622 0.915356
v 0.116018 0.374114 0.919604
v 0.110213 0.370847 0.912904
v 0.116124 0.353398 0.935998
v 0.115377 0.347667 0.932198
v 0.125654 0.358209 0.918050
v 0.125771 0.362193 0.923051
v 0.099606 0.359675 0.925932
v 0.104919 0.364174 0.933471
v 0.101309 0.363534 0.929693
v 0.110048 0.346290 0.926094
v 0.111304 0.345730 0.936639
v 0.102304 0.350726 0.953790
v 0.109491 0.350434 0.944341
v 0.109378 0.355681 0.944730
v 0.103099 0.355612 0.955011
v 0.112926 0.351014 0.939751
v 0.107106 0.346059 0.941067
v 0.092770 0.363277 0.949551
v 0.098114 0.363227 0.953034
v 0.089414 0.360831 0.947559
v 0.121058 0.357905 0.911594
v 0.089533 0.350691 0.944808
v 0.088207 0.357123 0.945720
v 0.107606 0.360245 0.943139
v 0.101666 0.360353 0.955119
v 0.099875 0.347565 0.951492
v 0.094866 0.346563 0.946215
v 0.096222 0.348554 0.956169
v 0.091287 0.348045 0.952162
v 0.086336 0.352189 0.950209
v 0.086168 0.358045 0.949952
v 0.088205 0.361413 0.950693
v 0.098786 0.351414 0.958396
v 0.100190 0.355989 0.959283
v 0.099712 0.360676 0.957255
v 0.095971 0.355033 0.964136
v 0.092294 0.352274 0.963628
v 0.078165 0.363991 0.966112
v 0.080192 0.360579 0.961564
v 0.080803 0.358817 0.963430
v 0.078990 0.361804 0.967713
v 0.082186 0.355624 0.958149
v 0.082629 0.355517 0.960676
v 0.086385 0.353109 0.962071
v 0.084330 0.357159 0.966293
v 0.088833 0.356638 0.968069
v 0.086534 0.359225 0.972678
v 0.081926 0.359610 0.971209
v 0.089146 0.353624 0.964788
v 0.078528 0.363306 0.970995
v 0.078329 0.365859 0.971462
v 0.087059 0.350954 0.959731
v 0.083854 0.358925 0.953367
v 0.080668 0.363471 0.960499
v 0.079318 0.367071 0.965911
v 0.080274 0.368182 0.971964
v 0.083203 0.366831 0.961029
v 0.081760 0.369157 0.966462
v 0.082688 0.369389 0.971447
v 0.087147 0.369114 0.962441
v 0.085524 0.370537 0.967869
v 0.091151 0.364455 0.953686
v 0.086835 0.362662 0.952547
v 0.084751 0.370115 0.970394
v 0.080713 0.364089 0.975314
v 0.082440 0.367000 0.975361
v 0.080727 0.362539 0.974238
v 0.090864 0.357039 0.968634
v 0.088176 0.360641 0.973314
v 0.092999 0.358884 0.969163
v 0.089505 0.362558 0.974063
v 0.085207 0.362863 0.976281
v 0.084018 0.361812 0.975594
v 0.092025 0.363066 0.952092
v 0.096957 0.362855 0.954873
v 0.096229 0.364076 0.956209
v 0.091741 0.368242 0.965001
v 0.098984 0.361513 0.959168
v 0.097997 0.358037 0.963122
v 0.094577 0.361223 0.968612
v 0.094335 0.365095 0.967492
v 0.091089 0.364092 0.973978
v 0.091823 0.366226 0.971581
v 0.089228 0.369692 0.969428
v 0.087595 0.366193 0.976271
v 0.086128 0.364348 0.976668
v 0.084072 0.368274 0.974458
v 0.089108 0.367558 0.974062
v 0.086373 0.369467 0.972508
v 0.115927 0.364802 0.944954
v 0.120473 0.366221 0.948240
v 0.122123 0.366841 0.945390
v 0.117881 0.365126 0.942093
v 0.116359 0.352134 0.942402
v 0.113603 0.356318 0.942388
v 0.116094 0.356503 0.938294
v 0.119618 0.352410 0.937117
v 0.120184 0.349913 0.946108
v 0.124936 0.350033 0.939412
v 0.122686 0.353706 0.932522
v 0.118368 0.357661 0.934597
v 0.126177 0.366069 0.924874
v 0.131002 0.361532 0.923752
v 0.113952 0.360937 0.943320
v 0.115962 0.361320 0.940120
v 0.130074 0.365174 0.947558
v 0.126226 0.367850 0.946460
v 0.126377 0.365502 0.948398
v 0.129126 0.362211 0.949443
v 0.126110 0.375586 0.929707
v 0.131197 0.377002 0.932787
v 0.124540 0.371116 0.927661
v 0.132985 0.359305 0.945827
v 0.133203 0.353759 0.940936
v 0.141188 0.363570 0.933266
v 0.140441 0.368734 0.936483
v 0.117267 0.362167 0.937101
v 0.121996 0.368974 0.943374
v 0.118143 0.366786 0.939995
v 0.128477 0.352543 0.935113
v 0.129337 0.351687 0.944996
v 0.118608 0.354051 0.964644
v 0.128236 0.355490 0.951799
v 0.127412 0.361428 0.952298
v 0.119333 0.358440 0.965360
v 0.130648 0.356571 0.948915
v 0.125751 0.350970 0.949334
v 0.108937 0.364936 0.958583
v 0.113793 0.365400 0.961246
v 0.107158 0.361660 0.956069
v 0.137385 0.360127 0.926728
v 0.137134 0.374594 0.936783
v 0.107059 0.354041 0.956094
v 0.106310 0.358354 0.955525
v 0.124913 0.364719 0.950912
v 0.117951 0.362810 0.964224
v 0.116287 0.350754 0.961815
v 0.111621 0.350287 0.957603
v 0.113455 0.351693 0.966864
v 0.108591 0.351390 0.962831
v 0.104166 0.354925 0.960897
v 0.104017 0.359401 0.959865
v 0.105234 0.362672 0.960029
v 0.116049 0.355263 0.969224
v 0.116827 0.359195 0.969261
v 0.116583 0.362841 0.965529
v 0.114294 0.357243 0.972889
v 0.109787 0.354068 0.972803
v 0.096610 0.364138 0.976862
v 0.098848 0.361664 0.972013
v 0.099382 0.360848 0.972782
v 0.097030 0.362759 0.977826
v 0.101336 0.357090 0.967578
v 0.101340 0.357350 0.969598
v 0.104284 0.355049 0.970930
v 0.102080 0.357978 0.976321
v 0.107845 0.358475 0.978053
v 0.105118 0.360708 0.981959
v 0.099670 0.360123 0.980861
v 0.108005 0.355155 0.973568
v 0.096565 0.363621 0.980958
v 0.095045 0.364819 0.980788
v 0.105208 0.353518 0.969048
v 0.101212 0.360834 0.964348
v 0.098587 0.364280 0.970625
v 0.096266 0.367002 0.975447
v 0.096364 0.368114 0.979784
v 0.100758 0.367427 0.970287
v 0.098617 0.369108 0.975010
v 0.098610 0.370014 0.978939
v 0.103511 0.369186 0.970912
v 0.101634 0.370329 0.975265
v 0.107323 0.365720 0.962831
v 0.103679 0.363817 0.962946
v 0.100796 0.370531 0.978312
v 0.098075 0.363861 0.984386
v 0.099943 0.367658 0.984152
v 0.098629 0.362737 0.983179
v 0.109697 0.358699 0.978054
v 0.106761 0.361853 0.983221
v 0.111658 0.360767 0.977866
v 0.108592 0.363854 0.982930
v 0.103160 0.363108 0.985352
v 0.102613 0.362390 0.984533
v 0.108482 0.364837 0.960779
v 0.113128 0.365105 0.962903
v 0.111918 0.365947 0.964603
v 0.107712 0.369710 0.973097
v 0.115398 0.363931 0.967262
v 0.115011 0.360986 0.972567
v 0.112036 0.363942 0.976952
v 0.110815 0.367356 0.975669
v 0.109134 0.366265 0.981572
v 0.108669 0.367958 0.979298
v 0.105371 0.370847 0.977037
v 0.105535 0.367557 0.983243
v 0.104677 0.365398 0.985111
v 0.101578 0.369681 0.982305
v 0.106027 0.369059 0.981283
v 0.103033 0.370583 0.980423
v 0.134696 0.376801 0.935423
v 0.131484 0.371869 0.952839
v 0.134150 0.373023 0.955976
v 0.135629 0.373653 0.955072
v 0.133174 0.373515 0.951516
v 0.135070 0.362647 0.947116
v 0.131680 0.365844 0.948015
v 0.134094 0.367315 0.944949
v 0.137463 0.364254 0.944127
v 0.139605 0.361154 0.949325
v 0.141884 0.362916 0.947164
v 0.139987 0.366448 0.942377
v 0.136603 0.369901 0.942851
v 0.146947 0.379087 0.934009
v 0.152142 0.376823 0.933184
v 0.158067 0.389702 0.945865
v 0.153649 0.392832 0.945520
v 0.149829 0.386424 0.949333
v 0.154096 0.384292 0.949818
v 0.130777 0.369168 0.950094
v 0.132452 0.371218 0.947673
v 0.145179 0.372290 0.957620
v 0.141213 0.375001 0.956897
v 0.138805 0.373435 0.957756
v 0.142399 0.371070 0.959515
v 0.148906 0.391596 0.943505
v 0.146043 0.388977 0.941107
v 0.143965 0.386250 0.942768
v 0.145694 0.386260 0.946969
v 0.142874 0.382626 0.939014
v 0.147375 0.369048 0.955726
v 0.147750 0.365485 0.950922
v 0.160035 0.378757 0.944016
v 0.158241 0.382015 0.947432
v 0.134416 0.372520 0.946135
v 0.137726 0.375931 0.953939
v 0.135046 0.374967 0.950939
v 0.144560 0.364472 0.945325
v 0.144849 0.363994 0.952908
v 0.138457 0.362930 0.964415
v 0.143432 0.366254 0.959391
v 0.141057 0.370357 0.960739
v 0.137563 0.366000 0.965252
v 0.144599 0.367451 0.957837
v 0.142658 0.362246 0.955259
v 0.127691 0.369729 0.958100
v 0.131700 0.370469 0.961731
v 0.126553 0.367491 0.955791
v 0.157466 0.376315 0.936741
v 0.129086 0.360589 0.953961
v 0.126512 0.364190 0.954623
v 0.137260 0.372474 0.958835
v 0.135173 0.368984 0.964351
v 0.137476 0.359455 0.961253
v 0.134169 0.358229 0.955939
v 0.133883 0.358592 0.964430
v 0.130608 0.357706 0.959212
v 0.125626 0.361273 0.957351
v 0.125002 0.365135 0.957205
v 0.125566 0.368145 0.958161
v 0.135673 0.362352 0.967184
v 0.135548 0.365434 0.967504
v 0.134060 0.368632 0.965769
v 0.132776 0.362001 0.970035
v 0.128977 0.359396 0.968646
v 0.117960 0.366798 0.970614
v 0.119793 0.365939 0.966923
v 0.120129 0.364900 0.967460
v 0.117782 0.365722 0.970779
v 0.122322 0.363149 0.962797
v 0.122243 0.362721 0.964569
v 0.125013 0.360334 0.965124
v 0.122150 0.361673 0.969521
v 0.126155 0.361324 0.973138
v 0.123425 0.362358 0.976132
v 0.120066 0.362262 0.972715
v 0.127102 0.359664 0.968918
v 0.116686 0.365255 0.973331
v 0.115958 0.366256 0.974012
v 0.126024 0.359130 0.963333
v 0.122658 0.366882 0.961108
v 0.119375 0.368507 0.967059
v 0.117120 0.368858 0.971673
v 0.116602 0.368032 0.975430
v 0.120919 0.370530 0.966945
v 0.118132 0.370892 0.972199
v 0.117803 0.370002 0.975796
v 0.123587 0.372279 0.968018
v 0.120477 0.371933 0.972778
v 0.127220 0.371424 0.962735
v 0.124337 0.369740 0.961503
v 0.119413 0.370706 0.975444
v 0.117650 0.364127 0.976876
v 0.118426 0.366811 0.977964
v 0.118225 0.362987 0.975866
v 0.127376 0.361665 0.973760
v 0.124168 0.363074 0.977444
v 0.129062 0.363327 0.974511
v 0.124982 0.364982 0.978110
v 0.120864 0.363752 0.978579
v 0.120788 0.362695 0.976995
v 0.127525 0.370559 0.960696
v 0.130785 0.370469 0.962948
v 0.130640 0.370913 0.965229
v 0.127040 0.371942 0.970287
v 0.133567 0.368446 0.967946
v 0.134038 0.364957 0.969713
v 0.129814 0.365972 0.974421
v 0.129419 0.369189 0.973282
v 0.125106 0.367169 0.978030
v 0.125108 0.369870 0.976607
v 0.123370 0.371869 0.974548
v 0.121401 0.367828 0.978656
v 0.121008 0.366041 0.979165
v 0.119413 0.368657 0.977837
v 0.121947 0.369478 0.977772
v 0.120813 0.370241 0.976817
v 0.159801 0.386070 0.945038
v 0.075917 0.426665 0.885080
v 0.078685 0.423988 0.889157
v 0.077633 0.433961 0.902505
v 0.078956 0.427324 0.900113
v 0.074549 0.439927 0.900487
v 0.070679 0.442941 0.890370
v 0.073077 0.443141 0.895692
v 0.079382 0.423903 0.895055
v 0.073336 0.431826 0.882822
v 0.071159 0.438924 0.884427
v 0.064984 0.426724 0.884672
v 0.062058 0.434752 0.886683
v 0.061320 0.439499 0.892280
v 0.066732 0.440621 0.898346
v 0.069796 0.438915 0.902250
v 0.071319 0.423262 0.888311
v 0.074694 0.421776 0.892247
v 0.076647 0.423467 0.898303
v 0.067441 0.418671 0.894061
v 0.058645 0.418828 0.898772
v 0.049986 0.426951 0.914976
v 0.053785 0.430283 0.910125
v 0.052773 0.428053 0.908797
v 0.048993 0.425403 0.913190
v 0.055095 0.431196 0.904438
v 0.054746 0.428875 0.904691
v 0.055877 0.425077 0.901179
v 0.052679 0.422522 0.905813
v 0.057456 0.420138 0.901199
v 0.056150 0.417576 0.904817
v 0.049435 0.419867 0.909996
v 0.046505 0.422374 0.914555
v 0.046862 0.417747 0.913682
v 0.047465 0.422799 0.917544
v 0.054099 0.425546 0.897986
v 0.059602 0.436308 0.904179
v 0.056341 0.432415 0.911447
v 0.052858 0.427942 0.917136
v 0.050131 0.422800 0.919454
v 0.060258 0.432098 0.913466
v 0.057067 0.427169 0.917795
v 0.054986 0.422049 0.919456
v 0.064212 0.429121 0.914118
v 0.060229 0.424649 0.917282
v 0.071543 0.433492 0.906142
v 0.066122 0.437337 0.905763
v 0.057560 0.421694 0.918332
v 0.047097 0.416645 0.916417
v 0.050197 0.416653 0.918305
v 0.058769 0.415558 0.903877
v 0.052906 0.414878 0.908509
v 0.055394 0.413393 0.909075
v 0.062697 0.414813 0.903826
v 0.057911 0.412800 0.910140
v 0.051096 0.413074 0.913144
v 0.049706 0.414789 0.911374
v 0.073932 0.434397 0.904180
v 0.076524 0.428502 0.902221
v 0.074592 0.427986 0.903862
v 0.067606 0.423630 0.911867
v 0.074609 0.422472 0.901271
v 0.071560 0.419196 0.897207
v 0.065813 0.415368 0.905764
v 0.067982 0.418437 0.908639
v 0.060631 0.414271 0.911954
v 0.062050 0.416609 0.913299
v 0.061903 0.420687 0.915997
v 0.056754 0.414746 0.915670
v 0.053912 0.412937 0.914589
v 0.054723 0.417547 0.918477
v 0.058805 0.416469 0.915572
v 0.057897 0.418816 0.917516
v 0.155263 0.398493 0.943567
v 0.149271 0.397748 0.940888
v 0.151482 0.404061 0.939692
v 0.153397 0.413370 0.937264
v 0.161117 0.420745 0.936463
v 0.148423 0.412773 0.932395
v 0.146534 0.403360 0.935259
v 0.143550 0.394369 0.936637
v 0.146536 0.419275 0.924420
f 780 781 779
f 779 781 782
f 783 784 786
f 786 784 785
f 787 782 788
f 788 782 781
f 790 791 789
f 789 791 787
f 792 790 794
f 794 790 793
f 796 797 795
f 795 797 798
f 800 801 799
f 799 801 802
f 804 805 803
f 803 805 806
f 808 809 807
f 807 809 810
f 811 812 814
f 814 812 813
f 815 816 818
f 818 816 817
f 819 820 784
f 784 820 821
f 784 821 785
f 785 821 822
f 823 812 824
f 824 812 811
f 826 827 825
f 825 827 828
f 830 831 829
f 829 831 832
f 834 830 833
f 833 830 829
f 836 837 835
f 835 837 838
f 839 840 782
f 782 840 779
f 842 843 841
f 841 843 844
f 846 847 845
f 845 847 848
f 850 851 849
f 849 851 852
f 854 855 853
f 853 855 856
f 831 857 832
f 832 857 858
f 860 861 859
f 859 861 862
f 863 864 830
f 830 864 831
f 835 838 865
f 865 838 866
f 867 868 821
f 821 868 822
f 821 820 867
f 867 820 869
f 818 817 870
f 870 817 871
f 872 848 842
f 842 848 847
f 791 839 787
f 787 839 782
f 803 806 847
f 847 806 873
f 874 803 846
f 846 803 847
f 876 877 875
f 875 877 878
f 879 880 882
f 882 880 881
f 884 808 883
f 883 808 807
f 829 832 885
f 885 832 886
f 832 858 886
f 886 858 887
f 889 890 888
f 888 890 891
f 893 783 892
f 892 783 894
f 893 819 783
f 783 819 784
f 814 813 889
f 889 813 895
f 813 896 895
f 895 896 897
f 812 898 813
f 813 898 896
f 812 823 898
f 898 823 899
f 903 904 902
f 902 904 905
f 906 907 792
f 792 907 908
f 811 909 824
f 824 909 910
f 911 872 841
f 841 872 842
f 912 913 915
f 915 913 914
f 917 918 916
f 916 918 919
f 855 920 856
f 856 920 921
f 922 923 798
f 798 923 924
f 926 927 925
f 925 927 850
f 929 930 928
f 928 930 931
f 860 879 861
f 861 879 882
f 879 860 933
f 933 860 932
f 934 935 836
f 836 935 837
f 936 846 925
f 925 846 845
f 937 924 793
f 793 924 794
f 846 936 874
f 874 936 938
f 907 844 908
f 908 844 843
f 940 941 939
f 939 941 942
f 944 945 943
f 943 945 946
f 948 949 947
f 947 949 950
f 952 949 951
f 951 949 948
f 954 955 953
f 953 955 956
f 958 959 957
f 957 959 802
f 960 961 799
f 799 961 962
f 859 963 860
f 860 963 932
f 964 965 966
f 966 965 922
f 936 849 938
f 938 849 967
f 968 913 935
f 935 913 837
f 947 950 917
f 917 950 918
f 925 850 936
f 936 850 849
f 970 971 969
f 969 971 972
f 945 944 827
f 827 944 973
f 974 968 828
f 828 968 935
f 975 976 978
f 978 976 977
f 799 802 960
f 960 802 959
f 924 937 798
f 798 937 795
f 960 959 859
f 859 959 963
f 979 963 958
f 958 963 959
f 980 981 861
f 861 981 862
f 983 984 982
f 982 984 863
f 985 800 962
f 962 800 799
f 957 802 986
f 986 802 801
f 986 987 957
f 957 987 983
f 987 988 983
f 983 988 984
f 990 984 989
f 989 984 988
f 957 983 958
f 958 983 982
f 991 954 866
f 866 954 992
f 864 863 990
f 990 863 984
f 971 995 996
f 995 997 996
f 996 997 998
f 997 796 998
f 998 796 795
f 797 999 798
f 798 999 922
f 1000 1001 1003
f 1003 1001 1002
f 953 1004 954
f 954 1004 992
f 1005 865 992
f 992 865 866
f 998 795 1006
f 1006 795 937
f 912 991 838
f 838 991 866
f 916 1007 929
f 929 1007 930
f 971 970 988
f 988 970 989
f 1008 972 996
f 996 972 971
f 1009 1010 1006
f 1006 1010 1008
f 1011 1012 869
f 869 1012 867
f 1013 1014 871
f 871 1014 870
f 1008 1010 1012
f 1012 1010 1015
f 825 1016 826
f 826 1016 1017
f 1018 969 1013
f 1013 969 1014
f 783 786 894
f 894 786 1019
f 1020 1021 967
f 967 1021 938
f 1022 1023 876
f 876 1023 877
f 934 1024 825
f 825 1024 1016
f 854 1025 855
f 855 1025 1026
f 1028 903 1027
f 1027 903 902
f 1030 1031 1029
f 1029 1031 1032
f 889 888 814
f 814 888 1033
f 1034 811 1033
f 1033 811 814
f 1035 1036 932
f 932 1036 933
f 841 947 911
f 911 947 917
f 844 948 841
f 841 948 947
f 951 948 907
f 907 948 844
f 907 906 951
f 951 906 1037
f 906 1038 1037
f 1037 1038 1039
f 991 912 1040
f 1040 912 915
f 1041 1042 964
f 964 1042 965
f 890 1043 891
f 891 1043 1044
f 789 1045 1046
f 1012 1011 1008
f 1008 1011 972
f 931 1047 848
f 848 1047 845
f 953 956 943
f 943 956 919
f 928 931 872
f 872 931 848
f 1049 999 1048
f 1048 999 985
f 1047 931 1050
f 1050 931 930
f 899 823 887
f 887 823 886
f 825 828 934
f 934 828 935
f 835 1051 836
f 836 1051 1052
f 923 1053 1038
f 1038 1053 1039
f 1054 927 921
f 921 927 856
f 926 1047 853
f 853 1047 1050
f 985 1055 1048
f 1048 1055 1056
f 973 974 827
f 827 974 828
f 837 913 838
f 838 913 912
f 861 882 980
f 980 882 1057
f 927 926 856
f 856 926 853
f 1025 1056 1026
f 1026 1056 1055
f 961 960 862
f 862 960 859
f 826 1017 1059
f 1059 1017 1060
f 1005 1001 1061
f 1061 1001 1000
f 1001 1004 1002
f 1002 1004 946
f 1059 1060 1002
f 1002 1060 1003
f 943 946 953
f 953 946 1004
f 1042 1041 916
f 916 1041 1007
f 792 794 906
f 906 794 1038
f 998 1006 996
f 996 1006 1008
f 865 1005 1062
f 1062 1005 1061
f 1038 794 923
f 923 794 924
f 1022 876 1036
f 1036 876 933
f 836 1052 934
f 934 1052 1024
f 885 1063 829
f 829 1063 833
f 1021 1064 938
f 938 1064 874
f 1012 1015 867
f 867 1015 868
f 824 910 885
f 885 910 1063
f 1031 1030 1027
f 1027 1030 1028
f 1064 804 874
f 874 804 803
f 884 883 1065
f 1065 883 1066
f 1050 930 1067
f 1067 930 1007
f 916 929 917
f 917 929 911
f 961 1068 939
f 939 1068 940
f 1069 1070 1055
f 1055 1070 1071
f 929 928 911
f 911 928 872
f 1040 1053 955
f 955 1053 965
f 922 965 923
f 923 965 1053
f 1051 835 1062
f 1062 835 865
f 952 914 968
f 968 914 913
f 889 895 890
f 890 895 816
f 895 897 816
f 816 897 901
f 890 816 1043
f 1043 816 815
f 1065 1066 1032
f 1032 1066 1029
f 1006 937 1009
f 1009 937 793
f 1001 1005 1004
f 1004 1005 992
f 925 845 926
f 926 845 1047
f 1002 946 1059
f 1059 946 945
f 977 941 978
f 978 941 940
f 823 824 886
f 886 824 885
f 1059 945 826
f 826 945 827
f 939 942 1069
f 1069 942 1070
f 816 901 817
f 1071 1072 1055
f 1055 1072 1026
f 1062 1061 1074
f 1074 1061 1073
f 1062 1074 1051
f 1051 1074 1075
f 1052 1051 1076
f 1076 1051 1075
f 1024 1052 1077
f 1077 1052 1076
f 1061 1000 1073
f 1073 1000 1078
f 1000 1003 1078
f 1078 1003 1079
f 1079 1003 1080
f 1080 1003 1060
f 1081 1082 1078
f 1078 1082 1073
f 1084 1085 1083
f 1083 1085 1086
f 1087 1088 1086
f 1086 1088 1083
f 1086 1085 1090
f 1090 1085 1089
f 1091 1092 1090
f 1090 1092 1093
f 1089 1094 1090
f 1090 1094 1091
f 1095 1082 1089
f 1089 1082 1094
f 1093 1087 1090
f 1090 1087 1086
f 1096 1097 1099
f 1099 1097 1098
f 1097 1096 1087
f 1087 1096 1088
f 1089 1085 1095
f 1095 1085 1084
f 1084 1075 1095
f 1095 1075 1074
f 1084 1100 1075
f 1075 1100 1076
f 1083 1101 1084
f 1084 1101 1100
f 1101 1083 1102
f 1102 1083 1088
f 1082 1095 1073
f 1073 1095 1074
f 1096 1103 1088
f 1088 1103 1102
f 1101 1102 1104
f 1104 1102 1105
f 1102 1103 1105
f 1105 1103 1106
f 1104 1105 1107
f 1107 1105 1108
f 1107 1109 1104
f 1104 1109 1110
f 1111 1108 1106
f 1106 1108 1105
f 1101 1104 1100
f 1100 1104 1110
f 1100 1110 1076
f 1076 1110 1077
f 1103 1096 1112
f 1112 1096 1099
f 1091 1094 1113
f 1113 1094 1082
f 1113 1114 1091
f 1091 1114 1092
f 1082 1081 1113
f 1113 1081 1115
f 1114 1113 1116
f 1116 1113 1115
f 1114 1117 1092
f 1092 1117 1118
f 1024 1077 1016
f 1016 1077 1119
f 1017 1120 1060
f 1060 1120 1080
f 1120 1017 1119
f 1119 1017 1016
f 1119 1109 1120
f 1120 1109 1121
f 1109 1107 1121
f 1121 1107 1122
f 1120 1121 1080
f 1080 1121 1123
f 1119 1077 1109
f 1109 1077 1110
f 1124 1079 1123
f 1123 1079 1080
f 1124 1081 1079
f 1079 1081 1078
f 1125 1115 1124
f 1124 1115 1081
f 1125 1124 1126
f 1126 1124 1123
f 1127 1125 1128
f 1128 1125 1126
f 1121 1122 1123
f 1123 1122 1126
f 1122 1129 1126
f 1126 1129 1128
f 1115 1125 1116
f 1116 1125 1127
f 1131 1116 1130
f 1130 1116 1127
f 1130 1133 1132
f 1132 1133 1134
f 1130 1127 1133
f 1133 1127 1128
f 1130 1132 1131
f 1131 1132 1112
f 1131 1112 1117
f 1117 1112 1099
f 1117 1114 1131
f 1131 1114 1116
f 1107 1108 1122
f 1122 1108 1129
f 1134 1129 1111
f 1111 1129 1108
f 1134 1133 1129
f 1129 1133 1128
f 1132 1134 1106
f 1106 1134 1111
f 1106 1103 1132
f 1132 1103 1112
f 1087 1093 1097
f 1097 1093 1098
f 1098 1118 1099
f 1099 1118 1117
f 1098 1093 1118
f 1118 1093 1092
f 915 914 1039
f 1039 914 1037
f 918 944 919
f 919 944 943
f 950 949 973
f 973 949 974
f 949 952 974
f 974 952 968
f 956 955 1042
f 1042 955 965
f 950 973 918
f 918 973 944
f 915 1039 1040
f 1040 1039 1053
f 956 1042 919
f 919 1042 916
f 1040 955 991
f 991 955 954
f 914 952 1037
f 1037 952 951
f 1136 1137 1135
f 1135 1137 1138
f 1140 1141 1139
f 1139 1141 1142
f 1139 1142 1143
f 1143 1142 1144
f 1145 1146 1148
f 1148 1146 1147
f 854 1149 1025
f 1025 1149 1150
f 1151 1152 1140
f 1140 1152 1141
f 1154 1155 1153
f 1153 1155 1156
f 1067 1007 1158
f 1158 1007 1157
f 1159 1157 1041
f 1041 1157 1007
f 1161 1162 1160
f 1160 1162 1163
f 1164 1146 1152
f 1152 1146 1141
f 854 1067 1149
f 1149 1067 1158
f 1155 1154 1137
f 1137 1154 1165
f 1166 1164 1138
f 1138 1164 1152
f 1167 1161 1144
f 1144 1161 1168
f 1170 1171 1169
f 1169 1171 1172
f 1161 1160 1168
f 1168 1160 1173
f 1174 1143 1168
f 1168 1143 1144
f 1167 1144 1145
f 1145 1144 1142
f 1135 1175 1136
f 1136 1175 1176
f 1151 1177 1135
f 1135 1177 1175
f 1167 1145 1178
f 1178 1145 1148
f 1160 1163 1153
f 1153 1163 1150
f 1135 1138 1151
f 1151 1138 1152
f 1139 1179 1140
f 1140 1179 1180
f 1165 1166 1137
f 1137 1166 1138
f 1141 1146 1142
f 1142 1146 1145
f 1136 1176 1181
f 1181 1176 1182
f 1174 1170 1183
f 1183 1170 1169
f 1170 1173 1171
f 1171 1173 1156
f 1171 1181 1172
f 1172 1181 1182
f 1153 1156 1160
f 1160 1156 1173
f 1143 1174 1184
f 1184 1174 1183
f 1140 1180 1151
f 1151 1180 1177
f 1049 1048 1178
f 1178 1048 1162
f 1179 1139 1184
f 1184 1139 1143
f 1159 1147 1164
f 1164 1147 1146
f 1170 1174 1173
f 1173 1174 1168
f 1171 1156 1181
f 1181 1156 1155
f 1181 1155 1136
f 1136 1155 1137
f 1184 1183 1186
f 1186 1183 1185
f 1184 1186 1179
f 1179 1186 1187
f 1179 1187 1180
f 1180 1187 1188
f 1180 1188 1177
f 1177 1188 1189
f 1183 1169 1185
f 1185 1169 1190
f 1169 1172 1190
f 1190 1172 1191
f 1172 1182 1191
f 1191 1182 1192
f 1193 1194 1190
f 1190 1194 1185
f 1196 1197 1195
f 1195 1197 1198
f 1199 1200 1196
f 1196 1200 1197
f 1197 1200 1202
f 1202 1200 1201
f 1203 1204 1202
f 1202 1204 1205
f 1201 1206 1202
f 1202 1206 1203
f 1205 1198 1202
f 1202 1198 1197
f 1198 1207 1195
f 1195 1207 1208
f 1201 1200 1209
f 1209 1200 1199
f 1199 1187 1209
f 1209 1187 1186
f 1199 1210 1187
f 1187 1210 1188
f 1196 1211 1199
f 1199 1211 1210
f 1212 1211 1195
f 1195 1211 1196
f 1209 1194 1201
f 1201 1194 1206
f 1194 1209 1185
f 1185 1209 1186
f 1213 1212 1208
f 1208 1212 1195
f 1211 1212 1214
f 1214 1212 1215
f 1212 1213 1215
f 1215 1213 1216
f 1214 1215 1217
f 1217 1215 1218
f 1217 1219 1214
f 1214 1219 1220
f 1216 1221 1215
f 1215 1221 1218
f 1214 1220 1211
f 1211 1220 1210
f 1210 1220 1188
f 1188 1220 1189
f 1213 1208 1223
f 1223 1208 1222
f 1208 1207 1222
f 1222 1207 1224
f 1203 1206 1225
f 1225 1206 1194
f 1204 1203 1226
f 1226 1203 1225
f 1194 1193 1225
f 1225 1193 1227
f 1225 1227 1226
f 1226 1227 1228
f 1229 1230 1226
f 1226 1230 1204
f 1224 1230 1222
f 1222 1230 1229
f 1177 1189 1175
f 1175 1189 1231
f 1176 1232 1182
f 1182 1232 1192
f 1232 1176 1231
f 1231 1176 1175
f 1231 1219 1232
f 1232 1219 1233
f 1219 1217 1233
f 1233 1217 1234
f 1232 1233 1192
f 1192 1233 1235
f 1219 1231 1220
f 1220 1231 1189
f 1236 1191 1235
f 1235 1191 1192
f 1236 1193 1191
f 1191 1193 1190
f 1236 1237 1193
f 1193 1237 1227
f 1237 1236 1238
f 1238 1236 1235
f 1239 1237 1240
f 1240 1237 1238
f 1233 1234 1235
f 1235 1234 1238
f 1234 1241 1238
f 1238 1241 1240
f 1237 1239 1227
f 1227 1239 1228
f 1243 1228 1242
f 1242 1228 1239
f 1242 1245 1244
f 1244 1245 1246
f 1242 1239 1245
f 1245 1239 1240
f 1242 1244 1243
f 1243 1244 1223
f 1243 1223 1229
f 1229 1223 1222
f 1229 1226 1243
f 1243 1226 1228
f 1217 1218 1234
f 1234 1218 1241
f 1246 1241 1221
f 1221 1241 1218
f 1246 1245 1241
f 1241 1245 1240
f 1244 1246 1216
f 1216 1246 1221
f 1216 1213 1244
f 1244 1213 1223
f 1198 1205 1207
f 1207 1205 1224
f 1224 1205 1230
f 1230 1205 1204
f 1148 1147 966
f 966 1147 964
f 1149 1154 1150
f 1150 1154 1153
f 1158 1157 1165
f 1165 1157 1166
f 1157 1159 1166
f 1166 1159 1164
f 1163 1162 1056
f 1056 1162 1048
f 1158 1165 1149
f 1149 1165 1154
f 1178 1148 1049
f 1049 1148 966
f 1163 1056 1150
f 1150 1056 1025
f 1178 1162 1167
f 1167 1162 1161
f 1147 1159 964
f 964 1159 1041
f 999 1049 922
f 922 1049 966
f 999 797 985
f 985 797 800
f 797 796 800
f 800 796 801
f 796 997 801
f 801 997 986
f 1247 1248 1250
f 1250 1248 1249
f 1252 1253 1251
f 1251 1253 1254
f 1251 1254 1255
f 1255 1254 1256
f 1258 1259 1257
f 1257 1259 1260
f 1261 1262 1252
f 1252 1262 1253
f 1264 1265 1263
f 1263 1265 1266
f 1267 1268 855
f 855 1268 920
f 1269 1267 1026
f 1026 1267 855
f 1271 1272 1270
f 1270 1272 1273
f 1274 1258 1262
f 1262 1258 1253
f 1264 1275 1265
f 1265 1275 1249
f 1276 1274 1250
f 1250 1274 1262
f 1277 1271 1256
f 1256 1271 1278
f 1279 1280 1282
f 1282 1280 1281
f 1271 1270 1278
f 1278 1270 1283
f 1284 1255 1278
f 1278 1255 1256
f 1277 1256 1257
f 1257 1256 1254
f 1247 1285 1248
f 1248 1285 1286
f 1261 1287 1247
f 1247 1287 1285
f 1257 1260 1277
f 1277 1260 1288
f 1270 1273 1263
f 1263 1273 1289
f 1261 1247 1262
f 1262 1247 1250
f 1251 1290 1252
f 1252 1290 1291
f 1275 1276 1249
f 1249 1276 1250
f 1253 1258 1254
f 1254 1258 1257
f 1248 1286 1292
f 1292 1286 1293
f 1284 1280 1294
f 1294 1280 1279
f 1281 1280 1266
f 1266 1280 1283
f 1292 1293 1281
f 1281 1293 1282
f 1263 1266 1270
f 1270 1266 1283
f 1255 1284 1295
f 1295 1284 1294
f 1252 1291 1261
f 1261 1291 1287
f 1288 1070 1272
f 1272 1070 942
f 1290 1251 1295
f 1295 1251 1255
f 1269 1259 1274
f 1274 1259 1258
f 1280 1284 1283
f 1283 1284 1278
f 1281 1266 1292
f 1292 1266 1265
f 1292 1265 1248
f 1248 1265 1249
f 1295 1294 1297
f 1297 1294 1296
f 1295 1297 1290
f 1290 1297 1298
f 1290 1298 1291
f 1291 1298 1299
f 1291 1299 1287
f 1287 1299 1300
f 1294 1279 1296
f 1296 1279 1301
f 1279 1282 1301
f 1301 1282 1302
f 1302 1282 1303
f 1303 1282 1293
f 1304 1305 1301
f 1301 1305 1296
f 1307 1308 1306
f 1306 1308 1309
f 1310 1311 1307
f 1307 1311 1308
f 1308 1311 1313
f 1313 1311 1312
f 1314 1315 1313
f 1313 1315 1316
f 1312 1317 1313
f 1313 1317 1314
f 1316 1309 1313
f 1313 1309 1308
f 1318 1319 1309
f 1309 1319 1306
f 1311 1310 1312
f 1312 1310 1320
f 1310 1298 1320
f 1320 1298 1297
f 1310 1321 1298
f 1298 1321 1299
f 1307 1322 1310
f 1310 1322 1321
f 1322 1307 1323
f 1323 1307 1306
f 1312 1320 1317
f 1317 1320 1305
f 1305 1320 1296
f 1296 1320 1297
f 1319 1324 1306
f 1306 1324 1323
f 1325 1322 1326
f 1326 1322 1323
f 1324 1327 1323
f 1323 1327 1326
f 1328 1325 1329
f 1329 1325 1326
f 1325 1328 1331
f 1331 1328 1330
f 1327 1332 1326
f 1326 1332 1329
f 1322 1325 1321
f 1321 1325 1331
f 1321 1331 1299
f 1299 1331 1300
f 1324 1319 1334
f 1334 1319 1333
f 1319 1318 1333
f 1333 1318 1335
f 1314 1317 1336
f 1336 1317 1305
f 1315 1314 1337
f 1337 1314 1336
f 1305 1304 1336
f 1336 1304 1338
f 1337 1336 1339
f 1339 1336 1338
f 1337 1340 1315
f 1315 1340 1341
f 1335 1341 1333
f 1333 1341 1340
f 1287 1300 1285
f 1285 1300 1342
f 1286 1343 1293
f 1293 1343 1303
f 1343 1286 1342
f 1342 1286 1285
f 1342 1330 1343
f 1343 1330 1344
f 1330 1328 1344
f 1344 1328 1345
f 1343 1344 1303
f 1303 1344 1346
f 1342 1300 1330
f 1330 1300 1331
f 1347 1302 1346
f 1346 1302 1303
f 1347 1304 1302
f 1302 1304 1301
f 1348 1338 1347
f 1347 1338 1304
f 1348 1347 1349
f 1349 1347 1346
f 1350 1348 1351
f 1351 1348 1349
f 1344 1345 1346
f 1346 1345 1349
f 1345 1352 1349
f 1349 1352 1351
f 1348 1350 1338
f 1338 1350 1339
f 1354 1339 1353
f 1353 1339 1350
f 1353 1356 1355
f 1355 1356 1357
f 1353 1350 1356
f 1356 1350 1351
f 1353 1355 1354
f 1354 1355 1334
f 1354 1334 1340
f 1340 1334 1333
f 1340 1337 1354
f 1354 1337 1339
f 1328 1329 1345
f 1345 1329 1352
f 1357 1352 1332
f 1332 1352 1329
f 1357 1356 1352
f 1352 1356 1351
f 1357 1332 1355
f 1355 1332 1327
f 1327 1324 1355
f 1355 1324 1334
f 1309 1316 1318
f 1318 1316 1335
f 1335 1316 1341
f 1341 1316 1315
f 1259 1072 1260
f 1260 1072 1071
f 1358 1264 1289
f 1289 1264 1263
f 1268 1267 1275
f 1275 1267 1276
f 1267 1269 1276
f 1276 1269 1274
f 941 1273 942
f 942 1273 1272
f 1358 1268 1264
f 1264 1268 1275
f 1260 1071 1288
f 1288 1071 1070
f 1273 941 1289
f 1289 941 977
f 1272 1271 1288
f 1288 1271 1277
f 1259 1269 1072
f 1072 1269 1026
f 1360 1361 1359
f 1359 1361 1362
f 1364 1365 1363
f 1363 1365 1366
f 1363 1366 1367
f 1367 1366 1368
f 1370 1371 1369
f 1369 1371 1372
f 1373 1374 1376
f 1376 1374 1375
f 1377 1378 1364
f 1364 1378 1365
f 1379 1380 1382
f 1382 1380 1381
f 1383 1384 1386
f 1386 1384 1385
f 1387 1385 978
f 978 1385 1384
f 1388 1389 1391
f 1391 1389 1390
f 1378 1392 1365
f 1365 1392 1370
f 1374 1383 1375
f 1375 1383 1386
f 1380 1393 1381
f 1381 1393 1361
f 1394 1392 1362
f 1362 1392 1378
f 1389 1396 1395
f 1395 1396 1368
f 1398 1399 1397
f 1397 1399 1400
f 1388 1401 1389
f 1389 1401 1396
f 1402 1367 1396
f 1396 1367 1368
f 1395 1368 1369
f 1369 1368 1366
f 1359 1403 1360
f 1360 1403 1404
f 1377 1405 1359
f 1359 1405 1403
f 1369 1372 1395
f 1395 1372 1406
f 1379 1388 1376
f 1376 1388 1391
f 1359 1362 1377
f 1377 1362 1378
f 1363 1407 1364
f 1364 1407 1408
f 1393 1394 1361
f 1361 1394 1362
f 1365 1370 1366
f 1366 1370 1369
f 1360 1404 1409
f 1409 1404 1410
f 1402 1398 1411
f 1411 1398 1397
f 1399 1398 1382
f 1382 1398 1401
f 1409 1410 1399
f 1399 1410 1400
f 1388 1379 1401
f 1401 1379 1382
f 1367 1402 1412
f 1412 1402 1411
f 1364 1408 1377
f 1377 1408 1405
f 981 980 1406
f 1406 980 1390
f 1407 1363 1412
f 1412 1363 1367
f 1387 1371 1392
f 1392 1371 1370
f 1398 1402 1401
f 1401 1402 1396
f 1409 1399 1381
f 1381 1399 1382
f 1360 1409 1361
f 1361 1409 1381
f 1412 1411 1414
f 1414 1411 1413
f 1412 1414 1407
f 1407 1414 1415
f 1407 1415 1408
f 1408 1415 1416
f 1408 1416 1405
f 1405 1416 1417
f 1411 1397 1413
f 1413 1397 1418
f 1397 1400 1418
f 1418 1400 1419
f 1419 1400 1420
f 1420 1400 1410
f 1422 1413 1421
f 1421 1413 1418
f 1423 1424 1426
f 1426 1424 1425
f 1427 1428 1424
f 1424 1428 1425
f 1425 1428 1430
f 1430 1428 1429
f 1430 1431 1433
f 1433 1431 1432
f 1429 1434 1430
f 1430 1434 1431
f 1433 1426 1430
f 1430 1426 1425
f 1426 1435 1423
f 1423 1435 1436
f 1428 1427 1429
f 1429 1427 1437
f 1427 1415 1437
f 1437 1415 1414
f 1427 1438 1415
f 1415 1438 1416
f 1439 1438 1424
f 1424 1438 1427
f 1440 1439 1423
f 1423 1439 1424
f 1429 1437 1434
f 1434 1437 1422
f 1422 1437 1413
f 1413 1437 1414
f 1441 1440 1436
f 1436 1440 1423
f 1442 1439 1443
f 1443 1439 1440
f 1441 1444 1440
f 1440 1444 1443
f 1445 1442 1446
f 1446 1442 1443
f 1442 1445 1448
f 1448 1445 1447
f 1444 1449 1443
f 1443 1449 1446
f 1439 1442 1438
f 1438 1442 1448
f 1438 1448 1416
f 1416 1448 1417
f 1436 1450 1441
f 1441 1450 1451
f 1436 1435 1450
f 1450 1435 1452
f 1431 1434 1453
f 1453 1434 1422
f 1431 1453 1432
f 1432 1453 1454
f 1453 1422 1455
f 1455 1422 1421
f 1454 1453 1456
f 1456 1453 1455
f 1457 1458 1454
f 1454 1458 1432
f 1452 1458 1450
f 1450 1458 1457
f 1405 1417 1403
f 1403 1417 1459
f 1404 1460 1410
f 1410 1460 1420
f 1459 1460 1403
f 1403 1460 1404
f 1447 1461 1459
f 1459 1461 1460
f 1445 1462 1447
f 1447 1462 1461
f 1460 1461 1420
f 1420 1461 1463
f 1459 1417 1447
f 1447 1417 1448
f 1464 1419 1463
f 1463 1419 1420
f 1419 1464 1418
f 1418 1464 1421
f 1464 1465 1421
f 1421 1465 1455
f 1465 1464 1466
f 1466 1464 1463
f 1467 1465 1468
f 1468 1465 1466
f 1461 1462 1463
f 1463 1462 1466
f 1462 1469 1466
f 1466 1469 1468
f 1465 1467 1455
f 1455 1467 1456
f 1471 1456 1470
f 1470 1456 1467
f 1470 1473 1472
f 1472 1473 1474
f 1470 1467 1473
f 1473 1467 1468
f 1470 1472 1471
f 1471 1472 1451
f 1471 1451 1457
f 1457 1451 1450
f 1457 1454 1471
f 1471 1454 1456
f 1462 1445 1469
f 1469 1445 1446
f 1474 1469 1449
f 1449 1469 1446
f 1474 1473 1469
f 1469 1473 1468
f 1472 1474 1444
f 1444 1474 1449
f 1444 1441 1472
f 1472 1441 1451
f 1426 1433 1435
f 1435 1433 1452
f 1452 1433 1458
f 1458 1433 1432
f 1371 940 1372
f 1372 940 1068
f 1376 1375 1379
f 1379 1375 1380
f 1393 1386 1394
f 1394 1386 1385
f 1385 1387 1394
f 1394 1387 1392
f 1475 1373 1391
f 1391 1373 1376
f 1375 1386 1380
f 1380 1386 1393
f 1372 1068 1406
f 1406 1068 981
f 1406 1390 1395
f 1395 1390 1389
f 1371 1387 940
f 940 1387 978
f 883 807 1476
f 1476 807 1477
f 1046 904 1479
f 1479 904 1478
f 904 903 1478
f 1478 903 1480
f 1030 1481 1028
f 1028 1481 1482
f 810 1046 1483
f 1483 1046 1479
f 1066 883 1484
f 1484 883 1476
f 807 810 1477
f 1477 810 1483
f 1485 1029 1484
f 1484 1029 1066
f 1028 1482 903
f 903 1482 1480
f 1481 1030 1485
f 1485 1030 1029
f 1484 1486 1485
f 1485 1486 1487
f 1485 1487 1481
f 1481 1487 1488
f 1481 1488 1482
f 1482 1488 1489
f 1482 1489 1480
f 1480 1489 1490
f 1484 1476 1486
f 1486 1476 1491
f 1476 1477 1491
f 1491 1477 1492
f 1477 1483 1492
f 1492 1483 1493
f 1495 1486 1494
f 1494 1486 1491
f 1497 1498 1496
f 1496 1498 1499
f 1500 1501 1497
f 1497 1501 1498
f 1502 1503 1501
f 1501 1503 1498
f 1502 1504 1503
f 1503 1504 1505
f 1506 1499 1503
f 1503 1499 1498
f 1499 1506 1507
f 1507 1506 1508
f 1507 1509 1499
f 1499 1509 1496
f 1502 1501 1510
f 1510 1501 1500
f 1500 1488 1510
f 1510 1488 1487
f 1500 1511 1488
f 1488 1511 1489
f 1497 1512 1500
f 1500 1512 1511
f 1512 1497 1513
f 1513 1497 1496
f 1502 1510 1504
f 1504 1510 1495
f 1495 1510 1486
f 1486 1510 1487
f 1509 1514 1496
f 1496 1514 1513
f 1515 1512 1516
f 1516 1512 1513
f 1514 1517 1513
f 1513 1517 1516
f 1518 1515 1519
f 1519 1515 1516
f 1515 1518 1521
f 1521 1518 1520
f 1517 1522 1516
f 1516 1522 1519
f 1512 1515 1511
f 1511 1515 1521
f 1511 1521 1489
f 1489 1521 1490
f 1514 1509 1524
f 1524 1509 1523
f 1509 1507 1523
f 1523 1507 1508
f 1505 1504 1525
f 1525 1504 1495
f 1526 1505 1527
f 1527 1505 1525
f 1525 1495 1528
f 1528 1495 1494
f 1527 1525 1529
f 1529 1525 1528
f 1527 1530 1526
f 1526 1530 1531
f 1508 1531 1523
f 1523 1531 1530
f 1506 1503 1526
f 1526 1503 1505
f 1508 1506 1531
f 1531 1506 1526
f 1478 1480 1532
f 1532 1480 1490
f 1483 1479 1493
f 1493 1479 1533
f 1532 1533 1478
f 1478 1533 1479
f 1520 1534 1532
f 1532 1534 1533
f 1518 1535 1520
f 1520 1535 1534
f 1533 1534 1493
f 1493 1534 1536
f 1532 1490 1520
f 1520 1490 1521
f 1537 1492 1536
f 1536 1492 1493
f 1492 1537 1491
f 1491 1537 1494
f 1537 1538 1494
f 1494 1538 1528
f 1538 1537 1539
f 1539 1537 1536
f 1540 1538 1541
f 1541 1538 1539
f 1534 1535 1536
f 1536 1535 1539
f 1535 1542 1539
f 1539 1542 1541
f 1538 1540 1528
f 1528 1540 1529
f 1544 1529 1543
f 1543 1529 1540
f 1545 1543 1547
f 1547 1543 1546
f 1543 1540 1546
f 1546 1540 1541
f 1543 1545 1544
f 1544 1545 1524
f 1544 1524 1530
f 1530 1524 1523
f 1530 1527 1544
f 1544 1527 1529
f 1535 1518 1542
f 1542 1518 1519
f 1547 1542 1522
f 1522 1542 1519
f 1547 1546 1542
f 1542 1546 1541
f 1545 1547 1517
f 1517 1547 1522
f 1517 1514 1545
f 1545 1514 1524
f 997 995 986
f 986 995 987
f 987 995 988
f 988 995 971
f 976 1358 977
f 977 1358 1289
f 854 853 1067
f 1067 853 1050
f 1055 985 1069
f 1069 985 962
f 1068 961 981
f 981 961 862
f 1268 1358 920
f 920 1358 976
f 920 976 921
f 921 976 975
f 927 1054 850
f 850 1054 851
f 882 881 1057
f 1057 881 1548
f 1548 1374 1057
f 1057 1374 1373
f 1383 1374 1549
f 1549 1374 1548
f 1549 1548 1550
f 1550 1548 881
f 1550 881 1551
f 1551 881 880
f 933 1552 879
f 879 1552 880
f 1551 880 875
f 875 880 1552
f 1553 1551 878
f 878 1551 875
f 1551 1553 1550
f 1550 1553 1554
f 1550 1554 1549
f 1549 1554 1555
f 978 1384 975
f 975 1384 1555
f 967 849 1556
f 1556 849 852
f 875 1552 876
f 876 1552 933
f 961 939 962
f 962 939 1069
f 1555 1054 975
f 975 1054 921
f 1555 1384 1549
f 1549 1384 1383
f 1391 1390 1475
f 1475 1390 980
f 1373 1475 1057
f 1057 1475 980
f 851 1054 1554
f 1554 1054 1555
f 1554 1553 851
f 851 1553 852
f 878 1556 1553
f 1553 1556 852
f 1556 878 967
f 967 878 877
f 1023 1020 877
f 877 1020 967
f 909 811 1034
f 806 779 873
f 873 779 840
f 805 780 806
f 806 780 779
f 1043 893 1044
f 1044 893 892
f 873 840 847
f 847 840 842
f 840 839 842
f 842 839 843
f 839 791 843
f 843 791 908
f 791 790 908
f 908 790 792
f 809 789 810
f 810 789 1046
f 793 790 809
f 809 790 789
f 809 808 793
f 793 808 1009
f 808 884 1009
f 1009 884 1010
f 1065 1015 884
f 884 1015 1010
f 1032 868 1065
f 1065 868 1015
f 1031 822 1032
f 1032 822 868
f 1031 1027 822
f 822 1027 785
f 1045 905 1046
f 1046 905 904
f 788 781 1019
f 1019 781 894
f 781 780 894
f 894 780 892
f 780 805 892
f 892 805 1044
f 805 804 1044
f 1044 804 891
f 804 1064 891
f 891 1064 888
f 1064 1021 888
f 888 1021 1033
f 1021 1020 1033
f 1033 1020 1034
f 1020 1023 1034
f 1034 1023 909
f 1023 1022 909
f 909 1022 910
f 1043 815 893
f 893 815 819
f 819 815 820
f 820 815 818
f 870 869 818
f 818 869 820
f 1014 1011 870
f 870 1011 869
f 969 972 1014
f 1014 972 1011
f 1036 1063 1022
f 1022 1063 910
f 1035 833 1036
f 1036 833 1063
f 1035 932 979
f 979 932 963
f 834 979 982
f 982 979 958
f 833 1035 834
f 834 1035 979
f 982 863 834
f 834 863 830
f 864 900 831
f 831 900 857
f 990 993 864
f 864 993 900
f 989 994 990
f 990 994 993
f 970 1058 989
f 989 1058 994
f 969 1018 970
f 970 1018 1058
f 1027 902 785
f 785 902 786
f 902 905 786
f 786 905 1019
f 905 1045 1019
f 1019 1045 788
f 788 1045 787
f 787 1045 789
o hand_right
v 0.180914 0.269872 0.957713
v 0.185578 0.270907 0.967012
v 0.180309 0.263164 0.961455
v 0.175928 0.262426 0.954069
v 0.191438 0.255668 0.976992
v 0.187848 0.249846 0.987595
v 0.179890 0.242343 0.974685
v 0.184699 0.248553 0.967643
v 0.169302 0.258143 0.950990
v 0.175820 0.257419 0.956819
v 0.162227 0.258770 0.952217
v 0.154553 0.261950 0.946932
v 0.162626 0.259671 0.945426
v 0.151295 0.263742 0.940045
v 0.149487 0.268494 0.954594
v 0.147395 0.272372 0.940141
v 0.159417 0.295028 0.954055
v 0.168661 0.304780 0.953078
v 0.165531 0.302915 0.936202
v 0.157047 0.292402 0.938689
v 0.182979 0.313959 0.940435
v 0.173138 0.307988 0.937234
v 0.175461 0.310747 0.954086
v 0.184178 0.315886 0.956118
v 0.190717 0.281764 0.961566
v 0.195253 0.283306 0.971561
v 0.191187 0.279632 0.970729
v 0.186937 0.277899 0.961251
v 0.155812 0.252274 0.958436
v 0.153314 0.258216 0.965774
v 0.155399 0.259636 0.958033
v 0.159913 0.253053 0.954520
v 0.213473 0.288317 0.993008
v 0.211000 0.293072 1.005515
v 0.206601 0.289340 1.006707
v 0.209631 0.286082 0.994956
v 0.195036 0.267870 1.004377
v 0.193811 0.277171 1.011697
v 0.182191 0.278195 1.019716
v 0.180166 0.270748 1.012286
v 0.192697 0.257622 0.995750
v 0.181161 0.258837 1.004388
v 0.178344 0.249342 0.994476
v 0.172246 0.240695 0.980013
v 0.218377 0.303302 1.002944
v 0.221721 0.301006 0.993588
v 0.166391 0.248220 0.896848
v 0.171090 0.251793 0.896076
v 0.169866 0.253316 0.899022
v 0.165253 0.249616 0.899129
v 0.215001 0.321106 0.993681
v 0.206932 0.327330 0.993337
v 0.209821 0.327878 0.999967
v 0.216066 0.320877 1.001121
v 0.213550 0.321263 0.983837
v 0.203023 0.325752 0.984162
v 0.157876 0.250231 0.887465
v 0.159489 0.247122 0.891234
v 0.156497 0.249943 0.893517
v 0.155001 0.253869 0.890257
v 0.170755 0.261431 0.946441
v 0.177834 0.267506 0.948601
v 0.167241 0.261109 0.929233
v 0.171170 0.264763 0.936592
v 0.165641 0.260809 0.939027
v 0.162065 0.258842 0.932604
v 0.187205 0.282127 0.938910
v 0.189665 0.283282 0.950295
v 0.184900 0.278840 0.949354
v 0.181675 0.275734 0.937103
v 0.201561 0.291048 0.949973
v 0.197882 0.289622 0.938838
v 0.205090 0.294209 0.939956
v 0.207087 0.293754 0.947638
v 0.188804 0.286157 0.920646
v 0.186546 0.286395 0.914263
v 0.189842 0.287166 0.914245
v 0.191700 0.288339 0.921152
v 0.211581 0.328966 1.006691
v 0.216107 0.320385 1.008334
v 0.202805 0.322205 0.943747
v 0.213163 0.320896 0.947941
v 0.213566 0.320759 0.934952
v 0.202144 0.322448 0.933724
v 0.196456 0.327989 0.992876
v 0.200061 0.330741 0.999218
v 0.159510 0.255134 0.884167
v 0.156992 0.258800 0.887060
v 0.168027 0.257348 0.998245
v 0.163670 0.244778 0.982937
v 0.170508 0.269473 1.007939
v 0.171358 0.279122 1.013918
v 0.171896 0.284938 1.020682
v 0.174550 0.268220 0.931749
v 0.182782 0.274349 0.952677
v 0.194622 0.284961 0.961573
v 0.220932 0.300426 0.956229
v 0.223098 0.300784 0.966634
v 0.215593 0.293427 0.964141
v 0.214837 0.295157 0.955543
v 0.220838 0.314638 0.947688
v 0.221357 0.306729 0.946205
v 0.219762 0.306874 0.937312
v 0.219677 0.314576 0.937061
v 0.152849 0.247377 0.963376
v 0.152613 0.255938 0.973043
v 0.220424 0.312010 0.994514
v 0.219030 0.311152 1.002118
v 0.217623 0.313038 1.010303
v 0.204311 0.284304 0.982653
v 0.207174 0.284294 0.996338
v 0.204677 0.280437 0.996378
v 0.201648 0.282849 0.982731
v 0.192994 0.269319 0.975088
v 0.198233 0.265561 0.986989
v 0.187513 0.261317 0.966719
v 0.201101 0.284375 1.010072
v 0.206367 0.291377 1.016840
v 0.199348 0.286451 1.019273
v 0.212546 0.298713 1.014680
v 0.216748 0.306245 1.012277
v 0.201317 0.335251 1.006189
v 0.191780 0.282935 1.020554
v 0.179069 0.244307 0.961322
v 0.174144 0.240586 0.955743
v 0.172311 0.247383 0.952426
v 0.177017 0.251536 0.956929
v 0.149172 0.263766 0.930868
v 0.155717 0.259068 0.931914
v 0.157970 0.259755 0.940879
v 0.215730 0.290323 0.981817
v 0.222919 0.300869 0.982843
v 0.170088 0.264927 0.924345
v 0.152976 0.256924 0.894653
v 0.154715 0.252253 0.897916
v 0.151641 0.258280 0.915668
v 0.149061 0.263667 0.911970
v 0.168351 0.270233 0.914976
v 0.169380 0.265286 0.919485
v 0.168924 0.265963 0.916785
v 0.169438 0.270288 0.911786
v 0.197167 0.292342 0.917075
v 0.198715 0.293199 0.923198
v 0.157996 0.287721 0.923176
v 0.146997 0.280886 0.928572
v 0.149483 0.283287 0.941007
v 0.193124 0.286681 0.939669
v 0.191544 0.286172 0.929336
v 0.194744 0.288900 0.929354
v 0.175493 0.270515 0.927534
v 0.172257 0.269390 0.920901
v 0.175477 0.273151 0.922438
v 0.179045 0.274581 0.928487
v 0.213093 0.322275 0.961065
v 0.222360 0.315134 0.960626
v 0.162385 0.246460 0.894851
v 0.160300 0.248394 0.897050
v 0.195363 0.287738 0.950821
v 0.153752 0.285177 0.955191
v 0.199110 0.288121 0.961589
v 0.192517 0.311578 0.920297
v 0.199600 0.307943 0.918239
v 0.199020 0.304716 0.913316
v 0.193563 0.307279 0.912183
v 0.171048 0.265520 0.897479
v 0.172557 0.260529 0.899972
v 0.172522 0.258558 0.896650
v 0.171456 0.263108 0.892978
v 0.166932 0.260978 0.922754
v 0.161936 0.257670 0.925523
v 0.163157 0.256918 0.919476
v 0.166980 0.261290 0.917922
v 0.155675 0.257808 0.924440
v 0.156866 0.256017 0.918658
v 0.166150 0.268457 0.894193
v 0.159095 0.267129 0.891680
v 0.156396 0.274646 0.907416
v 0.164245 0.273619 0.907173
v 0.184408 0.318701 0.970952
v 0.194624 0.323230 0.971125
v 0.194543 0.320719 0.956323
v 0.194282 0.319350 0.941608
v 0.193739 0.316624 0.927831
v 0.181797 0.313438 0.927001
v 0.202194 0.323273 0.957994
v 0.166247 0.277943 0.915779
v 0.156113 0.279598 0.917531
v 0.161751 0.282637 0.917676
v 0.205964 0.291045 0.960740
v 0.158922 0.249999 0.900999
v 0.165771 0.301756 1.007300
v 0.171212 0.313491 1.003381
v 0.169361 0.309366 0.995948
v 0.163939 0.295735 1.000423
v 0.170130 0.254459 0.902303
v 0.165118 0.250305 0.903034
v 0.203954 0.296910 0.921489
v 0.201430 0.295954 0.915960
v 0.202318 0.299054 0.913734
v 0.207375 0.299942 0.917684
v 0.200219 0.324821 0.972707
v 0.214666 0.318856 0.926817
v 0.204354 0.320844 0.925883
v 0.194268 0.325302 0.984041
v 0.185062 0.321902 0.983965
v 0.185943 0.324687 0.993211
v 0.172304 0.302872 0.920715
v 0.177303 0.314138 0.968945
v 0.178930 0.317386 0.982922
v 0.179695 0.320488 0.993950
v 0.180326 0.323624 1.001615
v 0.187308 0.327689 1.000044
v 0.155205 0.262445 0.891990
v 0.161477 0.263813 0.885843
v 0.188162 0.332529 1.007491
v 0.180629 0.327206 1.009021
v 0.172038 0.311165 0.982726
v 0.164878 0.302630 0.983246
v 0.170812 0.308172 0.969190
v 0.163263 0.299680 0.968369
v 0.162133 0.300477 0.923532
v 0.174371 0.254247 0.878105
v 0.169461 0.261810 0.884671
v 0.172943 0.260497 0.889176
v 0.177619 0.254719 0.880961
v 0.167554 0.265303 0.889043
v 0.164133 0.260068 0.883009
v 0.156925 0.286741 0.970693
v 0.173259 0.273274 0.916915
v 0.159914 0.286030 0.987990
v 0.150480 0.271291 0.968315
v 0.154566 0.268894 0.980982
v 0.163253 0.282692 1.004943
v 0.160045 0.268767 0.996293
v 0.166784 0.294498 1.017636
v 0.165131 0.289929 1.010510
v 0.157389 0.256103 0.986281
v 0.173868 0.244386 0.891038
v 0.177539 0.248891 0.890081
v 0.166724 0.305664 1.014433
v 0.181672 0.255644 0.961015
v 0.207965 0.289265 0.971353
v 0.202688 0.287242 0.971518
v 0.223454 0.300945 0.973050
v 0.215467 0.292044 0.971972
v 0.169467 0.241703 0.889325
v 0.184475 0.288635 0.909904
v 0.185547 0.288704 0.912397
v 0.175839 0.238287 0.966901
v 0.172163 0.235678 0.961261
v 0.159658 0.235942 0.965454
v 0.166280 0.233568 0.964192
v 0.168935 0.236425 0.971732
v 0.161900 0.239144 0.973624
v 0.206594 0.285378 0.982105
v 0.209943 0.287250 0.981279
v 0.213695 0.321865 0.973140
v 0.222509 0.314388 0.972064
v 0.150543 0.261602 0.922747
v 0.146245 0.270756 0.928363
v 0.148170 0.267556 0.920014
v 0.150378 0.270587 0.910567
v 0.170108 0.274580 0.914122
v 0.164373 0.275044 0.913786
v 0.202043 0.273462 0.992200
v 0.197718 0.277694 0.980627
v 0.171485 0.254978 0.954679
v 0.166986 0.252301 0.951646
v 0.184590 0.280228 0.930410
v 0.172713 0.295629 0.910966
v 0.164833 0.293088 0.913899
v 0.181496 0.279575 0.921994
v 0.165610 0.243109 0.881894
v 0.167135 0.241281 0.886261
v 0.148983 0.274656 0.918835
v 0.202196 0.292966 0.930052
v 0.177650 0.299482 0.915042
v 0.179175 0.293588 0.908356
v 0.219457 0.313318 0.931212
v 0.172405 0.316745 1.011441
v 0.174384 0.256696 0.893275
v 0.179181 0.252942 0.887259
v 0.170435 0.252616 0.877252
v 0.166092 0.248371 0.878541
v 0.221691 0.312170 0.982704
v 0.199201 0.285798 0.971277
v 0.155721 0.247528 0.976199
v 0.154849 0.241655 0.965629
v 0.180008 0.280013 0.917290
v 0.199349 0.314611 0.922087
v 0.183511 0.309466 0.917899
v 0.185264 0.304978 0.909258
v 0.181702 0.298150 0.908159
v 0.183045 0.291085 0.908711
v 0.174285 0.248673 0.875052
v 0.170061 0.244888 0.876553
v 0.169113 0.240143 0.880406
v 0.170133 0.238827 0.884466
v 0.172403 0.240199 0.887845
v 0.178530 0.250221 0.875659
v 0.181266 0.250684 0.878463
v 0.181527 0.250931 0.884812
v 0.182605 0.246879 0.875192
v 0.180401 0.242346 0.873075
v 0.179691 0.230804 0.881116
v 0.175402 0.234434 0.879259
v 0.177511 0.233754 0.877673
v 0.181496 0.230777 0.878441
v 0.185923 0.228125 0.877787
v 0.184363 0.227574 0.880856
v 0.177432 0.237711 0.875089
v 0.183097 0.233949 0.875504
v 0.185585 0.237094 0.874174
v 0.189796 0.233426 0.874042
v 0.187685 0.230492 0.874985
v 0.181487 0.239359 0.873636
v 0.175477 0.239239 0.874786
v 0.188652 0.226539 0.879505
v 0.188515 0.226967 0.877068
v 0.190359 0.228941 0.875250
v 0.192674 0.228015 0.876960
v 0.173622 0.236162 0.884495
v 0.179991 0.230936 0.883750
v 0.185690 0.228874 0.883432
v 0.189826 0.227759 0.881756
v 0.183014 0.232657 0.886051
v 0.187283 0.230902 0.884865
v 0.190987 0.230396 0.883375
v 0.186279 0.235346 0.886824
v 0.189393 0.233300 0.885209
v 0.177546 0.241820 0.888526
v 0.174180 0.239191 0.887965
v 0.191605 0.232186 0.884478
v 0.193893 0.229020 0.878493
v 0.186490 0.240719 0.874345
v 0.191561 0.235772 0.875281
v 0.187868 0.242261 0.875699
v 0.192955 0.237469 0.876202
v 0.194185 0.232171 0.875039
v 0.191822 0.231371 0.874532
v 0.175672 0.243840 0.889513
v 0.179612 0.248405 0.888072
v 0.181381 0.246610 0.886982
v 0.189168 0.239128 0.885665
v 0.183772 0.248614 0.883835
v 0.184961 0.247533 0.878290
v 0.189775 0.242483 0.878109
v 0.190481 0.242012 0.881519
v 0.193330 0.238354 0.878590
v 0.192901 0.238046 0.881084
v 0.191780 0.235949 0.884181
v 0.194928 0.234639 0.879357
v 0.194941 0.233357 0.876702
v 0.193958 0.231354 0.880956
v 0.194352 0.235563 0.880965
v 0.193040 0.233298 0.882519
v 0.186102 0.263742 0.889776
v 0.190707 0.268130 0.888511
v 0.187040 0.270359 0.890468
v 0.183382 0.266391 0.891260
v 0.176346 0.264333 0.879656
v 0.178923 0.261746 0.884615
v 0.175093 0.264735 0.886117
v 0.173190 0.268891 0.881370
v 0.177990 0.269784 0.875839
v 0.175043 0.274530 0.878554
v 0.170123 0.272001 0.885731
v 0.172947 0.267526 0.890591
v 0.168168 0.276441 0.908950
v 0.164843 0.281374 0.905385
v 0.184544 0.283859 0.909470
v 0.183880 0.286607 0.906677
v 0.182683 0.261960 0.888206
v 0.179356 0.264523 0.889582
v 0.189133 0.279443 0.890199
v 0.189332 0.275024 0.893417
v 0.190161 0.273837 0.888980
v 0.189812 0.277466 0.884749
v 0.175756 0.275394 0.912482
v 0.180245 0.279903 0.911512
v 0.172230 0.274783 0.911100
v 0.185515 0.282893 0.885749
v 0.179441 0.283352 0.882592
v 0.173190 0.292273 0.900211
v 0.179354 0.291582 0.901217
v 0.177257 0.265951 0.893721
v 0.186561 0.270241 0.894938
v 0.182494 0.266879 0.895534
v 0.172767 0.278619 0.883522
v 0.181700 0.278815 0.877465
v 0.196488 0.266263 0.871951
v 0.189924 0.275357 0.877145
v 0.192775 0.274137 0.881384
v 0.200056 0.265867 0.875489
v 0.186918 0.279411 0.880173
v 0.184471 0.274123 0.874996
v 0.196638 0.255426 0.883972
v 0.201000 0.259976 0.882614
v 0.192899 0.252961 0.882718
v 0.166798 0.287917 0.902369
v 0.185828 0.255401 0.875545
v 0.189292 0.252749 0.880462
v 0.193297 0.271872 0.885988
v 0.202140 0.263586 0.879297
v 0.192432 0.264764 0.870370
v 0.186310 0.260916 0.871772
v 0.196014 0.260023 0.868672
v 0.191091 0.256247 0.869856
v 0.190071 0.251298 0.873792
v 0.192423 0.250058 0.878860
v 0.195179 0.251243 0.881518
v 0.199811 0.261491 0.870013
v 0.203066 0.261898 0.873437
v 0.203564 0.261093 0.878309
v 0.205780 0.256666 0.870525
v 0.203056 0.253688 0.868185
v 0.205525 0.237676 0.876837
v 0.200891 0.241351 0.875904
v 0.201904 0.241752 0.873523
v 0.206261 0.238492 0.874241
v 0.196669 0.244956 0.873088
v 0.198824 0.244736 0.871885
v 0.200206 0.248399 0.869296
v 0.204819 0.244732 0.871064
v 0.207496 0.248613 0.869953
v 0.211787 0.244858 0.870171
v 0.209268 0.240809 0.870974
v 0.203604 0.250221 0.868698
v 0.209541 0.236986 0.874150
v 0.210914 0.236184 0.876156
v 0.197610 0.249934 0.868467
v 0.194571 0.247088 0.878095
v 0.201328 0.241495 0.879002
v 0.206968 0.238219 0.879747
v 0.212897 0.237433 0.878110
v 0.203950 0.243124 0.881892
v 0.209047 0.239995 0.881525
v 0.213667 0.239603 0.879545
v 0.207325 0.246092 0.883494
v 0.211977 0.242956 0.882325
v 0.199458 0.252948 0.883119
v 0.196383 0.249388 0.881913
v 0.213687 0.241679 0.880778
v 0.214222 0.237793 0.873046
v 0.215972 0.238854 0.875713
v 0.212665 0.238420 0.872227
v 0.208814 0.250321 0.870209
v 0.213406 0.245981 0.871287
v 0.210672 0.251892 0.871737
v 0.215187 0.246646 0.872793
v 0.215890 0.242017 0.871848
v 0.214543 0.241273 0.871157
v 0.198215 0.254375 0.882332
v 0.201933 0.258560 0.881134
v 0.202989 0.257259 0.881879
v 0.210593 0.249973 0.881774
v 0.205215 0.259619 0.878437
v 0.206763 0.258341 0.873772
v 0.211694 0.253086 0.874161
v 0.212259 0.252397 0.878090
v 0.216302 0.247914 0.874211
v 0.215354 0.248806 0.877191
v 0.214135 0.246236 0.881099
v 0.218037 0.243630 0.874887
v 0.217119 0.242492 0.873020
v 0.216207 0.240373 0.877315
v 0.217168 0.245351 0.877156
v 0.215749 0.242802 0.879365
v 0.201660 0.277150 0.894871
v 0.205997 0.280938 0.895566
v 0.203781 0.282974 0.897760
v 0.199379 0.279429 0.896772
v 0.194469 0.280958 0.884791
v 0.195504 0.277343 0.888058
v 0.192591 0.279954 0.890295
v 0.190770 0.284399 0.887675
v 0.197616 0.284717 0.881894
v 0.192917 0.289732 0.885662
v 0.187538 0.287620 0.891020
v 0.190073 0.282402 0.893053
v 0.184889 0.289092 0.905445
v 0.183037 0.294764 0.902359
v 0.198262 0.276422 0.891852
v 0.195880 0.278559 0.893784
v 0.206657 0.291333 0.897055
v 0.205915 0.287057 0.899435
v 0.206795 0.287199 0.896142
v 0.207079 0.290543 0.893239
v 0.192519 0.286960 0.912346
v 0.196755 0.291360 0.913278
v 0.188882 0.286309 0.908848
v 0.203510 0.295492 0.892832
v 0.196998 0.297197 0.889871
v 0.194311 0.303720 0.902725
v 0.199102 0.301721 0.906143
v 0.193701 0.280008 0.896005
v 0.202672 0.282982 0.900778
v 0.198166 0.279750 0.899333
v 0.190458 0.293224 0.890008
v 0.199154 0.293343 0.885667
v 0.215158 0.279871 0.877112
v 0.206682 0.290632 0.886028
v 0.209285 0.288185 0.890840
v 0.217859 0.279059 0.880589
v 0.204859 0.293239 0.888629
v 0.202110 0.289523 0.882549
v 0.212125 0.268347 0.887082
v 0.215823 0.272454 0.887310
v 0.208090 0.268032 0.885193
v 0.186389 0.301114 0.901128
v 0.200938 0.297297 0.910641
v 0.204904 0.270249 0.878678
v 0.206005 0.268311 0.882472
v 0.208770 0.285232 0.893915
v 0.218357 0.276632 0.884529
v 0.210773 0.279069 0.875163
v 0.205791 0.275386 0.875620
v 0.214657 0.275655 0.873209
v 0.209799 0.271892 0.873745
v 0.208529 0.266890 0.876522
v 0.209498 0.265274 0.880507
v 0.211424 0.265209 0.883407
v 0.218899 0.276421 0.875312
v 0.220990 0.275719 0.878589
v 0.219404 0.274830 0.883495
v 0.222389 0.273557 0.874402
v 0.219516 0.270694 0.870804
v 0.223054 0.254371 0.872364
v 0.218826 0.257974 0.873954
v 0.219209 0.258680 0.872990
v 0.223299 0.255147 0.870839
v 0.214027 0.262640 0.873728
v 0.215702 0.262287 0.872738
v 0.216707 0.265658 0.871050
v 0.221572 0.261823 0.869470
v 0.225114 0.266555 0.870494
v 0.228350 0.262747 0.869138
v 0.225356 0.258250 0.867786
v 0.220055 0.268598 0.870646
v 0.226063 0.254057 0.869588
v 0.225997 0.252185 0.870198
v 0.214891 0.267276 0.871316
v 0.213005 0.261494 0.878346
v 0.218837 0.256884 0.876673
v 0.223192 0.253062 0.875331
v 0.227212 0.252211 0.873684
v 0.220710 0.257636 0.879913
v 0.224620 0.254404 0.877857
v 0.228186 0.253549 0.876275
v 0.222874 0.259366 0.881724
v 0.226375 0.256595 0.879530
v 0.215752 0.265516 0.884786
v 0.213893 0.262812 0.882154
v 0.228652 0.255348 0.877665
v 0.229432 0.254891 0.868210
v 0.231665 0.255057 0.871818
v 0.228075 0.256016 0.868248
v 0.225827 0.268125 0.871225
v 0.230486 0.263603 0.869799
v 0.227217 0.269104 0.873502
v 0.231770 0.264445 0.872084
v 0.231546 0.259634 0.868518
v 0.230346 0.259527 0.868285
v 0.213928 0.267419 0.885681
v 0.217183 0.271292 0.885938
v 0.218762 0.269302 0.885197
v 0.226220 0.262586 0.881965
v 0.221134 0.272816 0.883000
v 0.224036 0.272811 0.877648
v 0.228052 0.268291 0.876554
v 0.228187 0.265984 0.879548
v 0.231972 0.264128 0.874858
v 0.230746 0.263283 0.877303
v 0.229255 0.259464 0.879934
v 0.232737 0.260175 0.873854
v 0.232942 0.260064 0.870889
v 0.231703 0.255893 0.874902
v 0.232013 0.260243 0.876268
v 0.231089 0.257055 0.877110
v 0.199836 0.294570 0.912696
v 0.219991 0.294324 0.899114
v 0.223500 0.295952 0.900861
v 0.222707 0.297375 0.902045
v 0.218828 0.295533 0.901339
v 0.214479 0.302001 0.892651
v 0.215040 0.297546 0.894173
v 0.212217 0.299526 0.896725
v 0.211704 0.303894 0.895410
v 0.217197 0.306412 0.892766
v 0.215165 0.308194 0.895587
v 0.210122 0.305363 0.898583
v 0.210444 0.300822 0.900144
v 0.203373 0.306101 0.914364
v 0.203250 0.311889 0.914890
v 0.219592 0.311360 0.925464
v 0.218527 0.305807 0.927238
v 0.220691 0.304920 0.918654
v 0.221496 0.309982 0.918377
v 0.217096 0.295111 0.896642
v 0.214872 0.296152 0.899343
v 0.226521 0.306485 0.904143
v 0.225473 0.301765 0.905001
v 0.225806 0.300146 0.902802
v 0.227886 0.304257 0.901840
v 0.215025 0.301813 0.925325
v 0.210926 0.300527 0.922945
v 0.212406 0.299264 0.918629
v 0.217517 0.301074 0.917491
v 0.207671 0.300061 0.915489
v 0.224713 0.310016 0.902382
v 0.219690 0.312208 0.899858
v 0.215684 0.318261 0.917080
v 0.219300 0.314997 0.918552
v 0.213398 0.297370 0.901161
v 0.222148 0.298410 0.904714
v 0.218401 0.296463 0.902980
v 0.213515 0.310217 0.898446
v 0.221303 0.309928 0.897069
v 0.232054 0.302697 0.892358
v 0.227746 0.306851 0.897997
v 0.228961 0.302857 0.900638
v 0.232911 0.300472 0.894533
v 0.226302 0.307921 0.899607
v 0.223405 0.308179 0.894424
v 0.224852 0.290835 0.894668
v 0.228950 0.293737 0.896583
v 0.222322 0.291088 0.892464
v 0.207690 0.317065 0.915634
v 0.220536 0.296550 0.887502
v 0.220966 0.292609 0.889608
v 0.226713 0.298731 0.901284
v 0.231857 0.297198 0.896313
v 0.228725 0.303656 0.889255
v 0.223086 0.301807 0.887179
v 0.231205 0.300555 0.886662
v 0.225560 0.298526 0.884938
v 0.223178 0.292924 0.886076
v 0.223127 0.290562 0.889102
v 0.224334 0.289459 0.891866
v 0.234334 0.300041 0.890140
v 0.234823 0.298349 0.892708
v 0.233206 0.295835 0.895164
v 0.236656 0.297172 0.888122
v 0.234433 0.295704 0.884123
v 0.234404 0.282196 0.883834
v 0.231248 0.284700 0.884867
v 0.231697 0.285501 0.884060
v 0.234397 0.282598 0.882790
v 0.227690 0.288886 0.884765
v 0.229243 0.288915 0.883992
v 0.230271 0.292361 0.883421
v 0.233881 0.288652 0.882064
v 0.238271 0.291569 0.883200
v 0.240598 0.288296 0.881949
v 0.236499 0.286133 0.880751
v 0.234279 0.293939 0.883212
v 0.236544 0.281598 0.881312
v 0.237098 0.280353 0.881624
v 0.228840 0.293870 0.883358
v 0.226302 0.287377 0.888362
v 0.231430 0.282949 0.886708
v 0.235364 0.280258 0.884869
v 0.238743 0.279733 0.883160
v 0.231755 0.283155 0.889276
v 0.236250 0.279887 0.887016
v 0.239551 0.279573 0.885390
v 0.233439 0.284215 0.892012
v 0.237384 0.281179 0.889049
v 0.228971 0.288587 0.894408
v 0.227141 0.287262 0.891594
v 0.239604 0.280590 0.886893
v 0.240044 0.282513 0.880212
v 0.241519 0.281481 0.882603
v 0.239150 0.283728 0.879777
v 0.239156 0.292291 0.884055
v 0.242071 0.288318 0.882702
v 0.240358 0.292640 0.886260
v 0.243045 0.287811 0.884602
v 0.242430 0.285074 0.881262
v 0.240812 0.285806 0.880657
v 0.227263 0.289728 0.894562
v 0.230098 0.292518 0.895768
v 0.232068 0.291474 0.895362
v 0.236292 0.286870 0.893173
v 0.235068 0.294713 0.894293
v 0.236654 0.296661 0.891294
v 0.240486 0.291775 0.888897
v 0.239451 0.289840 0.891566
v 0.243128 0.286711 0.886526
v 0.241906 0.285423 0.889035
v 0.239696 0.283259 0.890196
v 0.242953 0.283257 0.884917
v 0.243227 0.283850 0.883121
v 0.241750 0.281322 0.884709
v 0.242322 0.282921 0.886759
v 0.241196 0.281749 0.886987
v 0.218380 0.314560 0.922995
v 0.151432 0.241185 0.950571
v 0.154076 0.245264 0.947417
v 0.168585 0.238676 0.943653
v 0.164094 0.243964 0.942183
v 0.168948 0.232551 0.946543
v 0.161686 0.228102 0.953357
v 0.166541 0.229513 0.950905
v 0.158810 0.246353 0.943643
v 0.151399 0.236124 0.953813
v 0.155494 0.230432 0.955449
v 0.147387 0.233461 0.946904
v 0.151969 0.227117 0.948381
v 0.157996 0.224144 0.946473
v 0.164285 0.226589 0.944464
v 0.167333 0.229748 0.941922
v 0.149504 0.239940 0.944452
v 0.152802 0.243811 0.941807
v 0.158981 0.244650 0.939376
v 0.148669 0.239588 0.936419
v 0.147423 0.232209 0.929738
v 0.157207 0.219833 0.918797
v 0.158871 0.221265 0.925232
v 0.156001 0.221602 0.924947
v 0.154566 0.219748 0.919318
v 0.157093 0.222221 0.930452
v 0.155398 0.223006 0.928887
v 0.151337 0.226267 0.930012
v 0.150255 0.224600 0.924795
v 0.148649 0.230266 0.928156
v 0.148057 0.230421 0.924116
v 0.149080 0.223185 0.919601
v 0.151942 0.219344 0.916309
v 0.148413 0.222127 0.915065
v 0.154327 0.220033 0.914268
v 0.149657 0.225085 0.931749
v 0.162417 0.223485 0.935051
v 0.162285 0.222600 0.926190
v 0.160325 0.221976 0.918427
v 0.156530 0.222294 0.913369
v 0.165004 0.226180 0.925851
v 0.162195 0.226025 0.918862
v 0.158376 0.226875 0.914454
v 0.165252 0.231059 0.925230
v 0.161818 0.230021 0.919094
v 0.167287 0.234565 0.937029
v 0.166808 0.228052 0.936944
v 0.158883 0.229301 0.915953
v 0.149081 0.222849 0.912413
v 0.151532 0.225530 0.911483
v 0.147507 0.233860 0.924473
v 0.146339 0.228936 0.919309
v 0.146940 0.231947 0.918649
v 0.148878 0.237626 0.925363
v 0.148360 0.234497 0.918172
v 0.146742 0.228267 0.914313
v 0.146368 0.226148 0.916264
v 0.167960 0.235791 0.940322
v 0.164592 0.241509 0.939704
v 0.163785 0.240433 0.936708
v 0.162120 0.236993 0.925454
v 0.158523 0.243743 0.935534
v 0.152378 0.242879 0.935681
v 0.151875 0.240032 0.925125
v 0.156781 0.240248 0.925292
v 0.151734 0.236009 0.918140
v 0.154812 0.235956 0.918606
v 0.159217 0.233621 0.918566
v 0.152036 0.232326 0.914388
v 0.148786 0.230807 0.913728
v 0.154471 0.228984 0.912935
v 0.154313 0.233203 0.915886
v 0.156503 0.231104 0.915263
v 0.218744 0.306163 0.932443
v 0.214612 0.301032 0.931268
v 0.216628 0.301778 0.937222
v 0.218876 0.301100 0.946223
v 0.222804 0.306186 0.954788
v 0.213357 0.296834 0.946543
v 0.211430 0.297730 0.937116
v 0.208277 0.297369 0.928372
v 0.208756 0.293288 0.955058
f 1558 1559 1557
f 1557 1559 1560
f 1561 1562 1564
f 1564 1562 1563
f 1565 1560 1566
f 1566 1560 1559
f 1568 1569 1567
f 1567 1569 1565
f 1570 1568 1572
f 1572 1568 1571
f 1574 1575 1573
f 1573 1575 1576
f 1578 1579 1577
f 1577 1579 1580
f 1582 1583 1581
f 1581 1583 1584
f 1586 1587 1585
f 1585 1587 1588
f 1589 1590 1592
f 1592 1590 1591
f 1593 1594 1596
f 1596 1594 1595
f 1597 1598 1562
f 1562 1598 1599
f 1562 1599 1563
f 1563 1599 1600
f 1601 1590 1602
f 1602 1590 1589
f 1604 1605 1603
f 1603 1605 1606
f 1608 1609 1607
f 1607 1609 1610
f 1612 1608 1611
f 1611 1608 1607
f 1614 1615 1613
f 1613 1615 1616
f 1617 1618 1560
f 1560 1618 1557
f 1620 1621 1619
f 1619 1621 1622
f 1624 1625 1623
f 1623 1625 1626
f 1628 1629 1627
f 1627 1629 1630
f 1632 1633 1631
f 1631 1633 1634
f 1609 1635 1610
f 1610 1635 1636
f 1638 1639 1637
f 1637 1639 1640
f 1641 1642 1608
f 1608 1642 1609
f 1613 1616 1643
f 1643 1616 1644
f 1645 1646 1599
f 1599 1646 1600
f 1599 1598 1645
f 1645 1598 1647
f 1596 1595 1648
f 1648 1595 1649
f 1650 1626 1620
f 1620 1626 1625
f 1569 1617 1565
f 1565 1617 1560
f 1581 1584 1625
f 1625 1584 1651
f 1652 1581 1624
f 1624 1581 1625
f 1654 1655 1653
f 1653 1655 1656
f 1657 1658 1660
f 1660 1658 1659
f 1662 1586 1661
f 1661 1586 1585
f 1607 1610 1663
f 1663 1610 1664
f 1610 1636 1664
f 1664 1636 1665
f 1667 1668 1666
f 1666 1668 1669
f 1671 1561 1670
f 1670 1561 1672
f 1671 1597 1561
f 1561 1597 1562
f 1592 1591 1667
f 1667 1591 1673
f 1591 1674 1673
f 1673 1674 1675
f 1590 1676 1591
f 1591 1676 1674
f 1590 1601 1676
f 1676 1601 1677
f 1681 1682 1680
f 1680 1682 1683
f 1684 1685 1570
f 1570 1685 1686
f 1589 1687 1602
f 1602 1687 1688
f 1689 1650 1619
f 1619 1650 1620
f 1690 1691 1693
f 1693 1691 1692
f 1695 1696 1694
f 1694 1696 1697
f 1633 1698 1634
f 1634 1698 1699
f 1700 1701 1576
f 1576 1701 1702
f 1704 1705 1703
f 1703 1705 1628
f 1707 1708 1706
f 1706 1708 1709
f 1638 1657 1639
f 1639 1657 1660
f 1657 1638 1711
f 1711 1638 1710
f 1712 1713 1614
f 1614 1713 1615
f 1714 1624 1703
f 1703 1624 1623
f 1715 1702 1571
f 1571 1702 1572
f 1624 1714 1652
f 1652 1714 1716
f 1685 1622 1686
f 1686 1622 1621
f 1718 1719 1717
f 1717 1719 1720
f 1722 1723 1721
f 1721 1723 1724
f 1726 1727 1725
f 1725 1727 1728
f 1730 1727 1729
f 1729 1727 1726
f 1732 1733 1731
f 1731 1733 1734
f 1736 1737 1735
f 1735 1737 1580
f 1738 1739 1577
f 1577 1739 1740
f 1637 1741 1638
f 1638 1741 1710
f 1742 1743 1744
f 1744 1743 1700
f 1714 1627 1716
f 1716 1627 1745
f 1746 1691 1713
f 1713 1691 1615
f 1725 1728 1695
f 1695 1728 1696
f 1703 1628 1714
f 1714 1628 1627
f 1748 1749 1747
f 1747 1749 1750
f 1723 1722 1605
f 1605 1722 1751
f 1752 1746 1606
f 1606 1746 1713
f 1753 1754 1756
f 1756 1754 1755
f 1577 1580 1738
f 1738 1580 1737
f 1702 1715 1576
f 1576 1715 1573
f 1738 1737 1637
f 1637 1737 1741
f 1757 1741 1736
f 1736 1741 1737
f 1758 1759 1639
f 1639 1759 1640
f 1761 1762 1760
f 1760 1762 1641
f 1763 1578 1740
f 1740 1578 1577
f 1735 1580 1764
f 1764 1580 1579
f 1764 1765 1735
f 1735 1765 1761
f 1765 1766 1761
f 1761 1766 1762
f 1768 1762 1767
f 1767 1762 1766
f 1735 1761 1736
f 1736 1761 1760
f 1769 1732 1644
f 1644 1732 1770
f 1642 1641 1768
f 1768 1641 1762
f 1749 1773 1774
f 1773 1775 1774
f 1774 1775 1776
f 1775 1574 1776
f 1776 1574 1573
f 1575 1777 1576
f 1576 1777 1700
f 1778 1779 1781
f 1781 1779 1780
f 1731 1782 1732
f 1732 1782 1770
f 1783 1643 1770
f 1770 1643 1644
f 1776 1573 1784
f 1784 1573 1715
f 1690 1769 1616
f 1616 1769 1644
f 1694 1785 1707
f 1707 1785 1708
f 1749 1748 1766
f 1766 1748 1767
f 1786 1750 1774
f 1774 1750 1749
f 1787 1788 1784
f 1784 1788 1786
f 1789 1790 1647
f 1647 1790 1645
f 1791 1792 1649
f 1649 1792 1648
f 1786 1788 1790
f 1790 1788 1793
f 1603 1794 1604
f 1604 1794 1795
f 1796 1747 1791
f 1791 1747 1792
f 1561 1564 1672
f 1672 1564 1797
f 1798 1799 1745
f 1745 1799 1716
f 1800 1801 1654
f 1654 1801 1655
f 1712 1802 1603
f 1603 1802 1794
f 1632 1803 1633
f 1633 1803 1804
f 1806 1681 1805
f 1805 1681 1680
f 1808 1809 1807
f 1807 1809 1810
f 1667 1666 1592
f 1592 1666 1811
f 1812 1589 1811
f 1811 1589 1592
f 1813 1814 1710
f 1710 1814 1711
f 1619 1725 1689
f 1689 1725 1695
f 1622 1726 1619
f 1619 1726 1725
f 1729 1726 1685
f 1685 1726 1622
f 1685 1684 1729
f 1729 1684 1815
f 1684 1816 1815
f 1815 1816 1817
f 1769 1690 1818
f 1818 1690 1693
f 1819 1820 1742
f 1742 1820 1743
f 1668 1821 1669
f 1669 1821 1822
f 1567 1823 1824
f 1790 1789 1786
f 1786 1789 1750
f 1709 1825 1626
f 1626 1825 1623
f 1731 1734 1721
f 1721 1734 1697
f 1706 1709 1650
f 1650 1709 1626
f 1827 1777 1826
f 1826 1777 1763
f 1825 1709 1828
f 1828 1709 1708
f 1677 1601 1665
f 1665 1601 1664
f 1603 1606 1712
f 1712 1606 1713
f 1613 1829 1614
f 1614 1829 1830
f 1701 1831 1816
f 1816 1831 1817
f 1832 1705 1699
f 1699 1705 1634
f 1704 1825 1631
f 1631 1825 1828
f 1763 1833 1826
f 1826 1833 1834
f 1751 1752 1605
f 1605 1752 1606
f 1615 1691 1616
f 1616 1691 1690
f 1639 1660 1758
f 1758 1660 1835
f 1705 1704 1634
f 1634 1704 1631
f 1803 1834 1804
f 1804 1834 1833
f 1739 1738 1640
f 1640 1738 1637
f 1604 1795 1837
f 1837 1795 1838
f 1783 1779 1839
f 1839 1779 1778
f 1779 1782 1780
f 1780 1782 1724
f 1837 1838 1780
f 1780 1838 1781
f 1721 1724 1731
f 1731 1724 1782
f 1820 1819 1694
f 1694 1819 1785
f 1570 1572 1684
f 1684 1572 1816
f 1776 1784 1774
f 1774 1784 1786
f 1643 1783 1840
f 1840 1783 1839
f 1816 1572 1701
f 1701 1572 1702
f 1800 1654 1814
f 1814 1654 1711
f 1614 1830 1712
f 1712 1830 1802
f 1663 1841 1607
f 1607 1841 1611
f 1799 1842 1716
f 1716 1842 1652
f 1790 1793 1645
f 1645 1793 1646
f 1602 1688 1663
f 1663 1688 1841
f 1809 1808 1805
f 1805 1808 1806
f 1842 1582 1652
f 1652 1582 1581
f 1662 1661 1843
f 1843 1661 1844
f 1828 1708 1845
f 1845 1708 1785
f 1694 1707 1695
f 1695 1707 1689
f 1739 1846 1717
f 1717 1846 1718
f 1847 1848 1833
f 1833 1848 1849
f 1707 1706 1689
f 1689 1706 1650
f 1818 1831 1733
f 1733 1831 1743
f 1700 1743 1701
f 1701 1743 1831
f 1829 1613 1840
f 1840 1613 1643
f 1730 1692 1746
f 1746 1692 1691
f 1667 1673 1668
f 1668 1673 1594
f 1673 1675 1594
f 1594 1675 1679
f 1668 1594 1821
f 1821 1594 1593
f 1843 1844 1810
f 1810 1844 1807
f 1784 1715 1787
f 1787 1715 1571
f 1779 1783 1782
f 1782 1783 1770
f 1703 1623 1704
f 1704 1623 1825
f 1780 1724 1837
f 1837 1724 1723
f 1755 1719 1756
f 1756 1719 1718
f 1601 1602 1664
f 1664 1602 1663
f 1837 1723 1604
f 1604 1723 1605
f 1717 1720 1847
f 1847 1720 1848
f 1594 1679 1595
f 1849 1850 1833
f 1833 1850 1804
f 1840 1839 1852
f 1852 1839 1851
f 1840 1852 1829
f 1829 1852 1853
f 1830 1829 1854
f 1854 1829 1853
f 1802 1830 1855
f 1855 1830 1854
f 1839 1778 1851
f 1851 1778 1856
f 1778 1781 1856
f 1856 1781 1857
f 1857 1781 1858
f 1858 1781 1838
f 1859 1860 1856
f 1856 1860 1851
f 1862 1863 1861
f 1861 1863 1864
f 1865 1866 1864
f 1864 1866 1861
f 1864 1863 1868
f 1868 1863 1867
f 1869 1870 1868
f 1868 1870 1871
f 1867 1872 1868
f 1868 1872 1869
f 1873 1860 1867
f 1867 1860 1872
f 1871 1865 1868
f 1868 1865 1864
f 1874 1875 1877
f 1877 1875 1876
f 1875 1874 1865
f 1865 1874 1866
f 1867 1863 1873
f 1873 1863 1862
f 1862 1853 1873
f 1873 1853 1852
f 1862 1878 1853
f 1853 1878 1854
f 1861 1879 1862
f 1862 1879 1878
f 1879 1861 1880
f 1880 1861 1866
f 1860 1873 1851
f 1851 1873 1852
f 1874 1881 1866
f 1866 1881 1880
f 1879 1880 1882
f 1882 1880 1883
f 1880 1881 1883
f 1883 1881 1884
f 1882 1883 1885
f 1885 1883 1886
f 1885 1887 1882
f 1882 1887 1888
f 1889 1886 1884
f 1884 1886 1883
f 1879 1882 1878
f 1878 1882 1888
f 1878 1888 1854
f 1854 1888 1855
f 1881 1874 1890
f 1890 1874 1877
f 1869 1872 1891
f 1891 1872 1860
f 1891 1892 1869
f 1869 1892 1870
f 1860 1859 1891
f 1891 1859 1893
f 1892 1891 1894
f 1894 1891 1893
f 1892 1895 1870
f 1870 1895 1896
f 1802 1855 1794
f 1794 1855 1897
f 1795 1898 1838
f 1838 1898 1858
f 1898 1795 1897
f 1897 1795 1794
f 1897 1887 1898
f 1898 1887 1899
f 1887 1885 1899
f 1899 1885 1900
f 1898 1899 1858
f 1858 1899 1901
f 1897 1855 1887
f 1887 1855 1888
f 1902 1857 1901
f 1901 1857 1858
f 1902 1859 1857
f 1857 1859 1856
f 1903 1893 1902
f 1902 1893 1859
f 1903 1902 1904
f 1904 1902 1901
f 1905 1903 1906
f 1906 1903 1904
f 1899 1900 1901
f 1901 1900 1904
f 1900 1907 1904
f 1904 1907 1906
f 1893 1903 1894
f 1894 1903 1905
f 1909 1894 1908
f 1908 1894 1905
f 1908 1911 1910
f 1910 1911 1912
f 1908 1905 1911
f 1911 1905 1906
f 1908 1910 1909
f 1909 1910 1890
f 1909 1890 1895
f 1895 1890 1877
f 1895 1892 1909
f 1909 1892 1894
f 1885 1886 1900
f 1900 1886 1907
f 1912 1907 1889
f 1889 1907 1886
f 1912 1911 1907
f 1907 1911 1906
f 1910 1912 1884
f 1884 1912 1889
f 1884 1881 1910
f 1910 1881 1890
f 1865 1871 1875
f 1875 1871 1876
f 1876 1896 1877
f 1877 1896 1895
f 1876 1871 1896
f 1896 1871 1870
f 1693 1692 1817
f 1817 1692 1815
f 1696 1722 1697
f 1697 1722 1721
f 1728 1727 1751
f 1751 1727 1752
f 1727 1730 1752
f 1752 1730 1746
f 1734 1733 1820
f 1820 1733 1743
f 1728 1751 1696
f 1696 1751 1722
f 1693 1817 1818
f 1818 1817 1831
f 1734 1820 1697
f 1697 1820 1694
f 1818 1733 1769
f 1769 1733 1732
f 1692 1730 1815
f 1815 1730 1729
f 1914 1915 1913
f 1913 1915 1916
f 1918 1919 1917
f 1917 1919 1920
f 1917 1920 1921
f 1921 1920 1922
f 1923 1924 1926
f 1926 1924 1925
f 1632 1927 1803
f 1803 1927 1928
f 1929 1930 1918
f 1918 1930 1919
f 1932 1933 1931
f 1931 1933 1934
f 1845 1785 1936
f 1936 1785 1935
f 1937 1935 1819
f 1819 1935 1785
f 1939 1940 1938
f 1938 1940 1941
f 1942 1924 1930
f 1930 1924 1919
f 1632 1845 1927
f 1927 1845 1936
f 1933 1932 1915
f 1915 1932 1943
f 1944 1942 1916
f 1916 1942 1930
f 1945 1939 1922
f 1922 1939 1946
f 1948 1949 1947
f 1947 1949 1950
f 1939 1938 1946
f 1946 1938 1951
f 1952 1921 1946
f 1946 1921 1922
f 1945 1922 1923
f 1923 1922 1920
f 1913 1953 1914
f 1914 1953 1954
f 1929 1955 1913
f 1913 1955 1953
f 1945 1923 1956
f 1956 1923 1926
f 1938 1941 1931
f 1931 1941 1928
f 1913 1916 1929
f 1929 1916 1930
f 1917 1957 1918
f 1918 1957 1958
f 1943 1944 1915
f 1915 1944 1916
f 1919 1924 1920
f 1920 1924 1923
f 1914 1954 1959
f 1959 1954 1960
f 1952 1948 1961
f 1961 1948 1947
f 1948 1951 1949
f 1949 1951 1934
f 1949 1959 1950
f 1950 1959 1960
f 1931 1934 1938
f 1938 1934 1951
f 1921 1952 1962
f 1962 1952 1961
f 1918 1958 1929
f 1929 1958 1955
f 1827 1826 1956
f 1956 1826 1940
f 1957 1917 1962
f 1962 1917 1921
f 1937 1925 1942
f 1942 1925 1924
f 1948 1952 1951
f 1951 1952 1946
f 1949 1934 1959
f 1959 1934 1933
f 1959 1933 1914
f 1914 1933 1915
f 1962 1961 1964
f 1964 1961 1963
f 1962 1964 1957
f 1957 1964 1965
f 1957 1965 1958
f 1958 1965 1966
f 1958 1966 1955
f 1955 1966 1967
f 1961 1947 1963
f 1963 1947 1968
f 1947 1950 1968
f 1968 1950 1969
f 1950 1960 1969
f 1969 1960 1970
f 1971 1972 1968
f 1968 1972 1963
f 1974 1975 1973
f 1973 1975 1976
f 1977 1978 1974
f 1974 1978 1975
f 1975 1978 1980
f 1980 1978 1979
f 1981 1982 1980
f 1980 1982 1983
f 1979 1984 1980
f 1980 1984 1981
f 1983 1976 1980
f 1980 1976 1975
f 1976 1985 1973
f 1973 1985 1986
f 1979 1978 1987
f 1987 1978 1977
f 1977 1965 1987
f 1987 1965 1964
f 1977 1988 1965
f 1965 1988 1966
f 1974 1989 1977
f 1977 1989 1988
f 1990 1989 1973
f 1973 1989 1974
f 1987 1972 1979
f 1979 1972 1984
f 1972 1987 1963
f 1963 1987 1964
f 1991 1990 1986
f 1986 1990 1973
f 1989 1990 1992
f 1992 1990 1993
f 1990 1991 1993
f 1993 1991 1994
f 1992 1993 1995
f 1995 1993 1996
f 1995 1997 1992
f 1992 1997 1998
f 1994 1999 1993
f 1993 1999 1996
f 1992 1998 1989
f 1989 1998 1988
f 1988 1998 1966
f 1966 1998 1967
f 1991 1986 2001
f 2001 1986 2000
f 1986 1985 2000
f 2000 1985 2002
f 1981 1984 2003
f 2003 1984 1972
f 1982 1981 2004
f 2004 1981 2003
f 1972 1971 2003
f 2003 1971 2005
f 2003 2005 2004
f 2004 2005 2006
f 2007 2008 2004
f 2004 2008 1982
f 2002 2008 2000
f 2000 2008 2007
f 1955 1967 1953
f 1953 1967 2009
f 1954 2010 1960
f 1960 2010 1970
f 2010 1954 2009
f 2009 1954 1953
f 2009 1997 2010
f 2010 1997 2011
f 1997 1995 2011
f 2011 1995 2012
f 2010 2011 1970
f 1970 2011 2013
f 1997 2009 1998
f 1998 2009 1967
f 2014 1969 2013
f 2013 1969 1970
f 2014 1971 1969
f 1969 1971 1968
f 2014 2015 1971
f 1971 2015 2005
f 2015 2014 2016
f 2016 2014 2013
f 2017 2015 2018
f 2018 2015 2016
f 2011 2012 2013
f 2013 2012 2016
f 2012 2019 2016
f 2016 2019 2018
f 2015 2017 2005
f 2005 2017 2006
f 2021 2006 2020
f 2020 2006 2017
f 2020 2023 2022
f 2022 2023 2024
f 2020 2017 2023
f 2023 2017 2018
f 2020 2022 2021
f 2021 2022 2001
f 2021 2001 2007
f 2007 2001 2000
f 2007 2004 2021
f 2021 2004 2006
f 1995 1996 2012
f 2012 1996 2019
f 2024 2019 1999
f 1999 2019 1996
f 2024 2023 2019
f 2019 2023 2018
f 2022 2024 1994
f 1994 2024 1999
f 1994 1991 2022
f 2022 1991 2001
f 1976 1983 1985
f 1985 1983 2002
f 2002 1983 2008
f 2008 1983 1982
f 1926 1925 1744
f 1744 1925 1742
f 1927 1932 1928
f 1928 1932 1931
f 1936 1935 1943
f 1943 1935 1944
f 1935 1937 1944
f 1944 1937 1942
f 1941 1940 1834
f 1834 1940 1826
f 1936 1943 1927
f 1927 1943 1932
f 1956 1926 1827
f 1827 1926 1744
f 1941 1834 1928
f 1928 1834 1803
f 1956 1940 1945
f 1945 1940 1939
f 1925 1937 1742
f 1742 1937 1819
f 1777 1827 1700
f 1700 1827 1744
f 1777 1575 1763
f 1763 1575 1578
f 1575 1574 1578
f 1578 1574 1579
f 1574 1775 1579
f 1579 1775 1764
f 2025 2026 2028
f 2028 2026 2027
f 2030 2031 2029
f 2029 2031 2032
f 2029 2032 2033
f 2033 2032 2034
f 2036 2037 2035
f 2035 2037 2038
f 2039 2040 2030
f 2030 2040 2031
f 2042 2043 2041
f 2041 2043 2044
f 2045 2046 1633
f 1633 2046 1698
f 2047 2045 1804
f 1804 2045 1633
f 2049 2050 2048
f 2048 2050 2051
f 2052 2036 2040
f 2040 2036 2031
f 2042 2053 2043
f 2043 2053 2027
f 2054 2052 2028
f 2028 2052 2040
f 2055 2049 2034
f 2034 2049 2056
f 2057 2058 2060
f 2060 2058 2059
f 2049 2048 2056
f 2056 2048 2061
f 2062 2033 2056
f 2056 2033 2034
f 2055 2034 2035
f 2035 2034 2032
f 2025 2063 2026
f 2026 2063 2064
f 2039 2065 2025
f 2025 2065 2063
f 2035 2038 2055
f 2055 2038 2066
f 2048 2051 2041
f 2041 2051 2067
f 2039 2025 2040
f 2040 2025 2028
f 2029 2068 2030
f 2030 2068 2069
f 2053 2054 2027
f 2027 2054 2028
f 2031 2036 2032
f 2032 2036 2035
f 2026 2064 2070
f 2070 2064 2071
f 2062 2058 2072
f 2072 2058 2057
f 2059 2058 2044
f 2044 2058 2061
f 2070 2071 2059
f 2059 2071 2060
f 2041 2044 2048
f 2048 2044 2061
f 2033 2062 2073
f 2073 2062 2072
f 2030 2069 2039
f 2039 2069 2065
f 2066 1848 2050
f 2050 1848 1720
f 2068 2029 2073
f 2073 2029 2033
f 2047 2037 2052
f 2052 2037 2036
f 2058 2062 2061
f 2061 2062 2056
f 2059 2044 2070
f 2070 2044 2043
f 2070 2043 2026
f 2026 2043 2027
f 2073 2072 2075
f 2075 2072 2074
f 2073 2075 2068
f 2068 2075 2076
f 2068 2076 2069
f 2069 2076 2077
f 2069 2077 2065
f 2065 2077 2078
f 2072 2057 2074
f 2074 2057 2079
f 2057 2060 2079
f 2079 2060 2080
f 2080 2060 2081
f 2081 2060 2071
f 2082 2083 2079
f 2079 2083 2074
f 2085 2086 2084
f 2084 2086 2087
f 2088 2089 2085
f 2085 2089 2086
f 2086 2089 2091
f 2091 2089 2090
f 2092 2093 2091
f 2091 2093 2094
f 2090 2095 2091
f 2091 2095 2092
f 2094 2087 2091
f 2091 2087 2086
f 2096 2097 2087
f 2087 2097 2084
f 2089 2088 2090
f 2090 2088 2098
f 2088 2076 2098
f 2098 2076 2075
f 2088 2099 2076
f 2076 2099 2077
f 2085 2100 2088
f 2088 2100 2099
f 2100 2085 2101
f 2101 2085 2084
f 2090 2098 2095
f 2095 2098 2083
f 2083 2098 2074
f 2074 2098 2075
f 2097 2102 2084
f 2084 2102 2101
f 2103 2100 2104
f 2104 2100 2101
f 2102 2105 2101
f 2101 2105 2104
f 2106 2103 2107
f 2107 2103 2104
f 2103 2106 2109
f 2109 2106 2108
f 2105 2110 2104
f 2104 2110 2107
f 2100 2103 2099
f 2099 2103 2109
f 2099 2109 2077
f 2077 2109 2078
f 2102 2097 2112
f 2112 2097 2111
f 2097 2096 2111
f 2111 2096 2113
f 2092 2095 2114
f 2114 2095 2083
f 2093 2092 2115
f 2115 2092 2114
f 2083 2082 2114
f 2114 2082 2116
f 2115 2114 2117
f 2117 2114 2116
f 2115 2118 2093
f 2093 2118 2119
f 2113 2119 2111
f 2111 2119 2118
f 2065 2078 2063
f 2063 2078 2120
f 2064 2121 2071
f 2071 2121 2081
f 2121 2064 2120
f 2120 2064 2063
f 2120 2108 2121
f 2121 2108 2122
f 2108 2106 2122
f 2122 2106 2123
f 2121 2122 2081
f 2081 2122 2124
f 2120 2078 2108
f 2108 2078 2109
f 2125 2080 2124
f 2124 2080 2081
f 2125 2082 2080
f 2080 2082 2079
f 2126 2116 2125
f 2125 2116 2082
f 2126 2125 2127
f 2127 2125 2124
f 2128 2126 2129
f 2129 2126 2127
f 2122 2123 2124
f 2124 2123 2127
f 2123 2130 2127
f 2127 2130 2129
f 2126 2128 2116
f 2116 2128 2117
f 2132 2117 2131
f 2131 2117 2128
f 2131 2134 2133
f 2133 2134 2135
f 2131 2128 2134
f 2134 2128 2129
f 2131 2133 2132
f 2132 2133 2112
f 2132 2112 2118
f 2118 2112 2111
f 2118 2115 2132
f 2132 2115 2117
f 2106 2107 2123
f 2123 2107 2130
f 2135 2130 2110
f 2110 2130 2107
f 2135 2134 2130
f 2130 2134 2129
f 2135 2110 2133
f 2133 2110 2105
f 2105 2102 2133
f 2133 2102 2112
f 2087 2094 2096
f 2096 2094 2113
f 2113 2094 2119
f 2119 2094 2093
f 2037 1850 2038
f 2038 1850 1849
f 2136 2042 2067
f 2067 2042 2041
f 2046 2045 2053
f 2053 2045 2054
f 2045 2047 2054
f 2054 2047 2052
f 1719 2051 1720
f 1720 2051 2050
f 2136 2046 2042
f 2042 2046 2053
f 2038 1849 2066
f 2066 1849 1848
f 2051 1719 2067
f 2067 1719 1755
f 2050 2049 2066
f 2066 2049 2055
f 2037 2047 1850
f 1850 2047 1804
f 2138 2139 2137
f 2137 2139 2140
f 2142 2143 2141
f 2141 2143 2144
f 2141 2144 2145
f 2145 2144 2146
f 2148 2149 2147
f 2147 2149 2150
f 2151 2152 2154
f 2154 2152 2153
f 2155 2156 2142
f 2142 2156 2143
f 2157 2158 2160
f 2160 2158 2159
f 2161 2162 2164
f 2164 2162 2163
f 2165 2163 1756
f 1756 2163 2162
f 2166 2167 2169
f 2169 2167 2168
f 2156 2170 2143
f 2143 2170 2148
f 2152 2161 2153
f 2153 2161 2164
f 2158 2171 2159
f 2159 2171 2139
f 2172 2170 2140
f 2140 2170 2156
f 2167 2174 2173
f 2173 2174 2146
f 2176 2177 2175
f 2175 2177 2178
f 2166 2179 2167
f 2167 2179 2174
f 2180 2145 2174
f 2174 2145 2146
f 2173 2146 2147
f 2147 2146 2144
f 2137 2181 2138
f 2138 2181 2182
f 2155 2183 2137
f 2137 2183 2181
f 2147 2150 2173
f 2173 2150 2184
f 2157 2166 2154
f 2154 2166 2169
f 2137 2140 2155
f 2155 2140 2156
f 2141 2185 2142
f 2142 2185 2186
f 2171 2172 2139
f 2139 2172 2140
f 2143 2148 2144
f 2144 2148 2147
f 2138 2182 2187
f 2187 2182 2188
f 2180 2176 2189
f 2189 2176 2175
f 2177 2176 2160
f 2160 2176 2179
f 2187 2188 2177
f 2177 2188 2178
f 2166 2157 2179
f 2179 2157 2160
f 2145 2180 2190
f 2190 2180 2189
f 2142 2186 2155
f 2155 2186 2183
f 1759 1758 2184
f 2184 1758 2168
f 2185 2141 2190
f 2190 2141 2145
f 2165 2149 2170
f 2170 2149 2148
f 2176 2180 2179
f 2179 2180 2174
f 2187 2177 2159
f 2159 2177 2160
f 2138 2187 2139
f 2139 2187 2159
f 2190 2189 2192
f 2192 2189 2191
f 2190 2192 2185
f 2185 2192 2193
f 2185 2193 2186
f 2186 2193 2194
f 2186 2194 2183
f 2183 2194 2195
f 2189 2175 2191
f 2191 2175 2196
f 2175 2178 2196
f 2196 2178 2197
f 2197 2178 2198
f 2198 2178 2188
f 2200 2191 2199
f 2199 2191 2196
f 2201 2202 2204
f 2204 2202 2203
f 2205 2206 2202
f 2202 2206 2203
f 2203 2206 2208
f 2208 2206 2207
f 2208 2209 2211
f 2211 2209 2210
f 2207 2212 2208
f 2208 2212 2209
f 2211 2204 2208
f 2208 2204 2203
f 2204 2213 2201
f 2201 2213 2214
f 2206 2205 2207
f 2207 2205 2215
f 2205 2193 2215
f 2215 2193 2192
f 2205 2216 2193
f 2193 2216 2194
f 2217 2216 2202
f 2202 2216 2205
f 2218 2217 2201
f 2201 2217 2202
f 2207 2215 2212
f 2212 2215 2200
f 2200 2215 2191
f 2191 2215 2192
f 2219 2218 2214
f 2214 2218 2201
f 2220 2217 2221
f 2221 2217 2218
f 2219 2222 2218
f 2218 2222 2221
f 2223 2220 2224
f 2224 2220 2221
f 2220 2223 2226
f 2226 2223 2225
f 2222 2227 2221
f 2221 2227 2224
f 2217 2220 2216
f 2216 2220 2226
f 2216 2226 2194
f 2194 2226 2195
f 2214 2228 2219
f 2219 2228 2229
f 2214 2213 2228
f 2228 2213 2230
f 2209 2212 2231
f 2231 2212 2200
f 2209 2231 2210
f 2210 2231 2232
f 2231 2200 2233
f 2233 2200 2199
f 2232 2231 2234
f 2234 2231 2233
f 2235 2236 2232
f 2232 2236 2210
f 2230 2236 2228
f 2228 2236 2235
f 2183 2195 2181
f 2181 2195 2237
f 2182 2238 2188
f 2188 2238 2198
f 2237 2238 2181
f 2181 2238 2182
f 2225 2239 2237
f 2237 2239 2238
f 2223 2240 2225
f 2225 2240 2239
f 2238 2239 2198
f 2198 2239 2241
f 2237 2195 2225
f 2225 2195 2226
f 2242 2197 2241
f 2241 2197 2198
f 2197 2242 2196
f 2196 2242 2199
f 2242 2243 2199
f 2199 2243 2233
f 2243 2242 2244
f 2244 2242 2241
f 2245 2243 2246
f 2246 2243 2244
f 2239 2240 2241
f 2241 2240 2244
f 2240 2247 2244
f 2244 2247 2246
f 2243 2245 2233
f 2233 2245 2234
f 2249 2234 2248
f 2248 2234 2245
f 2248 2251 2250
f 2250 2251 2252
f 2248 2245 2251
f 2251 2245 2246
f 2248 2250 2249
f 2249 2250 2229
f 2249 2229 2235
f 2235 2229 2228
f 2235 2232 2249
f 2249 2232 2234
f 2240 2223 2247
f 2247 2223 2224
f 2252 2247 2227
f 2227 2247 2224
f 2252 2251 2247
f 2247 2251 2246
f 2250 2252 2222
f 2222 2252 2227
f 2222 2219 2250
f 2250 2219 2229
f 2204 2211 2213
f 2213 2211 2230
f 2230 2211 2236
f 2236 2211 2210
f 2149 1718 2150
f 2150 1718 1846
f 2154 2153 2157
f 2157 2153 2158
f 2171 2164 2172
f 2172 2164 2163
f 2163 2165 2172
f 2172 2165 2170
f 2253 2151 2169
f 2169 2151 2154
f 2153 2164 2158
f 2158 2164 2171
f 2150 1846 2184
f 2184 1846 1759
f 2184 2168 2173
f 2173 2168 2167
f 2149 2165 1718
f 1718 2165 1756
f 1661 1585 2254
f 2254 1585 2255
f 1824 1682 2257
f 2257 1682 2256
f 1682 1681 2256
f 2256 1681 2258
f 1808 2259 1806
f 1806 2259 2260
f 1588 1824 2261
f 2261 1824 2257
f 1844 1661 2262
f 2262 1661 2254
f 1585 1588 2255
f 2255 1588 2261
f 2263 1807 2262
f 2262 1807 1844
f 1806 2260 1681
f 1681 2260 2258
f 2259 1808 2263
f 2263 1808 1807
f 2262 2264 2263
f 2263 2264 2265
f 2263 2265 2259
f 2259 2265 2266
f 2259 2266 2260
f 2260 2266 2267
f 2260 2267 2258
f 2258 2267 2268
f 2262 2254 2264
f 2264 2254 2269
f 2254 2255 2269
f 2269 2255 2270
f 2255 2261 2270
f 2270 2261 2271
f 2273 2264 2272
f 2272 2264 2269
f 2275 2276 2274
f 2274 2276 2277
f 2278 2279 2275
f 2275 2279 2276
f 2280 2281 2279
f 2279 2281 2276
f 2280 2282 2281
f 2281 2282 2283
f 2284 2277 2281
f 2281 2277 2276
f 2277 2284 2285
f 2285 2284 2286
f 2285 2287 2277
f 2277 2287 2274
f 2280 2279 2288
f 2288 2279 2278
f 2278 2266 2288
f 2288 2266 2265
f 2278 2289 2266
f 2266 2289 2267
f 2275 2290 2278
f 2278 2290 2289
f 2290 2275 2291
f 2291 2275 2274
f 2280 2288 2282
f 2282 2288 2273
f 2273 2288 2264
f 2264 2288 2265
f 2287 2292 2274
f 2274 2292 2291
f 2293 2290 2294
f 2294 2290 2291
f 2292 2295 2291
f 2291 2295 2294
f 2296 2293 2297
f 2297 2293 2294
f 2293 2296 2299
f 2299 2296 2298
f 2295 2300 2294
f 2294 2300 2297
f 2290 2293 2289
f 2289 2293 2299
f 2289 2299 2267
f 2267 2299 2268
f 2292 2287 2302
f 2302 2287 2301
f 2287 2285 2301
f 2301 2285 2286
f 2283 2282 2303
f 2303 2282 2273
f 2304 2283 2305
f 2305 2283 2303
f 2303 2273 2306
f 2306 2273 2272
f 2305 2303 2307
f 2307 2303 2306
f 2305 2308 2304
f 2304 2308 2309
f 2286 2309 2301
f 2301 2309 2308
f 2284 2281 2304
f 2304 2281 2283
f 2286 2284 2309
f 2309 2284 2304
f 2256 2258 2310
f 2310 2258 2268
f 2261 2257 2271
f 2271 2257 2311
f 2310 2311 2256
f 2256 2311 2257
f 2298 2312 2310
f 2310 2312 2311
f 2296 2313 2298
f 2298 2313 2312
f 2311 2312 2271
f 2271 2312 2314
f 2310 2268 2298
f 2298 2268 2299
f 2315 2270 2314
f 2314 2270 2271
f 2270 2315 2269
f 2269 2315 2272
f 2315 2316 2272
f 2272 2316 2306
f 2316 2315 2317
f 2317 2315 2314
f 2318 2316 2319
f 2319 2316 2317
f 2312 2313 2314
f 2314 2313 2317
f 2313 2320 2317
f 2317 2320 2319
f 2316 2318 2306
f 2306 2318 2307
f 2322 2307 2321
f 2321 2307 2318
f 2323 2321 2325
f 2325 2321 2324
f 2321 2318 2324
f 2324 2318 2319
f 2321 2323 2322
f 2322 2323 2302
f 2322 2302 2308
f 2308 2302 2301
f 2308 2305 2322
f 2322 2305 2307
f 2313 2296 2320
f 2320 2296 2297
f 2325 2320 2300
f 2300 2320 2297
f 2325 2324 2320
f 2320 2324 2319
f 2323 2325 2295
f 2295 2325 2300
f 2295 2292 2323
f 2323 2292 2302
f 1775 1773 1764
f 1764 1773 1765
f 1765 1773 1766
f 1766 1773 1749
f 1754 2136 1755
f 1755 2136 2067
f 1632 1631 1845
f 1845 1631 1828
f 1833 1763 1847
f 1847 1763 1740
f 1846 1739 1759
f 1759 1739 1640
f 2046 2136 1698
f 1698 2136 1754
f 1698 1754 1699
f 1699 1754 1753
f 1705 1832 1628
f 1628 1832 1629
f 1660 1659 1835
f 1835 1659 2326
f 2326 2152 1835
f 1835 2152 2151
f 2161 2152 2327
f 2327 2152 2326
f 2327 2326 2328
f 2328 2326 1659
f 2328 1659 2329
f 2329 1659 1658
f 1711 2330 1657
f 1657 2330 1658
f 2329 1658 1653
f 1653 1658 2330
f 2331 2329 1656
f 1656 2329 1653
f 2329 2331 2328
f 2328 2331 2332
f 2328 2332 2327
f 2327 2332 2333
f 1756 2162 1753
f 1753 2162 2333
f 1745 1627 2334
f 2334 1627 1630
f 1653 2330 1654
f 1654 2330 1711
f 1739 1717 1740
f 1740 1717 1847
f 2333 1832 1753
f 1753 1832 1699
f 2333 2162 2327
f 2327 2162 2161
f 2169 2168 2253
f 2253 2168 1758
f 2151 2253 1835
f 1835 2253 1758
f 1629 1832 2332
f 2332 1832 2333
f 2332 2331 1629
f 1629 2331 1630
f 1656 2334 2331
f 2331 2334 1630
f 2334 1656 1745
f 1745 1656 1655
f 1801 1798 1655
f 1655 1798 1745
f 1687 1589 1812
f 1584 1557 1651
f 1651 1557 1618
f 1583 1558 1584
f 1584 1558 1557
f 1821 1671 1822
f 1822 1671 1670
f 1651 1618 1625
f 1625 1618 1620
f 1618 1617 1620
f 1620 1617 1621
f 1617 1569 1621
f 1621 1569 1686
f 1569 1568 1686
f 1686 1568 1570
f 1587 1567 1588
f 1588 1567 1824
f 1571 1568 1587
f 1587 1568 1567
f 1587 1586 1571
f 1571 1586 1787
f 1586 1662 1787
f 1787 1662 1788
f 1843 1793 1662
f 1662 1793 1788
f 1810 1646 1843
f 1843 1646 1793
f 1809 1600 1810
f 1810 1600 1646
f 1809 1805 1600
f 1600 1805 1563
f 1823 1683 1824
f 1824 1683 1682
f 1566 1559 1797
f 1797 1559 1672
f 1559 1558 1672
f 1672 1558 1670
f 1558 1583 1670
f 1670 1583 1822
f 1583 1582 1822
f 1822 1582 1669
f 1582 1842 1669
f 1669 1842 1666
f 1842 1799 1666
f 1666 1799 1811
f 1799 1798 1811
f 1811 1798 1812
f 1798 1801 1812
f 1812 1801 1687
f 1801 1800 1687
f 1687 1800 1688
f 1821 1593 1671
f 1671 1593 1597
f 1597 1593 1598
f 1598 1593 1596
f 1648 1647 1596
f 1596 1647 1598
f 1792 1789 1648
f 1648 1789 1647
f 1747 1750 1792
f 1792 1750 1789
f 1814 1841 1800
f 1800 1841 1688
f 1813 1611 1814
f 1814 1611 1841
f 1813 1710 1757
f 1757 1710 1741
f 1612 1757 1760
f 1760 1757 1736
f 1611 1813 1612
f 1612 1813 1757
f 1760 1641 1612
f 1612 1641 1608
f 1642 1678 1609
f 1609 1678 1635
f 1768 1771 1642
f 1642 1771 1678
f 1767 1772 1768
f 1768 1772 1771
f 1748 1836 1767
f 1767 1836 1772
f 1747 1796 1748
f 1748 1796 1836
f 1805 1680 1563
f 1563 1680 1564
f 1680 1683 1564
f 1564 1683 1797
f 1683 1823 1797
f 1797 1823 1566
f 1566 1823 1565
f 1565 1823 1567
