o hand_left
v -0.254403 0.566387 0.878291
v -0.246146 0.571914 0.876779
v -0.244584 0.560627 0.878025
v -0.253245 0.555974 0.878527
v -0.224763 0.571320 0.877144
v -0.215818 0.571190 0.868604
v -0.218158 0.555898 0.872013
v -0.224931 0.558361 0.879330
v -0.253200 0.547254 0.876663
v -0.243694 0.551949 0.878737
v -0.252746 0.543634 0.871056
v -0.265383 0.542333 0.866377
v -0.263082 0.544649 0.873588
v -0.274385 0.540982 0.866686
v -0.266052 0.548146 0.856518
v -0.281703 0.545550 0.861757
v -0.280003 0.575947 0.857853
v -0.282730 0.588128 0.863439
v -0.296164 0.578947 0.871064
v -0.291479 0.567143 0.865401
v -0.292307 0.597700 0.879955
v -0.295005 0.587033 0.875419
v -0.282736 0.596484 0.866893
v -0.280864 0.605488 0.871475
v -0.255359 0.583437 0.880701
v -0.247639 0.590031 0.878341
v -0.247838 0.583841 0.876737
v -0.254794 0.577855 0.878973
v -0.241940 0.537980 0.864079
v -0.246592 0.545651 0.855925
v -0.251950 0.543679 0.862103
v -0.243190 0.538499 0.869525
v -0.227307 0.611252 0.879308
v -0.221640 0.618393 0.869321
v -0.220386 0.613787 0.865947
v -0.226377 0.608367 0.875601
v -0.215585 0.592400 0.861454
v -0.215480 0.600599 0.855026
v -0.213975 0.598648 0.841194
v -0.216295 0.589899 0.844851
v -0.215549 0.581751 0.866109
v -0.214417 0.579931 0.852043
v -0.214615 0.569260 0.857083
v -0.216468 0.553612 0.862958
v -0.226359 0.629183 0.874428
v -0.230749 0.625452 0.882822
v -0.277477 0.520879 0.903259
v -0.277437 0.525667 0.906840
v -0.278103 0.527478 0.904064
v -0.278265 0.522412 0.900961
v -0.244392 0.638180 0.873160
v -0.251103 0.639212 0.865709
v -0.245445 0.643507 0.864064
v -0.238351 0.641272 0.869831
v -0.252317 0.633989 0.877564
v -0.258447 0.632686 0.868192
v -0.287333 0.513216 0.906282
v -0.282779 0.513677 0.903846
v -0.285862 0.515139 0.900441
v -0.290851 0.515456 0.902576
v -0.261445 0.551253 0.878528
v -0.261256 0.560740 0.881280
v -0.275234 0.545482 0.883865
v -0.271223 0.551821 0.883165
v -0.269162 0.546808 0.878269
v -0.273622 0.542264 0.878732
v -0.273357 0.574176 0.890691
v -0.264789 0.580380 0.885852
v -0.264726 0.574031 0.883723
v -0.273126 0.565774 0.888730
v -0.264935 0.592189 0.893716
v -0.273655 0.585258 0.897485
v -0.272805 0.592856 0.901466
v -0.266098 0.596138 0.898812
v -0.288075 0.571737 0.901218
v -0.292061 0.568574 0.902597
v -0.291383 0.571051 0.905328
v -0.287702 0.575148 0.902870
v -0.240366 0.647680 0.861376
v -0.232658 0.643587 0.865907
v -0.287604 0.615429 0.891775
v -0.279827 0.621092 0.897709
v -0.290651 0.616248 0.905463
v -0.296644 0.611462 0.896698
v -0.255616 0.634558 0.857604
v -0.251151 0.640872 0.856207
v -0.291187 0.516061 0.910317
v -0.294474 0.518368 0.906913
v -0.221703 0.570126 0.845784
v -0.221194 0.552335 0.854257
v -0.222418 0.583355 0.839946
v -0.223107 0.592652 0.835718
v -0.220737 0.599456 0.831352
v -0.275469 0.554752 0.887602
v -0.260519 0.570300 0.881255
v -0.255622 0.588091 0.882980
v -0.258477 0.611176 0.903370
v -0.250168 0.616132 0.899147
v -0.250616 0.605813 0.896223
v -0.258198 0.603781 0.900097
v -0.273474 0.619707 0.905151
v -0.269598 0.613077 0.908053
v -0.277497 0.609697 0.911783
v -0.282951 0.615510 0.910329
v -0.236227 0.536240 0.859107
v -0.240514 0.547583 0.851155
v -0.236642 0.633898 0.878953
v -0.231054 0.635392 0.873736
v -0.226500 0.639180 0.867656
v -0.236817 0.599588 0.878810
v -0.225643 0.606307 0.873163
v -0.224986 0.602198 0.871802
v -0.237593 0.596871 0.876994
v -0.236839 0.578623 0.877711
v -0.225163 0.585277 0.874628
v -0.235764 0.566482 0.880356
v -0.217513 0.608603 0.860595
v -0.213938 0.618935 0.859714
v -0.212087 0.612618 0.853762
v -0.217336 0.626940 0.864246
v -0.221585 0.634140 0.867361
v -0.247974 0.647664 0.852150
v -0.212120 0.606787 0.847679
v -0.225878 0.549128 0.879871
v -0.226227 0.541058 0.880370
v -0.234082 0.541601 0.880610
v -0.234627 0.549123 0.880520
v -0.282091 0.537937 0.870106
v -0.276055 0.538569 0.874595
v -0.269316 0.542121 0.871872
v -0.235742 0.609802 0.887040
v -0.238168 0.621895 0.889859
v -0.279006 0.547903 0.888344
v -0.292585 0.518989 0.897836
v -0.286964 0.518268 0.895780
v -0.285578 0.530369 0.879971
v -0.292462 0.531046 0.881622
v -0.286923 0.547059 0.892375
v -0.280215 0.545833 0.890051
v -0.281124 0.544885 0.891391
v -0.286020 0.545810 0.895843
v -0.290219 0.579643 0.908803
v -0.286426 0.583211 0.906362
v -0.299854 0.558535 0.876444
v -0.297006 0.549009 0.866690
v -0.287231 0.555882 0.860072
v -0.273189 0.580933 0.893881
v -0.281002 0.576118 0.898572
v -0.281230 0.579824 0.900536
v -0.279205 0.555502 0.890325
v -0.283377 0.550797 0.891668
v -0.284356 0.555698 0.892464
v -0.279586 0.560558 0.891786
v -0.270243 0.626550 0.889956
v -0.263003 0.625151 0.898998
v -0.279336 0.516521 0.902487
v -0.281147 0.517856 0.899642
v -0.264761 0.586862 0.889087
v -0.275550 0.564897 0.855134
v -0.255683 0.592840 0.885799
v -0.301774 0.592670 0.899747
v -0.297858 0.592598 0.906894
v -0.299072 0.587629 0.910726
v -0.303465 0.586222 0.906761
v -0.286854 0.535834 0.907481
v -0.281411 0.534364 0.905875
v -0.281095 0.531395 0.907974
v -0.286289 0.532278 0.910827
v -0.276778 0.543134 0.886063
v -0.275756 0.539365 0.881359
v -0.276469 0.536966 0.884914
v -0.278174 0.541238 0.888954
v -0.278894 0.535821 0.877252
v -0.279741 0.532827 0.881076
v -0.293077 0.533667 0.907573
v -0.297263 0.527737 0.905267
v -0.298136 0.540195 0.890925
v -0.293178 0.543238 0.896422
v -0.271232 0.613346 0.862589
v -0.269804 0.621912 0.869571
v -0.279545 0.614439 0.878520
v -0.290459 0.607939 0.887000
v -0.299989 0.600424 0.894758
v -0.302699 0.591643 0.886845
v -0.277035 0.620914 0.882967
v -0.294495 0.553063 0.887501
v -0.298412 0.548856 0.881667
v -0.298611 0.554803 0.882991
v -0.255367 0.598149 0.891048
v -0.281691 0.520468 0.895683
v -0.241967 0.604504 0.830796
v -0.249049 0.614889 0.834915
v -0.253151 0.607955 0.838491
v -0.244718 0.596292 0.834534
v -0.277661 0.530039 0.902018
v -0.277469 0.524938 0.897891
v -0.287639 0.588057 0.910833
v -0.291463 0.583779 0.912437
v -0.294040 0.585262 0.913852
v -0.290540 0.590342 0.915209
v -0.267509 0.626453 0.872699
v -0.295343 0.609944 0.911826
v -0.300568 0.606668 0.903117
v -0.261486 0.628117 0.861488
v -0.263087 0.621007 0.854982
v -0.257340 0.627021 0.849855
v -0.304056 0.576773 0.885633
v -0.272892 0.605574 0.859078
v -0.263683 0.614120 0.851676
v -0.256821 0.620994 0.845407
v -0.252527 0.626636 0.840945
v -0.253416 0.632631 0.846379
v -0.296170 0.522602 0.901975
v -0.295585 0.523840 0.911140
v -0.250205 0.639738 0.841674
v -0.248806 0.632464 0.836095
v -0.262937 0.605837 0.847688
v -0.260698 0.595580 0.843631
v -0.271757 0.597845 0.855152
v -0.270482 0.586959 0.851574
v -0.306221 0.570656 0.876525
v -0.283309 0.521069 0.923740
v -0.289449 0.526388 0.916320
v -0.284905 0.529546 0.914362
v -0.280784 0.524547 0.923072
v -0.291636 0.529814 0.912139
v -0.292139 0.521562 0.914578
v -0.263879 0.573745 0.848391
v -0.288310 0.552844 0.892833
v -0.250117 0.581571 0.840845
v -0.257463 0.556401 0.848639
v -0.245606 0.562389 0.844745
v -0.234860 0.587978 0.833934
v -0.233472 0.572458 0.839201
v -0.229999 0.603259 0.827269
v -0.233762 0.596450 0.830886
v -0.231008 0.557329 0.845957
v -0.272173 0.520149 0.911860
v -0.273624 0.524862 0.915052
v -0.238296 0.610713 0.826680
v -0.235355 0.556564 0.880681
v -0.245828 0.601455 0.887037
v -0.246682 0.597308 0.883217
v -0.245298 0.618590 0.895775
v -0.244065 0.607466 0.892045
v -0.273494 0.515045 0.910627
v -0.295415 0.567796 0.903521
v -0.294358 0.569442 0.902794
v -0.219117 0.547191 0.874508
v -0.220128 0.540375 0.875673
v -0.222316 0.535107 0.863606
v -0.218814 0.537166 0.869601
v -0.217318 0.544773 0.866305
v -0.220869 0.542967 0.859576
v -0.236500 0.601545 0.880679
v -0.236676 0.604413 0.883389
v -0.260609 0.630731 0.883655
v -0.253915 0.628638 0.892845
v -0.284817 0.535230 0.874719
v -0.290146 0.541075 0.868419
v -0.291734 0.537365 0.874786
v -0.297269 0.535993 0.884072
v -0.291085 0.551369 0.891654
v -0.292719 0.548124 0.890558
v -0.225365 0.594225 0.873312
v -0.237944 0.589637 0.876289
v -0.242295 0.546533 0.877475
v -0.240932 0.540507 0.876731
v -0.279456 0.568393 0.893850
v -0.304277 0.567847 0.894240
v -0.305267 0.563034 0.886127
v -0.286210 0.563412 0.896177
v -0.279148 0.510404 0.914764
v -0.275533 0.512063 0.911816
v -0.296911 0.542122 0.876441
v -0.280303 0.587024 0.905073
v -0.302904 0.574700 0.893942
v -0.301315 0.568459 0.900840
v -0.286968 0.611624 0.913962
v -0.244337 0.621066 0.830532
v -0.279936 0.529599 0.911432
v -0.276542 0.527262 0.918598
v -0.284871 0.517321 0.922245
v -0.283921 0.512718 0.918254
v -0.245061 0.630256 0.886557
v -0.247504 0.594230 0.880961
v -0.229127 0.545356 0.852579
v -0.228820 0.535452 0.859408
v -0.289830 0.561446 0.896651
v -0.300434 0.598389 0.902684
v -0.305348 0.585688 0.894716
v -0.307008 0.579263 0.902263
v -0.304518 0.572310 0.900717
v -0.298961 0.568170 0.902192
v -0.280582 0.516273 0.926276
v -0.279456 0.511633 0.922521
v -0.274820 0.509645 0.918785
v -0.271905 0.511326 0.915539
v -0.270794 0.515145 0.913637
v -0.279025 0.520253 0.927725
v -0.276867 0.523422 0.926689
v -0.274648 0.526372 0.921402
v -0.274861 0.520638 0.930284
v -0.273604 0.515592 0.931354
v -0.262080 0.510286 0.925676
v -0.267818 0.509307 0.924365
v -0.266848 0.509720 0.926943
v -0.262300 0.510457 0.928932
v -0.258416 0.511242 0.932294
v -0.257423 0.511067 0.928882
v -0.270941 0.511369 0.928530
v -0.265162 0.512548 0.931887
v -0.266826 0.515806 0.934038
v -0.262177 0.515933 0.937072
v -0.260599 0.512898 0.935395
v -0.270733 0.514547 0.931816
v -0.273157 0.510946 0.927507
v -0.255108 0.512677 0.932588
v -0.256588 0.511907 0.934502
v -0.258006 0.513715 0.936920
v -0.255387 0.515340 0.936898
v -0.267759 0.511266 0.918629
v -0.260986 0.511598 0.923670
v -0.256707 0.513799 0.927413
v -0.254545 0.515142 0.931272
v -0.259790 0.515538 0.923306
v -0.256851 0.516726 0.926956
v -0.255245 0.518279 0.930344
v -0.259807 0.519752 0.924199
v -0.257420 0.519830 0.927599
v -0.268399 0.519326 0.916444
v -0.268396 0.515152 0.915616
v -0.255824 0.520248 0.929629
v -0.254945 0.517415 0.936158
v -0.268939 0.518854 0.933969
v -0.262505 0.519156 0.936840
v -0.268801 0.521199 0.933403
v -0.262658 0.521530 0.936606
v -0.258657 0.518360 0.938950
v -0.259439 0.516033 0.938124
v -0.271119 0.520270 0.914052
v -0.272781 0.524972 0.917513
v -0.270558 0.524284 0.919612
v -0.261646 0.523654 0.926408
v -0.272074 0.525917 0.923489
v -0.272916 0.523728 0.928977
v -0.267021 0.523468 0.932530
v -0.264873 0.524922 0.930218
v -0.262115 0.523241 0.934722
v -0.260996 0.523729 0.932450
v -0.258648 0.522751 0.929515
v -0.258254 0.522152 0.935473
v -0.258454 0.520329 0.937841
v -0.255566 0.519951 0.933930
v -0.258530 0.522949 0.933678
v -0.256787 0.521222 0.931901
v -0.285573 0.541740 0.918032
v -0.286150 0.547078 0.921489
v -0.288598 0.547706 0.917783
v -0.288036 0.543126 0.914962
v -0.296739 0.533453 0.920633
v -0.291000 0.534590 0.918073
v -0.294670 0.535502 0.914115
v -0.301130 0.535759 0.916871
v -0.301410 0.537503 0.924566
v -0.305123 0.540397 0.920327
v -0.303165 0.538522 0.911635
v -0.296380 0.538184 0.909299
v -0.295982 0.550101 0.892506
v -0.302499 0.551236 0.892993
v -0.291305 0.563847 0.903307
v -0.294286 0.564724 0.905014
v -0.287268 0.538113 0.917399
v -0.290331 0.538943 0.913828
v -0.293842 0.555262 0.920032
v -0.289506 0.553025 0.917453
v -0.289823 0.551425 0.920755
v -0.294224 0.552754 0.923817
v -0.289247 0.554070 0.895313
v -0.290466 0.559263 0.899199
v -0.291557 0.551525 0.893598
v -0.300329 0.554335 0.921407
v -0.305898 0.550466 0.920256
v -0.306865 0.561560 0.902603
v -0.302497 0.564260 0.906211
v -0.291368 0.540260 0.909419
v -0.287503 0.548463 0.914455
v -0.287743 0.544195 0.911291
v -0.306702 0.544156 0.915102
v -0.303914 0.546791 0.925353
v -0.289287 0.544024 0.938611
v -0.296406 0.548626 0.930148
v -0.291989 0.550708 0.928218
v -0.285142 0.546876 0.937635
v -0.299266 0.551110 0.925872
v -0.300144 0.544045 0.929157
v -0.276512 0.539574 0.929521
v -0.277537 0.544915 0.932693
v -0.277847 0.535260 0.928769
v -0.306615 0.556054 0.896365
v -0.287186 0.530873 0.930559
v -0.281067 0.532400 0.928654
v -0.288129 0.550632 0.924839
v -0.280594 0.547374 0.935733
v -0.291777 0.540171 0.937968
v -0.292408 0.534303 0.933625
v -0.287618 0.538642 0.941789
v -0.287302 0.533035 0.938632
v -0.282234 0.529722 0.935258
v -0.277334 0.531714 0.932591
v -0.275174 0.534942 0.931747
v -0.285499 0.542517 0.942412
v -0.281861 0.545584 0.941234
v -0.278476 0.546311 0.937397
v -0.279779 0.542662 0.946384
v -0.280774 0.538371 0.947299
v -0.264169 0.530458 0.947273
v -0.269148 0.529937 0.943973
v -0.270428 0.530343 0.946254
v -0.265979 0.530762 0.949444
v -0.275187 0.529130 0.942189
v -0.274772 0.530141 0.944582
v -0.278026 0.532984 0.946263
v -0.272634 0.533525 0.949133
v -0.274502 0.537855 0.950393
v -0.270162 0.537801 0.954090
v -0.268257 0.533412 0.953156
v -0.278038 0.536316 0.948305
v -0.263656 0.531678 0.952056
v -0.261233 0.532583 0.951600
v -0.280731 0.532274 0.944640
v -0.274370 0.530664 0.936188
v -0.267182 0.531141 0.941908
v -0.262074 0.532558 0.945883
v -0.259942 0.535313 0.951020
v -0.265252 0.534765 0.940928
v -0.261194 0.535644 0.945393
v -0.260073 0.537806 0.949833
v -0.264572 0.539471 0.940970
v -0.261233 0.539876 0.945765
v -0.272613 0.539263 0.933619
v -0.272708 0.534523 0.933710
v -0.260606 0.539660 0.948359
v -0.262803 0.535021 0.955553
v -0.261032 0.537672 0.954362
v -0.264449 0.534160 0.955116
v -0.274871 0.539947 0.950550
v -0.269485 0.539962 0.954029
v -0.274051 0.542636 0.950157
v -0.268231 0.542062 0.953919
v -0.265566 0.538850 0.956371
v -0.266153 0.537206 0.956247
v -0.274897 0.539266 0.932064
v -0.276317 0.544149 0.934449
v -0.274334 0.544244 0.935597
v -0.266544 0.543879 0.943082
v -0.276831 0.546463 0.939023
v -0.278337 0.545268 0.944192
v -0.272861 0.544715 0.948604
v -0.269740 0.545620 0.946229
v -0.267580 0.543993 0.953048
v -0.266681 0.544825 0.949964
v -0.263147 0.543244 0.947062
v -0.263718 0.542217 0.954862
v -0.264578 0.540331 0.956088
v -0.260861 0.539386 0.952874
v -0.263761 0.543513 0.952139
v -0.261325 0.541396 0.950358
v -0.289915 0.561107 0.925426
v -0.290778 0.566145 0.928116
v -0.292014 0.567376 0.925116
v -0.291679 0.562349 0.922575
v -0.300537 0.553940 0.926435
v -0.295722 0.554086 0.925253
v -0.297988 0.555495 0.921398
v -0.303425 0.555889 0.921446
v -0.303674 0.556386 0.930558
v -0.307779 0.559279 0.924111
v -0.305154 0.558362 0.916621
v -0.299263 0.557321 0.917606
v -0.298873 0.565899 0.905502
v -0.305234 0.567430 0.905543
v -0.292087 0.557119 0.924883
v -0.293863 0.558343 0.921798
v -0.297121 0.573555 0.927480
v -0.292997 0.571470 0.925740
v -0.294865 0.570688 0.928246
v -0.298875 0.571325 0.930188
v -0.290507 0.571500 0.907836
v -0.291293 0.576892 0.910315
v -0.293467 0.567630 0.906910
v -0.303732 0.572573 0.927365
v -0.309157 0.568799 0.924157
v -0.306730 0.579070 0.913610
v -0.301566 0.581694 0.915517
v -0.294593 0.559218 0.918743
v -0.290474 0.567942 0.922651
v -0.290824 0.562968 0.920169
v -0.308692 0.563066 0.919156
v -0.308042 0.564859 0.928805
v -0.295502 0.560331 0.947160
v -0.302758 0.567112 0.934409
v -0.297517 0.569738 0.933302
v -0.292240 0.563352 0.946765
v -0.304180 0.569327 0.931247
v -0.305348 0.562118 0.933295
v -0.282592 0.557274 0.938850
v -0.284458 0.561978 0.941122
v -0.284673 0.553701 0.937314
v -0.308958 0.572778 0.908484
v -0.295206 0.581731 0.914722
v -0.290602 0.549582 0.939365
v -0.286892 0.551133 0.937689
v -0.293881 0.569367 0.931058
v -0.288191 0.564391 0.944600
v -0.297261 0.556216 0.945334
v -0.295827 0.551497 0.941649
v -0.294246 0.555450 0.950106
v -0.292429 0.550681 0.946707
v -0.287534 0.548481 0.944501
v -0.284031 0.550312 0.942542
v -0.281987 0.553036 0.941790
v -0.292554 0.559679 0.951543
v -0.289731 0.562303 0.950704
v -0.287132 0.563419 0.946272
v -0.289660 0.559885 0.954884
v -0.289930 0.554502 0.955795
v -0.274620 0.548834 0.959430
v -0.278118 0.548820 0.954858
v -0.279020 0.548975 0.955718
v -0.275918 0.548640 0.960555
v -0.283619 0.548095 0.951015
v -0.283211 0.548503 0.952968
v -0.286541 0.550103 0.954341
v -0.282548 0.550467 0.959352
v -0.284893 0.555881 0.960385
v -0.281424 0.555262 0.964035
v -0.279294 0.550137 0.963623
v -0.288113 0.553713 0.956560
v -0.274798 0.549207 0.963503
v -0.273001 0.548443 0.963324
v -0.288338 0.549891 0.952649
v -0.280755 0.549185 0.947177
v -0.275917 0.549644 0.953109
v -0.272063 0.549708 0.957627
v -0.270948 0.551054 0.961694
v -0.274441 0.553001 0.952034
v -0.271517 0.552710 0.956634
v -0.270483 0.553780 0.960331
v -0.274358 0.556287 0.952000
v -0.272004 0.555931 0.956345
v -0.280145 0.556613 0.943948
v -0.279784 0.552538 0.944930
v -0.271161 0.555789 0.959407
v -0.275143 0.551201 0.966632
v -0.272859 0.554617 0.965609
v -0.276451 0.550933 0.965525
v -0.285641 0.557569 0.960128
v -0.281198 0.557452 0.964935
v -0.284935 0.560211 0.959352
v -0.280420 0.559975 0.964112
v -0.278272 0.555354 0.967118
v -0.278628 0.554376 0.966490
v -0.281922 0.557075 0.941591
v -0.283827 0.561402 0.943331
v -0.282062 0.560870 0.945287
v -0.275822 0.560350 0.953687
v -0.285255 0.563135 0.948047
v -0.286943 0.562211 0.953794
v -0.282529 0.561898 0.957901
v -0.279159 0.562219 0.956253
v -0.278727 0.561389 0.962362
v -0.277217 0.561345 0.959927
v -0.273271 0.559606 0.957626
v -0.275748 0.559190 0.964150
v -0.277061 0.557742 0.966371
v -0.272023 0.556692 0.963358
v -0.274835 0.559994 0.961964
v -0.272078 0.558060 0.961225
v -0.292620 0.580280 0.912892
v -0.289214 0.579384 0.931763
v -0.289405 0.583066 0.934007
v -0.290076 0.583766 0.933182
v -0.289386 0.580661 0.930080
v -0.299554 0.575484 0.928889
v -0.294838 0.574797 0.929166
v -0.296007 0.576377 0.925486
v -0.300521 0.577283 0.925155
v -0.303095 0.578995 0.930753
v -0.303691 0.581064 0.927831
v -0.300362 0.580137 0.922394
v -0.295725 0.579042 0.922404
v -0.295362 0.589935 0.910088
v -0.299752 0.593350 0.909097
v -0.289279 0.606745 0.918364
v -0.284682 0.604184 0.917297
v -0.287954 0.599335 0.924048
v -0.291897 0.602074 0.924185
v -0.291355 0.576525 0.930165
v -0.291466 0.577851 0.927116
v -0.296281 0.590980 0.935351
v -0.291938 0.588880 0.934390
v -0.291686 0.586955 0.935412
v -0.295347 0.589169 0.937410
v -0.284073 0.599136 0.916209
v -0.286309 0.595010 0.914683
v -0.286566 0.592841 0.918104
v -0.286533 0.595129 0.922333
v -0.289970 0.589599 0.915240
v -0.300507 0.590715 0.933920
v -0.304298 0.588062 0.930010
v -0.300304 0.603383 0.918463
v -0.296290 0.604021 0.921542
v -0.292086 0.579306 0.925288
v -0.289692 0.585721 0.931560
v -0.289700 0.582193 0.929387
v -0.304052 0.583796 0.924943
v -0.303490 0.585551 0.932766
v -0.298161 0.583855 0.944429
v -0.299667 0.587667 0.938316
v -0.294831 0.588540 0.938517
v -0.295112 0.585203 0.944253
v -0.299782 0.588488 0.936568
v -0.302923 0.583689 0.935794
v -0.287309 0.577440 0.937699
v -0.288646 0.582056 0.940256
v -0.288677 0.574571 0.936475
v -0.301800 0.598659 0.911867
v -0.295779 0.572048 0.936794
v -0.291325 0.572320 0.936550
v -0.291227 0.586078 0.936493
v -0.291476 0.584733 0.942731
v -0.300712 0.580134 0.942799
v -0.300442 0.575268 0.938713
v -0.298664 0.577975 0.946422
v -0.297970 0.573323 0.942537
v -0.292323 0.570937 0.940437
v -0.289087 0.572586 0.939052
v -0.287054 0.575039 0.938793
v -0.296544 0.582406 0.947378
v -0.294073 0.584169 0.946610
v -0.290920 0.584252 0.944163
v -0.294687 0.580986 0.950578
v -0.294356 0.576223 0.950894
v -0.281423 0.573149 0.952552
v -0.283691 0.572682 0.949054
v -0.284615 0.572534 0.949815
v -0.282097 0.572457 0.953082
v -0.287913 0.571453 0.945616
v -0.287950 0.571798 0.947411
v -0.291485 0.572646 0.948139
v -0.288109 0.572896 0.952331
v -0.290556 0.576923 0.954973
v -0.287665 0.576591 0.957924
v -0.285944 0.572854 0.955479
v -0.292908 0.575142 0.951431
v -0.281439 0.572300 0.955794
v -0.280131 0.572577 0.956273
v -0.293289 0.572040 0.946693
v -0.285578 0.573215 0.942754
v -0.281480 0.573891 0.948444
v -0.279204 0.574088 0.953053
v -0.279050 0.574583 0.956893
v -0.281010 0.576131 0.947375
v -0.278276 0.576182 0.952694
v -0.278300 0.576724 0.956357
v -0.281312 0.579460 0.947252
v -0.278961 0.578702 0.952401
v -0.284940 0.579725 0.941824
v -0.284508 0.576212 0.941825
v -0.278871 0.578178 0.955473
v -0.282504 0.573638 0.959231
v -0.280864 0.576135 0.959238
v -0.283849 0.573052 0.958526
v -0.291012 0.578216 0.955179
v -0.287452 0.578008 0.958755
v -0.290755 0.580667 0.954987
v -0.286462 0.579933 0.958593
v -0.284678 0.576393 0.960263
v -0.285602 0.575166 0.959136
v -0.286080 0.578725 0.939965
v -0.287886 0.581863 0.941453
v -0.287172 0.582828 0.943566
v -0.283523 0.582599 0.948737
v -0.290592 0.584553 0.946368
v -0.293319 0.583508 0.949058
v -0.289286 0.582703 0.953909
v -0.286768 0.583851 0.951909
v -0.284910 0.581249 0.957809
v -0.283051 0.582288 0.955641
v -0.280686 0.581409 0.953456
v -0.281946 0.579144 0.958938
v -0.282979 0.578015 0.960053
v -0.280131 0.577872 0.958332
v -0.281163 0.580169 0.957488
v -0.279966 0.579434 0.956600
v -0.293385 0.606559 0.917948
v -0.236268 0.524996 0.867773
v -0.239886 0.527230 0.871386
v -0.230844 0.530718 0.884773
v -0.237388 0.529769 0.882161
v -0.224200 0.529295 0.883343
v -0.219698 0.525455 0.873847
v -0.220459 0.528292 0.878827
v -0.240498 0.528527 0.877101
v -0.230497 0.523800 0.865875
v -0.223235 0.524012 0.867839
v -0.232665 0.515178 0.868843
v -0.224544 0.515217 0.871167
v -0.220147 0.516624 0.876758
v -0.220939 0.522262 0.882181
v -0.223679 0.524959 0.885708
v -0.238126 0.519954 0.871626
v -0.240871 0.522982 0.875147
v -0.240274 0.526094 0.880863
v -0.241359 0.515120 0.877762
v -0.238408 0.507055 0.883130
v -0.228428 0.502483 0.899769
v -0.226455 0.507037 0.894875
v -0.228133 0.505183 0.893542
v -0.229426 0.500862 0.897970
v -0.225875 0.508375 0.889241
v -0.227908 0.507153 0.889452
v -0.231731 0.506672 0.885822
v -0.233127 0.502931 0.890374
v -0.236912 0.506382 0.885584
v -0.238978 0.504377 0.889070
v -0.234600 0.499092 0.894546
v -0.231409 0.497491 0.899342
v -0.235812 0.496077 0.898279
v -0.231526 0.498725 0.902317
v -0.230629 0.505221 0.883025
v -0.222719 0.514541 0.888710
v -0.225487 0.510371 0.896049
v -0.228699 0.505693 0.901745
v -0.232610 0.501315 0.904064
v -0.227302 0.514122 0.897744
v -0.230994 0.509444 0.902099
v -0.235096 0.505656 0.903727
v -0.231517 0.516835 0.898003
v -0.234440 0.511522 0.901317
v -0.229516 0.525066 0.889316
v -0.224056 0.521162 0.889633
v -0.236301 0.507929 0.902443
v -0.237073 0.496034 0.900998
v -0.238321 0.499047 0.902748
v -0.241776 0.506112 0.887952
v -0.240487 0.500470 0.892755
v -0.242845 0.502341 0.893167
v -0.243851 0.509577 0.887632
v -0.244362 0.504579 0.894079
v -0.241752 0.498336 0.897420
v -0.239532 0.497550 0.895752
v -0.229351 0.527669 0.887000
v -0.235664 0.528074 0.884695
v -0.235672 0.525916 0.886737
v -0.237732 0.517994 0.895369
v -0.240755 0.523748 0.884147
v -0.242557 0.519325 0.880437
v -0.244526 0.512862 0.889324
v -0.242567 0.516243 0.892060
v -0.244055 0.507784 0.895774
v -0.242447 0.510052 0.897079
v -0.238685 0.511584 0.899843
v -0.242400 0.504452 0.899691
v -0.242990 0.501034 0.898715
v -0.239165 0.503672 0.902675
v -0.241529 0.507038 0.899518
v -0.239092 0.507125 0.901551
v -0.281091 0.606896 0.913850
v -0.279936 0.600480 0.912432
v -0.275171 0.603886 0.910386
v -0.267042 0.607285 0.907311
v -0.262184 0.616174 0.904444
v -0.266328 0.601258 0.903700
v -0.274635 0.597913 0.907248
v -0.281639 0.593054 0.909931
v -0.259746 0.599222 0.896010
f 2 3 1
f 1 3 4
f 5 6 8
f 8 6 7
f 9 4 10
f 10 4 3
f 12 13 11
f 11 13 9
f 14 12 16
f 16 12 15
f 18 19 17
f 17 19 20
f 22 23 21
f 21 23 24
f 26 27 25
f 25 27 28
f 30 31 29
f 29 31 32
f 33 34 36
f 36 34 35
f 37 38 40
f 40 38 39
f 41 42 6
f 6 42 43
f 6 43 7
f 7 43 44
f 45 34 46
f 46 34 33
f 48 49 47
f 47 49 50
f 52 53 51
f 51 53 54
f 56 52 55
f 55 52 51
f 58 59 57
f 57 59 60
f 61 62 4
f 4 62 1
f 64 65 63
f 63 65 66
f 68 69 67
f 67 69 70
f 72 73 71
f 71 73 74
f 76 77 75
f 75 77 78
f 53 79 54
f 54 79 80
f 82 83 81
f 81 83 84
f 85 86 52
f 52 86 53
f 57 60 87
f 87 60 88
f 89 90 43
f 43 90 44
f 43 42 89
f 89 42 91
f 40 39 92
f 92 39 93
f 94 70 64
f 64 70 69
f 13 61 9
f 9 61 4
f 25 28 69
f 69 28 95
f 96 25 68
f 68 25 69
f 98 99 97
f 97 99 100
f 101 102 104
f 104 102 103
f 106 30 105
f 105 30 29
f 51 54 107
f 107 54 108
f 54 80 108
f 108 80 109
f 111 112 110
f 110 112 113
f 115 5 114
f 114 5 116
f 115 41 5
f 5 41 6
f 36 35 111
f 111 35 117
f 35 118 117
f 117 118 119
f 34 120 35
f 35 120 118
f 34 45 120
f 120 45 121
f 125 126 124
f 124 126 127
f 128 129 14
f 14 129 130
f 33 131 46
f 46 131 132
f 133 94 63
f 63 94 64
f 134 135 137
f 137 135 136
f 139 140 138
f 138 140 141
f 77 142 78
f 78 142 143
f 144 145 20
f 20 145 146
f 148 149 147
f 147 149 72
f 151 152 150
f 150 152 153
f 82 101 83
f 83 101 104
f 101 82 155
f 155 82 154
f 156 157 58
f 58 157 59
f 158 68 147
f 147 68 67
f 159 146 15
f 15 146 16
f 68 158 96
f 96 158 160
f 129 66 130
f 130 66 65
f 162 163 161
f 161 163 164
f 166 167 165
f 165 167 168
f 170 171 169
f 169 171 172
f 174 171 173
f 173 171 170
f 176 177 175
f 175 177 178
f 180 181 179
f 179 181 24
f 182 183 21
f 21 183 184
f 81 185 82
f 82 185 154
f 186 187 188
f 188 187 144
f 158 71 160
f 160 71 189
f 190 135 157
f 157 135 59
f 169 172 139
f 139 172 140
f 147 72 158
f 158 72 71
f 192 193 191
f 191 193 194
f 167 166 49
f 49 166 195
f 196 190 50
f 50 190 157
f 197 198 200
f 200 198 199
f 21 24 182
f 182 24 181
f 146 159 20
f 20 159 17
f 182 181 81
f 81 181 185
f 201 185 180
f 180 185 181
f 202 203 83
f 83 203 84
f 205 206 204
f 204 206 85
f 207 22 184
f 184 22 21
f 179 24 208
f 208 24 23
f 208 209 179
f 179 209 205
f 209 210 205
f 205 210 206
f 212 206 211
f 211 206 210
f 179 205 180
f 180 205 204
f 213 176 88
f 88 176 214
f 86 85 212
f 212 85 206
f 193 217 218
f 217 219 218
f 218 219 220
f 219 18 220
f 220 18 17
f 19 221 20
f 20 221 144
f 222 223 225
f 225 223 224
f 175 226 176
f 176 226 214
f 227 87 214
f 214 87 88
f 220 17 228
f 228 17 159
f 134 213 60
f 60 213 88
f 138 229 151
f 151 229 152
f 193 192 210
f 210 192 211
f 230 194 218
f 218 194 193
f 231 232 228
f 228 232 230
f 233 234 91
f 91 234 89
f 235 236 93
f 93 236 92
f 230 232 234
f 234 232 237
f 47 238 48
f 48 238 239
f 240 191 235
f 235 191 236
f 5 8 116
f 116 8 241
f 242 243 189
f 189 243 160
f 244 245 98
f 98 245 99
f 156 246 47
f 47 246 238
f 76 247 77
f 77 247 248
f 250 125 249
f 249 125 124
f 252 253 251
f 251 253 254
f 111 110 36
f 36 110 255
f 256 33 255
f 255 33 36
f 257 258 154
f 154 258 155
f 63 169 133
f 133 169 139
f 66 170 63
f 63 170 169
f 173 170 129
f 129 170 66
f 129 128 173
f 173 128 259
f 128 260 259
f 259 260 261
f 213 134 262
f 262 134 137
f 263 264 186
f 186 264 187
f 112 265 113
f 113 265 266
f 11 267 268
f 234 233 230
f 230 233 194
f 153 269 70
f 70 269 67
f 175 178 165
f 165 178 141
f 150 153 94
f 94 153 70
f 271 221 270
f 270 221 207
f 269 153 272
f 272 153 152
f 121 45 109
f 109 45 108
f 47 50 156
f 156 50 157
f 57 273 58
f 58 273 274
f 145 275 260
f 260 275 261
f 276 149 143
f 143 149 78
f 148 269 75
f 75 269 272
f 207 277 270
f 270 277 278
f 195 196 49
f 49 196 50
f 59 135 60
f 60 135 134
f 83 104 202
f 202 104 279
f 149 148 78
f 78 148 75
f 247 278 248
f 248 278 277
f 183 182 84
f 84 182 81
f 48 239 281
f 281 239 282
f 227 223 283
f 283 223 222
f 223 226 224
f 224 226 168
f 281 282 224
f 224 282 225
f 165 168 175
f 175 168 226
f 264 263 138
f 138 263 229
f 14 16 128
f 128 16 260
f 220 228 218
f 218 228 230
f 87 227 284
f 284 227 283
f 260 16 145
f 145 16 146
f 244 98 258
f 258 98 155
f 58 274 156
f 156 274 246
f 107 285 51
f 51 285 55
f 243 286 160
f 160 286 96
f 234 237 89
f 89 237 90
f 46 132 107
f 107 132 285
f 253 252 249
f 249 252 250
f 286 26 96
f 96 26 25
f 106 105 287
f 287 105 288
f 272 152 289
f 289 152 229
f 138 151 139
f 139 151 133
f 183 290 161
f 161 290 162
f 291 292 277
f 277 292 293
f 151 150 133
f 133 150 94
f 262 275 177
f 177 275 187
f 144 187 145
f 145 187 275
f 273 57 284
f 284 57 87
f 174 136 190
f 190 136 135
f 111 117 112
f 112 117 38
f 117 119 38
f 38 119 123
f 112 38 265
f 265 38 37
f 287 288 254
f 254 288 251
f 228 159 231
f 231 159 15
f 223 227 226
f 226 227 214
f 147 67 148
f 148 67 269
f 224 168 281
f 281 168 167
f 199 163 200
f 200 163 162
f 45 46 108
f 108 46 107
f 281 167 48
f 48 167 49
f 161 164 291
f 291 164 292
f 38 123 39
f 293 294 277
f 277 294 248
f 284 283 296
f 296 283 295
f 284 296 273
f 273 296 297
f 274 273 298
f 298 273 297
f 246 274 299
f 299 274 298
f 283 222 295
f 295 222 300
f 222 225 300
f 300 225 301
f 301 225 302
f 302 225 282
f 303 304 300
f 300 304 295
f 306 307 305
f 305 307 308
f 309 310 308
f 308 310 305
f 308 307 312
f 312 307 311
f 313 314 312
f 312 314 315
f 311 316 312
f 312 316 313
f 317 304 311
f 311 304 316
f 315 309 312
f 312 309 308
f 318 319 321
f 321 319 320
f 319 318 309
f 309 318 310
f 311 307 317
f 317 307 306
f 306 297 317
f 317 297 296
f 306 322 297
f 297 322 298
f 305 323 306
f 306 323 322
f 323 305 324
f 324 305 310
f 304 317 295
f 295 317 296
f 318 325 310
f 310 325 324
f 323 324 326
f 326 324 327
f 324 325 327
f 327 325 328
f 326 327 329
f 329 327 330
f 329 331 326
f 326 331 332
f 333 330 328
f 328 330 327
f 323 326 322
f 322 326 332
f 322 332 298
f 298 332 299
f 325 318 334
f 334 318 321
f 313 316 335
f 335 316 304
f 335 336 313
f 313 336 314
f 304 303 335
f 335 303 337
f 336 335 338
f 338 335 337
f 336 339 314
f 314 339 340
f 246 299 238
f 238 299 341
f 239 342 282
f 282 342 302
f 342 239 341
f 341 239 238
f 341 331 342
f 342 331 343
f 331 329 343
f 343 329 344
f 342 343 302
f 302 343 345
f 341 299 331
f 331 299 332
f 346 301 345
f 345 301 302
f 346 303 301
f 301 303 300
f 347 337 346
f 346 337 303
f 347 346 348
f 348 346 345
f 349 347 350
f 350 347 348
f 343 344 345
f 345 344 348
f 344 351 348
f 348 351 350
f 337 347 338
f 338 347 349
f 353 338 352
f 352 338 349
f 352 355 354
f 354 355 356
f 352 349 355
f 355 349 350
f 352 354 353
f 353 354 334
f 353 334 339
f 339 334 321
f 339 336 353
f 353 336 338
f 329 330 344
f 344 330 351
f 356 351 333
f 333 351 330
f 356 355 351
f 351 355 350
f 354 356 328
f 328 356 333
f 328 325 354
f 354 325 334
f 309 315 319
f 319 315 320
f 320 340 321
f 321 340 339
f 320 315 340
f 340 315 314
f 137 136 261
f 261 136 259
f 140 166 141
f 141 166 165
f 172 171 195
f 195 171 196
f 171 174 196
f 196 174 190
f 178 177 264
f 264 177 187
f 172 195 140
f 140 195 166
f 137 261 262
f 262 261 275
f 178 264 141
f 141 264 138
f 262 177 213
f 213 177 176
f 136 174 259
f 259 174 173
f 358 359 357
f 357 359 360
f 362 363 361
f 361 363 364
f 361 364 365
f 365 364 366
f 367 368 370
f 370 368 369
f 76 371 247
f 247 371 372
f 373 374 362
f 362 374 363
f 376 377 375
f 375 377 378
f 289 229 380
f 380 229 379
f 381 379 263
f 263 379 229
f 383 384 382
f 382 384 385
f 386 368 374
f 374 368 363
f 76 289 371
f 371 289 380
f 377 376 359
f 359 376 387
f 388 386 360
f 360 386 374
f 389 383 366
f 366 383 390
f 392 393 391
f 391 393 394
f 383 382 390
f 390 382 395
f 396 365 390
f 390 365 366
f 389 366 367
f 367 366 364
f 357 397 358
f 358 397 398
f 373 399 357
f 357 399 397
f 389 367 400
f 400 367 370
f 382 385 375
f 375 385 372
f 357 360 373
f 373 360 374
f 361 401 362
f 362 401 402
f 387 388 359
f 359 388 360
f 363 368 364
f 364 368 367
f 358 398 403
f 403 398 404
f 396 392 405
f 405 392 391
f 392 395 393
f 393 395 378
f 393 403 394
f 394 403 404
f 375 378 382
f 382 378 395
f 365 396 406
f 406 396 405
f 362 402 373
f 373 402 399
f 271 270 400
f 400 270 384
f 401 361 406
f 406 361 365
f 381 369 386
f 386 369 368
f 392 396 395
f 395 396 390
f 393 378 403
f 403 378 377
f 403 377 358
f 358 377 359
f 406 405 408
f 408 405 407
f 406 408 401
f 401 408 409
f 401 409 402
f 402 409 410
f 402 410 399
f 399 410 411
f 405 391 407
f 407 391 412
f 391 394 412
f 412 394 413
f 394 404 413
f 413 404 414
f 415 416 412
f 412 416 407
f 418 419 417
f 417 419 420
f 421 422 418
f 418 422 419
f 419 422 424
f 424 422 423
f 425 426 424
f 424 426 427
f 423 428 424
f 424 428 425
f 427 420 424
f 424 420 419
f 420 429 417
f 417 429 430
f 423 422 431
f 431 422 421
f 421 409 431
f 431 409 408
f 421 432 409
f 409 432 410
f 418 433 421
f 421 433 432
f 434 433 417
f 417 433 418
f 431 416 423
f 423 416 428
f 416 431 407
f 407 431 408
f 435 434 430
f 430 434 417
f 433 434 436
f 436 434 437
f 434 435 437
f 437 435 438
f 436 437 439
f 439 437 440
f 439 441 436
f 436 441 442
f 438 443 437
f 437 443 440
f 436 442 433
f 433 442 432
f 432 442 410
f 410 442 411
f 435 430 445
f 445 430 444
f 430 429 444
f 444 429 446
f 425 428 447
f 447 428 416
f 426 425 448
f 448 425 447
f 416 415 447
f 447 415 449
f 447 449 448
f 448 449 450
f 451 452 448
f 448 452 426
f 446 452 444
f 444 452 451
f 399 411 397
f 397 411 453
f 398 454 404
f 404 454 414
f 454 398 453
f 453 398 397
f 453 441 454
f 454 441 455
f 441 439 455
f 455 439 456
f 454 455 414
f 414 455 457
f 441 453 442
f 442 453 411
f 458 413 457
f 457 413 414
f 458 415 413
f 413 415 412
f 458 459 415
f 415 459 449
f 459 458 460
f 460 458 457
f 461 459 462
f 462 459 460
f 455 456 457
f 457 456 460
f 456 463 460
f 460 463 462
f 459 461 449
f 449 461 450
f 465 450 464
f 464 450 461
f 464 467 466
f 466 467 468
f 464 461 467
f 467 461 462
f 464 466 465
f 465 466 445
f 465 445 451
f 451 445 444
f 451 448 465
f 465 448 450
f 439 440 456
f 456 440 463
f 468 463 443
f 443 463 440
f 468 467 463
f 463 467 462
f 466 468 438
f 438 468 443
f 438 435 466
f 466 435 445
f 420 427 429
f 429 427 446
f 446 427 452
f 452 427 426
f 370 369 188
f 188 369 186
f 371 376 372
f 372 376 375
f 380 379 387
f 387 379 388
f 379 381 388
f 388 381 386
f 385 384 278
f 278 384 270
f 380 387 371
f 371 387 376
f 400 370 271
f 271 370 188
f 385 278 372
f 372 278 247
f 400 384 389
f 389 384 383
f 369 381 186
f 186 381 263
f 221 271 144
f 144 271 188
f 221 19 207
f 207 19 22
f 19 18 22
f 22 18 23
f 18 219 23
f 23 219 208
f 469 470 472
f 472 470 471
f 474 475 473
f 473 475 476
f 473 476 477
f 477 476 478
f 480 481 479
f 479 481 482
f 483 484 474
f 474 484 475
f 486 487 485
f 485 487 488
f 489 490 77
f 77 490 142
f 491 489 248
f 248 489 77
f 493 494 492
f 492 494 495
f 496 480 484
f 484 480 475
f 486 497 487
f 487 497 471
f 498 496 472
f 472 496 484
f 499 493 478
f 478 493 500
f 501 502 504
f 504 502 503
f 493 492 500
f 500 492 505
f 506 477 500
f 500 477 478
f 499 478 479
f 479 478 476
f 469 507 470
f 470 507 508
f 483 509 469
f 469 509 507
f 479 482 499
f 499 482 510
f 492 495 485
f 485 495 511
f 483 469 484
f 484 469 472
f 473 512 474
f 474 512 513
f 497 498 471
f 471 498 472
f 475 480 476
f 476 480 479
f 470 508 514
f 514 508 515
f 506 502 516
f 516 502 501
f 503 502 488
f 488 502 505
f 514 515 503
f 503 515 504
f 485 488 492
f 492 488 505
f 477 506 517
f 517 506 516
f 474 513 483
f 483 513 509
f 510 292 494
f 494 292 164
f 512 473 517
f 517 473 477
f 491 481 496
f 496 481 480
f 502 506 505
f 505 506 500
f 503 488 514
f 514 488 487
f 514 487 470
f 470 487 471
f 517 516 519
f 519 516 518
f 517 519 512
f 512 519 520
f 512 520 513
f 513 520 521
f 513 521 509
f 509 521 522
f 516 501 518
f 518 501 523
f 501 504 523
f 523 504 524
f 524 504 525
f 525 504 515
f 526 527 523
f 523 527 518
f 529 530 528
f 528 530 531
f 532 533 529
f 529 533 530
f 530 533 535
f 535 533 534
f 536 537 535
f 535 537 538
f 534 539 535
f 535 539 536
f 538 531 535
f 535 531 530
f 540 541 531
f 531 541 528
f 533 532 534
f 534 532 542
f 532 520 542
f 542 520 519
f 532 543 520
f 520 543 521
f 529 544 532
f 532 544 543
f 544 529 545
f 545 529 528
f 534 542 539
f 539 542 527
f 527 542 518
f 518 542 519
f 541 546 528
f 528 546 545
f 547 544 548
f 548 544 545
f 546 549 545
f 545 549 548
f 550 547 551
f 551 547 548
f 547 550 553
f 553 550 552
f 549 554 548
f 548 554 551
f 544 547 543
f 543 547 553
f 543 553 521
f 521 553 522
f 546 541 556
f 556 541 555
f 541 540 555
f 555 540 557
f 536 539 558
f 558 539 527
f 537 536 559
f 559 536 558
f 527 526 558
f 558 526 560
f 559 558 561
f 561 558 560
f 559 562 537
f 537 562 563
f 557 563 555
f 555 563 562
f 509 522 507
f 507 522 564
f 508 565 515
f 515 565 525
f 565 508 564
f 564 508 507
f 564 552 565
f 565 552 566
f 552 550 566
f 566 550 567
f 565 566 525
f 525 566 568
f 564 522 552
f 552 522 553
f 569 524 568
f 568 524 525
f 569 526 524
f 524 526 523
f 570 560 569
f 569 560 526
f 570 569 571
f 571 569 568
f 572 570 573
f 573 570 571
f 566 567 568
f 568 567 571
f 567 574 571
f 571 574 573
f 570 572 560
f 560 572 561
f 576 561 575
f 575 561 572
f 575 578 577
f 577 578 579
f 575 572 578
f 578 572 573
f 575 577 576
f 576 577 556
f 576 556 562
f 562 556 555
f 562 559 576
f 576 559 561
f 550 551 567
f 567 551 574
f 579 574 554
f 554 574 551
f 579 578 574
f 574 578 573
f 579 554 577
f 577 554 549
f 549 546 577
f 577 546 556
f 531 538 540
f 540 538 557
f 557 538 563
f 563 538 537
f 481 294 482
f 482 294 293
f 580 486 511
f 511 486 485
f 490 489 497
f 497 489 498
f 489 491 498
f 498 491 496
f 163 495 164
f 164 495 494
f 580 490 486
f 486 490 497
f 482 293 510
f 510 293 292
f 495 163 511
f 511 163 199
f 494 493 510
f 510 493 499
f 481 491 294
f 294 491 248
f 582 583 581
f 581 583 584
f 586 587 585
f 585 587 588
f 585 588 589
f 589 588 590
f 592 593 591
f 591 593 594
f 595 596 598
f 598 596 597
f 599 600 586
f 586 600 587
f 601 602 604
f 604 602 603
f 605 606 608
f 608 606 607
f 609 607 200
f 200 607 606
f 610 611 613
f 613 611 612
f 600 614 587
f 587 614 592
f 596 605 597
f 597 605 608
f 602 615 603
f 603 615 583
f 616 614 584
f 584 614 600
f 611 618 617
f 617 618 590
f 620 621 619
f 619 621 622
f 610 623 611
f 611 623 618
f 624 589 618
f 618 589 590
f 617 590 591
f 591 590 588
f 581 625 582
f 582 625 626
f 599 627 581
f 581 627 625
f 591 594 617
f 617 594 628
f 601 610 598
f 598 610 613
f 581 584 599
f 599 584 600
f 585 629 586
f 586 629 630
f 615 616 583
f 583 616 584
f 587 592 588
f 588 592 591
f 582 626 631
f 631 626 632
f 624 620 633
f 633 620 619
f 621 620 604
f 604 620 623
f 631 632 621
f 621 632 622
f 610 601 623
f 623 601 604
f 589 624 634
f 634 624 633
f 586 630 599
f 599 630 627
f 203 202 628
f 628 202 612
f 629 585 634
f 634 585 589
f 609 593 614
f 614 593 592
f 620 624 623
f 623 624 618
f 631 621 603
f 603 621 604
f 582 631 583
f 583 631 603
f 634 633 636
f 636 633 635
f 634 636 629
f 629 636 637
f 629 637 630
f 630 637 638
f 630 638 627
f 627 638 639
f 633 619 635
f 635 619 640
f 619 622 640
f 640 622 641
f 641 622 642
f 642 622 632
f 644 635 643
f 643 635 640
f 645 646 648
f 648 646 647
f 649 650 646
f 646 650 647
f 647 650 652
f 652 650 651
f 652 653 655
f 655 653 654
f 651 656 652
f 652 656 653
f 655 648 652
f 652 648 647
f 648 657 645
f 645 657 658
f 650 649 651
f 651 649 659
f 649 637 659
f 659 637 636
f 649 660 637
f 637 660 638
f 661 660 646
f 646 660 649
f 662 661 645
f 645 661 646
f 651 659 656
f 656 659 644
f 644 659 635
f 635 659 636
f 663 662 658
f 658 662 645
f 664 661 665
f 665 661 662
f 663 666 662
f 662 666 665
f 667 664 668
f 668 664 665
f 664 667 670
f 670 667 669
f 666 671 665
f 665 671 668
f 661 664 660
f 660 664 670
f 660 670 638
f 638 670 639
f 658 672 663
f 663 672 673
f 658 657 672
f 672 657 674
f 653 656 675
f 675 656 644
f 653 675 654
f 654 675 676
f 675 644 677
f 677 644 643
f 676 675 678
f 678 675 677
f 679 680 676
f 676 680 654
f 674 680 672
f 672 680 679
f 627 639 625
f 625 639 681
f 626 682 632
f 632 682 642
f 681 682 625
f 625 682 626
f 669 683 681
f 681 683 682
f 667 684 669
f 669 684 683
f 682 683 642
f 642 683 685
f 681 639 669
f 669 639 670
f 686 641 685
f 685 641 642
f 641 686 640
f 640 686 643
f 686 687 643
f 643 687 677
f 687 686 688
f 688 686 685
f 689 687 690
f 690 687 688
f 683 684 685
f 685 684 688
f 684 691 688
f 688 691 690
f 687 689 677
f 677 689 678
f 693 678 692
f 692 678 689
f 692 695 694
f 694 695 696
f 692 689 695
f 695 689 690
f 692 694 693
f 693 694 673
f 693 673 679
f 679 673 672
f 679 676 693
f 693 676 678
f 684 667 691
f 691 667 668
f 696 691 671
f 671 691 668
f 696 695 691
f 691 695 690
f 694 696 666
f 666 696 671
f 666 663 694
f 694 663 673
f 648 655 657
f 657 655 674
f 674 655 680
f 680 655 654
f 593 162 594
f 594 162 290
f 598 597 601
f 601 597 602
f 615 608 616
f 616 608 607
f 607 609 616
f 616 609 614
f 697 595 613
f 613 595 598
f 597 608 602
f 602 608 615
f 594 290 628
f 628 290 203
f 628 612 617
f 617 612 611
f 593 609 162
f 162 609 200
f 105 29 698
f 698 29 699
f 268 126 701
f 701 126 700
f 126 125 700
f 700 125 702
f 252 703 250
f 250 703 704
f 32 268 705
f 705 268 701
f 288 105 706
f 706 105 698
f 29 32 699
f 699 32 705
f 707 251 706
f 706 251 288
f 250 704 125
f 125 704 702
f 703 252 707
f 707 252 251
f 706 708 707
f 707 708 709
f 707 709 703
f 703 709 710
f 703 710 704
f 704 710 711
f 704 711 702
f 702 711 712
f 706 698 708
f 708 698 713
f 698 699 713
f 713 699 714
f 699 705 714
f 714 705 715
f 717 708 716
f 716 708 713
f 719 720 718
f 718 720 721
f 722 723 719
f 719 723 720
f 724 725 723
f 723 725 720
f 724 726 725
f 725 726 727
f 728 721 725
f 725 721 720
f 721 728 729
f 729 728 730
f 729 731 721
f 721 731 718
f 724 723 732
f 732 723 722
f 722 710 732
f 732 710 709
f 722 733 710
f 710 733 711
f 719 734 722
f 722 734 733
f 734 719 735
f 735 719 718
f 724 732 726
f 726 732 717
f 717 732 708
f 708 732 709
f 731 736 718
f 718 736 735
f 737 734 738
f 738 734 735
f 736 739 735
f 735 739 738
f 740 737 741
f 741 737 738
f 737 740 743
f 743 740 742
f 739 744 738
f 738 744 741
f 734 737 733
f 733 737 743
f 733 743 711
f 711 743 712
f 736 731 746
f 746 731 745
f 731 729 745
f 745 729 730
f 727 726 747
f 747 726 717
f 748 727 749
f 749 727 747
f 747 717 750
f 750 717 716
f 749 747 751
f 751 747 750
f 749 752 748
f 748 752 753
f 730 753 745
f 745 753 752
f 728 725 748
f 748 725 727
f 730 728 753
f 753 728 748
f 700 702 754
f 754 702 712
f 705 701 715
f 715 701 755
f 754 755 700
f 700 755 701
f 742 756 754
f 754 756 755
f 740 757 742
f 742 757 756
f 755 756 715
f 715 756 758
f 754 712 742
f 742 712 743
f 759 714 758
f 758 714 715
f 714 759 713
f 713 759 716
f 759 760 716
f 716 760 750
f 760 759 761
f 761 759 758
f 762 760 763
f 763 760 761
f 756 757 758
f 758 757 761
f 757 764 761
f 761 764 763
f 760 762 750
f 750 762 751
f 766 751 765
f 765 751 762
f 767 765 769
f 769 765 768
f 765 762 768
f 768 762 763
f 765 767 766
f 766 767 746
f 766 746 752
f 752 746 745
f 752 749 766
f 766 749 751
f 757 740 764
f 764 740 741
f 769 764 744
f 744 764 741
f 769 768 764
f 764 768 763
f 767 769 739
f 739 769 744
f 739 736 767
f 767 736 746
f 219 217 208
f 208 217 209
f 209 217 210
f 210 217 193
f 198 580 199
f 199 580 511
f 76 75 289
f 289 75 272
f 277 207 291
f 291 207 184
f 290 183 203
f 203 183 84
f 490 580 142
f 142 580 198
f 142 198 143
f 143 198 197
f 149 276 72
f 72 276 73
f 104 103 279
f 279 103 770
f 770 596 279
f 279 596 595
f 605 596 771
f 771 596 770
f 771 770 772
f 772 770 103
f 772 103 773
f 773 103 102
f 155 774 101
f 101 774 102
f 773 102 97
f 97 102 774
f 775 773 100
f 100 773 97
f 773 775 772
f 772 775 776
f 772 776 771
f 771 776 777
f 200 606 197
f 197 606 777
f 189 71 778
f 778 71 74
f 97 774 98
f 98 774 155
f 183 161 184
f 184 161 291
f 777 276 197
f 197 276 143
f 777 606 771
f 771 606 605
f 613 612 697
f 697 612 202
f 595 697 279
f 279 697 202
f 73 276 776
f 776 276 777
f 776 775 73
f 73 775 74
f 100 778 775
f 775 778 74
f 778 100 189
f 189 100 99
f 245 242 99
f 99 242 189
f 131 33 256
f 28 1 95
f 95 1 62
f 27 2 28
f 28 2 1
f 265 115 266
f 266 115 114
f 95 62 69
f 69 62 64
f 62 61 64
f 64 61 65
f 61 13 65
f 65 13 130
f 13 12 130
f 130 12 14
f 31 11 32
f 32 11 268
f 15 12 31
f 31 12 11
f 31 30 15
f 15 30 231
f 30 106 231
f 231 106 232
f 287 237 106
f 106 237 232
f 254 90 287
f 287 90 237
f 253 44 254
f 254 44 90
f 253 249 44
f 44 249 7
f 267 127 268
f 268 127 126
f 10 3 241
f 241 3 116
f 3 2 116
f 116 2 114
f 2 27 114
f 114 27 266
f 27 26 266
f 266 26 113
f 26 286 113
f 113 286 110
f 286 243 110
f 110 243 255
f 243 242 255
f 255 242 256
f 242 245 256
f 256 245 131
f 245 244 131
f 131 244 132
f 265 37 115
f 115 37 41
f 41 37 42
f 42 37 40
f 92 91 40
f 40 91 42
f 236 233 92
f 92 233 91
f 191 194 236
f 236 194 233
f 258 285 244
f 244 285 132
f 257 55 258
f 258 55 285
f 257 154 201
f 201 154 185
f 56 201 204
f 204 201 180
f 55 257 56
f 56 257 201
f 204 85 56
f 56 85 52
f 86 122 53
f 53 122 79
f 212 215 86
f 86 215 122
f 211 216 212
f 212 216 215
f 192 280 211
f 211 280 216
f 191 240 192
f 192 240 280
f 249 124 7
f 7 124 8
f 124 127 8
f 8 127 241
f 127 267 241
f 241 267 10
f 10 267 9
f 9 267 11
o hand_right
v 0.130631 0.423387 0.909334
v 0.135249 0.432725 0.907913
v 0.124391 0.432140 0.909752
v 0.120620 0.422742 0.909922
v 0.130346 0.453772 0.907564
v 0.127691 0.461915 0.898581
v 0.113295 0.455875 0.903283
v 0.118008 0.450574 0.910779
v 0.112797 0.421105 0.908527
v 0.116138 0.431281 0.910889
v 0.110504 0.420315 0.903482
v 0.109519 0.407964 0.898102
v 0.110973 0.410963 0.904971
v 0.108861 0.399197 0.898023
v 0.115142 0.408141 0.888194
v 0.114646 0.392999 0.893048
v 0.143950 0.399836 0.888804
v 0.156329 0.399274 0.894394
v 0.149345 0.385747 0.901969
v 0.137058 0.387904 0.896279
v 0.167095 0.392251 0.910916
v 0.157117 0.387851 0.906325
v 0.164531 0.400645 0.897878
v 0.173040 0.404026 0.902516
v 0.147057 0.425253 0.911459
v 0.152441 0.434057 0.909050
v 0.146730 0.432992 0.907521
v 0.141646 0.424916 0.909771
v 0.103669 0.427169 0.897933
v 0.109980 0.425711 0.888205
v 0.109924 0.420523 0.894585
v 0.105197 0.426740 0.903295
v 0.169756 0.457514 0.909962
v 0.175947 0.464155 0.899967
v 0.171223 0.464611 0.896507
v 0.166788 0.457998 0.906156
v 0.149154 0.466087 0.891411
v 0.157376 0.467284 0.885189
v 0.155282 0.468180 0.871503
v 0.146801 0.464508 0.875048
v 0.138269 0.464407 0.895904
v 0.136083 0.464597 0.881948
v 0.124805 0.461932 0.887091
v 0.109798 0.455860 0.894423
v 0.187320 0.461325 0.905222
v 0.184296 0.456468 0.913616
v 0.088362 0.385755 0.940007
v 0.093063 0.386012 0.943461
v 0.095354 0.387190 0.939092
v 0.090371 0.386413 0.936220
v 0.199230 0.445053 0.904193
v 0.201442 0.438526 0.896798
v 0.204733 0.444816 0.895164
v 0.201296 0.451490 0.900859
v 0.196324 0.436599 0.908614
v 0.196203 0.430235 0.899276
v 0.085292 0.373641 0.937882
v 0.083800 0.378520 0.937642
v 0.085958 0.377727 0.932915
v 0.088098 0.372875 0.933130
v 0.116705 0.413860 0.909555
v 0.125788 0.415694 0.912135
v 0.112356 0.399171 0.915001
v 0.118318 0.404412 0.914005
v 0.113111 0.405600 0.909179
v 0.109000 0.400299 0.909823
v 0.140637 0.406004 0.921661
v 0.145437 0.415461 0.916696
v 0.139232 0.414473 0.914530
v 0.132329 0.404821 0.919654
v 0.157016 0.417318 0.924679
v 0.151508 0.407589 0.928606
v 0.158769 0.409715 0.932692
v 0.161017 0.416863 0.929859
v 0.139932 0.390884 0.932874
v 0.137194 0.384434 0.934611
v 0.139423 0.384402 0.936878
v 0.143238 0.391285 0.934376
v 0.208018 0.450482 0.892482
v 0.202661 0.457433 0.896916
v 0.183448 0.399683 0.922947
v 0.187650 0.408084 0.929003
v 0.184783 0.397090 0.936797
v 0.181092 0.390867 0.927986
v 0.197684 0.433223 0.888674
v 0.203166 0.438674 0.887320
v 0.089598 0.369858 0.940197
v 0.092508 0.369587 0.935806
v 0.127088 0.454803 0.876053
v 0.109364 0.450509 0.886140
v 0.140870 0.456977 0.869978
v 0.150606 0.458000 0.865867
v 0.157219 0.461492 0.861709
v 0.121730 0.400639 0.918507
v 0.134995 0.418009 0.912045
v 0.151600 0.425756 0.913755
v 0.174491 0.426997 0.934430
v 0.178071 0.435988 0.930093
v 0.168055 0.433753 0.927108
v 0.167239 0.425958 0.931092
v 0.185165 0.413999 0.936441
v 0.177989 0.416518 0.939335
v 0.175750 0.408196 0.943288
v 0.182492 0.404245 0.941780
v 0.099485 0.431231 0.893110
v 0.109813 0.431532 0.883168
v 0.193645 0.452028 0.909872
v 0.194233 0.457726 0.904631
v 0.197267 0.462776 0.898555
v 0.159943 0.446374 0.909380
v 0.164660 0.458446 0.903618
v 0.160566 0.458562 0.902088
v 0.157558 0.445345 0.907490
v 0.140213 0.443608 0.908370
v 0.144003 0.456182 0.904663
v 0.128599 0.442184 0.911661
v 0.165653 0.466574 0.890974
v 0.175290 0.471709 0.890268
v 0.168796 0.472448 0.884222
v 0.183705 0.469741 0.894919
v 0.191477 0.466771 0.898159
v 0.209354 0.442909 0.883306
v 0.163080 0.471415 0.878112
v 0.109802 0.447168 0.912170
v 0.102965 0.443572 0.913653
v 0.106571 0.436816 0.914195
v 0.112603 0.439208 0.913122
v 0.106610 0.391126 0.901154
v 0.105968 0.397154 0.905769
v 0.108893 0.404499 0.903025
v 0.169644 0.449002 0.917777
v 0.181930 0.448648 0.920699
v 0.115460 0.395484 0.919427
v 0.091588 0.373326 0.928366
v 0.089063 0.378558 0.927916
v 0.099599 0.385185 0.911930
v 0.101885 0.378612 0.912567
v 0.115983 0.386294 0.923663
v 0.113920 0.393093 0.921511
v 0.113261 0.391510 0.923045
v 0.115272 0.386495 0.926864
v 0.147453 0.387949 0.939978
v 0.150775 0.394011 0.937796
v 0.129661 0.378166 0.906951
v 0.120228 0.379352 0.897300
v 0.125658 0.389700 0.891390
v 0.147227 0.407316 0.924927
v 0.143564 0.398796 0.929865
v 0.147219 0.399078 0.931860
v 0.123018 0.396909 0.921321
v 0.118984 0.391510 0.922733
v 0.123667 0.391758 0.923995
v 0.128091 0.397498 0.922899
v 0.191663 0.418075 0.921144
v 0.189019 0.424953 0.930132
v 0.084992 0.382943 0.938163
v 0.086999 0.382877 0.933837
v 0.151792 0.416573 0.919991
v 0.132552 0.402138 0.886304
v 0.156254 0.426493 0.916603
v 0.164385 0.381804 0.930256
v 0.163485 0.385041 0.937265
v 0.159108 0.381625 0.940252
v 0.159501 0.377079 0.936045
v 0.106452 0.381078 0.938963
v 0.103478 0.386093 0.938589
v 0.100323 0.384678 0.942005
v 0.103057 0.379678 0.942827
v 0.110426 0.396272 0.917906
v 0.106373 0.397020 0.913166
v 0.104272 0.394875 0.917509
v 0.108992 0.393735 0.921133
v 0.103460 0.393340 0.909190
v 0.100710 0.391249 0.913633
v 0.106059 0.374725 0.937226
v 0.101721 0.369664 0.933610
v 0.112322 0.374067 0.920433
v 0.114247 0.379053 0.926562
v 0.179279 0.414505 0.893622
v 0.187431 0.417363 0.900655
v 0.181536 0.406873 0.909637
v 0.176779 0.395741 0.918073
v 0.170970 0.385838 0.925961
v 0.163113 0.381738 0.917706
v 0.187398 0.410413 0.914120
v 0.122074 0.379156 0.919407
v 0.119990 0.376973 0.911766
v 0.125403 0.376725 0.913621
v 0.161366 0.427725 0.921898
v 0.089717 0.383973 0.928947
v 0.165883 0.441453 0.861451
v 0.177364 0.436235 0.865720
v 0.171160 0.431102 0.869268
v 0.158108 0.437344 0.865106
v 0.098316 0.389258 0.935517
v 0.092940 0.388745 0.931928
v 0.156015 0.393532 0.942063
v 0.152378 0.387871 0.943027
v 0.155018 0.385382 0.944031
v 0.159192 0.390847 0.945970
v 0.191478 0.420397 0.903802
v 0.180354 0.390973 0.942506
v 0.177953 0.385809 0.934196
v 0.192279 0.426419 0.892542
v 0.185588 0.423612 0.885985
v 0.190613 0.430202 0.880858
v 0.148586 0.376655 0.915914
v 0.171934 0.411554 0.890047
v 0.178915 0.421878 0.882627
v 0.184609 0.429682 0.876340
v 0.189492 0.434806 0.871897
v 0.195507 0.434983 0.877415
v 0.096437 0.370115 0.931129
v 0.098215 0.368937 0.939122
v 0.202013 0.439298 0.872759
v 0.194660 0.439417 0.867093
v 0.170649 0.421219 0.878569
v 0.160122 0.421652 0.874418
v 0.164158 0.411370 0.886069
v 0.153223 0.410775 0.882452
v 0.143054 0.375684 0.906728
v 0.092961 0.371480 0.955146
v 0.099078 0.372676 0.946375
v 0.100166 0.378327 0.947171
v 0.094854 0.375089 0.956395
v 0.102552 0.373753 0.941760
v 0.095366 0.369297 0.943432
v 0.139188 0.414805 0.879369
v 0.120702 0.385756 0.925538
v 0.144341 0.429405 0.871550
v 0.121435 0.417715 0.880126
v 0.124736 0.430129 0.875896
v 0.147834 0.445471 0.864260
v 0.131985 0.443642 0.869770
v 0.162624 0.453003 0.857791
v 0.156312 0.448123 0.861300
v 0.116500 0.442539 0.877368
v 0.086230 0.384928 0.951106
v 0.091273 0.384286 0.953460
v 0.171487 0.446091 0.857383
v 0.119153 0.440365 0.912717
v 0.163106 0.437672 0.917800
v 0.159234 0.436131 0.913947
v 0.179757 0.441157 0.926673
v 0.168663 0.440456 0.922856
v 0.082104 0.382633 0.948869
v 0.137680 0.378617 0.934497
v 0.138994 0.380012 0.933988
v 0.105344 0.451944 0.906713
v 0.099433 0.448279 0.908796
v 0.094190 0.443080 0.897769
v 0.095263 0.447638 0.903322
v 0.101637 0.451786 0.898834
v 0.100554 0.447222 0.892579
v 0.161730 0.446903 0.911324
v 0.164535 0.447166 0.914087
v 0.194343 0.428041 0.914759
v 0.191090 0.434349 0.923861
v 0.104013 0.387563 0.906255
v 0.111023 0.384034 0.899081
v 0.107420 0.381330 0.905727
v 0.107752 0.374744 0.914129
v 0.119979 0.381175 0.924406
v 0.118000 0.381090 0.921262
v 0.152899 0.457169 0.903487
v 0.150822 0.444132 0.906767
v 0.111549 0.431234 0.910151
v 0.107281 0.430060 0.910331
v 0.135753 0.399084 0.925027
v 0.140730 0.371315 0.922395
v 0.135948 0.370678 0.915137
v 0.131627 0.391414 0.927698
v 0.080840 0.374451 0.948889
v 0.080419 0.379354 0.948471
v 0.113310 0.377223 0.906659
v 0.154046 0.401199 0.936520
v 0.146836 0.375484 0.923670
v 0.140424 0.373346 0.929579
v 0.179688 0.399352 0.945319
v 0.182719 0.441869 0.861367
v 0.097955 0.383441 0.946776
v 0.094919 0.381449 0.955200
v 0.090104 0.369293 0.952821
v 0.085141 0.369921 0.949713
v 0.191348 0.443221 0.917505
v 0.156398 0.434827 0.911683
v 0.104882 0.440290 0.885474
v 0.096402 0.437183 0.893648
v 0.129461 0.386553 0.929341
v 0.169841 0.384322 0.933432
v 0.158791 0.376464 0.924644
v 0.154287 0.371442 0.931349
v 0.146696 0.371021 0.930706
v 0.140496 0.374120 0.933263
v 0.088336 0.369804 0.957667
v 0.083223 0.370378 0.954872
v 0.078846 0.374679 0.954429
v 0.078508 0.379265 0.953920
v 0.081189 0.382828 0.953333
v 0.091195 0.371790 0.960210
v 0.092738 0.375061 0.961255
v 0.093489 0.380873 0.958781
v 0.089975 0.372535 0.964736
v 0.085404 0.370230 0.965337
v 0.074309 0.377196 0.967751
v 0.076149 0.374646 0.962904
v 0.076438 0.373636 0.965344
v 0.075104 0.374859 0.969894
v 0.074449 0.374841 0.974949
v 0.073264 0.377734 0.973183
v 0.080154 0.371303 0.964187
v 0.078841 0.372382 0.970506
v 0.082824 0.371589 0.971656
v 0.081228 0.371718 0.976827
v 0.077509 0.372260 0.975997
v 0.083281 0.370698 0.967254
v 0.080756 0.370809 0.962199
v 0.074187 0.377077 0.977638
v 0.074559 0.374548 0.977810
v 0.077242 0.372915 0.978931
v 0.077380 0.375134 0.981057
v 0.076732 0.379463 0.959012
v 0.074579 0.379759 0.967274
v 0.075021 0.380407 0.973211
v 0.075794 0.379456 0.977644
v 0.077315 0.382539 0.968540
v 0.077502 0.381994 0.973409
v 0.078605 0.381228 0.977245
v 0.081052 0.383897 0.970029
v 0.080491 0.382747 0.974172
v 0.083756 0.384508 0.958000
v 0.079926 0.382938 0.956896
v 0.080383 0.382352 0.976817
v 0.078827 0.376896 0.981243
v 0.086381 0.372123 0.970916
v 0.084064 0.373350 0.977264
v 0.088144 0.373660 0.971100
v 0.086110 0.374647 0.977521
v 0.081931 0.373407 0.981049
v 0.080153 0.372422 0.979380
v 0.085881 0.384577 0.953962
v 0.091012 0.383630 0.956470
v 0.089435 0.383590 0.960002
v 0.085550 0.383275 0.971335
v 0.092132 0.380960 0.962367
v 0.091479 0.375730 0.965647
v 0.089077 0.376191 0.972141
v 0.088878 0.379580 0.972212
v 0.086957 0.377041 0.976891
v 0.086381 0.379447 0.976118
v 0.083872 0.382198 0.975393
v 0.084286 0.377961 0.979768
v 0.083297 0.375309 0.980867
v 0.080829 0.379374 0.979932
v 0.084746 0.379449 0.978446
v 0.082121 0.380760 0.977974
v 0.114606 0.369665 0.952477
v 0.120404 0.369571 0.955351
v 0.120725 0.368538 0.951070
v 0.115838 0.368562 0.948754
v 0.110616 0.356071 0.950384
v 0.109518 0.362399 0.950513
v 0.110789 0.360382 0.945292
v 0.113539 0.354009 0.945095
v 0.116357 0.351957 0.951947
v 0.119592 0.350870 0.946484
v 0.115628 0.355111 0.939604
v 0.112777 0.361755 0.940495
v 0.120815 0.373222 0.924802
v 0.123953 0.367164 0.922682
v 0.132883 0.379892 0.936039
v 0.135018 0.376411 0.936175
v 0.111528 0.367205 0.951316
v 0.112454 0.365599 0.946857
v 0.129401 0.366358 0.950711
v 0.125477 0.370182 0.950510
v 0.125126 0.367870 0.953179
v 0.128182 0.363326 0.954088
v 0.122504 0.380341 0.929388
v 0.127978 0.380853 0.932483
v 0.120765 0.377467 0.927399
v 0.131149 0.359981 0.949138
v 0.129326 0.354167 0.945817
v 0.136486 0.364040 0.929367
v 0.137827 0.368324 0.934027
v 0.113082 0.366808 0.942774
v 0.120062 0.371243 0.948827
v 0.115698 0.370693 0.945936
v 0.122690 0.352853 0.941101
v 0.126019 0.352420 0.951407
v 0.120833 0.359868 0.969468
v 0.126118 0.357939 0.959063
v 0.126512 0.363187 0.959074
v 0.122193 0.364749 0.970101
v 0.128584 0.357610 0.953760
v 0.122799 0.353622 0.956600
v 0.111738 0.372963 0.965964
v 0.117582 0.372635 0.968413
v 0.107906 0.370702 0.964832
v 0.130606 0.363630 0.924129
v 0.106747 0.360362 0.962988
v 0.106115 0.366968 0.963568
v 0.124934 0.367812 0.957470
v 0.121178 0.369607 0.970073
v 0.117824 0.356728 0.967933
v 0.111900 0.355809 0.963770
v 0.115314 0.358398 0.972988
v 0.109628 0.358057 0.970068
v 0.104664 0.362614 0.968732
v 0.104897 0.368463 0.968110
v 0.107274 0.371684 0.968203
v 0.118455 0.361209 0.974441
v 0.120272 0.365742 0.974729
v 0.119686 0.370325 0.972458
v 0.117139 0.365050 0.980321
v 0.113328 0.362608 0.980711
v 0.100890 0.375063 0.985982
v 0.101659 0.371552 0.981167
v 0.102555 0.369770 0.982896
v 0.101865 0.372822 0.987430
v 0.102547 0.366491 0.977459
v 0.103534 0.366385 0.979862
v 0.107324 0.363782 0.980462
v 0.106470 0.367857 0.984978
v 0.111216 0.367077 0.985722
v 0.110135 0.369721 0.990699
v 0.105330 0.370391 0.990269
v 0.110633 0.364110 0.982496
v 0.102226 0.374324 0.990709
v 0.102336 0.376897 0.991126
v 0.107342 0.361650 0.978057
v 0.103368 0.369614 0.972209
v 0.102103 0.374363 0.979931
v 0.102198 0.378029 0.985457
v 0.104508 0.379068 0.991130
v 0.104923 0.377506 0.979800
v 0.104838 0.379920 0.985416
v 0.106831 0.380106 0.990077
v 0.109210 0.379513 0.980263
v 0.108894 0.381053 0.985932
v 0.110909 0.374611 0.970700
v 0.106369 0.373092 0.970594
v 0.108658 0.380688 0.988588
v 0.105369 0.374952 0.994429
v 0.107275 0.377731 0.994011
v 0.105023 0.373383 0.993428
v 0.113326 0.367343 0.985827
v 0.111979 0.371019 0.990943
v 0.115636 0.368997 0.985826
v 0.113582 0.372822 0.991334
v 0.109891 0.373406 0.994435
v 0.108497 0.372428 0.994055
v 0.111373 0.373111 0.968690
v 0.116691 0.372595 0.970467
v 0.116339 0.373916 0.972118
v 0.114151 0.378379 0.981761
v 0.119455 0.371221 0.974555
v 0.119094 0.367843 0.978829
v 0.117191 0.371197 0.984870
v 0.116982 0.375052 0.983720
v 0.115186 0.374267 0.990833
v 0.115514 0.376337 0.988275
v 0.112762 0.379956 0.986658
v 0.112435 0.376576 0.993782
v 0.110977 0.374831 0.994560
v 0.108757 0.378894 0.992743
v 0.113515 0.377831 0.991262
v 0.110651 0.379926 0.990306
v 0.132891 0.374757 0.958418
v 0.138008 0.376303 0.960588
v 0.139151 0.376279 0.957458
v 0.134283 0.374326 0.955303
v 0.132291 0.361856 0.957965
v 0.129802 0.366170 0.957689
v 0.131498 0.365450 0.953356
v 0.134570 0.361015 0.952342
v 0.136574 0.359974 0.961287
v 0.140058 0.358698 0.953993
v 0.136809 0.361424 0.947123
v 0.133078 0.365870 0.949248
v 0.138974 0.372242 0.936958
v 0.143374 0.367362 0.935688
v 0.130511 0.370871 0.957779
v 0.131876 0.370455 0.954349
v 0.147311 0.374691 0.958404
v 0.143392 0.377386 0.957576
v 0.143843 0.375167 0.959841
v 0.146589 0.371859 0.960960
v 0.140082 0.382468 0.940004
v 0.145716 0.384039 0.941849
v 0.138029 0.377785 0.939071
v 0.149639 0.368461 0.957156
v 0.148762 0.362255 0.953270
v 0.155335 0.370419 0.942539
v 0.155361 0.376062 0.945008
v 0.132570 0.370747 0.951132
v 0.138676 0.378201 0.955200
v 0.134150 0.375709 0.953006
v 0.142963 0.360406 0.948732
v 0.145499 0.360839 0.958314
v 0.138405 0.367078 0.978730
v 0.145785 0.365834 0.964482
v 0.145287 0.371802 0.964175
v 0.139311 0.371474 0.978750
v 0.147703 0.366145 0.961113
v 0.142685 0.361176 0.963282
v 0.128158 0.377456 0.973165
v 0.133449 0.378046 0.974704
v 0.125920 0.374000 0.971527
v 0.150211 0.366169 0.937526
v 0.152319 0.382055 0.945069
v 0.125702 0.366548 0.972742
v 0.124898 0.370715 0.971658
v 0.142783 0.374971 0.962683
v 0.137893 0.375706 0.977282
v 0.135525 0.363676 0.976911
v 0.130270 0.362850 0.973912
v 0.134065 0.365299 0.982129
v 0.128636 0.364700 0.979412
v 0.123987 0.367915 0.978252
v 0.123464 0.372060 0.976863
v 0.124625 0.375323 0.976353
v 0.136959 0.368767 0.983605
v 0.137650 0.372620 0.983174
v 0.136678 0.375903 0.979227
v 0.136091 0.370932 0.987449
v 0.131828 0.367735 0.988582
v 0.119595 0.376969 0.995183
v 0.120806 0.374642 0.990085
v 0.121511 0.373850 0.990758
v 0.120237 0.375642 0.996075
v 0.122531 0.370168 0.985354
v 0.122927 0.370467 0.987330
v 0.126174 0.368386 0.988011
v 0.125064 0.371242 0.993635
v 0.130971 0.372054 0.993983
v 0.129111 0.374133 0.998246
v 0.123641 0.373230 0.998437
v 0.130315 0.368727 0.989729
v 0.120516 0.376509 0.999144
v 0.118904 0.377633 0.999313
v 0.126699 0.367007 0.986010
v 0.121469 0.373609 0.982045
v 0.120137 0.377139 0.988715
v 0.118772 0.379811 0.993826
v 0.119851 0.380939 0.997960
v 0.122041 0.380305 0.987752
v 0.120891 0.381993 0.992808
v 0.121734 0.382952 0.996580
v 0.124763 0.382139 0.987563
v 0.123820 0.383340 0.992288
v 0.126992 0.378465 0.978586
v 0.123475 0.376495 0.979832
v 0.123655 0.383578 0.995462
v 0.122762 0.376881 1.002075
v 0.124332 0.380744 1.001330
v 0.123078 0.375786 1.000757
v 0.132742 0.372385 0.993506
v 0.130963 0.375390 0.999069
v 0.134492 0.374481 0.992726
v 0.132567 0.377495 0.998266
v 0.127944 0.376425 1.001842
v 0.127225 0.375679 1.001194
v 0.128011 0.377531 0.975956
v 0.132891 0.377989 0.977056
v 0.131746 0.378951 0.979338
v 0.129158 0.382851 0.988772
v 0.135677 0.377141 0.981361
v 0.136515 0.374564 0.986756
v 0.134481 0.377558 0.991646
v 0.132798 0.380740 0.990601
v 0.132658 0.379873 0.996770
v 0.131517 0.381409 0.994641
v 0.127726 0.384075 0.993154
v 0.129488 0.380954 0.999175
v 0.129230 0.378814 1.001204
v 0.125361 0.382835 0.999167
v 0.129412 0.382412 0.997137
v 0.126271 0.383785 0.996986
v 0.149674 0.384096 0.943828
v 0.149147 0.384528 0.963278
v 0.152532 0.385854 0.965441
v 0.154110 0.386030 0.963971
v 0.150911 0.385628 0.961153
v 0.150492 0.373952 0.959304
v 0.147735 0.377701 0.959991
v 0.149544 0.378258 0.956126
v 0.152177 0.374608 0.955474
v 0.155029 0.372284 0.961018
v 0.156804 0.373213 0.957842
v 0.154512 0.375948 0.952592
v 0.151852 0.379952 0.952927
v 0.161243 0.385565 0.940749
v 0.165734 0.382400 0.939445
v 0.175735 0.395534 0.948849
v 0.171848 0.399335 0.948472
v 0.168201 0.394294 0.954195
v 0.172126 0.391502 0.954165
v 0.147602 0.381471 0.961407
v 0.149037 0.382824 0.958123
v 0.163760 0.383357 0.964945
v 0.160137 0.386529 0.964442
v 0.157804 0.385834 0.965888
v 0.161375 0.383270 0.967279
v 0.166680 0.398620 0.947494
v 0.162997 0.395962 0.945940
v 0.161142 0.394271 0.948695
v 0.163662 0.394558 0.952700
v 0.158911 0.390393 0.945749
v 0.164957 0.379499 0.963406
v 0.163655 0.375194 0.959515
v 0.175787 0.384222 0.948294
v 0.175282 0.388154 0.951390
v 0.150782 0.383459 0.955902
v 0.156205 0.387510 0.962131
v 0.152802 0.386515 0.959916
v 0.159149 0.373778 0.955087
v 0.161219 0.374810 0.962237
v 0.157421 0.377166 0.975017
v 0.161663 0.378755 0.968107
v 0.159973 0.383320 0.969047
v 0.156747 0.380224 0.975454
v 0.162640 0.379072 0.966096
v 0.159578 0.374055 0.965361
v 0.145859 0.383427 0.970342
v 0.150570 0.384461 0.972637
v 0.144244 0.380946 0.968806
v 0.171450 0.381447 0.942064
v 0.146104 0.373731 0.967920
v 0.143802 0.377506 0.968314
v 0.156128 0.385497 0.967600
v 0.154372 0.383070 0.974550
v 0.155784 0.373399 0.973023
v 0.151258 0.371348 0.969284
v 0.153248 0.373214 0.976928
v 0.148700 0.371574 0.973118
v 0.143497 0.374752 0.971972
v 0.142664 0.378383 0.971315
v 0.143280 0.381501 0.971628
v 0.155362 0.377079 0.978500
v 0.155097 0.380203 0.978366
v 0.153287 0.383146 0.976640
v 0.153209 0.377124 0.982123
v 0.149620 0.373936 0.982057
v 0.138316 0.380175 0.985887
v 0.139469 0.379263 0.982048
v 0.140028 0.378287 0.982510
v 0.138263 0.379088 0.986145
v 0.141425 0.376510 0.977764
v 0.141819 0.376143 0.979412
v 0.144880 0.374185 0.979594
v 0.142803 0.375486 0.984277
v 0.147456 0.375877 0.986958
v 0.145250 0.376819 0.990328
v 0.141319 0.376076 0.987730
v 0.147771 0.373977 0.982764
v 0.137783 0.378713 0.988835
v 0.137082 0.379676 0.989564
v 0.145463 0.373125 0.977923
v 0.140941 0.379980 0.975585
v 0.138778 0.381696 0.982029
v 0.137474 0.382152 0.986906
v 0.137813 0.381582 0.990648
v 0.140064 0.383809 0.981312
v 0.138335 0.384322 0.987031
v 0.138829 0.383716 0.990610
v 0.142657 0.385921 0.981486
v 0.140649 0.385637 0.986912
v 0.145321 0.385019 0.975301
v 0.142428 0.382898 0.975119
v 0.140265 0.384506 0.989822
v 0.139573 0.378010 0.992068
v 0.140213 0.380808 0.992811
v 0.140063 0.376893 0.991087
v 0.148724 0.376429 0.987215
v 0.146144 0.377734 0.991346
v 0.150325 0.378410 0.987370
v 0.146813 0.379788 0.991666
v 0.143082 0.378121 0.993092
v 0.142801 0.376967 0.991647
v 0.145661 0.384300 0.973135
v 0.149573 0.384581 0.974414
v 0.149300 0.385108 0.976825
v 0.146441 0.386208 0.982807
v 0.152826 0.383286 0.979058
v 0.153964 0.380102 0.981054
v 0.150635 0.381085 0.986742
v 0.149595 0.384061 0.985370
v 0.146646 0.381965 0.991359
v 0.145993 0.384474 0.989726
v 0.143745 0.386041 0.987937
v 0.143120 0.382195 0.992742
v 0.143065 0.380435 0.993457
v 0.140953 0.382708 0.992297
v 0.143260 0.383805 0.991616
v 0.141920 0.384341 0.990867
v 0.176723 0.391565 0.948280
v 0.090879 0.426715 0.903657
v 0.094974 0.424729 0.906936
v 0.096213 0.435350 0.919735
v 0.097838 0.428833 0.917331
v 0.091808 0.440611 0.918415
v 0.085077 0.442186 0.909619
v 0.088655 0.443146 0.914077
v 0.097322 0.425148 0.912472
v 0.087119 0.431188 0.902002
v 0.084506 0.437919 0.903924
v 0.080645 0.425449 0.906360
v 0.077272 0.433011 0.908752
v 0.077327 0.437981 0.914134
v 0.083697 0.440239 0.918483
v 0.087875 0.439258 0.921476
v 0.087919 0.423030 0.908252
v 0.092414 0.422210 0.911209
v 0.095719 0.424553 0.916411
v 0.086243 0.418372 0.915086
v 0.078837 0.417701 0.921861
v 0.073190 0.425721 0.939301
v 0.075292 0.429173 0.933607
v 0.074271 0.426739 0.932637
v 0.071977 0.423948 0.937852
v 0.075131 0.429869 0.927793
v 0.075116 0.427527 0.928200
v 0.075868 0.423659 0.924667
v 0.074168 0.421050 0.929932
v 0.078037 0.418950 0.924443
v 0.077939 0.416481 0.928291
v 0.072331 0.418299 0.934805
v 0.070273 0.420739 0.939857
v 0.070979 0.416123 0.939058
v 0.071888 0.421459 0.942523
v 0.073467 0.423754 0.922101
v 0.078812 0.435482 0.926220
v 0.077861 0.431675 0.934173
v 0.076394 0.427162 0.940643
v 0.074931 0.421876 0.943721
v 0.082213 0.431952 0.935142
v 0.080744 0.426921 0.940263
v 0.079751 0.421692 0.942543
v 0.086582 0.429512 0.934864
v 0.084018 0.424774 0.939067
v 0.091210 0.434327 0.925005
v 0.085332 0.437421 0.925983
v 0.082035 0.421577 0.940836
v 0.072013 0.415222 0.941712
v 0.075485 0.415696 0.942805
v 0.080537 0.414733 0.926813
v 0.075987 0.413641 0.932699
v 0.078757 0.412486 0.932698
v 0.084429 0.414475 0.925814
v 0.081538 0.412263 0.933137
v 0.075575 0.411916 0.937685
v 0.073567 0.413355 0.936238
v 0.093039 0.435459 0.922351
v 0.095917 0.429823 0.919981
v 0.094400 0.429089 0.922223
v 0.090048 0.424343 0.932007
v 0.094478 0.423422 0.919947
v 0.090915 0.419527 0.916997
v 0.087852 0.415532 0.926878
v 0.090278 0.419026 0.928991
v 0.084430 0.414157 0.934186
v 0.085834 0.416730 0.935060
v 0.085830 0.420954 0.937550
v 0.081486 0.414393 0.938709
v 0.078684 0.412200 0.938411
v 0.079817 0.417116 0.941829
v 0.083244 0.416341 0.938055
v 0.082523 0.418690 0.940072
v 0.173668 0.403920 0.945419
v 0.167147 0.403731 0.944013
v 0.169760 0.409277 0.941878
v 0.171946 0.417929 0.938524
v 0.179970 0.424263 0.935597
v 0.165990 0.417543 0.934850
v 0.163894 0.408749 0.938676
v 0.160233 0.400637 0.941417
v 0.163064 0.423622 0.926960
f 780 781 779
f 779 781 782
f 783 784 786
f 786 784 785
f 787 782 788
f 788 782 781
f 790 791 789
f 789 791 787
f 792 790 794
f 794 790 793
f 796 797 795
f 795 797 798
f 800 801 799
f 799 801 802
f 804 805 803
f 803 805 806
f 808 809 807
f 807 809 810
f 811 812 814
f 814 812 813
f 815 816 818
f 818 816 817
f 819 820 784
f 784 820 821
f 784 821 785
f 785 821 822
f 823 812 824
f 824 812 811
f 826 827 825
f 825 827 828
f 830 831 829
f 829 831 832
f 834 830 833
f 833 830 829
f 836 837 835
f 835 837 838
f 839 840 782
f 782 840 779
f 842 843 841
f 841 843 844
f 846 847 845
f 845 847 848
f 850 851 849
f 849 851 852
f 854 855 853
f 853 855 856
f 831 857 832
f 832 857 858
f 860 861 859
f 859 861 862
f 863 864 830
f 830 864 831
f 835 838 865
f 865 838 866
f 867 868 821
f 821 868 822
f 821 820 867
f 867 820 869
f 818 817 870
f 870 817 871
f 872 848 842
f 842 848 847
f 791 839 787
f 787 839 782
f 803 806 847
f 847 806 873
f 874 803 846
f 846 803 847
f 876 877 875
f 875 877 878
f 879 880 882
f 882 880 881
f 884 808 883
f 883 808 807
f 829 832 885
f 885 832 886
f 832 858 886
f 886 858 887
f 889 890 888
f 888 890 891
f 893 783 892
f 892 783 894
f 893 819 783
f 783 819 784
f 814 813 889
f 889 813 895
f 813 896 895
f 895 896 897
f 812 898 813
f 813 898 896
f 812 823 898
f 898 823 899
f 903 904 902
f 902 904 905
f 906 907 792
f 792 907 908
f 811 909 824
f 824 909 910
f 911 872 841
f 841 872 842
f 912 913 915
f 915 913 914
f 917 918 916
f 916 918 919
f 855 920 856
f 856 920 921
f 922 923 798
f 798 923 924
f 926 927 925
f 925 927 850
f 929 930 928
f 928 930 931
f 860 879 861
f 861 879 882
f 879 860 933
f 933 860 932
f 934 935 836
f 836 935 837
f 936 846 925
f 925 846 845
f 937 924 793
f 793 924 794
f 846 936 874
f 874 936 938
f 907 844 908
f 908 844 843
f 940 941 939
f 939 941 942
f 944 945 943
f 943 945 946
f 948 949 947
f 947 949 950
f 952 949 951
f 951 949 948
f 954 955 953
f 953 955 956
f 958 959 957
f 957 959 802
f 960 961 799
f 799 961 962
f 859 963 860
f 860 963 932
f 964 965 966
f 966 965 922
f 936 849 938
f 938 849 967
f 968 913 935
f 935 913 837
f 947 950 917
f 917 950 918
f 925 850 936
f 936 850 849
f 970 971 969
f 969 971 972
f 945 944 827
f 827 944 973
f 974 968 828
f 828 968 935
f 975 976 978
f 978 976 977
f 799 802 960
f 960 802 959
f 924 937 798
f 798 937 795
f 960 959 859
f 859 959 963
f 979 963 958
f 958 963 959
f 980 981 861
f 861 981 862
f 983 984 982
f 982 984 863
f 985 800 962
f 962 800 799
f 957 802 986
f 986 802 801
f 986 987 957
f 957 987 983
f 987 988 983
f 983 988 984
f 990 984 989
f 989 984 988
f 957 983 958
f 958 983 982
f 991 954 866
f 866 954 992
f 864 863 990
f 990 863 984
f 971 995 996
f 995 997 996
f 996 997 998
f 997 796 998
f 998 796 795
f 797 999 798
f 798 999 922
f 1000 1001 1003
f 1003 1001 1002
f 953 1004 954
f 954 1004 992
f 1005 865 992
f 992 865 866
f 998 795 1006
f 1006 795 937
f 912 991 838
f 838 991 866
f 916 1007 929
f 929 1007 930
f 971 970 988
f 988 970 989
f 1008 972 996
f 996 972 971
f 1009 1010 1006
f 1006 1010 1008
f 1011 1012 869
f 869 1012 867
f 1013 1014 871
f 871 1014 870
f 1008 1010 1012
f 1012 1010 1015
f 825 1016 826
f 826 1016 1017
f 1018 969 1013
f 1013 969 1014
f 783 786 894
f 894 786 1019
f 1020 1021 967
f 967 1021 938
f 1022 1023 876
f 876 1023 877
f 934 1024 825
f 825 1024 1016
f 854 1025 855
f 855 1025 1026
f 1028 903 1027
f 1027 903 902
f 1030 1031 1029
f 1029 1031 1032
f 889 888 814
f 814 888 1033
f 1034 811 1033
f 1033 811 814
f 1035 1036 932
f 932 1036 933
f 841 947 911
f 911 947 917
f 844 948 841
f 841 948 947
f 951 948 907
f 907 948 844
f 907 906 951
f 951 906 1037
f 906 1038 1037
f 1037 1038 1039
f 991 912 1040
f 1040 912 915
f 1041 1042 964
f 964 1042 965
f 890 1043 891
f 891 1043 1044
f 789 1045 1046
f 1012 1011 1008
f 1008 1011 972
f 931 1047 848
f 848 1047 845
f 953 956 943
f 943 956 919
f 928 931 872
f 872 931 848
f 1049 999 1048
f 1048 999 985
f 1047 931 1050
f 1050 931 930
f 899 823 887
f 887 823 886
f 825 828 934
f 934 828 935
f 835 1051 836
f 836 1051 1052
f 923 1053 1038
f 1038 1053 1039
f 1054 927 921
f 921 927 856
f 926 1047 853
f 853 1047 1050
f 985 1055 1048
f 1048 1055 1056
f 973 974 827
f 827 974 828
f 837 913 838
f 838 913 912
f 861 882 980
f 980 882 1057
f 927 926 856
f 856 926 853
f 1025 1056 1026
f 1026 1056 1055
f 961 960 862
f 862 960 859
f 826 1017 1059
f 1059 1017 1060
f 1005 1001 1061
f 1061 1001 1000
f 1001 1004 1002
f 1002 1004 946
f 1059 1060 1002
f 1002 1060 1003
f 943 946 953
f 953 946 1004
f 1042 1041 916
f 916 1041 1007
f 792 794 906
f 906 794 1038
f 998 1006 996
f 996 1006 1008
f 865 1005 1062
f 1062 1005 1061
f 1038 794 923
f 923 794 924
f 1022 876 1036
f 1036 876 933
f 836 1052 934
f 934 1052 1024
f 885 1063 829
f 829 1063 833
f 1021 1064 938
f 938 1064 874
f 1012 1015 867
f 867 1015 868
f 824 910 885
f 885 910 1063
f 1031 1030 1027
f 1027 1030 1028
f 1064 804 874
f 874 804 803
f 884 883 1065
f 1065 883 1066
f 1050 930 1067
f 1067 930 1007
f 916 929 917
f 917 929 911
f 961 1068 939
f 939 1068 940
f 1069 1070 1055
f 1055 1070 1071
f 929 928 911
f 911 928 872
f 1040 1053 955
f 955 1053 965
f 922 965 923
f 923 965 1053
f 1051 835 1062
f 1062 835 865
f 952 914 968
f 968 914 913
f 889 895 890
f 890 895 816
f 895 897 816
f 816 897 901
f 890 816 1043
f 1043 816 815
f 1065 1066 1032
f 1032 1066 1029
f 1006 937 1009
f 1009 937 793
f 1001 1005 1004
f 1004 1005 992
f 925 845 926
f 926 845 1047
f 1002 946 1059
f 1059 946 945
f 977 941 978
f 978 941 940
f 823 824 886
f 886 824 885
f 1059 945 826
f 826 945 827
f 939 942 1069
f 1069 942 1070
f 816 901 817
f 1071 1072 1055
f 1055 1072 1026
f 1062 1061 1074
f 1074 1061 1073
f 1062 1074 1051
f 1051 1074 1075
f 1052 1051 1076
f 1076 1051 1075
f 1024 1052 1077
f 1077 1052 1076
f 1061 1000 1073
f 1073 1000 1078
f 1000 1003 1078
f 1078 1003 1079
f 1079 1003 1080
f 1080 1003 1060
f 1081 1082 1078
f 1078 1082 1073
f 1084 1085 1083
f 1083 1085 1086
f 1087 1088 1086
f 1086 1088 1083
f 1086 1085 1090
f 1090 1085 1089
f 1091 1092 1090
f 1090 1092 1093
f 1089 1094 1090
f 1090 1094 1091
f 1095 1082 1089
f 1089 1082 1094
f 1093 1087 1090
f 1090 1087 1086
f 1096 1097 1099
f 1099 1097 1098
f 1097 1096 1087
f 1087 1096 1088
f 1089 1085 1095
f 1095 1085 1084
f 1084 1075 1095
f 1095 1075 1074
f 1084 1100 1075
f 1075 1100 1076
f 1083 1101 1084
f 1084 1101 1100
f 1101 1083 1102
f 1102 1083 1088
f 1082 1095 1073
f 1073 1095 1074
f 1096 1103 1088
f 1088 1103 1102
f 1101 1102 1104
f 1104 1102 1105
f 1102 1103 1105
f 1105 1103 1106
f 1104 1105 1107
f 1107 1105 1108
f 1107 1109 1104
f 1104 1109 1110
f 1111 1108 1106
f 1106 1108 1105
f 1101 1104 1100
f 1100 1104 1110
f 1100 1110 1076
f 1076 1110 1077
f 1103 1096 1112
f 1112 1096 1099
f 1091 1094 1113
f 1113 1094 1082
f 1113 1114 1091
f 1091 1114 1092
f 1082 1081 1113
f 1113 1081 1115
f 1114 1113 1116
f 1116 1113 1115
f 1114 1117 1092
f 1092 1117 1118
f 1024 1077 1016
f 1016 1077 1119
f 1017 1120 1060
f 1060 1120 1080
f 1120 1017 1119
f 1119 1017 1016
f 1119 1109 1120
f 1120 1109 1121
f 1109 1107 1121
f 1121 1107 1122
f 1120 1121 1080
f 1080 1121 1123
f 1119 1077 1109
f 1109 1077 1110
f 1124 1079 1123
f 1123 1079 1080
f 1124 1081 1079
f 1079 1081 1078
f 1125 1115 1124
f 1124 1115 1081
f 1125 1124 1126
f 1126 1124 1123
f 1127 1125 1128
f 1128 1125 1126
f 1121 1122 1123
f 1123 1122 1126
f 1122 1129 1126
f 1126 1129 1128
f 1115 1125 1116
f 1116 1125 1127
f 1131 1116 1130
f 1130 1116 1127
f 1130 1133 1132
f 1132 1133 1134
f 1130 1127 1133
f 1133 1127 1128
f 1130 1132 1131
f 1131 1132 1112
f 1131 1112 1117
f 1117 1112 1099
f 1117 1114 1131
f 1131 1114 1116
f 1107 1108 1122
f 1122 1108 1129
f 1134 1129 1111
f 1111 1129 1108
f 1134 1133 1129
f 1129 1133 1128
f 1132 1134 1106
f 1106 1134 1111
f 1106 1103 1132
f 1132 1103 1112
f 1087 1093 1097
f 1097 1093 1098
f 1098 1118 1099
f 1099 1118 1117
f 1098 1093 1118
f 1118 1093 1092
f 915 914 1039
f 1039 914 1037
f 918 944 919
f 919 944 943
f 950 949 973
f 973 949 974
f 949 952 974
f 974 952 968
f 956 955 1042
f 1042 955 965
f 950 973 918
f 918 973 944
f 915 1039 1040
f 1040 1039 1053
f 956 1042 919
f 919 1042 916
f 1040 955 991
f 991 955 954
f 914 952 1037
f 1037 952 951
f 1136 1137 1135
f 1135 1137 1138
f 1140 1141 1139
f 1139 1141 1142
f 1139 1142 1143
f 1143 1142 1144
f 1145 1146 1148
f 1148 1146 1147
f 854 1149 1025
f 1025 1149 1150
f 1151 1152 1140
f 1140 1152 1141
f 1154 1155 1153
f 1153 1155 1156
f 1067 1007 1158
f 1158 1007 1157
f 1159 1157 1041
f 1041 1157 1007
f 1161 1162 1160
f 1160 1162 1163
f 1164 1146 1152
f 1152 1146 1141
f 854 1067 1149
f 1149 1067 1158
f 1155 1154 1137
f 1137 1154 1165
f 1166 1164 1138
f 1138 1164 1152
f 1167 1161 1144
f 1144 1161 1168
f 1170 1171 1169
f 1169 1171 1172
f 1161 1160 1168
f 1168 1160 1173
f 1174 1143 1168
f 1168 1143 1144
f 1167 1144 1145
f 1145 1144 1142
f 1135 1175 1136
f 1136 1175 1176
f 1151 1177 1135
f 1135 1177 1175
f 1167 1145 1178
f 1178 1145 1148
f 1160 1163 1153
f 1153 1163 1150
f 1135 1138 1151
f 1151 1138 1152
f 1139 1179 1140
f 1140 1179 1180
f 1165 1166 1137
f 1137 1166 1138
f 1141 1146 1142
f 1142 1146 1145
f 1136 1176 1181
f 1181 1176 1182
f 1174 1170 1183
f 1183 1170 1169
f 1170 1173 1171
f 1171 1173 1156
f 1171 1181 1172
f 1172 1181 1182
f 1153 1156 1160
f 1160 1156 1173
f 1143 1174 1184
f 1184 1174 1183
f 1140 1180 1151
f 1151 1180 1177
f 1049 1048 1178
f 1178 1048 1162
f 1179 1139 1184
f 1184 1139 1143
f 1159 1147 1164
f 1164 1147 1146
f 1170 1174 1173
f 1173 1174 1168
f 1171 1156 1181
f 1181 1156 1155
f 1181 1155 1136
f 1136 1155 1137
f 1184 1183 1186
f 1186 1183 1185
f 1184 1186 1179
f 1179 1186 1187
f 1179 1187 1180
f 1180 1187 1188
f 1180 1188 1177
f 1177 1188 1189
f 1183 1169 1185
f 1185 1169 1190
f 1169 1172 1190
f 1190 1172 1191
f 1172 1182 1191
f 1191 1182 1192
f 1193 1194 1190
f 1190 1194 1185
f 1196 1197 1195
f 1195 1197 1198
f 1199 1200 1196
f 1196 1200 1197
f 1197 1200 1202
f 1202 1200 1201
f 1203 1204 1202
f 1202 1204 1205
f 1201 1206 1202
f 1202 1206 1203
f 1205 1198 1202
f 1202 1198 1197
f 1198 1207 1195
f 1195 1207 1208
f 1201 1200 1209
f 1209 1200 1199
f 1199 1187 1209
f 1209 1187 1186
f 1199 1210 1187
f 1187 1210 1188
f 1196 1211 1199
f 1199 1211 1210
f 1212 1211 1195
f 1195 1211 1196
f 1209 1194 1201
f 1201 1194 1206
f 1194 1209 1185
f 1185 1209 1186
f 1213 1212 1208
f 1208 1212 1195
f 1211 1212 1214
f 1214 1212 1215
f 1212 1213 1215
f 1215 1213 1216
f 1214 1215 1217
f 1217 1215 1218
f 1217 1219 1214
f 1214 1219 1220
f 1216 1221 1215
f 1215 1221 1218
f 1214 1220 1211
f 1211 1220 1210
f 1210 1220 1188
f 1188 1220 1189
f 1213 1208 1223
f 1223 1208 1222
f 1208 1207 1222
f 1222 1207 1224
f 1203 1206 1225
f 1225 1206 1194
f 1204 1203 1226
f 1226 1203 1225
f 1194 1193 1225
f 1225 1193 1227
f 1225 1227 1226
f 1226 1227 1228
f 1229 1230 1226
f 1226 1230 1204
f 1224 1230 1222
f 1222 1230 1229
f 1177 1189 1175
f 1175 1189 1231
f 1176 1232 1182
f 1182 1232 1192
f 1232 1176 1231
f 1231 1176 1175
f 1231 1219 1232
f 1232 1219 1233
f 1219 1217 1233
f 1233 1217 1234
f 1232 1233 1192
f 1192 1233 1235
f 1219 1231 1220
f 1220 1231 1189
f 1236 1191 1235
f 1235 1191 1192
f 1236 1193 1191
f 1191 1193 1190
f 1236 1237 1193
f 1193 1237 1227
f 1237 1236 1238
f 1238 1236 1235
f 1239 1237 1240
f 1240 1237 1238
f 1233 1234 1235
f 1235 1234 1238
f 1234 1241 1238
f 1238 1241 1240
f 1237 1239 1227
f 1227 1239 1228
f 1243 1228 1242
f 1242 1228 1239
f 1242 1245 1244
f 1244 1245 1246
f 1242 1239 1245
f 1245 1239 1240
f 1242 1244 1243
f 1243 1244 1223
f 1243 1223 1229
f 1229 1223 1222
f 1229 1226 1243
f 1243 1226 1228
f 1217 1218 1234
f 1234 1218 1241
f 1246 1241 1221
f 1221 1241 1218
f 1246 1245 1241
f 1241 1245 1240
f 1244 1246 1216
f 1216 1246 1221
f 1216 1213 1244
f 1244 1213 1223
f 1198 1205 1207
f 1207 1205 1224
f 1224 1205 1230
f 1230 1205 1204
f 1148 1147 966
f 966 1147 964
f 1149 1154 1150
f 1150 1154 1153
f 1158 1157 1165
f 1165 1157 1166
f 1157 1159 1166
f 1166 1159 1164
f 1163 1162 1056
f 1056 1162 1048
f 1158 1165 1149
f 1149 1165 1154
f 1178 1148 1049
f 1049 1148 966
f 1163 1056 1150
f 1150 1056 1025
f 1178 1162 1167
f 1167 1162 1161
f 1147 1159 964
f 964 1159 1041
f 999 1049 922
f 922 1049 966
f 999 797 985
f 985 797 800
f 797 796 800
f 800 796 801
f 796 997 801
f 801 997 986
f 1247 1248 1250
f 1250 1248 1249
f 1252 1253 1251
f 1251 1253 1254
f 1251 1254 1255
f 1255 1254 1256
f 1258 1259 1257
f 1257 1259 1260
f 1261 1262 1252
f 1252 1262 1253
f 1264 1265 1263
f 1263 1265 1266
f 1267 1268 855
f 855 1268 920
f 1269 1267 1026
f 1026 1267 855
f 1271 1272 1270
f 1270 1272 1273
f 1274 1258 1262
f 1262 1258 1253
f 1264 1275 1265
f 1265 1275 1249
f 1276 1274 1250
f 1250 1274 1262
f 1277 1271 1256
f 1256 1271 1278
f 1279 1280 1282
f 1282 1280 1281
f 1271 1270 1278
f 1278 1270 1283
f 1284 1255 1278
f 1278 1255 1256
f 1277 1256 1257
f 1257 1256 1254
f 1247 1285 1248
f 1248 1285 1286
f 1261 1287 1247
f 1247 1287 1285
f 1257 1260 1277
f 1277 1260 1288
f 1270 1273 1263
f 1263 1273 1289
f 1261 1247 1262
f 1262 1247 1250
f 1251 1290 1252
f 1252 1290 1291
f 1275 1276 1249
f 1249 1276 1250
f 1253 1258 1254
f 1254 1258 1257
f 1248 1286 1292
f 1292 1286 1293
f 1284 1280 1294
f 1294 1280 1279
f 1281 1280 1266
f 1266 1280 1283
f 1292 1293 1281
f 1281 1293 1282
f 1263 1266 1270
f 1270 1266 1283
f 1255 1284 1295
f 1295 1284 1294
f 1252 1291 1261
f 1261 1291 1287
f 1288 1070 1272
f 1272 1070 942
f 1290 1251 1295
f 1295 1251 1255
f 1269 1259 1274
f 1274 1259 1258
f 1280 1284 1283
f 1283 1284 1278
f 1281 1266 1292
f 1292 1266 1265
f 1292 1265 1248
f 1248 1265 1249
f 1295 1294 1297
f 1297 1294 1296
f 1295 1297 1290
f 1290 1297 1298
f 1290 1298 1291
f 1291 1298 1299
f 1291 1299 1287
f 1287 1299 1300
f 1294 1279 1296
f 1296 1279 1301
f 1279 1282 1301
f 1301 1282 1302
f 1302 1282 1303
f 1303 1282 1293
f 1304 1305 1301
f 1301 1305 1296
f 1307 1308 1306
f 1306 1308 1309
f 1310 1311 1307
f 1307 1311 1308
f 1308 1311 1313
f 1313 1311 1312
f 1314 1315 1313
f 1313 1315 1316
f 1312 1317 1313
f 1313 1317 1314
f 1316 1309 1313
f 1313 1309 1308
f 1318 1319 1309
f 1309 1319 1306
f 1311 1310 1312
f 1312 1310 1320
f 1310 1298 1320
f 1320 1298 1297
f 1310 1321 1298
f 1298 1321 1299
f 1307 1322 1310
f 1310 1322 1321
f 1322 1307 1323
f 1323 1307 1306
f 1312 1320 1317
f 1317 1320 1305
f 1305 1320 1296
f 1296 1320 1297
f 1319 1324 1306
f 1306 1324 1323
f 1325 1322 1326
f 1326 1322 1323
f 1324 1327 1323
f 1323 1327 1326
f 1328 1325 1329
f 1329 1325 1326
f 1325 1328 1331
f 1331 1328 1330
f 1327 1332 1326
f 1326 1332 1329
f 1322 1325 1321
f 1321 1325 1331
f 1321 1331 1299
f 1299 1331 1300
f 1324 1319 1334
f 1334 1319 1333
f 1319 1318 1333
f 1333 1318 1335
f 1314 1317 1336
f 1336 1317 1305
f 1315 1314 1337
f 1337 1314 1336
f 1305 1304 1336
f 1336 1304 1338
f 1337 1336 1339
f 1339 1336 1338
f 1337 1340 1315
f 1315 1340 1341
f 1335 1341 1333
f 1333 1341 1340
f 1287 1300 1285
f 1285 1300 1342
f 1286 1343 1293
f 1293 1343 1303
f 1343 1286 1342
f 1342 1286 1285
f 1342 1330 1343
f 1343 1330 1344
f 1330 1328 1344
f 1344 1328 1345
f 1343 1344 1303
f 1303 1344 1346
f 1342 1300 1330
f 1330 1300 1331
f 1347 1302 1346
f 1346 1302 1303
f 1347 1304 1302
f 1302 1304 1301
f 1348 1338 1347
f 1347 1338 1304
f 1348 1347 1349
f 1349 1347 1346
f 1350 1348 1351
f 1351 1348 1349
f 1344 1345 1346
f 1346 1345 1349
f 1345 1352 1349
f 1349 1352 1351
f 1348 1350 1338
f 1338 1350 1339
f 1354 1339 1353
f 1353 1339 1350
f 1353 1356 1355
f 1355 1356 1357
f 1353 1350 1356
f 1356 1350 1351
f 1353 1355 1354
f 1354 1355 1334
f 1354 1334 1340
f 1340 1334 1333
f 1340 1337 1354
f 1354 1337 1339
f 1328 1329 1345
f 1345 1329 1352
f 1357 1352 1332
f 1332 1352 1329
f 1357 1356 1352
f 1352 1356 1351
f 1357 1332 1355
f 1355 1332 1327
f 1327 1324 1355
f 1355 1324 1334
f 1309 1316 1318
f 1318 1316 1335
f 1335 1316 1341
f 1341 1316 1315
f 1259 1072 1260
f 1260 1072 1071
f 1358 1264 1289
f 1289 1264 1263
f 1268 1267 1275
f 1275 1267 1276
f 1267 1269 1276
f 1276 1269 1274
f 941 1273 942
f 942 1273 1272
f 1358 1268 1264
f 1264 1268 1275
f 1260 1071 1288
f 1288 1071 1070
f 1273 941 1289
f 1289 941 977
f 1272 1271 1288
f 1288 1271 1277
f 1259 1269 1072
f 1072 1269 1026
f 1360 1361 1359
f 1359 1361 1362
f 1364 1365 1363
f 1363 1365 1366
f 1363 1366 1367
f 1367 1366 1368
f 1370 1371 1369
f 1369 1371 1372
f 1373 1374 1376
f 1376 1374 1375
f 1377 1378 1364
f 1364 1378 1365
f 1379 1380 1382
f 1382 1380 1381
f 1383 1384 1386
f 1386 1384 1385
f 1387 1385 978
f 978 1385 1384
f 1388 1389 1391
f 1391 1389 1390
f 1378 1392 1365
f 1365 1392 1370
f 1374 1383 1375
f 1375 1383 1386
f 1380 1393 1381
f 1381 1393 1361
f 1394 1392 1362
f 1362 1392 1378
f 1389 1396 1395
f 1395 1396 1368
f 1398 1399 1397
f 1397 1399 1400
f 1388 1401 1389
f 1389 1401 1396
f 1402 1367 1396
f 1396 1367 1368
f 1395 1368 1369
f 1369 1368 1366
f 1359 1403 1360
f 1360 1403 1404
f 1377 1405 1359
f 1359 1405 1403
f 1369 1372 1395
f 1395 1372 1406
f 1379 1388 1376
f 1376 1388 1391
f 1359 1362 1377
f 1377 1362 1378
f 1363 1407 1364
f 1364 1407 1408
f 1393 1394 1361
f 1361 1394 1362
f 1365 1370 1366
f 1366 1370 1369
f 1360 1404 1409
f 1409 1404 1410
f 1402 1398 1411
f 1411 1398 1397
f 1399 1398 1382
f 1382 1398 1401
f 1409 1410 1399
f 1399 1410 1400
f 1388 1379 1401
f 1401 1379 1382
f 1367 1402 1412
f 1412 1402 1411
f 1364 1408 1377
f 1377 1408 1405
f 981 980 1406
f 1406 980 1390
f 1407 1363 1412
f 1412 1363 1367
f 1387 1371 1392
f 1392 1371 1370
f 1398 1402 1401
f 1401 1402 1396
f 1409 1399 1381
f 1381 1399 1382
f 1360 1409 1361
f 1361 1409 1381
f 1412 1411 1414
f 1414 1411 1413
f 1412 1414 1407
f 1407 1414 1415
f 1407 1415 1408
f 1408 1415 1416
f 1408 1416 1405
f 1405 1416 1417
f 1411 1397 1413
f 1413 1397 1418
f 1397 1400 1418
f 1418 1400 1419
f 1419 1400 1420
f 1420 1400 1410
f 1422 1413 1421
f 1421 1413 1418
f 1423 1424 1426
f 1426 1424 1425
f 1427 1428 1424
f 1424 1428 1425
f 1425 1428 1430
f 1430 1428 1429
f 1430 1431 1433
f 1433 1431 1432
f 1429 1434 1430
f 1430 1434 1431
f 1433 1426 1430
f 1430 1426 1425
f 1426 1435 1423
f 1423 1435 1436
f 1428 1427 1429
f 1429 1427 1437
f 1427 1415 1437
f 1437 1415 1414
f 1427 1438 1415
f 1415 1438 1416
f 1439 1438 1424
f 1424 1438 1427
f 1440 1439 1423
f 1423 1439 1424
f 1429 1437 1434
f 1434 1437 1422
f 1422 1437 1413
f 1413 1437 1414
f 1441 1440 1436
f 1436 1440 1423
f 1442 1439 1443
f 1443 1439 1440
f 1441 1444 1440
f 1440 1444 1443
f 1445 1442 1446
f 1446 1442 1443
f 1442 1445 1448
f 1448 1445 1447
f 1444 1449 1443
f 1443 1449 1446
f 1439 1442 1438
f 1438 1442 1448
f 1438 1448 1416
f 1416 1448 1417
f 1436 1450 1441
f 1441 1450 1451
f 1436 1435 1450
f 1450 1435 1452
f 1431 1434 1453
f 1453 1434 1422
f 1431 1453 1432
f 1432 1453 1454
f 1453 1422 1455
f 1455 1422 1421
f 1454 1453 1456
f 1456 1453 1455
f 1457 1458 1454
f 1454 1458 1432
f 1452 1458 1450
f 1450 1458 1457
f 1405 1417 1403
f 1403 1417 1459
f 1404 1460 1410
f 1410 1460 1420
f 1459 1460 1403
f 1403 1460 1404
f 1447 1461 1459
f 1459 1461 1460
f 1445 1462 1447
f 1447 1462 1461
f 1460 1461 1420
f 1420 1461 1463
f 1459 1417 1447
f 1447 1417 1448
f 1464 1419 1463
f 1463 1419 1420
f 1419 1464 1418
f 1418 1464 1421
f 1464 1465 1421
f 1421 1465 1455
f 1465 1464 1466
f 1466 1464 1463
f 1467 1465 1468
f 1468 1465 1466
f 1461 1462 1463
f 1463 1462 1466
f 1462 1469 1466
f 1466 1469 1468
f 1465 1467 1455
f 1455 1467 1456
f 1471 1456 1470
f 1470 1456 1467
f 1470 1473 1472
f 1472 1473 1474
f 1470 1467 1473
f 1473 1467 1468
f 1470 1472 1471
f 1471 1472 1451
f 1471 1451 1457
f 1457 1451 1450
f 1457 1454 1471
f 1471 1454 1456
f 1462 1445 1469
f 1469 1445 1446
f 1474 1469 1449
f 1449 1469 1446
f 1474 1473 1469
f 1469 1473 1468
f 1472 1474 1444
f 1444 1474 1449
f 1444 1441 1472
f 1472 1441 1451
f 1426 1433 1435
f 1435 1433 1452
f 1452 1433 1458
f 1458 1433 1432
f 1371 940 1372
f 1372 940 1068
f 1376 1375 1379
f 1379 1375 1380
f 1393 1386 1394
f 1394 1386 1385
f 1385 1387 1394
f 1394 1387 1392
f 1475 1373 1391
f 1391 1373 1376
f 1375 1386 1380
f 1380 1386 1393
f 1372 1068 1406
f 1406 1068 981
f 1406 1390 1395
f 1395 1390 1389
f 1371 1387 940
f 940 1387 978
f 883 807 1476
f 1476 807 1477
f 1046 904 1479
f 1479 904 1478
f 904 903 1478
f 1478 903 1480
f 1030 1481 1028
f 1028 1481 1482
f 810 1046 1483
f 1483 1046 1479
f 1066 883 1484
f 1484 883 1476
f 807 810 1477
f 1477 810 1483
f 1485 1029 1484
f 1484 1029 1066
f 1028 1482 903
f 903 1482 1480
f 1481 1030 1485
f 1485 1030 1029
f 1484 1486 1485
f 1485 1486 1487
f 1485 1487 1481
f 1481 1487 1488
f 1481 1488 1482
f 1482 1488 1489
f 1482 1489 1480
f 1480 1489 1490
f 1484 1476 1486
f 1486 1476 1491
f 1476 1477 1491
f 1491 1477 1492
f 1477 1483 1492
f 1492 1483 1493
f 1495 1486 1494
f 1494 1486 1491
f 1497 1498 1496
f 1496 1498 1499
f 1500 1501 1497
f 1497 1501 1498
f 1502 1503 1501
f 1501 1503 1498
f 1502 1504 1503
f 1503 1504 1505
f 1506 1499 1503
f 1503 1499 1498
f 1499 1506 1507
f 1507 1506 1508
f 1507 1509 1499
f 1499 1509 1496
f 1502 1501 1510
f 1510 1501 1500
f 1500 1488 1510
f 1510 1488 1487
f 1500 1511 1488
f 1488 1511 1489
f 1497 1512 1500
f 1500 1512 1511
f 1512 1497 1513
f 1513 1497 1496
f 1502 1510 1504
f 1504 1510 1495
f 1495 1510 1486
f 1486 1510 1487
f 1509 1514 1496
f 1496 1514 1513
f 1515 1512 1516
f 1516 1512 1513
f 1514 1517 1513
f 1513 1517 1516
f 1518 1515 1519
f 1519 1515 1516
f 1515 1518 1521
f 1521 1518 1520
f 1517 1522 1516
f 1516 1522 1519
f 1512 1515 1511
f 1511 1515 1521
f 1511 1521 1489
f 1489 1521 1490
f 1514 1509 1524
f 1524 1509 1523
f 1509 1507 1523
f 1523 1507 1508
f 1505 1504 1525
f 1525 1504 1495
f 1526 1505 1527
f 1527 1505 1525
f 1525 1495 1528
f 1528 1495 1494
f 1527 1525 1529
f 1529 1525 1528
f 1527 1530 1526
f 1526 1530 1531
f 1508 1531 1523
f 1523 1531 1530
f 1506 1503 1526
f 1526 1503 1505
f 1508 1506 1531
f 1531 1506 1526
f 1478 1480 1532
f 1532 1480 1490
f 1483 1479 1493
f 1493 1479 1533
f 1532 1533 1478
f 1478 1533 1479
f 1520 1534 1532
f 1532 1534 1533
f 1518 1535 1520
f 1520 1535 1534
f 1533 1534 1493
f 1493 1534 1536
f 1532 1490 1520
f 1520 1490 1521
f 1537 1492 1536
f 1536 1492 1493
f 1492 1537 1491
f 1491 1537 1494
f 1537 1538 1494
f 1494 1538 1528
f 1538 1537 1539
f 1539 1537 1536
f 1540 1538 1541
f 1541 1538 1539
f 1534 1535 1536
f 1536 1535 1539
f 1535 1542 1539
f 1539 1542 1541
f 1538 1540 1528
f 1528 1540 1529
f 1544 1529 1543
f 1543 1529 1540
f 1545 1543 1547
f 1547 1543 1546
f 1543 1540 1546
f 1546 1540 1541
f 1543 1545 1544
f 1544 1545 1524
f 1544 1524 1530
f 1530 1524 1523
f 1530 1527 1544
f 1544 1527 1529
f 1535 1518 1542
f 1542 1518 1519
f 1547 1542 1522
f 1522 1542 1519
f 1547 1546 1542
f 1542 1546 1541
f 1545 1547 1517
f 1517 1547 1522
f 1517 1514 1545
f 1545 1514 1524
f 997 995 986
f 986 995 987
f 987 995 988
f 988 995 971
f 976 1358 977
f 977 1358 1289
f 854 853 1067
f 1067 853 1050
f 1055 985 1069
f 1069 985 962
f 1068 961 981
f 981 961 862
f 1268 1358 920
f 920 1358 976
f 920 976 921
f 921 976 975
f 927 1054 850
f 850 1054 851
f 882 881 1057
f 1057 881 1548
f 1548 1374 1057
f 1057 1374 1373
f 1383 1374 1549
f 1549 1374 1548
f 1549 1548 1550
f 1550 1548 881
f 1550 881 1551
f 1551 881 880
f 933 1552 879
f 879 1552 880
f 1551 880 875
f 875 880 1552
f 1553 1551 878
f 878 1551 875
f 1551 1553 1550
f 1550 1553 1554
f 1550 1554 1549
f 1549 1554 1555
f 978 1384 975
f 975 1384 1555
f 967 849 1556
f 1556 849 852
f 875 1552 876
f 876 1552 933
f 961 939 962
f 962 939 1069
f 1555 1054 975
f 975 1054 921
f 1555 1384 1549
f 1549 1384 1383
f 1391 1390 1475
f 1475 1390 980
f 1373 1475 1057
f 1057 1475 980
f 851 1054 1554
f 1554 1054 1555
f 1554 1553 851
f 851 1553 852
f 878 1556 1553
f 1553 1556 852
f 1556 878 967
f 967 878 877
f 1023 1020 877
f 877 1020 967
f 909 811 1034
f 806 779 873
f 873 779 840
f 805 780 806
f 806 780 779
f 1043 893 1044
f 1044 893 892
f 873 840 847
f 847 840 842
f 840 839 842
f 842 839 843
f 839 791 843
f 843 791 908
f 791 790 908
f 908 790 792
f 809 789 810
f 810 789 1046
f 793 790 809
f 809 790 789
f 809 808 793
f 793 808 1009
f 808 884 1009
f 1009 884 1010
f 1065 1015 884
f 884 1015 1010
f 1032 868 1065
f 1065 868 1015
f 1031 822 1032
f 1032 822 868
f 1031 1027 822
f 822 1027 785
f 1045 905 1046
f 1046 905 904
f 788 781 1019
f 1019 781 894
f 781 780 894
f 894 780 892
f 780 805 892
f 892 805 1044
f 805 804 1044
f 1044 804 891
f 804 1064 891
f 891 1064 888
f 1064 1021 888
f 888 1021 1033
f 1021 1020 1033
f 1033 1020 1034
f 1020 1023 1034
f 1034 1023 909
f 1023 1022 909
f 909 1022 910
f 1043 815 893
f 893 815 819
f 819 815 820
f 820 815 818
f 870 869 818
f 818 869 820
f 1014 1011 870
f 870 1011 869
f 969 972 1014
f 1014 972 1011
f 1036 1063 1022
f 1022 1063 910
f 1035 833 1036
f 1036 833 1063
f 1035 932 979
f 979 932 963
f 834 979 982
f 982 979 958
f 833 1035 834
f 834 1035 979
f 982 863 834
f 834 863 830
f 864 900 831
f 831 900 857
f 990 993 864
f 864 993 900
f 989 994 990
f 990 994 993
f 970 1058 989
f 989 1058 994
f 969 1018 970
f 970 1018 1058
f 1027 902 785
f 785 902 786
f 902 905 786
f 786 905 1019
f 905 1045 1019
f 1019 1045 788
f 788 1045 787
f 787 1045 789
o hand_right
v 0.155265 0.189431 0.940991
v 0.154701 0.197551 0.946896
v 0.150297 0.187245 0.948084
v 0.150460 0.180692 0.942542
v 0.150883 0.198015 0.966120
v 0.141577 0.202315 0.973501
v 0.138222 0.186135 0.970598
v 0.147025 0.185024 0.965075
v 0.144815 0.174183 0.941529
v 0.146821 0.179330 0.948626
v 0.138172 0.174184 0.938858
v 0.135950 0.170647 0.929021
v 0.142973 0.169895 0.933746
v 0.137462 0.166008 0.922314
v 0.129964 0.179534 0.925220
v 0.136641 0.170777 0.914062
v 0.146530 0.198418 0.909920
v 0.157438 0.205980 0.907129
v 0.162537 0.191445 0.898786
v 0.151285 0.184787 0.903334
v 0.178031 0.205505 0.901788
v 0.169748 0.197111 0.899598
v 0.164258 0.212015 0.906789
v 0.171941 0.218706 0.908481
v 0.165190 0.202459 0.939050
v 0.164529 0.211650 0.944777
v 0.160393 0.207447 0.944851
v 0.161042 0.198759 0.939749
v 0.127688 0.174057 0.944438
v 0.124362 0.182579 0.941139
v 0.130036 0.177849 0.937556
v 0.133062 0.172361 0.944186
v 0.170694 0.234990 0.960656
v 0.163888 0.246729 0.961795
v 0.158640 0.244273 0.962751
v 0.165977 0.234139 0.961095
v 0.144483 0.226849 0.970780
v 0.142359 0.237614 0.967055
v 0.129030 0.241722 0.964244
v 0.128956 0.231337 0.965073
v 0.143980 0.213984 0.973230
v 0.130497 0.218733 0.970732
v 0.130293 0.205439 0.972493
v 0.128858 0.187884 0.970562
v 0.174092 0.252955 0.957008
v 0.180771 0.245306 0.956028
v 0.168413 0.132104 0.919191
v 0.173297 0.135685 0.918673
v 0.171821 0.137565 0.918284
v 0.167284 0.133592 0.918779
v 0.180725 0.256674 0.938118
v 0.175914 0.258592 0.929339
v 0.175244 0.264487 0.933515
v 0.177932 0.262269 0.942300
v 0.184351 0.249183 0.932653
v 0.176693 0.249942 0.924187
v 0.168382 0.123563 0.909703
v 0.166567 0.124875 0.914358
v 0.163894 0.126802 0.911637
v 0.165472 0.126551 0.906411
v 0.150000 0.173690 0.936735
v 0.156690 0.180834 0.936795
v 0.155719 0.160066 0.926859
v 0.156326 0.168869 0.929713
v 0.149382 0.166762 0.930966
v 0.149155 0.159802 0.927413
v 0.173376 0.185273 0.926438
v 0.170231 0.194958 0.932178
v 0.165481 0.190338 0.932502
v 0.167894 0.178645 0.927372
v 0.182396 0.202308 0.932529
v 0.184318 0.192382 0.926465
v 0.190991 0.197766 0.927376
v 0.188843 0.203540 0.932330
v 0.184319 0.174728 0.915952
v 0.185331 0.170060 0.912102
v 0.189155 0.170741 0.913201
v 0.187218 0.177018 0.916174
v 0.173743 0.270547 0.936770
v 0.174330 0.267310 0.946043
v 0.195258 0.217749 0.907457
v 0.201308 0.222350 0.915759
v 0.207858 0.212880 0.909816
v 0.199657 0.210283 0.901888
v 0.167632 0.256360 0.923285
v 0.168303 0.263599 0.926103
v 0.172686 0.125031 0.905441
v 0.169998 0.127960 0.902076
v 0.122001 0.210693 0.963044
v 0.121479 0.190560 0.964540
v 0.122869 0.225560 0.959217
v 0.123241 0.235879 0.955329
v 0.121911 0.244470 0.954581
v 0.162413 0.168308 0.926721
v 0.160803 0.189370 0.936223
v 0.169344 0.205431 0.938766
v 0.198033 0.217189 0.938602
v 0.194915 0.225549 0.944306
v 0.187852 0.217374 0.944628
v 0.191847 0.211977 0.938984
v 0.206034 0.219946 0.924163
v 0.204944 0.214005 0.929531
v 0.207806 0.207455 0.924505
v 0.210070 0.212068 0.918538
v 0.121538 0.174351 0.948839
v 0.119798 0.186691 0.945812
v 0.182300 0.252702 0.947846
v 0.177215 0.257478 0.951297
v 0.172602 0.264433 0.953040
v 0.167034 0.222591 0.953792
v 0.162816 0.233466 0.961639
v 0.159724 0.230478 0.962934
v 0.164400 0.220961 0.953275
v 0.156772 0.204373 0.955205
v 0.154839 0.212844 0.965824
v 0.153411 0.191954 0.955568
v 0.151124 0.242439 0.964972
v 0.154086 0.253021 0.965939
v 0.145724 0.250171 0.966995
v 0.162295 0.257445 0.962810
v 0.169035 0.261382 0.958412
v 0.167212 0.271905 0.926744
v 0.137838 0.247261 0.966215
v 0.143598 0.176523 0.963299
v 0.140789 0.169137 0.961464
v 0.142752 0.170175 0.954020
v 0.145716 0.176669 0.954941
v 0.140622 0.158647 0.916445
v 0.144293 0.157880 0.923657
v 0.141626 0.165629 0.928870
v 0.178547 0.228492 0.955181
v 0.186943 0.237535 0.951735
v 0.161470 0.159807 0.923232
v 0.161964 0.130505 0.904964
v 0.160542 0.130262 0.910923
v 0.149943 0.144649 0.913702
v 0.150833 0.145140 0.906718
v 0.166159 0.156661 0.913699
v 0.163668 0.156749 0.919896
v 0.164969 0.155570 0.917655
v 0.168873 0.155504 0.912238
v 0.195010 0.177947 0.914480
v 0.193205 0.183235 0.917320
v 0.158218 0.170510 0.899948
v 0.144496 0.167798 0.901894
v 0.141155 0.178973 0.907387
v 0.179170 0.190051 0.926536
v 0.182654 0.181749 0.921290
v 0.186033 0.184206 0.921002
v 0.165857 0.166917 0.923580
v 0.166036 0.160775 0.919560
v 0.168924 0.164782 0.919266
v 0.169523 0.170968 0.922853
v 0.195301 0.232891 0.920965
v 0.201195 0.230084 0.930697
v 0.166284 0.128069 0.917717
v 0.164420 0.129551 0.916319
v 0.175932 0.199449 0.932131
v 0.138350 0.191624 0.914883
v 0.173943 0.208460 0.938806
v 0.195095 0.191124 0.899427
v 0.201452 0.188904 0.905383
v 0.202298 0.183893 0.905046
v 0.199021 0.183253 0.899708
v 0.176789 0.144128 0.909178
v 0.175668 0.142797 0.914771
v 0.176295 0.140364 0.914674
v 0.178701 0.140437 0.909121
v 0.159055 0.155358 0.923296
v 0.152709 0.153765 0.924450
v 0.157048 0.149497 0.922420
v 0.161860 0.152542 0.920516
v 0.148299 0.151493 0.920524
v 0.152183 0.146603 0.919420
v 0.175401 0.142328 0.902937
v 0.170962 0.137189 0.899215
v 0.161550 0.151871 0.900316
v 0.167778 0.153468 0.904784
v 0.165707 0.231562 0.913539
v 0.175356 0.236828 0.915583
v 0.181795 0.224235 0.910364
v 0.188373 0.212329 0.904216
v 0.193843 0.200088 0.899395
v 0.183428 0.194782 0.895204
v 0.188043 0.228812 0.913218
v 0.165979 0.160788 0.908057
v 0.157146 0.161199 0.901999
v 0.162822 0.163780 0.903240
v 0.180851 0.211215 0.939822
v 0.161845 0.132120 0.916159
v 0.127952 0.243698 0.933133
v 0.137585 0.249382 0.925672
v 0.138521 0.240846 0.924219
v 0.128136 0.234425 0.933317
v 0.171281 0.139273 0.919099
v 0.165855 0.135609 0.919935
v 0.199449 0.185691 0.916727
v 0.200074 0.180691 0.913694
v 0.203078 0.181696 0.910998
v 0.205449 0.185917 0.914928
v 0.179679 0.240252 0.918038
v 0.212291 0.206119 0.908373
v 0.204966 0.203606 0.900902
v 0.169363 0.247626 0.919974
v 0.160820 0.243380 0.917671
v 0.157836 0.252193 0.920432
v 0.175804 0.181252 0.895344
v 0.159519 0.225608 0.912259
v 0.154986 0.238387 0.917294
v 0.151132 0.248696 0.920599
v 0.148806 0.256507 0.922232
v 0.156483 0.259463 0.922150
v 0.166421 0.133031 0.900796
v 0.175549 0.132040 0.900255
v 0.154920 0.268242 0.922565
v 0.146457 0.264336 0.923251
v 0.147640 0.232775 0.918147
v 0.139088 0.226155 0.920847
v 0.152356 0.220569 0.913347
v 0.144113 0.212880 0.915219
v 0.165250 0.179513 0.892656
v 0.187531 0.126535 0.912640
v 0.181804 0.133377 0.906046
v 0.181107 0.137084 0.910543
v 0.188151 0.130150 0.914971
v 0.178631 0.137664 0.903879
v 0.178398 0.129112 0.903819
v 0.133986 0.204909 0.922584
v 0.169640 0.160331 0.915601
v 0.128046 0.218164 0.932628
v 0.125054 0.191939 0.930125
v 0.121843 0.201058 0.939846
v 0.121891 0.229712 0.944509
v 0.119385 0.214103 0.949517
v 0.121772 0.247034 0.943688
v 0.122665 0.238621 0.942786
v 0.117936 0.198299 0.953937
v 0.176103 0.129459 0.924213
v 0.180617 0.133019 0.922386
v 0.126339 0.251641 0.934149
v 0.149154 0.182965 0.955246
v 0.176881 0.218350 0.947064
v 0.171860 0.215977 0.945860
v 0.192157 0.230460 0.947373
v 0.183579 0.222247 0.949212
v 0.173319 0.124816 0.923282
v 0.186899 0.168147 0.907763
v 0.187539 0.169236 0.909148
v 0.136735 0.176840 0.968616
v 0.135139 0.170063 0.966545
v 0.122736 0.170720 0.961907
v 0.128206 0.169642 0.966495
v 0.128131 0.178091 0.968740
v 0.122100 0.179606 0.964058
v 0.169468 0.223483 0.954093
v 0.173153 0.224852 0.954157
v 0.189836 0.241695 0.927259
v 0.195586 0.238079 0.936679
v 0.145876 0.151571 0.914377
v 0.141375 0.160751 0.908660
v 0.146677 0.153091 0.907597
v 0.154013 0.149421 0.901842
v 0.169017 0.158602 0.911754
v 0.164669 0.158134 0.907525
v 0.157633 0.222349 0.964452
v 0.160642 0.214978 0.953770
v 0.143153 0.175568 0.948158
v 0.139976 0.171240 0.947217
v 0.174739 0.177210 0.922496
v 0.179161 0.170009 0.896966
v 0.170363 0.168673 0.895765
v 0.175912 0.169899 0.917508
v 0.175658 0.118941 0.917722
v 0.173517 0.121506 0.921347
v 0.149398 0.157336 0.902430
v 0.192901 0.189025 0.922266
v 0.182497 0.175635 0.898317
v 0.185137 0.168756 0.900798
v 0.212170 0.207194 0.916883
v 0.135563 0.257680 0.927698
v 0.178671 0.138185 0.915684
v 0.184714 0.134152 0.919231
v 0.184716 0.123415 0.911457
v 0.179488 0.120015 0.912830
v 0.189126 0.244347 0.942859
v 0.168671 0.214048 0.944959
v 0.118349 0.185028 0.955616
v 0.120302 0.173316 0.955275
v 0.176620 0.166486 0.914468
v 0.201319 0.195558 0.901807
v 0.188369 0.185761 0.895221
v 0.193589 0.177145 0.895839
v 0.189961 0.170710 0.898490
v 0.189090 0.166919 0.904546
v 0.187934 0.121014 0.916147
v 0.182900 0.118177 0.917255
v 0.178433 0.117762 0.921482
v 0.176187 0.120265 0.924272
v 0.176036 0.124377 0.925533
v 0.191086 0.124091 0.917462
v 0.191366 0.127495 0.919398
v 0.187503 0.132292 0.921244
v 0.193426 0.123526 0.922235
v 0.191876 0.118556 0.924020
v 0.182899 0.117696 0.934901
v 0.182042 0.116510 0.929148
v 0.184387 0.115864 0.930421
v 0.185900 0.116514 0.935202
v 0.188728 0.116534 0.939596
v 0.185490 0.117760 0.939984
v 0.187131 0.116146 0.926560
v 0.189837 0.116838 0.932811
v 0.193377 0.118672 0.931369
v 0.195395 0.118433 0.936586
v 0.192445 0.116608 0.937963
v 0.191453 0.117744 0.927135
v 0.186356 0.116007 0.924200
v 0.189119 0.118085 0.942841
v 0.190706 0.116517 0.941760
v 0.193737 0.117110 0.940752
v 0.194044 0.118804 0.943260
v 0.177900 0.120428 0.928213
v 0.181434 0.119793 0.935683
v 0.185132 0.120908 0.940405
v 0.188846 0.120881 0.943159
v 0.182601 0.123715 0.936637
v 0.185921 0.123744 0.940091
v 0.189381 0.123995 0.942154
v 0.185217 0.127145 0.936544
v 0.187895 0.126215 0.939464
v 0.179771 0.128095 0.927101
v 0.176929 0.124798 0.927104
v 0.189619 0.126052 0.941390
v 0.194219 0.120988 0.943591
v 0.194968 0.121172 0.929059
v 0.196529 0.121356 0.936057
v 0.195540 0.123595 0.928970
v 0.197431 0.123542 0.935743
v 0.197532 0.120356 0.940309
v 0.195927 0.118552 0.939468
v 0.178294 0.129023 0.925038
v 0.183324 0.132353 0.923171
v 0.184861 0.131302 0.925018
v 0.189114 0.129649 0.934856
v 0.189160 0.131187 0.923901
v 0.193301 0.127124 0.923872
v 0.195402 0.126283 0.930512
v 0.193558 0.128788 0.932195
v 0.196417 0.125917 0.935898
v 0.194418 0.127353 0.936563
v 0.191020 0.127964 0.938426
v 0.195996 0.125131 0.939935
v 0.197344 0.122522 0.940243
v 0.193335 0.124067 0.942418
v 0.194818 0.126555 0.939316
v 0.192226 0.125863 0.940784
v 0.192637 0.141318 0.919088
v 0.198088 0.144769 0.917988
v 0.194968 0.145566 0.914697
v 0.190636 0.142395 0.915821
v 0.192287 0.130419 0.910018
v 0.190269 0.133503 0.915011
v 0.187443 0.134547 0.910615
v 0.190274 0.132973 0.904919
v 0.197479 0.131464 0.905612
v 0.195007 0.134998 0.900845
v 0.185907 0.137016 0.902469
v 0.183796 0.138606 0.909139
v 0.171241 0.155358 0.907508
v 0.172209 0.155115 0.900766
v 0.185481 0.165510 0.911351
v 0.187504 0.165329 0.907867
v 0.190661 0.137749 0.918066
v 0.188249 0.138544 0.914438
v 0.199240 0.151619 0.909360
v 0.196276 0.151126 0.913931
v 0.199122 0.147915 0.913451
v 0.202595 0.146885 0.909169
v 0.174742 0.159411 0.913955
v 0.179900 0.162950 0.912685
v 0.172633 0.157026 0.911802
v 0.200257 0.149391 0.903095
v 0.197781 0.145269 0.898188
v 0.184595 0.161082 0.895297
v 0.188554 0.163372 0.899536
v 0.184646 0.141324 0.913844
v 0.192038 0.148092 0.916484
v 0.187693 0.144986 0.916849
v 0.190934 0.140650 0.898248
v 0.201707 0.139387 0.901168
v 0.212114 0.134468 0.918315
v 0.206939 0.140401 0.908785
v 0.205919 0.143928 0.912559
v 0.212193 0.138342 0.921558
v 0.203899 0.143648 0.904573
v 0.203990 0.136019 0.905957
v 0.200948 0.137276 0.929868
v 0.206318 0.140689 0.928455
v 0.198385 0.133397 0.929334
v 0.177184 0.157841 0.895927
v 0.198882 0.126540 0.921523
v 0.197293 0.130087 0.926861
v 0.202640 0.146213 0.915858
v 0.210431 0.140791 0.925475
v 0.209797 0.130806 0.916735
v 0.203330 0.127126 0.916524
v 0.211965 0.128446 0.922115
v 0.206515 0.125159 0.922549
v 0.201670 0.124881 0.926760
v 0.199567 0.128920 0.930247
v 0.200107 0.132697 0.931491
v 0.214210 0.131900 0.923466
v 0.214303 0.136064 0.925766
v 0.211194 0.139367 0.927844
v 0.216340 0.132529 0.930794
v 0.215086 0.127985 0.931059
v 0.205622 0.127415 0.947041
v 0.204342 0.126383 0.941250
v 0.206746 0.125350 0.941055
v 0.208115 0.126315 0.946306
v 0.204549 0.124165 0.935401
v 0.206745 0.124185 0.936566
v 0.210617 0.124781 0.933909
v 0.211326 0.126425 0.939868
v 0.215161 0.128822 0.938094
v 0.216612 0.129155 0.943630
v 0.213050 0.126538 0.945574
v 0.213920 0.126866 0.934299
v 0.209869 0.127040 0.949391
v 0.209205 0.128715 0.951209
v 0.209920 0.123696 0.930971
v 0.200521 0.127895 0.933574
v 0.202614 0.128907 0.942021
v 0.204832 0.130474 0.948005
v 0.209661 0.131690 0.951716
v 0.202993 0.133067 0.942815
v 0.205640 0.133642 0.948122
v 0.209946 0.134182 0.950694
v 0.205193 0.137328 0.942686
v 0.208078 0.137086 0.947586
v 0.202463 0.136776 0.932788
v 0.199987 0.132660 0.933598
v 0.209831 0.136132 0.949275
v 0.214012 0.128840 0.951238
v 0.213779 0.132118 0.951896
v 0.213709 0.127847 0.949682
v 0.216454 0.130481 0.937514
v 0.217331 0.131279 0.943866
v 0.217210 0.133276 0.937655
v 0.217761 0.133536 0.944653
v 0.217308 0.130872 0.948588
v 0.216611 0.129380 0.948277
v 0.202686 0.136281 0.930982
v 0.207387 0.139306 0.929552
v 0.207105 0.139741 0.931123
v 0.209867 0.139570 0.941120
v 0.211668 0.139516 0.929796
v 0.215373 0.136207 0.930706
v 0.216686 0.136129 0.937769
v 0.214233 0.138904 0.939420
v 0.218011 0.135720 0.944552
v 0.215703 0.137896 0.943860
v 0.211442 0.138868 0.945963
v 0.217299 0.134878 0.949104
v 0.217525 0.132528 0.949138
v 0.213380 0.134148 0.951115
v 0.215792 0.136983 0.947658
v 0.212528 0.136640 0.949297
v 0.208701 0.157540 0.918860
v 0.212389 0.162003 0.918241
v 0.210076 0.163252 0.916271
v 0.206621 0.158694 0.916408
v 0.210944 0.149135 0.909295
v 0.208736 0.149972 0.913694
v 0.205735 0.151524 0.910424
v 0.207039 0.151334 0.905129
v 0.215998 0.150633 0.907075
v 0.211098 0.153789 0.901263
v 0.203101 0.154197 0.902189
v 0.202588 0.153647 0.908257
v 0.192365 0.163943 0.905540
v 0.194016 0.164874 0.899150
v 0.208031 0.153440 0.916914
v 0.205638 0.154698 0.914375
v 0.214634 0.168383 0.911569
v 0.211741 0.167025 0.915351
v 0.214308 0.165802 0.913996
v 0.217137 0.165671 0.910489
v 0.193487 0.170035 0.914065
v 0.197241 0.174894 0.913422
v 0.192718 0.165996 0.911109
v 0.215663 0.166702 0.905076
v 0.213067 0.162974 0.899257
v 0.204395 0.175020 0.898575
v 0.205693 0.177740 0.903973
v 0.203013 0.155793 0.912987
v 0.207559 0.164229 0.917344
v 0.204286 0.159628 0.916800
v 0.207136 0.158113 0.898949
v 0.216589 0.158522 0.901784
v 0.230573 0.153351 0.919081
v 0.221286 0.160734 0.907996
v 0.219525 0.164155 0.912610
v 0.229976 0.156776 0.921962
v 0.218875 0.162945 0.905716
v 0.219955 0.155696 0.905657
v 0.218937 0.153076 0.929483
v 0.222429 0.157148 0.928013
v 0.217290 0.149538 0.927224
v 0.198644 0.169383 0.895725
v 0.203509 0.178506 0.910118
v 0.219949 0.144484 0.922112
v 0.217698 0.146708 0.925236
v 0.216471 0.164482 0.915652
v 0.227115 0.158598 0.925156
v 0.228548 0.149421 0.917019
v 0.223822 0.145443 0.917584
v 0.231779 0.148223 0.921471
v 0.227074 0.144276 0.922162
v 0.223067 0.143052 0.926213
v 0.220610 0.145542 0.928985
v 0.219993 0.148527 0.930723
v 0.233476 0.152255 0.923548
v 0.232540 0.155286 0.925924
v 0.227952 0.157442 0.926919
v 0.235737 0.152016 0.927581
v 0.235479 0.146588 0.927665
v 0.232502 0.141361 0.943401
v 0.229510 0.142101 0.938496
v 0.230614 0.141971 0.937911
v 0.233916 0.140805 0.942591
v 0.227632 0.141792 0.932038
v 0.229354 0.141787 0.933022
v 0.232086 0.142804 0.930419
v 0.235458 0.142296 0.935867
v 0.238420 0.147176 0.934038
v 0.240538 0.145974 0.938670
v 0.238233 0.141268 0.940522
v 0.235407 0.145718 0.929685
v 0.236351 0.140797 0.944726
v 0.235376 0.140246 0.946372
v 0.231074 0.142852 0.928131
v 0.223478 0.143926 0.933426
v 0.227357 0.143459 0.939970
v 0.230199 0.142845 0.945169
v 0.233825 0.143327 0.947688
v 0.226592 0.147050 0.941028
v 0.229795 0.146014 0.945331
v 0.233076 0.146304 0.947619
v 0.227291 0.150297 0.941133
v 0.230440 0.149168 0.944788
v 0.222075 0.151835 0.932966
v 0.221840 0.147697 0.933652
v 0.232927 0.148411 0.946649
v 0.239802 0.141943 0.945567
v 0.238898 0.145700 0.947340
v 0.239155 0.141861 0.943912
v 0.238816 0.148844 0.933279
v 0.241772 0.147949 0.939226
v 0.238470 0.151641 0.933679
v 0.241315 0.150624 0.939664
v 0.242314 0.145597 0.942843
v 0.241621 0.144781 0.942238
v 0.220828 0.152488 0.930722
v 0.223890 0.156265 0.929259
v 0.224831 0.155559 0.931488
v 0.230261 0.153809 0.940273
v 0.228852 0.157006 0.929343
v 0.234452 0.154763 0.929761
v 0.236736 0.153809 0.935418
v 0.234160 0.154835 0.938008
v 0.239468 0.152530 0.940588
v 0.236731 0.153192 0.941130
v 0.232884 0.152366 0.944023
v 0.239611 0.150221 0.944074
v 0.241753 0.148188 0.943698
v 0.237035 0.148302 0.947274
v 0.237486 0.151584 0.944108
v 0.235424 0.150121 0.946426
v 0.200737 0.177642 0.912420
v 0.228568 0.176113 0.921004
v 0.230121 0.180001 0.921582
v 0.229236 0.180673 0.920353
v 0.226618 0.177148 0.920050
v 0.229876 0.172702 0.910072
v 0.228701 0.171800 0.914600
v 0.225227 0.172704 0.912275
v 0.226329 0.173746 0.907975
v 0.232341 0.176433 0.907526
v 0.229323 0.177845 0.905942
v 0.223073 0.176086 0.907089
v 0.221607 0.174930 0.911472
v 0.207649 0.185735 0.908175
v 0.208506 0.189497 0.903742
v 0.215038 0.202329 0.916129
v 0.211244 0.199637 0.920657
v 0.218746 0.194517 0.919030
v 0.220687 0.197684 0.915119
v 0.228238 0.173325 0.918337
v 0.224962 0.174138 0.917106
v 0.232474 0.188348 0.914989
v 0.230345 0.185950 0.918796
v 0.231343 0.184239 0.919528
v 0.234029 0.186798 0.916642
v 0.208270 0.194753 0.921099
v 0.205742 0.190941 0.918651
v 0.210011 0.187951 0.919326
v 0.216055 0.190169 0.920131
v 0.208621 0.184616 0.915136
v 0.232645 0.188106 0.910601
v 0.230657 0.185023 0.905827
v 0.218419 0.199217 0.905106
v 0.219801 0.199827 0.909966
v 0.222765 0.175127 0.915917
v 0.227386 0.182428 0.920059
v 0.225377 0.178170 0.919489
v 0.226520 0.180063 0.904476
v 0.233052 0.182977 0.907558
v 0.242765 0.182309 0.917114
v 0.236421 0.185847 0.913262
v 0.235040 0.186302 0.918017
v 0.241744 0.183047 0.920030
v 0.234885 0.186217 0.912162
v 0.235877 0.181796 0.909214
v 0.234682 0.174133 0.924905
v 0.236724 0.179039 0.924706
v 0.234316 0.171484 0.922905
v 0.212669 0.194524 0.901994
v 0.236916 0.170013 0.915946
v 0.235371 0.169640 0.920144
v 0.232504 0.183434 0.920744
v 0.239425 0.182080 0.922898
v 0.242490 0.179017 0.913961
v 0.239611 0.173724 0.912476
v 0.245590 0.176999 0.916693
v 0.242267 0.171830 0.915431
v 0.239145 0.168483 0.919290
v 0.236901 0.169126 0.922313
v 0.235884 0.170949 0.924758
v 0.245706 0.180447 0.919592
v 0.244239 0.181426 0.922114
v 0.241156 0.181023 0.924388
v 0.248427 0.178548 0.922294
v 0.249204 0.174060 0.920764
v 0.247984 0.165354 0.931115
v 0.245173 0.166243 0.928197
v 0.246102 0.166391 0.927390
v 0.248678 0.164886 0.930345
v 0.242951 0.167273 0.923355
v 0.244619 0.167453 0.923576
v 0.246136 0.169672 0.921180
v 0.249382 0.167992 0.925071
v 0.252381 0.172444 0.925303
v 0.254647 0.170548 0.928365
v 0.251987 0.166644 0.927646
v 0.249508 0.172240 0.921641
v 0.251148 0.164221 0.931463
v 0.251215 0.163909 0.932823
v 0.245258 0.169923 0.919582
v 0.239396 0.168069 0.925428
v 0.243949 0.166438 0.930385
v 0.247844 0.165266 0.933471
v 0.251448 0.165266 0.934687
v 0.242546 0.168404 0.931448
v 0.247114 0.166851 0.935078
v 0.250645 0.167020 0.936131
v 0.242166 0.171588 0.932546
v 0.246822 0.169496 0.935436
v 0.237583 0.174027 0.928121
v 0.237907 0.170514 0.927199
v 0.249847 0.168663 0.935983
v 0.254614 0.165585 0.931872
v 0.254152 0.167167 0.934377
v 0.254355 0.165652 0.930338
v 0.252572 0.173863 0.925521
v 0.255294 0.171719 0.929347
v 0.252092 0.176078 0.926755
v 0.254778 0.173082 0.931012
v 0.256118 0.168899 0.931426
v 0.255329 0.168232 0.929855
v 0.236373 0.174331 0.926692
v 0.238072 0.178213 0.926021
v 0.239661 0.177865 0.927577
v 0.243863 0.175239 0.932281
v 0.242945 0.180365 0.925948
v 0.246292 0.180263 0.923945
v 0.250334 0.177284 0.928584
v 0.247599 0.177353 0.930725
v 0.253466 0.173707 0.932724
v 0.250771 0.174003 0.934219
v 0.248098 0.172504 0.935378
v 0.254000 0.170426 0.934629
v 0.255418 0.169724 0.933530
v 0.252971 0.168578 0.935482
v 0.252293 0.171156 0.935381
v 0.251142 0.170112 0.935860
v 0.216396 0.202126 0.912015
v 0.124305 0.160686 0.947182
v 0.129212 0.161625 0.944399
v 0.141239 0.157968 0.955251
v 0.139677 0.159109 0.948316
v 0.138217 0.156420 0.961311
v 0.127408 0.156549 0.963903
v 0.133147 0.157045 0.964272
v 0.135176 0.160548 0.944501
v 0.121239 0.159771 0.952345
v 0.122002 0.158254 0.959594
v 0.120361 0.151152 0.948460
v 0.121335 0.148924 0.956673
v 0.126335 0.147046 0.961564
v 0.133628 0.149800 0.962391
v 0.138353 0.151053 0.960614
v 0.125743 0.155044 0.944303
v 0.130750 0.156677 0.942496
v 0.137182 0.156827 0.944276
v 0.129813 0.149063 0.940414
v 0.131229 0.139333 0.941774
v 0.142996 0.126649 0.951216
v 0.140106 0.132293 0.953998
v 0.138396 0.131522 0.951911
v 0.140870 0.126150 0.949827
v 0.135426 0.135674 0.954604
v 0.135485 0.134894 0.952363
v 0.132567 0.136679 0.948325
v 0.135311 0.131773 0.946374
v 0.132961 0.137496 0.943243
v 0.135570 0.134741 0.940983
v 0.137808 0.127028 0.944274
v 0.141045 0.123044 0.947163
v 0.140173 0.123122 0.942576
v 0.144177 0.122951 0.947428
v 0.129219 0.136259 0.948917
v 0.136780 0.140754 0.959077
v 0.142287 0.134598 0.955746
v 0.146039 0.128735 0.951757
v 0.146902 0.124701 0.947047
v 0.145485 0.137541 0.954952
v 0.148142 0.132328 0.950468
v 0.148660 0.129095 0.945677
v 0.147387 0.140583 0.951553
v 0.148736 0.135122 0.947617
v 0.142546 0.150808 0.955095
v 0.140382 0.146370 0.959388
v 0.148595 0.131847 0.945001
v 0.142621 0.122206 0.941453
v 0.145541 0.124353 0.940987
v 0.135664 0.137216 0.938579
v 0.137502 0.130105 0.938802
v 0.138973 0.131991 0.936995
v 0.136998 0.140792 0.937303
v 0.140874 0.133873 0.936034
v 0.140998 0.126571 0.937349
v 0.138940 0.126168 0.939247
v 0.141571 0.153821 0.955857
v 0.140737 0.156170 0.949631
v 0.141511 0.153657 0.949074
v 0.146415 0.143834 0.945709
v 0.139054 0.153821 0.943396
v 0.134107 0.151868 0.940396
v 0.139936 0.143103 0.937467
v 0.143453 0.144596 0.940348
v 0.143623 0.135926 0.937135
v 0.145484 0.137077 0.939280
v 0.148076 0.136585 0.943437
v 0.145548 0.131075 0.938161
v 0.143391 0.128617 0.936795
v 0.147455 0.128567 0.941241
v 0.146326 0.133255 0.939612
v 0.147834 0.132039 0.942080
v 0.209030 0.203336 0.922471
v 0.204719 0.198137 0.923583
v 0.203836 0.203332 0.926620
v 0.201313 0.209849 0.932395
v 0.201866 0.220218 0.934693
v 0.195402 0.206112 0.932810
v 0.198496 0.199414 0.926820
v 0.199884 0.192054 0.921655
v 0.186527 0.209078 0.936986
f 1558 1559 1557
f 1557 1559 1560
f 1561 1562 1564
f 1564 1562 1563
f 1565 1560 1566
f 1566 1560 1559
f 1568 1569 1567
f 1567 1569 1565
f 1570 1568 1572
f 1572 1568 1571
f 1574 1575 1573
f 1573 1575 1576
f 1578 1579 1577
f 1577 1579 1580
f 1582 1583 1581
f 1581 1583 1584
f 1586 1587 1585
f 1585 1587 1588
f 1589 1590 1592
f 1592 1590 1591
f 1593 1594 1596
f 1596 1594 1595
f 1597 1598 1562
f 1562 1598 1599
f 1562 1599 1563
f 1563 1599 1600
f 1601 1590 1602
f 1602 1590 1589
f 1604 1605 1603
f 1603 1605 1606
f 1608 1609 1607
f 1607 1609 1610
f 1612 1608 1611
f 1611 1608 1607
f 1614 1615 1613
f 1613 1615 1616
f 1617 1618 1560
f 1560 1618 1557
f 1620 1621 1619
f 1619 1621 1622
f 1624 1625 1623
f 1623 1625 1626
f 1628 1629 1627
f 1627 1629 1630
f 1632 1633 1631
f 1631 1633 1634
f 1609 1635 1610
f 1610 1635 1636
f 1638 1639 1637
f 1637 1639 1640
f 1641 1642 1608
f 1608 1642 1609
f 1613 1616 1643
f 1643 1616 1644
f 1645 1646 1599
f 1599 1646 1600
f 1599 1598 1645
f 1645 1598 1647
f 1596 1595 1648
f 1648 1595 1649
f 1650 1626 1620
f 1620 1626 1625
f 1569 1617 1565
f 1565 1617 1560
f 1581 1584 1625
f 1625 1584 1651
f 1652 1581 1624
f 1624 1581 1625
f 1654 1655 1653
f 1653 1655 1656
f 1657 1658 1660
f 1660 1658 1659
f 1662 1586 1661
f 1661 1586 1585
f 1607 1610 1663
f 1663 1610 1664
f 1610 1636 1664
f 1664 1636 1665
f 1667 1668 1666
f 1666 1668 1669
f 1671 1561 1670
f 1670 1561 1672
f 1671 1597 1561
f 1561 1597 1562
f 1592 1591 1667
f 1667 1591 1673
f 1591 1674 1673
f 1673 1674 1675
f 1590 1676 1591
f 1591 1676 1674
f 1590 1601 1676
f 1676 1601 1677
f 1681 1682 1680
f 1680 1682 1683
f 1684 1685 1570
f 1570 1685 1686
f 1589 1687 1602
f 1602 1687 1688
f 1689 1650 1619
f 1619 1650 1620
f 1690 1691 1693
f 1693 1691 1692
f 1695 1696 1694
f 1694 1696 1697
f 1633 1698 1634
f 1634 1698 1699
f 1700 1701 1576
f 1576 1701 1702
f 1704 1705 1703
f 1703 1705 1628
f 1707 1708 1706
f 1706 1708 1709
f 1638 1657 1639
f 1639 1657 1660
f 1657 1638 1711
f 1711 1638 1710
f 1712 1713 1614
f 1614 1713 1615
f 1714 1624 1703
f 1703 1624 1623
f 1715 1702 1571
f 1571 1702 1572
f 1624 1714 1652
f 1652 1714 1716
f 1685 1622 1686
f 1686 1622 1621
f 1718 1719 1717
f 1717 1719 1720
f 1722 1723 1721
f 1721 1723 1724
f 1726 1727 1725
f 1725 1727 1728
f 1730 1727 1729
f 1729 1727 1726
f 1732 1733 1731
f 1731 1733 1734
f 1736 1737 1735
f 1735 1737 1580
f 1738 1739 1577
f 1577 1739 1740
f 1637 1741 1638
f 1638 1741 1710
f 1742 1743 1744
f 1744 1743 1700
f 1714 1627 1716
f 1716 1627 1745
f 1746 1691 1713
f 1713 1691 1615
f 1725 1728 1695
f 1695 1728 1696
f 1703 1628 1714
f 1714 1628 1627
f 1748 1749 1747
f 1747 1749 1750
f 1723 1722 1605
f 1605 1722 1751
f 1752 1746 1606
f 1606 1746 1713
f 1753 1754 1756
f 1756 1754 1755
f 1577 1580 1738
f 1738 1580 1737
f 1702 1715 1576
f 1576 1715 1573
f 1738 1737 1637
f 1637 1737 1741
f 1757 1741 1736
f 1736 1741 1737
f 1758 1759 1639
f 1639 1759 1640
f 1761 1762 1760
f 1760 1762 1641
f 1763 1578 1740
f 1740 1578 1577
f 1735 1580 1764
f 1764 1580 1579
f 1764 1765 1735
f 1735 1765 1761
f 1765 1766 1761
f 1761 1766 1762
f 1768 1762 1767
f 1767 1762 1766
f 1735 1761 1736
f 1736 1761 1760
f 1769 1732 1644
f 1644 1732 1770
f 1642 1641 1768
f 1768 1641 1762
f 1749 1773 1774
f 1773 1775 1774
f 1774 1775 1776
f 1775 1574 1776
f 1776 1574 1573
f 1575 1777 1576
f 1576 1777 1700
f 1778 1779 1781
f 1781 1779 1780
f 1731 1782 1732
f 1732 1782 1770
f 1783 1643 1770
f 1770 1643 1644
f 1776 1573 1784
f 1784 1573 1715
f 1690 1769 1616
f 1616 1769 1644
f 1694 1785 1707
f 1707 1785 1708
f 1749 1748 1766
f 1766 1748 1767
f 1786 1750 1774
f 1774 1750 1749
f 1787 1788 1784
f 1784 1788 1786
f 1789 1790 1647
f 1647 1790 1645
f 1791 1792 1649
f 1649 1792 1648
f 1786 1788 1790
f 1790 1788 1793
f 1603 1794 1604
f 1604 1794 1795
f 1796 1747 1791
f 1791 1747 1792
f 1561 1564 1672
f 1672 1564 1797
f 1798 1799 1745
f 1745 1799 1716
f 1800 1801 1654
f 1654 1801 1655
f 1712 1802 1603
f 1603 1802 1794
f 1632 1803 1633
f 1633 1803 1804
f 1806 1681 1805
f 1805 1681 1680
f 1808 1809 1807
f 1807 1809 1810
f 1667 1666 1592
f 1592 1666 1811
f 1812 1589 1811
f 1811 1589 1592
f 1813 1814 1710
f 1710 1814 1711
f 1619 1725 1689
f 1689 1725 1695
f 1622 1726 1619
f 1619 1726 1725
f 1729 1726 1685
f 1685 1726 1622
f 1685 1684 1729
f 1729 1684 1815
f 1684 1816 1815
f 1815 1816 1817
f 1769 1690 1818
f 1818 1690 1693
f 1819 1820 1742
f 1742 1820 1743
f 1668 1821 1669
f 1669 1821 1822
f 1567 1823 1824
f 1790 1789 1786
f 1786 1789 1750
f 1709 1825 1626
f 1626 1825 1623
f 1731 1734 1721
f 1721 1734 1697
f 1706 1709 1650
f 1650 1709 1626
f 1827 1777 1826
f 1826 1777 1763
f 1825 1709 1828
f 1828 1709 1708
f 1677 1601 1665
f 1665 1601 1664
f 1603 1606 1712
f 1712 1606 1713
f 1613 1829 1614
f 1614 1829 1830
f 1701 1831 1816
f 1816 1831 1817
f 1832 1705 1699
f 1699 1705 1634
f 1704 1825 1631
f 1631 1825 1828
f 1763 1833 1826
f 1826 1833 1834
f 1751 1752 1605
f 1605 1752 1606
f 1615 1691 1616
f 1616 1691 1690
f 1639 1660 1758
f 1758 1660 1835
f 1705 1704 1634
f 1634 1704 1631
f 1803 1834 1804
f 1804 1834 1833
f 1739 1738 1640
f 1640 1738 1637
f 1604 1795 1837
f 1837 1795 1838
f 1783 1779 1839
f 1839 1779 1778
f 1779 1782 1780
f 1780 1782 1724
f 1837 1838 1780
f 1780 1838 1781
f 1721 1724 1731
f 1731 1724 1782
f 1820 1819 1694
f 1694 1819 1785
f 1570 1572 1684
f 1684 1572 1816
f 1776 1784 1774
f 1774 1784 1786
f 1643 1783 1840
f 1840 1783 1839
f 1816 1572 1701
f 1701 1572 1702
f 1800 1654 1814
f 1814 1654 1711
f 1614 1830 1712
f 1712 1830 1802
f 1663 1841 1607
f 1607 1841 1611
f 1799 1842 1716
f 1716 1842 1652
f 1790 1793 1645
f 1645 1793 1646
f 1602 1688 1663
f 1663 1688 1841
f 1809 1808 1805
f 1805 1808 1806
f 1842 1582 1652
f 1652 1582 1581
f 1662 1661 1843
f 1843 1661 1844
f 1828 1708 1845
f 1845 1708 1785
f 1694 1707 1695
f 1695 1707 1689
f 1739 1846 1717
f 1717 1846 1718
f 1847 1848 1833
f 1833 1848 1849
f 1707 1706 1689
f 1689 1706 1650
f 1818 1831 1733
f 1733 1831 1743
f 1700 1743 1701
f 1701 1743 1831
f 1829 1613 1840
f 1840 1613 1643
f 1730 1692 1746
f 1746 1692 1691
f 1667 1673 1668
f 1668 1673 1594
f 1673 1675 1594
f 1594 1675 1679
f 1668 1594 1821
f 1821 1594 1593
f 1843 1844 1810
f 1810 1844 1807
f 1784 1715 1787
f 1787 1715 1571
f 1779 1783 1782
f 1782 1783 1770
f 1703 1623 1704
f 1704 1623 1825
f 1780 1724 1837
f 1837 1724 1723
f 1755 1719 1756
f 1756 1719 1718
f 1601 1602 1664
f 1664 1602 1663
f 1837 1723 1604
f 1604 1723 1605
f 1717 1720 1847
f 1847 1720 1848
f 1594 1679 1595
f 1849 1850 1833
f 1833 1850 1804
f 1840 1839 1852
f 1852 1839 1851
f 1840 1852 1829
f 1829 1852 1853
f 1830 1829 1854
f 1854 1829 1853
f 1802 1830 1855
f 1855 1830 1854
f 1839 1778 1851
f 1851 1778 1856
f 1778 1781 1856
f 1856 1781 1857
f 1857 1781 1858
f 1858 1781 1838
f 1859 1860 1856
f 1856 1860 1851
f 1862 1863 1861
f 1861 1863 1864
f 1865 1866 1864
f 1864 1866 1861
f 1864 1863 1868
f 1868 1863 1867
f 1869 1870 1868
f 1868 1870 1871
f 1867 1872 1868
f 1868 1872 1869
f 1873 1860 1867
f 1867 1860 1872
f 1871 1865 1868
f 1868 1865 1864
f 1874 1875 1877
f 1877 1875 1876
f 1875 1874 1865
f 1865 1874 1866
f 1867 1863 1873
f 1873 1863 1862
f 1862 1853 1873
f 1873 1853 1852
f 1862 1878 1853
f 1853 1878 1854
f 1861 1879 1862
f 1862 1879 1878
f 1879 1861 1880
f 1880 1861 1866
f 1860 1873 1851
f 1851 1873 1852
f 1874 1881 1866
f 1866 1881 1880
f 1879 1880 1882
f 1882 1880 1883
f 1880 1881 1883
f 1883 1881 1884
f 1882 1883 1885
f 1885 1883 1886
f 1885 1887 1882
f 1882 1887 1888
f 1889 1886 1884
f 1884 1886 1883
f 1879 1882 1878
f 1878 1882 1888
f 1878 1888 1854
f 1854 1888 1855
f 1881 1874 1890
f 1890 1874 1877
f 1869 1872 1891
f 1891 1872 1860
f 1891 1892 1869
f 1869 1892 1870
f 1860 1859 1891
f 1891 1859 1893
f 1892 1891 1894
f 1894 1891 1893
f 1892 1895 1870
f 1870 1895 1896
f 1802 1855 1794
f 1794 1855 1897
f 1795 1898 1838
f 1838 1898 1858
f 1898 1795 1897
f 1897 1795 1794
f 1897 1887 1898
f 1898 1887 1899
f 1887 1885 1899
f 1899 1885 1900
f 1898 1899 1858
f 1858 1899 1901
f 1897 1855 1887
f 1887 1855 1888
f 1902 1857 1901
f 1901 1857 1858
f 1902 1859 1857
f 1857 1859 1856
f 1903 1893 1902
f 1902 1893 1859
f 1903 1902 1904
f 1904 1902 1901
f 1905 1903 1906
f 1906 1903 1904
f 1899 1900 1901
f 1901 1900 1904
f 1900 1907 1904
f 1904 1907 1906
f 1893 1903 1894
f 1894 1903 1905
f 1909 1894 1908
f 1908 1894 1905
f 1908 1911 1910
f 1910 1911 1912
f 1908 1905 1911
f 1911 1905 1906
f 1908 1910 1909
f 1909 1910 1890
f 1909 1890 1895
f 1895 1890 1877
f 1895 1892 1909
f 1909 1892 1894
f 1885 1886 1900
f 1900 1886 1907
f 1912 1907 1889
f 1889 1907 1886
f 1912 1911 1907
f 1907 1911 1906
f 1910 1912 1884
f 1884 1912 1889
f 1884 1881 1910
f 1910 1881 1890
f 1865 1871 1875
f 1875 1871 1876
f 1876 1896 1877
f 1877 1896 1895
f 1876 1871 1896
f 1896 1871 1870
f 1693 1692 1817
f 1817 1692 1815
f 1696 1722 1697
f 1697 1722 1721
f 1728 1727 1751
f 1751 1727 1752
f 1727 1730 1752
f 1752 1730 1746
f 1734 1733 1820
f 1820 1733 1743
f 1728 1751 1696
f 1696 1751 1722
f 1693 1817 1818
f 1818 1817 1831
f 1734 1820 1697
f 1697 1820 1694
f 1818 1733 1769
f 1769 1733 1732
f 1692 1730 1815
f 1815 1730 1729
f 1914 1915 1913
f 1913 1915 1916
f 1918 1919 1917
f 1917 1919 1920
f 1917 1920 1921
f 1921 1920 1922
f 1923 1924 1926
f 1926 1924 1925
f 1632 1927 1803
f 1803 1927 1928
f 1929 1930 1918
f 1918 1930 1919
f 1932 1933 1931
f 1931 1933 1934
f 1845 1785 1936
f 1936 1785 1935
f 1937 1935 1819
f 1819 1935 1785
f 1939 1940 1938
f 1938 1940 1941
f 1942 1924 1930
f 1930 1924 1919
f 1632 1845 1927
f 1927 1845 1936
f 1933 1932 1915
f 1915 1932 1943
f 1944 1942 1916
f 1916 1942 1930
f 1945 1939 1922
f 1922 1939 1946
f 1948 1949 1947
f 1947 1949 1950
f 1939 1938 1946
f 1946 1938 1951
f 1952 1921 1946
f 1946 1921 1922
f 1945 1922 1923
f 1923 1922 1920
f 1913 1953 1914
f 1914 1953 1954
f 1929 1955 1913
f 1913 1955 1953
f 1945 1923 1956
f 1956 1923 1926
f 1938 1941 1931
f 1931 1941 1928
f 1913 1916 1929
f 1929 1916 1930
f 1917 1957 1918
f 1918 1957 1958
f 1943 1944 1915
f 1915 1944 1916
f 1919 1924 1920
f 1920 1924 1923
f 1914 1954 1959
f 1959 1954 1960
f 1952 1948 1961
f 1961 1948 1947
f 1948 1951 1949
f 1949 1951 1934
f 1949 1959 1950
f 1950 1959 1960
f 1931 1934 1938
f 1938 1934 1951
f 1921 1952 1962
f 1962 1952 1961
f 1918 1958 1929
f 1929 1958 1955
f 1827 1826 1956
f 1956 1826 1940
f 1957 1917 1962
f 1962 1917 1921
f 1937 1925 1942
f 1942 1925 1924
f 1948 1952 1951
f 1951 1952 1946
f 1949 1934 1959
f 1959 1934 1933
f 1959 1933 1914
f 1914 1933 1915
f 1962 1961 1964
f 1964 1961 1963
f 1962 1964 1957
f 1957 1964 1965
f 1957 1965 1958
f 1958 1965 1966
f 1958 1966 1955
f 1955 1966 1967
f 1961 1947 1963
f 1963 1947 1968
f 1947 1950 1968
f 1968 1950 1969
f 1950 1960 1969
f 1969 1960 1970
f 1971 1972 1968
f 1968 1972 1963
f 1974 1975 1973
f 1973 1975 1976
f 1977 1978 1974
f 1974 1978 1975
f 1975 1978 1980
f 1980 1978 1979
f 1981 1982 1980
f 1980 1982 1983
f 1979 1984 1980
f 1980 1984 1981
f 1983 1976 1980
f 1980 1976 1975
f 1976 1985 1973
f 1973 1985 1986
f 1979 1978 1987
f 1987 1978 1977
f 1977 1965 1987
f 1987 1965 1964
f 1977 1988 1965
f 1965 1988 1966
f 1974 1989 1977
f 1977 1989 1988
f 1990 1989 1973
f 1973 1989 1974
f 1987 1972 1979
f 1979 1972 1984
f 1972 1987 1963
f 1963 1987 1964
f 1991 1990 1986
f 1986 1990 1973
f 1989 1990 1992
f 1992 1990 1993
f 1990 1991 1993
f 1993 1991 1994
f 1992 1993 1995
f 1995 1993 1996
f 1995 1997 1992
f 1992 1997 1998
f 1994 1999 1993
f 1993 1999 1996
f 1992 1998 1989
f 1989 1998 1988
f 1988 1998 1966
f 1966 1998 1967
f 1991 1986 2001
f 2001 1986 2000
f 1986 1985 2000
f 2000 1985 2002
f 1981 1984 2003
f 2003 1984 1972
f 1982 1981 2004
f 2004 1981 2003
f 1972 1971 2003
f 2003 1971 2005
f 2003 2005 2004
f 2004 2005 2006
f 2007 2008 2004
f 2004 2008 1982
f 2002 2008 2000
f 2000 2008 2007
f 1955 1967 1953
f 1953 1967 2009
f 1954 2010 1960
f 1960 2010 1970
f 2010 1954 2009
f 2009 1954 1953
f 2009 1997 2010
f 2010 1997 2011
f 1997 1995 2011
f 2011 1995 2012
f 2010 2011 1970
f 1970 2011 2013
f 1997 2009 1998
f 1998 2009 1967
f 2014 1969 2013
f 2013 1969 1970
f 2014 1971 1969
f 1969 1971 1968
f 2014 2015 1971
f 1971 2015 2005
f 2015 2014 2016
f 2016 2014 2013
f 2017 2015 2018
f 2018 2015 2016
f 2011 2012 2013
f 2013 2012 2016
f 2012 2019 2016
f 2016 2019 2018
f 2015 2017 2005
f 2005 2017 2006
f 2021 2006 2020
f 2020 2006 2017
f 2020 2023 2022
f 2022 2023 2024
f 2020 2017 2023
f 2023 2017 2018
f 2020 2022 2021
f 2021 2022 2001
f 2021 2001 2007
f 2007 2001 2000
f 2007 2004 2021
f 2021 2004 2006
f 1995 1996 2012
f 2012 1996 2019
f 2024 2019 1999
f 1999 2019 1996
f 2024 2023 2019
f 2019 2023 2018
f 2022 2024 1994
f 1994 2024 1999
f 1994 1991 2022
f 2022 1991 2001
f 1976 1983 1985
f 1985 1983 2002
f 2002 1983 2008
f 2008 1983 1982
f 1926 1925 1744
f 1744 1925 1742
f 1927 1932 1928
f 1928 1932 1931
f 1936 1935 1943
f 1943 1935 1944
f 1935 1937 1944
f 1944 1937 1942
f 1941 1940 1834
f 1834 1940 1826
f 1936 1943 1927
f 1927 1943 1932
f 1956 1926 1827
f 1827 1926 1744
f 1941 1834 1928
f 1928 1834 1803
f 1956 1940 1945
f 1945 1940 1939
f 1925 1937 1742
f 1742 1937 1819
f 1777 1827 1700
f 1700 1827 1744
f 1777 1575 1763
f 1763 1575 1578
f 1575 1574 1578
f 1578 1574 1579
f 1574 1775 1579
f 1579 1775 1764
f 2025 2026 2028
f 2028 2026 2027
f 2030 2031 2029
f 2029 2031 2032
f 2029 2032 2033
f 2033 2032 2034
f 2036 2037 2035
f 2035 2037 2038
f 2039 2040 2030
f 2030 2040 2031
f 2042 2043 2041
f 2041 2043 2044
f 2045 2046 1633
f 1633 2046 1698
f 2047 2045 1804
f 1804 2045 1633
f 2049 2050 2048
f 2048 2050 2051
f 2052 2036 2040
f 2040 2036 2031
f 2042 2053 2043
f 2043 2053 2027
f 2054 2052 2028
f 2028 2052 2040
f 2055 2049 2034
f 2034 2049 2056
f 2057 2058 2060
f 2060 2058 2059
f 2049 2048 2056
f 2056 2048 2061
f 2062 2033 2056
f 2056 2033 2034
f 2055 2034 2035
f 2035 2034 2032
f 2025 2063 2026
f 2026 2063 2064
f 2039 2065 2025
f 2025 2065 2063
f 2035 2038 2055
f 2055 2038 2066
f 2048 2051 2041
f 2041 2051 2067
f 2039 2025 2040
f 2040 2025 2028
f 2029 2068 2030
f 2030 2068 2069
f 2053 2054 2027
f 2027 2054 2028
f 2031 2036 2032
f 2032 2036 2035
f 2026 2064 2070
f 2070 2064 2071
f 2062 2058 2072
f 2072 2058 2057
f 2059 2058 2044
f 2044 2058 2061
f 2070 2071 2059
f 2059 2071 2060
f 2041 2044 2048
f 2048 2044 2061
f 2033 2062 2073
f 2073 2062 2072
f 2030 2069 2039
f 2039 2069 2065
f 2066 1848 2050
f 2050 1848 1720
f 2068 2029 2073
f 2073 2029 2033
f 2047 2037 2052
f 2052 2037 2036
f 2058 2062 2061
f 2061 2062 2056
f 2059 2044 2070
f 2070 2044 2043
f 2070 2043 2026
f 2026 2043 2027
f 2073 2072 2075
f 2075 2072 2074
f 2073 2075 2068
f 2068 2075 2076
f 2068 2076 2069
f 2069 2076 2077
f 2069 2077 2065
f 2065 2077 2078
f 2072 2057 2074
f 2074 2057 2079
f 2057 2060 2079
f 2079 2060 2080
f 2080 2060 2081
f 2081 2060 2071
f 2082 2083 2079
f 2079 2083 2074
f 2085 2086 2084
f 2084 2086 2087
f 2088 2089 2085
f 2085 2089 2086
f 2086 2089 2091
f 2091 2089 2090
f 2092 2093 2091
f 2091 2093 2094
f 2090 2095 2091
f 2091 2095 2092
f 2094 2087 2091
f 2091 2087 2086
f 2096 2097 2087
f 2087 2097 2084
f 2089 2088 2090
f 2090 2088 2098
f 2088 2076 2098
f 2098 2076 2075
f 2088 2099 2076
f 2076 2099 2077
f 2085 2100 2088
f 2088 2100 2099
f 2100 2085 2101
f 2101 2085 2084
f 2090 2098 2095
f 2095 2098 2083
f 2083 2098 2074
f 2074 2098 2075
f 2097 2102 2084
f 2084 2102 2101
f 2103 2100 2104
f 2104 2100 2101
f 2102 2105 2101
f 2101 2105 2104
f 2106 2103 2107
f 2107 2103 2104
f 2103 2106 2109
f 2109 2106 2108
f 2105 2110 2104
f 2104 2110 2107
f 2100 2103 2099
f 2099 2103 2109
f 2099 2109 2077
f 2077 2109 2078
f 2102 2097 2112
f 2112 2097 2111
f 2097 2096 2111
f 2111 2096 2113
f 2092 2095 2114
f 2114 2095 2083
f 2093 2092 2115
f 2115 2092 2114
f 2083 2082 2114
f 2114 2082 2116
f 2115 2114 2117
f 2117 2114 2116
f 2115 2118 2093
f 2093 2118 2119
f 2113 2119 2111
f 2111 2119 2118
f 2065 2078 2063
f 2063 2078 2120
f 2064 2121 2071
f 2071 2121 2081
f 2121 2064 2120
f 2120 2064 2063
f 2120 2108 2121
f 2121 2108 2122
f 2108 2106 2122
f 2122 2106 2123
f 2121 2122 2081
f 2081 2122 2124
f 2120 2078 2108
f 2108 2078 2109
f 2125 2080 2124
f 2124 2080 2081
f 2125 2082 2080
f 2080 2082 2079
f 2126 2116 2125
f 2125 2116 2082
f 2126 2125 2127
f 2127 2125 2124
f 2128 2126 2129
f 2129 2126 2127
f 2122 2123 2124
f 2124 2123 2127
f 2123 2130 2127
f 2127 2130 2129
f 2126 2128 2116
f 2116 2128 2117
f 2132 2117 2131
f 2131 2117 2128
f 2131 2134 2133
f 2133 2134 2135
f 2131 2128 2134
f 2134 2128 2129
f 2131 2133 2132
f 2132 2133 2112
f 2132 2112 2118
f 2118 2112 2111
f 2118 2115 2132
f 2132 2115 2117
f 2106 2107 2123
f 2123 2107 2130
f 2135 2130 2110
f 2110 2130 2107
f 2135 2134 2130
f 2130 2134 2129
f 2135 2110 2133
f 2133 2110 2105
f 2105 2102 2133
f 2133 2102 2112
f 2087 2094 2096
f 2096 2094 2113
f 2113 2094 2119
f 2119 2094 2093
f 2037 1850 2038
f 2038 1850 1849
f 2136 2042 2067
f 2067 2042 2041
f 2046 2045 2053
f 2053 2045 2054
f 2045 2047 2054
f 2054 2047 2052
f 1719 2051 1720
f 1720 2051 2050
f 2136 2046 2042
f 2042 2046 2053
f 2038 1849 2066
f 2066 1849 1848
f 2051 1719 2067
f 2067 1719 1755
f 2050 2049 2066
f 2066 2049 2055
f 2037 2047 1850
f 1850 2047 1804
f 2138 2139 2137
f 2137 2139 2140
f 2142 2143 2141
f 2141 2143 2144
f 2141 2144 2145
f 2145 2144 2146
f 2148 2149 2147
f 2147 2149 2150
f 2151 2152 2154
f 2154 2152 2153
f 2155 2156 2142
f 2142 2156 2143
f 2157 2158 2160
f 2160 2158 2159
f 2161 2162 2164
f 2164 2162 2163
f 2165 2163 1756
f 1756 2163 2162
f 2166 2167 2169
f 2169 2167 2168
f 2156 2170 2143
f 2143 2170 2148
f 2152 2161 2153
f 2153 2161 2164
f 2158 2171 2159
f 2159 2171 2139
f 2172 2170 2140
f 2140 2170 2156
f 2167 2174 2173
f 2173 2174 2146
f 2176 2177 2175
f 2175 2177 2178
f 2166 2179 2167
f 2167 2179 2174
f 2180 2145 2174
f 2174 2145 2146
f 2173 2146 2147
f 2147 2146 2144
f 2137 2181 2138
f 2138 2181 2182
f 2155 2183 2137
f 2137 2183 2181
f 2147 2150 2173
f 2173 2150 2184
f 2157 2166 2154
f 2154 2166 2169
f 2137 2140 2155
f 2155 2140 2156
f 2141 2185 2142
f 2142 2185 2186
f 2171 2172 2139
f 2139 2172 2140
f 2143 2148 2144
f 2144 2148 2147
f 2138 2182 2187
f 2187 2182 2188
f 2180 2176 2189
f 2189 2176 2175
f 2177 2176 2160
f 2160 2176 2179
f 2187 2188 2177
f 2177 2188 2178
f 2166 2157 2179
f 2179 2157 2160
f 2145 2180 2190
f 2190 2180 2189
f 2142 2186 2155
f 2155 2186 2183
f 1759 1758 2184
f 2184 1758 2168
f 2185 2141 2190
f 2190 2141 2145
f 2165 2149 2170
f 2170 2149 2148
f 2176 2180 2179
f 2179 2180 2174
f 2187 2177 2159
f 2159 2177 2160
f 2138 2187 2139
f 2139 2187 2159
f 2190 2189 2192
f 2192 2189 2191
f 2190 2192 2185
f 2185 2192 2193
f 2185 2193 2186
f 2186 2193 2194
f 2186 2194 2183
f 2183 2194 2195
f 2189 2175 2191
f 2191 2175 2196
f 2175 2178 2196
f 2196 2178 2197
f 2197 2178 2198
f 2198 2178 2188
f 2200 2191 2199
f 2199 2191 2196
f 2201 2202 2204
f 2204 2202 2203
f 2205 2206 2202
f 2202 2206 2203
f 2203 2206 2208
f 2208 2206 2207
f 2208 2209 2211
f 2211 2209 2210
f 2207 2212 2208
f 2208 2212 2209
f 2211 2204 2208
f 2208 2204 2203
f 2204 2213 2201
f 2201 2213 2214
f 2206 2205 2207
f 2207 2205 2215
f 2205 2193 2215
f 2215 2193 2192
f 2205 2216 2193
f 2193 2216 2194
f 2217 2216 2202
f 2202 2216 2205
f 2218 2217 2201
f 2201 2217 2202
f 2207 2215 2212
f 2212 2215 2200
f 2200 2215 2191
f 2191 2215 2192
f 2219 2218 2214
f 2214 2218 2201
f 2220 2217 2221
f 2221 2217 2218
f 2219 2222 2218
f 2218 2222 2221
f 2223 2220 2224
f 2224 2220 2221
f 2220 2223 2226
f 2226 2223 2225
f 2222 2227 2221
f 2221 2227 2224
f 2217 2220 2216
f 2216 2220 2226
f 2216 2226 2194
f 2194 2226 2195
f 2214 2228 2219
f 2219 2228 2229
f 2214 2213 2228
f 2228 2213 2230
f 2209 2212 2231
f 2231 2212 2200
f 2209 2231 2210
f 2210 2231 2232
f 2231 2200 2233
f 2233 2200 2199
f 2232 2231 2234
f 2234 2231 2233
f 2235 2236 2232
f 2232 2236 2210
f 2230 2236 2228
f 2228 2236 2235
f 2183 2195 2181
f 2181 2195 2237
f 2182 2238 2188
f 2188 2238 2198
f 2237 2238 2181
f 2181 2238 2182
f 2225 2239 2237
f 2237 2239 2238
f 2223 2240 2225
f 2225 2240 2239
f 2238 2239 2198
f 2198 2239 2241
f 2237 2195 2225
f 2225 2195 2226
f 2242 2197 2241
f 2241 2197 2198
f 2197 2242 2196
f 2196 2242 2199
f 2242 2243 2199
f 2199 2243 2233
f 2243 2242 2244
f 2244 2242 2241
f 2245 2243 2246
f 2246 2243 2244
f 2239 2240 2241
f 2241 2240 2244
f 2240 2247 2244
f 2244 2247 2246
f 2243 2245 2233
f 2233 2245 2234
f 2249 2234 2248
f 2248 2234 2245
f 2248 2251 2250
f 2250 2251 2252
f 2248 2245 2251
f 2251 2245 2246
f 2248 2250 2249
f 2249 2250 2229
f 2249 2229 2235
f 2235 2229 2228
f 2235 2232 2249
f 2249 2232 2234
f 2240 2223 2247
f 2247 2223 2224
f 2252 2247 2227
f 2227 2247 2224
f 2252 2251 2247
f 2247 2251 2246
f 2250 2252 2222
f 2222 2252 2227
f 2222 2219 2250
f 2250 2219 2229
f 2204 2211 2213
f 2213 2211 2230
f 2230 2211 2236
f 2236 2211 2210
f 2149 1718 2150
f 2150 1718 1846
f 2154 2153 2157
f 2157 2153 2158
f 2171 2164 2172
f 2172 2164 2163
f 2163 2165 2172
f 2172 2165 2170
f 2253 2151 2169
f 2169 2151 2154
f 2153 2164 2158
f 2158 2164 2171
f 2150 1846 2184
f 2184 1846 1759
f 2184 2168 2173
f 2173 2168 2167
f 2149 2165 1718
f 1718 2165 1756
f 1661 1585 2254
f 2254 1585 2255
f 1824 1682 2257
f 2257 1682 2256
f 1682 1681 2256
f 2256 1681 2258
f 1808 2259 1806
f 1806 2259 2260
f 1588 1824 2261
f 2261 1824 2257
f 1844 1661 2262
f 2262 1661 2254
f 1585 1588 2255
f 2255 1588 2261
f 2263 1807 2262
f 2262 1807 1844
f 1806 2260 1681
f 1681 2260 2258
f 2259 1808 2263
f 2263 1808 1807
f 2262 2264 2263
f 2263 2264 2265
f 2263 2265 2259
f 2259 2265 2266
f 2259 2266 2260
f 2260 2266 2267
f 2260 2267 2258
f 2258 2267 2268
f 2262 2254 2264
f 2264 2254 2269
f 2254 2255 2269
f 2269 2255 2270
f 2255 2261 2270
f 2270 2261 2271
f 2273 2264 2272
f 2272 2264 2269
f 2275 2276 2274
f 2274 2276 2277
f 2278 2279 2275
f 2275 2279 2276
f 2280 2281 2279
f 2279 2281 2276
f 2280 2282 2281
f 2281 2282 2283
f 2284 2277 2281
f 2281 2277 2276
f 2277 2284 2285
f 2285 2284 2286
f 2285 2287 2277
f 2277 2287 2274
f 2280 2279 2288
f 2288 2279 2278
f 2278 2266 2288
f 2288 2266 2265
f 2278 2289 2266
f 2266 2289 2267
f 2275 2290 2278
f 2278 2290 2289
f 2290 2275 2291
f 2291 2275 2274
f 2280 2288 2282
f 2282 2288 2273
f 2273 2288 2264
f 2264 2288 2265
f 2287 2292 2274
f 2274 2292 2291
f 2293 2290 2294
f 2294 2290 2291
f 2292 2295 2291
f 2291 2295 2294
f 2296 2293 2297
f 2297 2293 2294
f 2293 2296 2299
f 2299 2296 2298
f 2295 2300 2294
f 2294 2300 2297
f 2290 2293 2289
f 2289 2293 2299
f 2289 2299 2267
f 2267 2299 2268
f 2292 2287 2302
f 2302 2287 2301
f 2287 2285 2301
f 2301 2285 2286
f 2283 2282 2303
f 2303 2282 2273
f 2304 2283 2305
f 2305 2283 2303
f 2303 2273 2306
f 2306 2273 2272
f 2305 2303 2307
f 2307 2303 2306
f 2305 2308 2304
f 2304 2308 2309
f 2286 2309 2301
f 2301 2309 2308
f 2284 2281 2304
f 2304 2281 2283
f 2286 2284 2309
f 2309 2284 2304
f 2256 2258 2310
f 2310 2258 2268
f 2261 2257 2271
f 2271 2257 2311
f 2310 2311 2256
f 2256 2311 2257
f 2298 2312 2310
f 2310 2312 2311
f 2296 2313 2298
f 2298 2313 2312
f 2311 2312 2271
f 2271 2312 2314
f 2310 2268 2298
f 2298 2268 2299
f 2315 2270 2314
f 2314 2270 2271
f 2270 2315 2269
f 2269 2315 2272
f 2315 2316 2272
f 2272 2316 2306
f 2316 2315 2317
f 2317 2315 2314
f 2318 2316 2319
f 2319 2316 2317
f 2312 2313 2314
f 2314 2313 2317
f 2313 2320 2317
f 2317 2320 2319
f 2316 2318 2306
f 2306 2318 2307
f 2322 2307 2321
f 2321 2307 2318
f 2323 2321 2325
f 2325 2321 2324
f 2321 2318 2324
f 2324 2318 2319
f 2321 2323 2322
f 2322 2323 2302
f 2322 2302 2308
f 2308 2302 2301
f 2308 2305 2322
f 2322 2305 2307
f 2313 2296 2320
f 2320 2296 2297
f 2325 2320 2300
f 2300 2320 2297
f 2325 2324 2320
f 2320 2324 2319
f 2323 2325 2295
f 2295 2325 2300
f 2295 2292 2323
f 2323 2292 2302
f 1775 1773 1764
f 1764 1773 1765
f 1765 1773 1766
f 1766 1773 1749
f 1754 2136 1755
f 1755 2136 2067
f 1632 1631 1845
f 1845 1631 1828
f 1833 1763 1847
f 1847 1763 1740
f 1846 1739 1759
f 1759 1739 1640
f 2046 2136 1698
f 1698 2136 1754
f 1698 1754 1699
f 1699 1754 1753
f 1705 1832 1628
f 1628 1832 1629
f 1660 1659 1835
f 1835 1659 2326
f 2326 2152 1835
f 1835 2152 2151
f 2161 2152 2327
f 2327 2152 2326
f 2327 2326 2328
f 2328 2326 1659
f 2328 1659 2329
f 2329 1659 1658
f 1711 2330 1657
f 1657 2330 1658
f 2329 1658 1653
f 1653 1658 2330
f 2331 2329 1656
f 1656 2329 1653
f 2329 2331 2328
f 2328 2331 2332
f 2328 2332 2327
f 2327 2332 2333
f 1756 2162 1753
f 1753 2162 2333
f 1745 1627 2334
f 2334 1627 1630
f 1653 2330 1654
f 1654 2330 1711
f 1739 1717 1740
f 1740 1717 1847
f 2333 1832 1753
f 1753 1832 1699
f 2333 2162 2327
f 2327 2162 2161
f 2169 2168 2253
f 2253 2168 1758
f 2151 2253 1835
f 1835 2253 1758
f 1629 1832 2332
f 2332 1832 2333
f 2332 2331 1629
f 1629 2331 1630
f 1656 2334 2331
f 2331 2334 1630
f 2334 1656 1745
f 1745 1656 1655
f 1801 1798 1655
f 1655 1798 1745
f 1687 1589 1812
f 1584 1557 1651
f 1651 1557 1618
f 1583 1558 1584
f 1584 1558 1557
f 1821 1671 1822
f 1822 1671 1670
f 1651 1618 1625
f 1625 1618 1620
f 1618 1617 1620
f 1620 1617 1621
f 1617 1569 1621
f 1621 1569 1686
f 1569 1568 1686
f 1686 1568 1570
f 1587 1567 1588
f 1588 1567 1824
f 1571 1568 1587
f 1587 1568 1567
f 1587 1586 1571
f 1571 1586 1787
f 1586 1662 1787
f 1787 1662 1788
f 1843 1793 1662
f 1662 1793 1788
f 1810 1646 1843
f 1843 1646 1793
f 1809 1600 1810
f 1810 1600 1646
f 1809 1805 1600
f 1600 1805 1563
f 1823 1683 1824
f 1824 1683 1682
f 1566 1559 1797
f 1797 1559 1672
f 1559 1558 1672
f 1672 1558 1670
f 1558 1583 1670
f 1670 1583 1822
f 1583 1582 1822
f 1822 1582 1669
f 1582 1842 1669
f 1669 1842 1666
f 1842 1799 1666
f 1666 1799 1811
f 1799 1798 1811
f 1811 1798 1812
f 1798 1801 1812
f 1812 1801 1687
f 1801 1800 1687
f 1687 1800 1688
f 1821 1593 1671
f 1671 1593 1597
f 1597 1593 1598
f 1598 1593 1596
f 1648 1647 1596
f 1596 1647 1598
f 1792 1789 1648
f 1648 1789 1647
f 1747 1750 1792
f 1792 1750 1789
f 1814 1841 1800
f 1800 1841 1688
f 1813 1611 1814
f 1814 1611 1841
f 1813 1710 1757
f 1757 1710 1741
f 1612 1757 1760
f 1760 1757 1736
f 1611 1813 1612
f 1612 1813 1757
f 1760 1641 1612
f 1612 1641 1608
f 1642 1678 1609
f 1609 1678 1635
f 1768 1771 1642
f 1642 1771 1678
f 1767 1772 1768
f 1768 1772 1771
f 1748 1836 1767
f 1767 1836 1772
f 1747 1796 1748
f 1748 1796 1836
f 1805 1680 1563
f 1563 1680 1564
f 1680 1683 1564
f 1564 1683 1797
f 1683 1823 1797
f 1797 1823 1566
f 1566 1823 1565
f 1565 1823 1567
