o hand_left
v -0.234600 0.558970 0.844578
v -0.228710 0.567243 0.840812
v -0.230623 0.557851 0.836426
v -0.237008 0.551025 0.839660
v -0.217288 0.569401 0.823537
v -0.219509 0.574273 0.812229
v -0.223963 0.558464 0.811282
v -0.220448 0.556971 0.821250
v -0.241108 0.544927 0.836209
v -0.232555 0.550282 0.833334
v -0.246032 0.544184 0.833849
v -0.257671 0.542630 0.838276
v -0.250235 0.541425 0.839432
v -0.263357 0.539010 0.843317
v -0.263712 0.552095 0.837768
v -0.269595 0.543653 0.849229
v -0.262102 0.570260 0.860449
v -0.255705 0.576180 0.870748
v -0.260796 0.561187 0.879414
v -0.265885 0.556198 0.867590
v -0.245918 0.572385 0.889437
v -0.254303 0.565572 0.884347
v -0.250484 0.580979 0.876332
v -0.243117 0.586190 0.881237
v -0.228226 0.570358 0.853951
v -0.223173 0.579309 0.850341
v -0.226126 0.575862 0.846950
v -0.230825 0.567280 0.850221
v -0.247387 0.543090 0.822597
v -0.254208 0.553574 0.824009
v -0.252669 0.548158 0.829901
v -0.243409 0.541098 0.826006
v -0.204149 0.600521 0.845863
v -0.206085 0.613099 0.841337
v -0.209311 0.611587 0.836653
v -0.207209 0.600565 0.842060
v -0.216474 0.597363 0.819115
v -0.218694 0.607908 0.821360
v -0.228880 0.613974 0.814234
v -0.230319 0.603753 0.812661
v -0.216850 0.585225 0.815273
v -0.227647 0.591102 0.808534
v -0.228816 0.577916 0.806067
v -0.231178 0.560191 0.805396
v -0.201619 0.617739 0.852432
v -0.199060 0.609062 0.857130
v -0.247777 0.500665 0.853319
v -0.243739 0.504078 0.856460
v -0.245231 0.505988 0.856014
v -0.249184 0.502573 0.853148
v -0.210234 0.620930 0.870415
v -0.219391 0.624033 0.873239
v -0.215975 0.629833 0.870439
v -0.208233 0.626777 0.866059
v -0.212878 0.613140 0.876077
v -0.223876 0.615563 0.876529
v -0.251789 0.491254 0.860981
v -0.251429 0.493032 0.855983
v -0.255452 0.495338 0.857484
v -0.256479 0.494298 0.863233
v -0.243549 0.544427 0.842349
v -0.238383 0.550493 0.847554
v -0.249999 0.531854 0.850307
v -0.245720 0.539361 0.850897
v -0.249843 0.538454 0.845028
v -0.254101 0.532640 0.845983
v -0.234273 0.552710 0.866859
v -0.230929 0.562517 0.861570
v -0.234465 0.558665 0.857522
v -0.238264 0.547087 0.861645
v -0.221381 0.567681 0.870686
v -0.225856 0.557845 0.875315
v -0.219938 0.561966 0.879973
v -0.216974 0.567767 0.875503
v -0.236025 0.541259 0.880656
v -0.238661 0.537178 0.882210
v -0.235734 0.537360 0.884200
v -0.233500 0.543102 0.882795
v -0.213713 0.635950 0.867621
v -0.207125 0.632237 0.861346
v -0.228424 0.581283 0.898884
v -0.217703 0.584588 0.897926
v -0.218845 0.573407 0.905917
v -0.230547 0.573013 0.905159
v -0.229553 0.623514 0.871230
v -0.226007 0.630482 0.870469
v -0.250028 0.492087 0.867237
v -0.254243 0.494643 0.869644
v -0.240752 0.583409 0.807945
v -0.240833 0.562586 0.805283
v -0.240246 0.598753 0.811984
v -0.240441 0.609261 0.815799
v -0.240025 0.618152 0.816077
v -0.243906 0.538105 0.857016
v -0.234972 0.558269 0.851606
v -0.225257 0.572656 0.857344
v -0.204322 0.579295 0.878983
v -0.201089 0.587719 0.873545
v -0.206815 0.580932 0.867545
v -0.208974 0.575239 0.873796
v -0.208827 0.581103 0.895138
v -0.206540 0.575285 0.890012
v -0.209125 0.568229 0.895198
v -0.211172 0.572124 0.901420
v -0.249193 0.544522 0.815227
v -0.254208 0.558405 0.817885
v -0.202734 0.616387 0.864490
v -0.202913 0.621860 0.858946
v -0.203623 0.629368 0.855030
v -0.213502 0.589392 0.846753
v -0.209162 0.600523 0.839274
v -0.210917 0.598279 0.835754
v -0.215907 0.588432 0.844997
v -0.220254 0.574431 0.836288
v -0.214036 0.582919 0.827852
v -0.222015 0.563016 0.833011
v -0.213242 0.611051 0.829504
v -0.208657 0.620741 0.831999
v -0.214021 0.619344 0.825022
v -0.204711 0.623810 0.840432
v -0.202579 0.626776 0.848563
v -0.225050 0.638939 0.869923
v -0.220388 0.617863 0.819707
v -0.223561 0.548363 0.819515
v -0.225462 0.540823 0.817025
v -0.229064 0.540179 0.824136
v -0.227255 0.547407 0.827568
v -0.266943 0.532486 0.848980
v -0.260055 0.531493 0.845381
v -0.256223 0.538294 0.841238
v -0.203760 0.592958 0.854624
v -0.199238 0.600481 0.863727
v -0.247919 0.530513 0.856041
v -0.260198 0.499543 0.863618
v -0.259121 0.500230 0.857392
v -0.265194 0.518393 0.853412
v -0.267231 0.517789 0.860171
v -0.249789 0.526166 0.864130
v -0.248377 0.527132 0.857062
v -0.248297 0.525599 0.858403
v -0.247140 0.524021 0.864836
v -0.229503 0.542831 0.888526
v -0.227546 0.548032 0.886968
v -0.265271 0.541242 0.873713
v -0.273593 0.540405 0.863506
v -0.270697 0.551397 0.857298
v -0.229651 0.556450 0.871391
v -0.232263 0.548033 0.876705
v -0.229763 0.549874 0.879496
v -0.243817 0.536304 0.861354
v -0.246805 0.530437 0.862256
v -0.245316 0.533902 0.866337
v -0.241420 0.539546 0.865094
v -0.216376 0.595777 0.890731
v -0.205813 0.591659 0.887888
v -0.250236 0.496583 0.853266
v -0.252939 0.498606 0.853634
v -0.226440 0.565969 0.866083
v -0.264948 0.564138 0.851074
v -0.221690 0.574884 0.860874
v -0.237742 0.555482 0.901635
v -0.230583 0.552752 0.900920
v -0.229588 0.546581 0.900404
v -0.235067 0.546349 0.902166
v -0.243356 0.510528 0.867886
v -0.242375 0.510187 0.861976
v -0.242640 0.507768 0.861593
v -0.242561 0.507116 0.867718
v -0.250721 0.527163 0.851677
v -0.255217 0.526953 0.847665
v -0.254176 0.522195 0.849465
v -0.250199 0.523775 0.853821
v -0.261450 0.525694 0.847996
v -0.260417 0.520354 0.849642
v -0.247306 0.508165 0.872776
v -0.253444 0.503436 0.873736
v -0.259421 0.520933 0.871781
v -0.251494 0.521352 0.870664
v -0.241650 0.599791 0.874392
v -0.232881 0.603238 0.880327
v -0.234217 0.589870 0.887442
v -0.236160 0.577208 0.895678
v -0.237930 0.564694 0.902110
v -0.248653 0.561110 0.897254
v -0.227357 0.593285 0.890458
v -0.255809 0.531375 0.871026
v -0.263600 0.531847 0.870481
v -0.260880 0.534214 0.873412
v -0.215896 0.576366 0.865334
v -0.255641 0.502660 0.853477
v -0.251224 0.617358 0.835007
v -0.248936 0.621724 0.847436
v -0.250842 0.613184 0.848423
v -0.252676 0.607943 0.834300
v -0.244966 0.508268 0.855715
v -0.250112 0.505839 0.852201
v -0.223193 0.549172 0.891733
v -0.225828 0.544155 0.892724
v -0.225556 0.544271 0.895901
v -0.221070 0.548114 0.896118
v -0.227762 0.605777 0.882064
v -0.217702 0.563973 0.908641
v -0.228706 0.565213 0.908410
v -0.232107 0.614734 0.873968
v -0.240157 0.612147 0.869084
v -0.238738 0.621221 0.865744
v -0.255262 0.549456 0.890166
v -0.247702 0.595039 0.870363
v -0.245159 0.608270 0.864769
v -0.243670 0.618938 0.860570
v -0.242724 0.626978 0.858420
v -0.237283 0.628608 0.864243
v -0.257533 0.500493 0.869744
v -0.249371 0.497961 0.873810
v -0.236691 0.637672 0.863582
v -0.242350 0.635228 0.856658
v -0.250331 0.603994 0.858448
v -0.255309 0.598566 0.849934
v -0.252420 0.591282 0.864047
v -0.257789 0.584879 0.856207
v -0.265326 0.549006 0.885113
v -0.233178 0.494587 0.867470
v -0.241185 0.499766 0.871331
v -0.240144 0.504218 0.867553
v -0.232020 0.498458 0.866084
v -0.244753 0.503811 0.872218
v -0.245038 0.495510 0.871497
v -0.260527 0.577699 0.843761
v -0.248370 0.529901 0.867813
v -0.255880 0.591179 0.833809
v -0.262347 0.564676 0.832078
v -0.256878 0.573940 0.823891
v -0.250304 0.603367 0.821938
v -0.251116 0.587260 0.815983
v -0.247282 0.621236 0.823741
v -0.249008 0.612598 0.824367
v -0.250351 0.570384 0.811516
v -0.238959 0.498692 0.852295
v -0.235822 0.501962 0.856433
v -0.250185 0.625560 0.833835
v -0.225049 0.554322 0.830316
v -0.212265 0.583696 0.858124
v -0.216881 0.582307 0.855180
v -0.200005 0.592780 0.869789
v -0.205606 0.586218 0.861757
v -0.241695 0.493865 0.851431
v -0.240114 0.535526 0.884998
v -0.239922 0.536563 0.885199
v -0.225025 0.549481 0.810600
v -0.226384 0.543051 0.809650
v -0.238970 0.543149 0.805073
v -0.231760 0.543001 0.805090
v -0.231401 0.550979 0.804883
v -0.239161 0.551804 0.804619
v -0.211468 0.589750 0.848430
v -0.208719 0.590403 0.851176
v -0.214186 0.605076 0.883125
v -0.204060 0.600170 0.880413
v -0.266539 0.525994 0.852044
v -0.271507 0.534478 0.855949
v -0.269223 0.526989 0.858571
v -0.265833 0.520695 0.866750
v -0.251183 0.528615 0.869115
v -0.253874 0.527494 0.868913
v -0.212231 0.591105 0.832254
v -0.218506 0.583556 0.841231
v -0.234382 0.545900 0.831106
v -0.235853 0.540084 0.828030
v -0.237328 0.544775 0.869777
v -0.251823 0.538017 0.888916
v -0.259830 0.538043 0.884168
v -0.241197 0.537727 0.873198
v -0.241730 0.487408 0.857063
v -0.242271 0.490297 0.853008
v -0.268998 0.529839 0.865097
v -0.223510 0.553401 0.884018
v -0.249238 0.543331 0.891735
v -0.245063 0.536123 0.889199
v -0.211447 0.565841 0.903511
v -0.247523 0.630259 0.845274
v -0.240298 0.505917 0.861991
v -0.233558 0.502862 0.861250
v -0.236113 0.491357 0.866939
v -0.240395 0.488283 0.863140
v -0.203100 0.607171 0.872033
v -0.219958 0.580977 0.853372
v -0.248186 0.556298 0.809259
v -0.245473 0.544377 0.809226
v -0.243869 0.534800 0.874713
v -0.232660 0.559151 0.904405
v -0.245820 0.551392 0.899450
v -0.242587 0.541798 0.900629
v -0.245107 0.537177 0.895187
v -0.242935 0.534201 0.889047
v -0.230715 0.489548 0.864059
v -0.235318 0.486553 0.860708
v -0.237858 0.486024 0.855050
v -0.239233 0.489048 0.851778
v -0.239119 0.493411 0.850891
v -0.227918 0.493523 0.864336
v -0.227623 0.497400 0.862910
v -0.230943 0.501889 0.860328
v -0.224210 0.494467 0.860325
v -0.223998 0.489476 0.857424
v -0.230522 0.490147 0.843927
v -0.232312 0.487036 0.849044
v -0.229380 0.487428 0.848336
v -0.227222 0.489852 0.844211
v -0.223703 0.491837 0.840627
v -0.227045 0.492330 0.839616
v -0.227544 0.487009 0.852957
v -0.223878 0.490295 0.847618
v -0.221329 0.492414 0.850346
v -0.218448 0.494308 0.845574
v -0.220432 0.492339 0.843126
v -0.223615 0.489712 0.853870
v -0.229166 0.485588 0.855233
v -0.223117 0.494287 0.837751
v -0.221381 0.492899 0.838934
v -0.218746 0.493887 0.840728
v -0.218518 0.496231 0.838732
v -0.237119 0.490050 0.849058
v -0.232246 0.492106 0.843042
v -0.228126 0.495361 0.839620
v -0.224063 0.496968 0.837887
v -0.231815 0.496379 0.842920
v -0.228153 0.498213 0.840581
v -0.224513 0.499806 0.839586
v -0.230189 0.500307 0.844279
v -0.226958 0.500845 0.842177
v -0.236645 0.497837 0.851368
v -0.238818 0.494118 0.850179
v -0.224915 0.501569 0.840834
v -0.218830 0.498425 0.838819
v -0.220798 0.494359 0.853607
v -0.218175 0.497044 0.847106
v -0.220930 0.496873 0.854261
v -0.217922 0.499168 0.848062
v -0.216191 0.497610 0.842854
v -0.217339 0.495370 0.842878
v -0.237339 0.498217 0.852617
v -0.233971 0.501682 0.856837
v -0.233165 0.501438 0.855630
v -0.227415 0.503017 0.847615
v -0.229506 0.501741 0.858228
v -0.224918 0.498513 0.859017
v -0.221494 0.499904 0.853097
v -0.223515 0.502437 0.851354
v -0.219430 0.501307 0.847987
v -0.221501 0.502511 0.847063
v -0.224564 0.502862 0.844365
v -0.218897 0.501652 0.843798
v -0.216899 0.499571 0.843345
v -0.220679 0.500780 0.840405
v -0.220454 0.502591 0.844299
v -0.222475 0.501800 0.842014
v -0.229619 0.511992 0.872417
v -0.225947 0.515008 0.876831
v -0.230062 0.515514 0.877527
v -0.233162 0.512955 0.873899
v -0.234160 0.499793 0.878123
v -0.233221 0.503751 0.873214
v -0.238683 0.504445 0.875535
v -0.239576 0.501603 0.881825
v -0.232478 0.500135 0.885436
v -0.237732 0.503008 0.888565
v -0.244529 0.505618 0.882563
v -0.242970 0.508106 0.875998
v -0.253282 0.525703 0.873381
v -0.256039 0.525065 0.879338
v -0.238737 0.533794 0.879824
v -0.238726 0.533318 0.883517
v -0.231518 0.508449 0.871730
v -0.236080 0.509014 0.873393
v -0.228978 0.519342 0.885817
v -0.229217 0.519509 0.880305
v -0.227481 0.517338 0.881363
v -0.226723 0.515886 0.886706
v -0.246346 0.529375 0.870676
v -0.242671 0.531848 0.875379
v -0.249677 0.527419 0.870879
v -0.231473 0.516268 0.891274
v -0.236218 0.511823 0.893562
v -0.248256 0.528732 0.891409
v -0.242368 0.530614 0.890545
v -0.239787 0.511190 0.873000
v -0.231575 0.517137 0.875434
v -0.235375 0.514737 0.872471
v -0.242339 0.508273 0.889342
v -0.231445 0.506991 0.892308
v -0.212611 0.505668 0.883582
v -0.222763 0.509315 0.888863
v -0.222039 0.513518 0.885818
v -0.211443 0.510215 0.881968
v -0.227844 0.512009 0.890740
v -0.226296 0.504514 0.889089
v -0.216510 0.510816 0.868525
v -0.213349 0.514065 0.873487
v -0.218274 0.506791 0.866738
v -0.254418 0.526808 0.886189
v -0.220982 0.498257 0.871919
v -0.219917 0.502898 0.867416
v -0.223471 0.516177 0.881517
v -0.211374 0.513643 0.878371
v -0.214925 0.501815 0.882679
v -0.220116 0.497965 0.878543
v -0.209740 0.500455 0.878289
v -0.213991 0.497558 0.874704
v -0.216291 0.498089 0.869332
v -0.217169 0.502634 0.866633
v -0.216555 0.506708 0.866840
v -0.207486 0.503905 0.879344
v -0.207019 0.508610 0.879158
v -0.209155 0.512516 0.876981
v -0.202735 0.507520 0.873627
v -0.203248 0.503004 0.871241
v -0.209676 0.509181 0.854054
v -0.211767 0.505454 0.858591
v -0.209278 0.504570 0.858908
v -0.207216 0.508171 0.855003
v -0.212244 0.500893 0.862948
v -0.209875 0.501439 0.862475
v -0.206577 0.500994 0.866147
v -0.205298 0.505575 0.861614
v -0.202146 0.507172 0.865022
v -0.200050 0.510415 0.860443
v -0.202736 0.508694 0.856908
v -0.203608 0.503346 0.867404
v -0.205162 0.510475 0.852884
v -0.205712 0.512634 0.851589
v -0.207666 0.498681 0.868268
v -0.216635 0.503201 0.864617
v -0.213770 0.508047 0.858316
v -0.210829 0.512361 0.854077
v -0.205688 0.515623 0.852320
v -0.213978 0.512305 0.859155
v -0.210597 0.515428 0.855336
v -0.206024 0.517454 0.854278
v -0.212509 0.516332 0.861496
v -0.208844 0.518508 0.857747
v -0.215957 0.511257 0.869064
v -0.217656 0.507563 0.865999
v -0.206715 0.518588 0.856303
v -0.201189 0.513296 0.852791
v -0.201802 0.516532 0.853284
v -0.201613 0.511775 0.853789
v -0.201258 0.508540 0.866586
v -0.199713 0.512463 0.861217
v -0.200988 0.511393 0.867655
v -0.199545 0.514939 0.861398
v -0.198871 0.514295 0.856685
v -0.199386 0.512793 0.856277
v -0.214867 0.510018 0.869521
v -0.211757 0.512842 0.873681
v -0.212422 0.513742 0.873117
v -0.208459 0.518064 0.865038
v -0.208453 0.513355 0.875667
v -0.204444 0.510945 0.874775
v -0.201923 0.514102 0.868496
v -0.204485 0.517185 0.867393
v -0.199498 0.516884 0.862397
v -0.202182 0.518389 0.863294
v -0.206119 0.519806 0.860732
v -0.199295 0.518146 0.857687
v -0.198790 0.516039 0.856835
v -0.202652 0.517975 0.854678
v -0.201334 0.519294 0.859471
v -0.204175 0.519355 0.857086
v -0.222036 0.522071 0.885894
v -0.218447 0.524809 0.889742
v -0.221080 0.525986 0.890535
v -0.224630 0.522972 0.887299
v -0.226625 0.511493 0.891325
v -0.225874 0.514002 0.887094
v -0.230115 0.515567 0.888988
v -0.232143 0.513841 0.893711
v -0.223465 0.510776 0.896055
v -0.230709 0.513888 0.899713
v -0.236333 0.517401 0.894929
v -0.233394 0.518086 0.889719
v -0.240785 0.530567 0.889400
v -0.242892 0.530344 0.895535
v -0.224268 0.518105 0.885518
v -0.227328 0.519340 0.886972
v -0.219011 0.528110 0.897723
v -0.219420 0.528202 0.892781
v -0.218503 0.526432 0.895261
v -0.218199 0.524599 0.899460
v -0.233304 0.536418 0.884950
v -0.229765 0.539581 0.888666
v -0.236714 0.532838 0.885772
v -0.222287 0.525349 0.902930
v -0.228367 0.521724 0.905104
v -0.232945 0.536264 0.903996
v -0.228291 0.538878 0.901242
v -0.229913 0.520658 0.886972
v -0.222051 0.527355 0.888178
v -0.225962 0.524264 0.885727
v -0.234234 0.519245 0.900832
v -0.224952 0.516557 0.903627
v -0.204045 0.512365 0.893163
v -0.216774 0.518170 0.901572
v -0.215297 0.523072 0.898466
v -0.202832 0.516579 0.892254
v -0.220062 0.520609 0.903108
v -0.220078 0.513681 0.900967
v -0.210015 0.518892 0.880506
v -0.206660 0.520813 0.884502
v -0.213207 0.515358 0.880255
v -0.240257 0.532698 0.901771
v -0.226156 0.540779 0.895503
v -0.214364 0.508287 0.883417
v -0.214369 0.512107 0.881009
v -0.216137 0.525098 0.894662
v -0.203694 0.519962 0.889441
v -0.207671 0.508544 0.892812
v -0.212821 0.506668 0.888951
v -0.203915 0.507699 0.888792
v -0.209426 0.505596 0.885493
v -0.212470 0.507687 0.881519
v -0.213189 0.512527 0.880096
v -0.212118 0.516006 0.879762
v -0.200967 0.512634 0.889123
v -0.200479 0.516698 0.888869
v -0.203662 0.520016 0.888249
v -0.198554 0.513817 0.886204
v -0.199872 0.509240 0.883295
v -0.203095 0.516753 0.867139
v -0.206037 0.513987 0.872130
v -0.205011 0.513435 0.872476
v -0.201741 0.515612 0.867396
v -0.208350 0.509475 0.877309
v -0.206586 0.509996 0.876453
v -0.203787 0.508557 0.878919
v -0.200140 0.511496 0.873695
v -0.196167 0.513584 0.877985
v -0.193945 0.515678 0.872768
v -0.197324 0.513848 0.868535
v -0.199933 0.509867 0.881129
v -0.199367 0.516796 0.865016
v -0.200417 0.517636 0.863662
v -0.204958 0.506798 0.880827
v -0.211399 0.513263 0.877841
v -0.207863 0.516517 0.872057
v -0.204934 0.519299 0.867121
v -0.201384 0.521061 0.864673
v -0.207916 0.520206 0.873328
v -0.204777 0.521876 0.868938
v -0.201428 0.523244 0.866776
v -0.206357 0.522806 0.874942
v -0.203423 0.523823 0.871145
v -0.209981 0.519805 0.881417
v -0.211995 0.516984 0.879415
v -0.201062 0.524138 0.868974
v -0.195693 0.517763 0.864462
v -0.195740 0.521882 0.865574
v -0.196178 0.516565 0.865674
v -0.195407 0.514241 0.879526
v -0.192408 0.517329 0.873369
v -0.195041 0.516812 0.880758
v -0.192178 0.519617 0.874682
v -0.192286 0.518175 0.868496
v -0.193057 0.517223 0.868647
v -0.209741 0.519029 0.880812
v -0.206670 0.520728 0.884703
v -0.207087 0.521383 0.885020
v -0.202624 0.524737 0.877926
v -0.203481 0.520714 0.887719
v -0.198647 0.517835 0.886160
v -0.196195 0.520084 0.880905
v -0.198473 0.523398 0.879998
v -0.193629 0.521965 0.875439
v -0.196049 0.523526 0.876039
v -0.200173 0.525360 0.873677
v -0.193886 0.522789 0.871097
v -0.192223 0.520646 0.869611
v -0.197008 0.523941 0.867768
v -0.195677 0.524211 0.872371
v -0.198142 0.524897 0.869918
v -0.227067 0.540946 0.892046
v -0.216322 0.530238 0.895787
v -0.212674 0.531296 0.897938
v -0.213115 0.531737 0.898478
v -0.217047 0.531765 0.896134
v -0.224757 0.526322 0.902660
v -0.222856 0.526959 0.898211
v -0.225379 0.529944 0.899624
v -0.227004 0.529751 0.904117
v -0.223076 0.526829 0.907887
v -0.224182 0.530004 0.909257
v -0.227385 0.533658 0.904549
v -0.226212 0.533707 0.899934
v -0.229156 0.549410 0.900319
v -0.229956 0.551962 0.905117
v -0.211047 0.558716 0.904165
v -0.210513 0.558539 0.899084
v -0.210429 0.549472 0.901182
v -0.210781 0.550677 0.905714
v -0.219850 0.528592 0.896132
v -0.221582 0.531089 0.896433
v -0.209944 0.533916 0.907341
v -0.210208 0.533964 0.902359
v -0.210240 0.532029 0.901634
v -0.208736 0.531281 0.906203
v -0.213109 0.555299 0.895861
v -0.217095 0.552594 0.895184
v -0.216674 0.548671 0.895316
v -0.213197 0.547624 0.897724
v -0.222588 0.547208 0.896220
v -0.212769 0.533789 0.910909
v -0.218645 0.533631 0.912751
v -0.217822 0.553871 0.912231
v -0.213537 0.552999 0.909649
v -0.222521 0.532818 0.897323
v -0.213303 0.534037 0.898556
v -0.216979 0.532803 0.896934
v -0.224905 0.534252 0.909947
v -0.217525 0.529755 0.911484
v -0.207383 0.522556 0.906824
v -0.210616 0.528204 0.909558
v -0.208229 0.530334 0.905938
v -0.205563 0.525003 0.905061
v -0.211500 0.530219 0.909802
v -0.215996 0.526420 0.910140
v -0.212498 0.527298 0.894127
v -0.208352 0.528101 0.897846
v -0.215506 0.525529 0.893591
v -0.226003 0.554145 0.909965
v -0.219393 0.520859 0.898182
v -0.217538 0.522989 0.894668
v -0.209806 0.531106 0.901308
v -0.205684 0.527262 0.901735
v -0.211906 0.520076 0.906723
v -0.218071 0.520213 0.903922
v -0.209082 0.517060 0.903269
v -0.215262 0.517341 0.900864
v -0.216601 0.520111 0.895004
v -0.215349 0.523784 0.893509
v -0.213467 0.526450 0.893461
v -0.204891 0.520476 0.904217
v -0.203673 0.523083 0.903648
v -0.204850 0.526216 0.901379
v -0.202663 0.518795 0.901126
v -0.205162 0.516697 0.897409
v -0.202891 0.523847 0.886382
v -0.206693 0.523513 0.888568
v -0.206211 0.522400 0.888822
v -0.202861 0.522749 0.886251
v -0.211191 0.521315 0.891434
v -0.209302 0.520668 0.891129
v -0.209073 0.518127 0.893938
v -0.204517 0.518823 0.890620
v -0.200646 0.517828 0.894323
v -0.197588 0.518420 0.891354
v -0.201286 0.518906 0.888262
v -0.205036 0.516959 0.895614
v -0.200414 0.521912 0.884881
v -0.199575 0.522859 0.884126
v -0.211357 0.517089 0.895351
v -0.211738 0.525423 0.891753
v -0.206023 0.526169 0.888151
v -0.201457 0.525860 0.885464
v -0.197757 0.524481 0.884589
v -0.205472 0.528265 0.889527
v -0.200483 0.527773 0.886400
v -0.197002 0.526316 0.885790
v -0.203625 0.529728 0.891998
v -0.199397 0.528703 0.888547
v -0.208112 0.529526 0.895635
v -0.210239 0.528286 0.893009
v -0.197008 0.527134 0.887346
v -0.196844 0.520210 0.885493
v -0.195291 0.522790 0.886242
v -0.198107 0.519118 0.886160
v -0.199746 0.518006 0.895510
v -0.195993 0.518918 0.892005
v -0.198485 0.519362 0.897049
v -0.194904 0.520669 0.892817
v -0.194983 0.519538 0.888592
v -0.196782 0.518613 0.888649
v -0.210033 0.528151 0.894935
v -0.207468 0.527959 0.897540
v -0.205197 0.528404 0.898619
v -0.200867 0.528848 0.895309
v -0.202846 0.525483 0.901776
v -0.201883 0.521697 0.902352
v -0.197748 0.521986 0.897859
v -0.198112 0.525448 0.897572
v -0.194565 0.522862 0.892933
v -0.195392 0.525821 0.893102
v -0.197250 0.528267 0.891362
v -0.194147 0.523626 0.889157
v -0.193984 0.521761 0.888702
v -0.194965 0.524666 0.887196
v -0.194649 0.525397 0.889793
v -0.195565 0.526364 0.888668
v -0.213581 0.557989 0.907412
v -0.245649 0.530129 0.815248
v -0.243741 0.529958 0.820540
v -0.227466 0.528810 0.818943
v -0.233007 0.528050 0.823294
v -0.225820 0.529180 0.812263
v -0.232525 0.530722 0.803583
v -0.227975 0.530928 0.807054
v -0.238969 0.528599 0.823724
v -0.244752 0.530903 0.809189
v -0.239582 0.531453 0.803817
v -0.246392 0.521863 0.809207
v -0.240492 0.522304 0.803325
v -0.233443 0.521782 0.802323
v -0.227724 0.523970 0.806937
v -0.225278 0.524243 0.811504
v -0.245362 0.523722 0.816630
v -0.242810 0.524318 0.821452
v -0.236807 0.524642 0.824161
v -0.243692 0.516478 0.820143
v -0.240429 0.507590 0.816931
v -0.223667 0.497740 0.813326
v -0.225014 0.504264 0.811362
v -0.227536 0.502977 0.811570
v -0.226141 0.496998 0.812849
v -0.228779 0.508090 0.809150
v -0.230003 0.506557 0.810509
v -0.235016 0.507155 0.812188
v -0.233397 0.501641 0.813718
v -0.237966 0.506155 0.816337
v -0.236949 0.502560 0.818685
v -0.232099 0.496223 0.815209
v -0.227214 0.493175 0.813844
v -0.230759 0.491771 0.816600
v -0.224550 0.492856 0.815582
v -0.237147 0.507284 0.809683
v -0.225766 0.514291 0.808454
v -0.222583 0.506854 0.812217
v -0.221255 0.499604 0.815510
v -0.222887 0.494097 0.818126
v -0.221001 0.509091 0.815706
v -0.220933 0.502377 0.818902
v -0.222998 0.497639 0.821624
v -0.222038 0.510667 0.820287
v -0.222623 0.504008 0.822197
v -0.225238 0.522062 0.817985
v -0.223628 0.519412 0.812210
v -0.223869 0.500030 0.822940
v -0.229346 0.490277 0.818674
v -0.227631 0.491826 0.821526
v -0.238678 0.504083 0.821255
v -0.236133 0.497279 0.819937
v -0.236369 0.498299 0.822770
v -0.238869 0.506909 0.824135
v -0.235694 0.499590 0.825237
v -0.233790 0.493119 0.822027
v -0.234198 0.493579 0.819232
v -0.226070 0.525217 0.817684
v -0.230820 0.525547 0.822312
v -0.230093 0.522805 0.822547
v -0.226841 0.511877 0.824918
v -0.235432 0.521228 0.825180
v -0.240815 0.518732 0.823706
v -0.236809 0.508905 0.826568
v -0.232529 0.511009 0.827155
v -0.233144 0.501652 0.826797
v -0.230544 0.503299 0.826773
v -0.225915 0.504032 0.825242
v -0.230330 0.497242 0.825714
v -0.232530 0.494646 0.824577
v -0.226581 0.495723 0.823892
v -0.229146 0.499735 0.825850
v -0.226279 0.499279 0.824628
v -0.210371 0.563727 0.897001
v -0.213090 0.559858 0.892558
v -0.210914 0.565147 0.890298
v -0.207539 0.571772 0.884959
v -0.204065 0.581730 0.884718
v -0.211794 0.569132 0.880079
v -0.214990 0.562338 0.885919
v -0.218575 0.555053 0.889550
v -0.214393 0.573406 0.871131
f 2 3 1
f 1 3 4
f 5 6 8
f 8 6 7
f 9 4 10
f 10 4 3
f 12 13 11
f 11 13 9
f 14 12 16
f 16 12 15
f 18 19 17
f 17 19 20
f 22 23 21
f 21 23 24
f 26 27 25
f 25 27 28
f 30 31 29
f 29 31 32
f 33 34 36
f 36 34 35
f 37 38 40
f 40 38 39
f 41 42 6
f 6 42 43
f 6 43 7
f 7 43 44
f 45 34 46
f 46 34 33
f 48 49 47
f 47 49 50
f 52 53 51
f 51 53 54
f 56 52 55
f 55 52 51
f 58 59 57
f 57 59 60
f 61 62 4
f 4 62 1
f 64 65 63
f 63 65 66
f 68 69 67
f 67 69 70
f 72 73 71
f 71 73 74
f 76 77 75
f 75 77 78
f 53 79 54
f 54 79 80
f 82 83 81
f 81 83 84
f 85 86 52
f 52 86 53
f 57 60 87
f 87 60 88
f 89 90 43
f 43 90 44
f 43 42 89
f 89 42 91
f 40 39 92
f 92 39 93
f 94 70 64
f 64 70 69
f 13 61 9
f 9 61 4
f 25 28 69
f 69 28 95
f 96 25 68
f 68 25 69
f 98 99 97
f 97 99 100
f 101 102 104
f 104 102 103
f 106 30 105
f 105 30 29
f 51 54 107
f 107 54 108
f 54 80 108
f 108 80 109
f 111 112 110
f 110 112 113
f 115 5 114
f 114 5 116
f 115 41 5
f 5 41 6
f 36 35 111
f 111 35 117
f 35 118 117
f 117 118 119
f 34 120 35
f 35 120 118
f 34 45 120
f 120 45 121
f 125 126 124
f 124 126 127
f 128 129 14
f 14 129 130
f 33 131 46
f 46 131 132
f 133 94 63
f 63 94 64
f 134 135 137
f 137 135 136
f 139 140 138
f 138 140 141
f 77 142 78
f 78 142 143
f 144 145 20
f 20 145 146
f 148 149 147
f 147 149 72
f 151 152 150
f 150 152 153
f 82 101 83
f 83 101 104
f 101 82 155
f 155 82 154
f 156 157 58
f 58 157 59
f 158 68 147
f 147 68 67
f 159 146 15
f 15 146 16
f 68 158 96
f 96 158 160
f 129 66 130
f 130 66 65
f 162 163 161
f 161 163 164
f 166 167 165
f 165 167 168
f 170 171 169
f 169 171 172
f 174 171 173
f 173 171 170
f 176 177 175
f 175 177 178
f 180 181 179
f 179 181 24
f 182 183 21
f 21 183 184
f 81 185 82
f 82 185 154
f 186 187 188
f 188 187 144
f 158 71 160
f 160 71 189
f 190 135 157
f 157 135 59
f 169 172 139
f 139 172 140
f 147 72 158
f 158 72 71
f 192 193 191
f 191 193 194
f 167 166 49
f 49 166 195
f 196 190 50
f 50 190 157
f 197 198 200
f 200 198 199
f 21 24 182
f 182 24 181
f 146 159 20
f 20 159 17
f 182 181 81
f 81 181 185
f 201 185 180
f 180 185 181
f 202 203 83
f 83 203 84
f 205 206 204
f 204 206 85
f 207 22 184
f 184 22 21
f 179 24 208
f 208 24 23
f 208 209 179
f 179 209 205
f 209 210 205
f 205 210 206
f 212 206 211
f 211 206 210
f 179 205 180
f 180 205 204
f 213 176 88
f 88 176 214
f 86 85 212
f 212 85 206
f 193 217 218
f 217 219 218
f 218 219 220
f 219 18 220
f 220 18 17
f 19 221 20
f 20 221 144
f 222 223 225
f 225 223 224
f 175 226 176
f 176 226 214
f 227 87 214
f 214 87 88
f 220 17 228
f 228 17 159
f 134 213 60
f 60 213 88
f 138 229 151
f 151 229 152
f 193 192 210
f 210 192 211
f 230 194 218
f 218 194 193
f 231 232 228
f 228 232 230
f 233 234 91
f 91 234 89
f 235 236 93
f 93 236 92
f 230 232 234
f 234 232 237
f 47 238 48
f 48 238 239
f 240 191 235
f 235 191 236
f 5 8 116
f 116 8 241
f 242 243 189
f 189 243 160
f 244 245 98
f 98 245 99
f 156 246 47
f 47 246 238
f 76 247 77
f 77 247 248
f 250 125 249
f 249 125 124
f 252 253 251
f 251 253 254
f 111 110 36
f 36 110 255
f 256 33 255
f 255 33 36
f 257 258 154
f 154 258 155
f 63 169 133
f 133 169 139
f 66 170 63
f 63 170 169
f 173 170 129
f 129 170 66
f 129 128 173
f 173 128 259
f 128 260 259
f 259 260 261
f 213 134 262
f 262 134 137
f 263 264 186
f 186 264 187
f 112 265 113
f 113 265 266
f 11 267 268
f 234 233 230
f 230 233 194
f 153 269 70
f 70 269 67
f 175 178 165
f 165 178 141
f 150 153 94
f 94 153 70
f 271 221 270
f 270 221 207
f 269 153 272
f 272 153 152
f 121 45 109
f 109 45 108
f 47 50 156
f 156 50 157
f 57 273 58
f 58 273 274
f 145 275 260
f 260 275 261
f 276 149 143
f 143 149 78
f 148 269 75
f 75 269 272
f 207 277 270
f 270 277 278
f 195 196 49
f 49 196 50
f 59 135 60
f 60 135 134
f 83 104 202
f 202 104 279
f 149 148 78
f 78 148 75
f 247 278 248
f 248 278 277
f 183 182 84
f 84 182 81
f 48 239 281
f 281 239 282
f 227 223 283
f 283 223 222
f 223 226 224
f 224 226 168
f 281 282 224
f 224 282 225
f 165 168 175
f 175 168 226
f 264 263 138
f 138 263 229
f 14 16 128
f 128 16 260
f 220 228 218
f 218 228 230
f 87 227 284
f 284 227 283
f 260 16 145
f 145 16 146
f 244 98 258
f 258 98 155
f 58 274 156
f 156 274 246
f 107 285 51
f 51 285 55
f 243 286 160
f 160 286 96
f 234 237 89
f 89 237 90
f 46 132 107
f 107 132 285
f 253 252 249
f 249 252 250
f 286 26 96
f 96 26 25
f 106 105 287
f 287 105 288
f 272 152 289
f 289 152 229
f 138 151 139
f 139 151 133
f 183 290 161
f 161 290 162
f 291 292 277
f 277 292 293
f 151 150 133
f 133 150 94
f 262 275 177
f 177 275 187
f 144 187 145
f 145 187 275
f 273 57 284
f 284 57 87
f 174 136 190
f 190 136 135
f 111 117 112
f 112 117 38
f 117 119 38
f 38 119 123
f 112 38 265
f 265 38 37
f 287 288 254
f 254 288 251
f 228 159 231
f 231 159 15
f 223 227 226
f 226 227 214
f 147 67 148
f 148 67 269
f 224 168 281
f 281 168 167
f 199 163 200
f 200 163 162
f 45 46 108
f 108 46 107
f 281 167 48
f 48 167 49
f 161 164 291
f 291 164 292
f 38 123 39
f 293 294 277
f 277 294 248
f 284 283 296
f 296 283 295
f 284 296 273
f 273 296 297
f 274 273 298
f 298 273 297
f 246 274 299
f 299 274 298
f 283 222 295
f 295 222 300
f 222 225 300
f 300 225 301
f 301 225 302
f 302 225 282
f 303 304 300
f 300 304 295
f 306 307 305
f 305 307 308
f 309 310 308
f 308 310 305
f 308 307 312
f 312 307 311
f 313 314 312
f 312 314 315
f 311 316 312
f 312 316 313
f 317 304 311
f 311 304 316
f 315 309 312
f 312 309 308
f 318 319 321
f 321 319 320
f 319 318 309
f 309 318 310
f 311 307 317
f 317 307 306
f 306 297 317
f 317 297 296
f 306 322 297
f 297 322 298
f 305 323 306
f 306 323 322
f 323 305 324
f 324 305 310
f 304 317 295
f 295 317 296
f 318 325 310
f 310 325 324
f 323 324 326
f 326 324 327
f 324 325 327
f 327 325 328
f 326 327 329
f 329 327 330
f 329 331 326
f 326 331 332
f 333 330 328
f 328 330 327
f 323 326 322
f 322 326 332
f 322 332 298
f 298 332 299
f 325 318 334
f 334 318 321
f 313 316 335
f 335 316 304
f 335 336 313
f 313 336 314
f 304 303 335
f 335 303 337
f 336 335 338
f 338 335 337
f 336 339 314
f 314 339 340
f 246 299 238
f 238 299 341
f 239 342 282
f 282 342 302
f 342 239 341
f 341 239 238
f 341 331 342
f 342 331 343
f 331 329 343
f 343 329 344
f 342 343 302
f 302 343 345
f 341 299 331
f 331 299 332
f 346 301 345
f 345 301 302
f 346 303 301
f 301 303 300
f 347 337 346
f 346 337 303
f 347 346 348
f 348 346 345
f 349 347 350
f 350 347 348
f 343 344 345
f 345 344 348
f 344 351 348
f 348 351 350
f 337 347 338
f 338 347 349
f 353 338 352
f 352 338 349
f 352 355 354
f 354 355 356
f 352 349 355
f 355 349 350
f 352 354 353
f 353 354 334
f 353 334 339
f 339 334 321
f 339 336 353
f 353 336 338
f 329 330 344
f 344 330 351
f 356 351 333
f 333 351 330
f 356 355 351
f 351 355 350
f 354 356 328
f 328 356 333
f 328 325 354
f 354 325 334
f 309 315 319
f 319 315 320
f 320 340 321
f 321 340 339
f 320 315 340
f 340 315 314
f 137 136 261
f 261 136 259
f 140 166 141
f 141 166 165
f 172 171 195
f 195 171 196
f 171 174 196
f 196 174 190
f 178 177 264
f 264 177 187
f 172 195 140
f 140 195 166
f 137 261 262
f 262 261 275
f 178 264 141
f 141 264 138
f 262 177 213
f 213 177 176
f 136 174 259
f 259 174 173
f 358 359 357
f 357 359 360
f 362 363 361
f 361 363 364
f 361 364 365
f 365 364 366
f 367 368 370
f 370 368 369
f 76 371 247
f 247 371 372
f 373 374 362
f 362 374 363
f 376 377 375
f 375 377 378
f 289 229 380
f 380 229 379
f 381 379 263
f 263 379 229
f 383 384 382
f 382 384 385
f 386 368 374
f 374 368 363
f 76 289 371
f 371 289 380
f 377 376 359
f 359 376 387
f 388 386 360
f 360 386 374
f 389 383 366
f 366 383 390
f 392 393 391
f 391 393 394
f 383 382 390
f 390 382 395
f 396 365 390
f 390 365 366
f 389 366 367
f 367 366 364
f 357 397 358
f 358 397 398
f 373 399 357
f 357 399 397
f 389 367 400
f 400 367 370
f 382 385 375
f 375 385 372
f 357 360 373
f 373 360 374
f 361 401 362
f 362 401 402
f 387 388 359
f 359 388 360
f 363 368 364
f 364 368 367
f 358 398 403
f 403 398 404
f 396 392 405
f 405 392 391
f 392 395 393
f 393 395 378
f 393 403 394
f 394 403 404
f 375 378 382
f 382 378 395
f 365 396 406
f 406 396 405
f 362 402 373
f 373 402 399
f 271 270 400
f 400 270 384
f 401 361 406
f 406 361 365
f 381 369 386
f 386 369 368
f 392 396 395
f 395 396 390
f 393 378 403
f 403 378 377
f 403 377 358
f 358 377 359
f 406 405 408
f 408 405 407
f 406 408 401
f 401 408 409
f 401 409 402
f 402 409 410
f 402 410 399
f 399 410 411
f 405 391 407
f 407 391 412
f 391 394 412
f 412 394 413
f 394 404 413
f 413 404 414
f 415 416 412
f 412 416 407
f 418 419 417
f 417 419 420
f 421 422 418
f 418 422 419
f 419 422 424
f 424 422 423
f 425 426 424
f 424 426 427
f 423 428 424
f 424 428 425
f 427 420 424
f 424 420 419
f 420 429 417
f 417 429 430
f 423 422 431
f 431 422 421
f 421 409 431
f 431 409 408
f 421 432 409
f 409 432 410
f 418 433 421
f 421 433 432
f 434 433 417
f 417 433 418
f 431 416 423
f 423 416 428
f 416 431 407
f 407 431 408
f 435 434 430
f 430 434 417
f 433 434 436
f 436 434 437
f 434 435 437
f 437 435 438
f 436 437 439
f 439 437 440
f 439 441 436
f 436 441 442
f 438 443 437
f 437 443 440
f 436 442 433
f 433 442 432
f 432 442 410
f 410 442 411
f 435 430 445
f 445 430 444
f 430 429 444
f 444 429 446
f 425 428 447
f 447 428 416
f 426 425 448
f 448 425 447
f 416 415 447
f 447 415 449
f 447 449 448
f 448 449 450
f 451 452 448
f 448 452 426
f 446 452 444
f 444 452 451
f 399 411 397
f 397 411 453
f 398 454 404
f 404 454 414
f 454 398 453
f 453 398 397
f 453 441 454
f 454 441 455
f 441 439 455
f 455 439 456
f 454 455 414
f 414 455 457
f 441 453 442
f 442 453 411
f 458 413 457
f 457 413 414
f 458 415 413
f 413 415 412
f 458 459 415
f 415 459 449
f 459 458 460
f 460 458 457
f 461 459 462
f 462 459 460
f 455 456 457
f 457 456 460
f 456 463 460
f 460 463 462
f 459 461 449
f 449 461 450
f 465 450 464
f 464 450 461
f 464 467 466
f 466 467 468
f 464 461 467
f 467 461 462
f 464 466 465
f 465 466 445
f 465 445 451
f 451 445 444
f 451 448 465
f 465 448 450
f 439 440 456
f 456 440 463
f 468 463 443
f 443 463 440
f 468 467 463
f 463 467 462
f 466 468 438
f 438 468 443
f 438 435 466
f 466 435 445
f 420 427 429
f 429 427 446
f 446 427 452
f 452 427 426
f 370 369 188
f 188 369 186
f 371 376 372
f 372 376 375
f 380 379 387
f 387 379 388
f 379 381 388
f 388 381 386
f 385 384 278
f 278 384 270
f 380 387 371
f 371 387 376
f 400 370 271
f 271 370 188
f 385 278 372
f 372 278 247
f 400 384 389
f 389 384 383
f 369 381 186
f 186 381 263
f 221 271 144
f 144 271 188
f 221 19 207
f 207 19 22
f 19 18 22
f 22 18 23
f 18 219 23
f 23 219 208
f 469 470 472
f 472 470 471
f 474 475 473
f 473 475 476
f 473 476 477
f 477 476 478
f 480 481 479
f 479 481 482
f 483 484 474
f 474 484 475
f 486 487 485
f 485 487 488
f 489 490 77
f 77 490 142
f 491 489 248
f 248 489 77
f 493 494 492
f 492 494 495
f 496 480 484
f 484 480 475
f 486 497 487
f 487 497 471
f 498 496 472
f 472 496 484
f 499 493 478
f 478 493 500
f 501 502 504
f 504 502 503
f 493 492 500
f 500 492 505
f 506 477 500
f 500 477 478
f 499 478 479
f 479 478 476
f 469 507 470
f 470 507 508
f 483 509 469
f 469 509 507
f 479 482 499
f 499 482 510
f 492 495 485
f 485 495 511
f 483 469 484
f 484 469 472
f 473 512 474
f 474 512 513
f 497 498 471
f 471 498 472
f 475 480 476
f 476 480 479
f 470 508 514
f 514 508 515
f 506 502 516
f 516 502 501
f 503 502 488
f 488 502 505
f 514 515 503
f 503 515 504
f 485 488 492
f 492 488 505
f 477 506 517
f 517 506 516
f 474 513 483
f 483 513 509
f 510 292 494
f 494 292 164
f 512 473 517
f 517 473 477
f 491 481 496
f 496 481 480
f 502 506 505
f 505 506 500
f 503 488 514
f 514 488 487
f 514 487 470
f 470 487 471
f 517 516 519
f 519 516 518
f 517 519 512
f 512 519 520
f 512 520 513
f 513 520 521
f 513 521 509
f 509 521 522
f 516 501 518
f 518 501 523
f 501 504 523
f 523 504 524
f 524 504 525
f 525 504 515
f 526 527 523
f 523 527 518
f 529 530 528
f 528 530 531
f 532 533 529
f 529 533 530
f 530 533 535
f 535 533 534
f 536 537 535
f 535 537 538
f 534 539 535
f 535 539 536
f 538 531 535
f 535 531 530
f 540 541 531
f 531 541 528
f 533 532 534
f 534 532 542
f 532 520 542
f 542 520 519
f 532 543 520
f 520 543 521
f 529 544 532
f 532 544 543
f 544 529 545
f 545 529 528
f 534 542 539
f 539 542 527
f 527 542 518
f 518 542 519
f 541 546 528
f 528 546 545
f 547 544 548
f 548 544 545
f 546 549 545
f 545 549 548
f 550 547 551
f 551 547 548
f 547 550 553
f 553 550 552
f 549 554 548
f 548 554 551
f 544 547 543
f 543 547 553
f 543 553 521
f 521 553 522
f 546 541 556
f 556 541 555
f 541 540 555
f 555 540 557
f 536 539 558
f 558 539 527
f 537 536 559
f 559 536 558
f 527 526 558
f 558 526 560
f 559 558 561
f 561 558 560
f 559 562 537
f 537 562 563
f 557 563 555
f 555 563 562
f 509 522 507
f 507 522 564
f 508 565 515
f 515 565 525
f 565 508 564
f 564 508 507
f 564 552 565
f 565 552 566
f 552 550 566
f 566 550 567
f 565 566 525
f 525 566 568
f 564 522 552
f 552 522 553
f 569 524 568
f 568 524 525
f 569 526 524
f 524 526 523
f 570 560 569
f 569 560 526
f 570 569 571
f 571 569 568
f 572 570 573
f 573 570 571
f 566 567 568
f 568 567 571
f 567 574 571
f 571 574 573
f 570 572 560
f 560 572 561
f 576 561 575
f 575 561 572
f 575 578 577
f 577 578 579
f 575 572 578
f 578 572 573
f 575 577 576
f 576 577 556
f 576 556 562
f 562 556 555
f 562 559 576
f 576 559 561
f 550 551 567
f 567 551 574
f 579 574 554
f 554 574 551
f 579 578 574
f 574 578 573
f 579 554 577
f 577 554 549
f 549 546 577
f 577 546 556
f 531 538 540
f 540 538 557
f 557 538 563
f 563 538 537
f 481 294 482
f 482 294 293
f 580 486 511
f 511 486 485
f 490 489 497
f 497 489 498
f 489 491 498
f 498 491 496
f 163 495 164
f 164 495 494
f 580 490 486
f 486 490 497
f 482 293 510
f 510 293 292
f 495 163 511
f 511 163 199
f 494 493 510
f 510 493 499
f 481 491 294
f 294 491 248
f 582 583 581
f 581 583 584
f 586 587 585
f 585 587 588
f 585 588 589
f 589 588 590
f 592 593 591
f 591 593 594
f 595 596 598
f 598 596 597
f 599 600 586
f 586 600 587
f 601 602 604
f 604 602 603
f 605 606 608
f 608 606 607
f 609 607 200
f 200 607 606
f 610 611 613
f 613 611 612
f 600 614 587
f 587 614 592
f 596 605 597
f 597 605 608
f 602 615 603
f 603 615 583
f 616 614 584
f 584 614 600
f 611 618 617
f 617 618 590
f 620 621 619
f 619 621 622
f 610 623 611
f 611 623 618
f 624 589 618
f 618 589 590
f 617 590 591
f 591 590 588
f 581 625 582
f 582 625 626
f 599 627 581
f 581 627 625
f 591 594 617
f 617 594 628
f 601 610 598
f 598 610 613
f 581 584 599
f 599 584 600
f 585 629 586
f 586 629 630
f 615 616 583
f 583 616 584
f 587 592 588
f 588 592 591
f 582 626 631
f 631 626 632
f 624 620 633
f 633 620 619
f 621 620 604
f 604 620 623
f 631 632 621
f 621 632 622
f 610 601 623
f 623 601 604
f 589 624 634
f 634 624 633
f 586 630 599
f 599 630 627
f 203 202 628
f 628 202 612
f 629 585 634
f 634 585 589
f 609 593 614
f 614 593 592
f 620 624 623
f 623 624 618
f 631 621 603
f 603 621 604
f 582 631 583
f 583 631 603
f 634 633 636
f 636 633 635
f 634 636 629
f 629 636 637
f 629 637 630
f 630 637 638
f 630 638 627
f 627 638 639
f 633 619 635
f 635 619 640
f 619 622 640
f 640 622 641
f 641 622 642
f 642 622 632
f 644 635 643
f 643 635 640
f 645 646 648
f 648 646 647
f 649 650 646
f 646 650 647
f 647 650 652
f 652 650 651
f 652 653 655
f 655 653 654
f 651 656 652
f 652 656 653
f 655 648 652
f 652 648 647
f 648 657 645
f 645 657 658
f 650 649 651
f 651 649 659
f 649 637 659
f 659 637 636
f 649 660 637
f 637 660 638
f 661 660 646
f 646 660 649
f 662 661 645
f 645 661 646
f 651 659 656
f 656 659 644
f 644 659 635
f 635 659 636
f 663 662 658
f 658 662 645
f 664 661 665
f 665 661 662
f 663 666 662
f 662 666 665
f 667 664 668
f 668 664 665
f 664 667 670
f 670 667 669
f 666 671 665
f 665 671 668
f 661 664 660
f 660 664 670
f 660 670 638
f 638 670 639
f 658 672 663
f 663 672 673
f 658 657 672
f 672 657 674
f 653 656 675
f 675 656 644
f 653 675 654
f 654 675 676
f 675 644 677
f 677 644 643
f 676 675 678
f 678 675 677
f 679 680 676
f 676 680 654
f 674 680 672
f 672 680 679
f 627 639 625
f 625 639 681
f 626 682 632
f 632 682 642
f 681 682 625
f 625 682 626
f 669 683 681
f 681 683 682
f 667 684 669
f 669 684 683
f 682 683 642
f 642 683 685
f 681 639 669
f 669 639 670
f 686 641 685
f 685 641 642
f 641 686 640
f 640 686 643
f 686 687 643
f 643 687 677
f 687 686 688
f 688 686 685
f 689 687 690
f 690 687 688
f 683 684 685
f 685 684 688
f 684 691 688
f 688 691 690
f 687 689 677
f 677 689 678
f 693 678 692
f 692 678 689
f 692 695 694
f 694 695 696
f 692 689 695
f 695 689 690
f 692 694 693
f 693 694 673
f 693 673 679
f 679 673 672
f 679 676 693
f 693 676 678
f 684 667 691
f 691 667 668
f 696 691 671
f 671 691 668
f 696 695 691
f 691 695 690
f 694 696 666
f 666 696 671
f 666 663 694
f 694 663 673
f 648 655 657
f 657 655 674
f 674 655 680
f 680 655 654
f 593 162 594
f 594 162 290
f 598 597 601
f 601 597 602
f 615 608 616
f 616 608 607
f 607 609 616
f 616 609 614
f 697 595 613
f 613 595 598
f 597 608 602
f 602 608 615
f 594 290 628
f 628 290 203
f 628 612 617
f 617 612 611
f 593 609 162
f 162 609 200
f 105 29 698
f 698 29 699
f 268 126 701
f 701 126 700
f 126 125 700
f 700 125 702
f 252 703 250
f 250 703 704
f 32 268 705
f 705 268 701
f 288 105 706
f 706 105 698
f 29 32 699
f 699 32 705
f 707 251 706
f 706 251 288
f 250 704 125
f 125 704 702
f 703 252 707
f 707 252 251
f 706 708 707
f 707 708 709
f 707 709 703
f 703 709 710
f 703 710 704
f 704 710 711
f 704 711 702
f 702 711 712
f 706 698 708
f 708 698 713
f 698 699 713
f 713 699 714
f 699 705 714
f 714 705 715
f 717 708 716
f 716 708 713
f 719 720 718
f 718 720 721
f 722 723 719
f 719 723 720
f 724 725 723
f 723 725 720
f 724 726 725
f 725 726 727
f 728 721 725
f 725 721 720
f 721 728 729
f 729 728 730
f 729 731 721
f 721 731 718
f 724 723 732
f 732 723 722
f 722 710 732
f 732 710 709
f 722 733 710
f 710 733 711
f 719 734 722
f 722 734 733
f 734 719 735
f 735 719 718
f 724 732 726
f 726 732 717
f 717 732 708
f 708 732 709
f 731 736 718
f 718 736 735
f 737 734 738
f 738 734 735
f 736 739 735
f 735 739 738
f 740 737 741
f 741 737 738
f 737 740 743
f 743 740 742
f 739 744 738
f 738 744 741
f 734 737 733
f 733 737 743
f 733 743 711
f 711 743 712
f 736 731 746
f 746 731 745
f 731 729 745
f 745 729 730
f 727 726 747
f 747 726 717
f 748 727 749
f 749 727 747
f 747 717 750
f 750 717 716
f 749 747 751
f 751 747 750
f 749 752 748
f 748 752 753
f 730 753 745
f 745 753 752
f 728 725 748
f 748 725 727
f 730 728 753
f 753 728 748
f 700 702 754
f 754 702 712
f 705 701 715
f 715 701 755
f 754 755 700
f 700 755 701
f 742 756 754
f 754 756 755
f 740 757 742
f 742 757 756
f 755 756 715
f 715 756 758
f 754 712 742
f 742 712 743
f 759 714 758
f 758 714 715
f 714 759 713
f 713 759 716
f 759 760 716
f 716 760 750
f 760 759 761
f 761 759 758
f 762 760 763
f 763 760 761
f 756 757 758
f 758 757 761
f 757 764 761
f 761 764 763
f 760 762 750
f 750 762 751
f 766 751 765
f 765 751 762
f 767 765 769
f 769 765 768
f 765 762 768
f 768 762 763
f 765 767 766
f 766 767 746
f 766 746 752
f 752 746 745
f 752 749 766
f 766 749 751
f 757 740 764
f 764 740 741
f 769 764 744
f 744 764 741
f 769 768 764
f 764 768 763
f 767 769 739
f 739 769 744
f 739 736 767
f 767 736 746
f 219 217 208
f 208 217 209
f 209 217 210
f 210 217 193
f 198 580 199
f 199 580 511
f 76 75 289
f 289 75 272
f 277 207 291
f 291 207 184
f 290 183 203
f 203 183 84
f 490 580 142
f 142 580 198
f 142 198 143
f 143 198 197
f 149 276 72
f 72 276 73
f 104 103 279
f 279 103 770
f 770 596 279
f 279 596 595
f 605 596 771
f 771 596 770
f 771 770 772
f 772 770 103
f 772 103 773
f 773 103 102
f 155 774 101
f 101 774 102
f 773 102 97
f 97 102 774
f 775 773 100
f 100 773 97
f 773 775 772
f 772 775 776
f 772 776 771
f 771 776 777
f 200 606 197
f 197 606 777
f 189 71 778
f 778 71 74
f 97 774 98
f 98 774 155
f 183 161 184
f 184 161 291
f 777 276 197
f 197 276 143
f 777 606 771
f 771 606 605
f 613 612 697
f 697 612 202
f 595 697 279
f 279 697 202
f 73 276 776
f 776 276 777
f 776 775 73
f 73 775 74
f 100 778 775
f 775 778 74
f 778 100 189
f 189 100 99
f 245 242 99
f 99 242 189
f 131 33 256
f 28 1 95
f 95 1 62
f 27 2 28
f 28 2 1
f 265 115 266
f 266 115 114
f 95 62 69
f 69 62 64
f 62 61 64
f 64 61 65
f 61 13 65
f 65 13 130
f 13 12 130
f 130 12 14
f 31 11 32
f 32 11 268
f 15 12 31
f 31 12 11
f 31 30 15
f 15 30 231
f 30 106 231
f 231 106 232
f 287 237 106
f 106 237 232
f 254 90 287
f 287 90 237
f 253 44 254
f 254 44 90
f 253 249 44
f 44 249 7
f 267 127 268
f 268 127 126
f 10 3 241
f 241 3 116
f 3 2 116
f 116 2 114
f 2 27 114
f 114 27 266
f 27 26 266
f 266 26 113
f 26 286 113
f 113 286 110
f 286 243 110
f 110 243 255
f 243 242 255
f 255 242 256
f 242 245 256
f 256 245 131
f 245 244 131
f 131 244 132
f 265 37 115
f 115 37 41
f 41 37 42
f 42 37 40
f 92 91 40
f 40 91 42
f 236 233 92
f 92 233 91
f 191 194 236
f 236 194 233
f 258 285 244
f 244 285 132
f 257 55 258
f 258 55 285
f 257 154 201
f 201 154 185
f 56 201 204
f 204 201 180
f 55 257 56
f 56 257 201
f 204 85 56
f 56 85 52
f 86 122 53
f 53 122 79
f 212 215 86
f 86 215 122
f 211 216 212
f 212 216 215
f 192 280 211
f 211 280 216
f 191 240 192
f 192 240 280
f 249 124 7
f 7 124 8
f 124 127 8
f 8 127 241
f 127 267 241
f 241 267 10
f 10 267 9
f 9 267 11
o hand_right
v 0.125015 0.373336 0.882264
v 0.126475 0.383492 0.879747
v 0.118371 0.379312 0.873230
v 0.118350 0.368464 0.875916
v 0.122174 0.401444 0.866250
v 0.127236 0.405644 0.855787
v 0.115683 0.396735 0.850639
v 0.112551 0.395439 0.860496
v 0.114288 0.363817 0.869961
v 0.112408 0.375825 0.868288
v 0.115114 0.361829 0.864514
v 0.123484 0.348835 0.868260
v 0.119018 0.352813 0.872255
v 0.126091 0.340529 0.872752
v 0.134579 0.350077 0.866188
v 0.134855 0.338049 0.876616
v 0.154517 0.356812 0.890196
v 0.157560 0.363258 0.901884
v 0.150461 0.348942 0.908570
v 0.147250 0.344389 0.895887
v 0.152299 0.364596 0.922383
v 0.151036 0.355215 0.915220
v 0.159271 0.368991 0.908635
v 0.159840 0.376758 0.915317
v 0.133207 0.383293 0.893670
v 0.136217 0.392924 0.891563
v 0.133928 0.388754 0.887361
v 0.131221 0.379996 0.889240
v 0.112776 0.366389 0.850760
v 0.126768 0.363750 0.853317
v 0.121743 0.360200 0.858924
v 0.109109 0.367508 0.854918
v 0.140929 0.422043 0.892101
v 0.151035 0.429410 0.886948
v 0.150972 0.426905 0.881633
v 0.142156 0.420307 0.887739
v 0.143174 0.416253 0.864178
v 0.151869 0.420452 0.864896
v 0.161142 0.418370 0.854837
v 0.154645 0.411516 0.853465
v 0.134553 0.411006 0.860499
v 0.143932 0.407764 0.850837
v 0.134804 0.402149 0.847490
v 0.120798 0.393881 0.843156
v 0.154056 0.433416 0.898778
v 0.146672 0.428951 0.904161
v 0.093545 0.311563 0.897862
v 0.093186 0.315251 0.902482
v 0.096156 0.317568 0.900183
v 0.096308 0.313530 0.896014
v 0.165140 0.425306 0.913601
v 0.173596 0.419785 0.913692
v 0.175494 0.426571 0.911840
v 0.167633 0.431369 0.909866
v 0.161745 0.417255 0.918420
v 0.170335 0.410429 0.915757
v 0.099764 0.300994 0.901383
v 0.096707 0.303203 0.897852
v 0.101357 0.304401 0.896007
v 0.104970 0.302616 0.899764
v 0.118836 0.358419 0.877836
v 0.122045 0.364710 0.884682
v 0.114437 0.342380 0.885602
v 0.118570 0.351459 0.886415
v 0.118703 0.349090 0.879325
v 0.116748 0.341033 0.879722
v 0.125605 0.365153 0.904782
v 0.130309 0.374927 0.900430
v 0.128543 0.370656 0.895575
v 0.122570 0.359686 0.898778
v 0.130356 0.383450 0.911766
v 0.126175 0.372952 0.915164
v 0.126735 0.379017 0.921215
v 0.128689 0.385815 0.917628
v 0.119855 0.353715 0.917932
v 0.118057 0.347869 0.919677
v 0.117459 0.349611 0.922351
v 0.120451 0.356075 0.920690
v 0.178341 0.432679 0.909656
v 0.170304 0.436582 0.905557
v 0.150599 0.381142 0.936381
v 0.146537 0.391359 0.938453
v 0.140517 0.382028 0.946128
v 0.146860 0.373178 0.942016
v 0.178917 0.412234 0.908930
v 0.182035 0.419434 0.909056
v 0.102192 0.301630 0.907099
v 0.106964 0.303504 0.905619
v 0.145164 0.394332 0.845934
v 0.127293 0.386681 0.840446
v 0.157033 0.401309 0.850380
v 0.165179 0.406370 0.853498
v 0.171257 0.412203 0.853422
v 0.117582 0.350568 0.893061
v 0.127149 0.371195 0.889601
v 0.134012 0.386370 0.897753
v 0.130750 0.401853 0.924243
v 0.134350 0.410679 0.919736
v 0.131365 0.403356 0.912541
v 0.129398 0.396872 0.918064
v 0.137979 0.396367 0.938389
v 0.131082 0.395436 0.934269
v 0.128278 0.388062 0.938682
v 0.133933 0.387831 0.944010
v 0.114822 0.368390 0.843452
v 0.130563 0.368306 0.847973
v 0.155977 0.429285 0.910079
v 0.159273 0.433710 0.904605
v 0.164778 0.438692 0.900518
v 0.137948 0.407221 0.890833
v 0.142910 0.419122 0.884718
v 0.141910 0.416746 0.881270
v 0.138204 0.404584 0.888762
v 0.127635 0.395573 0.878326
v 0.131646 0.407537 0.873241
v 0.118280 0.391307 0.872339
v 0.151866 0.424892 0.873888
v 0.156754 0.434178 0.877117
v 0.157677 0.430676 0.868978
v 0.158348 0.437360 0.886270
v 0.160907 0.439160 0.894639
v 0.187911 0.425577 0.908631
v 0.159471 0.426056 0.862131
v 0.106150 0.390136 0.856195
v 0.100266 0.386281 0.851860
v 0.101127 0.380361 0.857087
v 0.106626 0.383541 0.862143
v 0.125823 0.331544 0.877790
v 0.119597 0.336115 0.877039
v 0.121113 0.345438 0.873174
v 0.136458 0.415854 0.900745
v 0.141338 0.422093 0.910598
v 0.113590 0.341264 0.892151
v 0.109583 0.305670 0.897905
v 0.105814 0.307360 0.893639
v 0.117719 0.319805 0.885570
v 0.121786 0.317179 0.890401
v 0.114636 0.333764 0.900087
v 0.112146 0.336616 0.894397
v 0.111783 0.334157 0.896297
v 0.112670 0.332163 0.902443
v 0.118952 0.357098 0.927755
v 0.121593 0.362768 0.926168
v 0.137104 0.334058 0.902087
v 0.139379 0.330500 0.889297
v 0.143485 0.340263 0.884569
v 0.126615 0.370040 0.910355
v 0.122482 0.361670 0.914930
v 0.123002 0.364073 0.918293
v 0.117054 0.348386 0.897369
v 0.114488 0.341095 0.898203
v 0.117077 0.344719 0.901815
v 0.119138 0.351736 0.901428
v 0.153057 0.400791 0.931746
v 0.142994 0.406681 0.932083
v 0.094645 0.307139 0.896432
v 0.098294 0.308686 0.894450
v 0.131175 0.379527 0.905962
v 0.148818 0.352858 0.880077
v 0.134319 0.389746 0.902107
v 0.137061 0.357440 0.936862
v 0.130120 0.361128 0.938619
v 0.125489 0.357339 0.938871
v 0.129509 0.352770 0.939019
v 0.104146 0.321386 0.909000
v 0.100319 0.322429 0.904795
v 0.097785 0.319392 0.905966
v 0.101128 0.318025 0.910513
v 0.111952 0.336144 0.888550
v 0.113805 0.334217 0.882684
v 0.110536 0.329540 0.886404
v 0.110352 0.332256 0.891713
v 0.117377 0.329004 0.880921
v 0.113785 0.324562 0.884106
v 0.108758 0.317073 0.910811
v 0.112211 0.310662 0.908659
v 0.123047 0.321750 0.903157
v 0.116875 0.326438 0.905470
v 0.168274 0.387685 0.908971
v 0.166858 0.395190 0.917080
v 0.158565 0.384440 0.923714
v 0.151430 0.373551 0.931132
v 0.143885 0.363206 0.936872
v 0.146786 0.354199 0.929117
v 0.157685 0.391073 0.928473
v 0.122758 0.333089 0.903888
v 0.130009 0.328766 0.899630
v 0.129277 0.331715 0.903995
v 0.132854 0.394118 0.907981
v 0.102370 0.311421 0.892015
v 0.180357 0.399437 0.868301
v 0.184659 0.401417 0.880680
v 0.179331 0.394396 0.881266
v 0.173831 0.392428 0.867501
v 0.098434 0.320762 0.898454
v 0.099028 0.316764 0.893395
v 0.121040 0.365770 0.932049
v 0.118975 0.359961 0.932768
v 0.119791 0.359549 0.936247
v 0.119925 0.365965 0.937349
v 0.166092 0.400261 0.920137
v 0.133932 0.376640 0.949602
v 0.140596 0.368916 0.946050
v 0.174149 0.404253 0.911006
v 0.176029 0.397591 0.904104
v 0.181611 0.405022 0.901132
v 0.140593 0.342934 0.920789
v 0.167448 0.380998 0.903492
v 0.175182 0.392303 0.898619
v 0.181812 0.400945 0.894811
v 0.187084 0.407137 0.892863
v 0.186175 0.411064 0.899954
v 0.111510 0.307026 0.903946
v 0.107313 0.307289 0.911199
v 0.192724 0.417340 0.899314
v 0.192913 0.412976 0.891129
v 0.173746 0.387042 0.891178
v 0.170772 0.381423 0.881744
v 0.166123 0.376407 0.896174
v 0.162698 0.369884 0.887225
v 0.145177 0.337437 0.912475
v 0.091693 0.305728 0.918392
v 0.100562 0.310442 0.914762
v 0.097780 0.315168 0.912699
v 0.090046 0.309669 0.918084
v 0.104775 0.313750 0.912648
v 0.102603 0.305484 0.912670
v 0.155680 0.365765 0.874307
v 0.115707 0.338570 0.903311
v 0.162106 0.379477 0.866244
v 0.143060 0.359860 0.861308
v 0.146527 0.371558 0.855409
v 0.167218 0.393892 0.856746
v 0.154055 0.385595 0.850509
v 0.179034 0.407167 0.858536
v 0.173755 0.400168 0.859011
v 0.138744 0.379560 0.844616
v 0.085183 0.309832 0.904437
v 0.086156 0.313187 0.908993
v 0.185819 0.405703 0.867229
v 0.111785 0.386719 0.866934
v 0.135000 0.402877 0.901933
v 0.136073 0.399020 0.897873
v 0.136935 0.415445 0.916340
v 0.133667 0.408777 0.907216
v 0.085972 0.305031 0.902177
v 0.118888 0.343830 0.922559
v 0.119920 0.345375 0.922458
v 0.108185 0.392715 0.847784
v 0.102859 0.389211 0.845173
v 0.108744 0.380626 0.836826
v 0.105321 0.386512 0.839187
v 0.112592 0.390188 0.840713
v 0.116846 0.384126 0.838135
v 0.137378 0.409057 0.892813
v 0.136789 0.411182 0.896117
v 0.157567 0.409788 0.924925
v 0.147175 0.414852 0.925244
v 0.122546 0.325333 0.882569
v 0.132544 0.328691 0.882889
v 0.127386 0.323254 0.887403
v 0.125183 0.318985 0.896316
v 0.117209 0.334326 0.904376
v 0.120147 0.331138 0.902300
v 0.136943 0.411933 0.877936
v 0.135001 0.399966 0.884541
v 0.108989 0.374505 0.863821
v 0.104330 0.372851 0.858716
v 0.121646 0.357278 0.906902
v 0.130934 0.336546 0.921742
v 0.134495 0.332197 0.914710
v 0.118910 0.349111 0.909362
v 0.089356 0.298432 0.906240
v 0.087098 0.301447 0.902944
v 0.131276 0.324478 0.892979
v 0.122892 0.370040 0.924319
v 0.132990 0.342583 0.924618
v 0.124715 0.339683 0.924490
v 0.130147 0.383411 0.946259
v 0.190022 0.408300 0.878843
v 0.094461 0.317119 0.908570
v 0.087984 0.314045 0.913627
v 0.093081 0.302104 0.916478
v 0.092865 0.298773 0.911411
v 0.150467 0.421680 0.917366
v 0.136429 0.396092 0.895320
v 0.124961 0.376422 0.840573
v 0.112728 0.374149 0.838714
v 0.117692 0.344521 0.910753
v 0.136871 0.363112 0.941142
v 0.138830 0.349179 0.932629
v 0.130644 0.344468 0.935740
v 0.126953 0.340406 0.930411
v 0.121374 0.340954 0.925853
v 0.088016 0.301264 0.918618
v 0.087811 0.297801 0.913624
v 0.084432 0.297462 0.908318
v 0.082732 0.300308 0.905054
v 0.082644 0.304635 0.904084
v 0.086475 0.305030 0.920572
v 0.084972 0.308641 0.919871
v 0.084906 0.312966 0.915272
v 0.081566 0.305479 0.921744
v 0.079649 0.300528 0.920993
v 0.070310 0.298506 0.910769
v 0.076066 0.296961 0.911090
v 0.074314 0.296935 0.913284
v 0.069415 0.297903 0.913883
v 0.064666 0.298504 0.915956
v 0.064905 0.299260 0.912473
v 0.077719 0.297524 0.916468
v 0.071222 0.298814 0.918061
v 0.072298 0.301230 0.921384
v 0.066869 0.301405 0.922731
v 0.065748 0.299082 0.919936
v 0.076647 0.299887 0.920243
v 0.080193 0.296969 0.916069
v 0.061546 0.300313 0.915561
v 0.062228 0.298917 0.917583
v 0.062821 0.299897 0.920737
v 0.060486 0.301868 0.920293
v 0.078014 0.300180 0.906394
v 0.070043 0.300400 0.908938
v 0.064904 0.302337 0.911602
v 0.061622 0.303074 0.914815
v 0.069294 0.304461 0.909280
v 0.065377 0.305242 0.911999
v 0.062794 0.306200 0.915010
v 0.069295 0.308334 0.911213
v 0.065884 0.307996 0.913591
v 0.079897 0.308371 0.906827
v 0.079819 0.304528 0.904925
v 0.063709 0.308151 0.915064
v 0.060445 0.304107 0.920017
v 0.074539 0.303851 0.922795
v 0.067482 0.304505 0.923469
v 0.074762 0.306283 0.922846
v 0.067869 0.306824 0.923921
v 0.063060 0.303840 0.923972
v 0.063925 0.301663 0.922879
v 0.083376 0.309374 0.906014
v 0.084299 0.312755 0.910852
v 0.081288 0.312137 0.911655
v 0.070525 0.311301 0.914844
v 0.081572 0.312574 0.916077
v 0.080344 0.309077 0.920750
v 0.073522 0.308953 0.922076
v 0.072382 0.311210 0.919671
v 0.068091 0.308988 0.922475
v 0.067839 0.310143 0.920182
v 0.066539 0.310179 0.916504
v 0.064106 0.308337 0.921662
v 0.063370 0.306021 0.923410
v 0.061957 0.306946 0.918835
v 0.065028 0.309459 0.920317
v 0.063875 0.308446 0.917699
v 0.089756 0.328019 0.921246
v 0.090588 0.331747 0.926343
v 0.094988 0.331480 0.924302
v 0.094032 0.328286 0.920070
v 0.092538 0.314761 0.924764
v 0.090495 0.319106 0.920781
v 0.095550 0.318361 0.919300
v 0.098503 0.314629 0.924292
v 0.095302 0.315053 0.931351
v 0.101356 0.315724 0.930474
v 0.103997 0.315590 0.922226
v 0.100876 0.319692 0.917231
v 0.117795 0.329134 0.908530
v 0.121732 0.325342 0.912714
v 0.114789 0.343207 0.919218
v 0.116064 0.341571 0.922510
v 0.089728 0.324136 0.920045
v 0.094327 0.323635 0.918579
v 0.101201 0.334280 0.931097
v 0.098900 0.335382 0.926223
v 0.095752 0.333454 0.928728
v 0.097634 0.331662 0.933607
v 0.114308 0.336863 0.908502
v 0.114833 0.340537 0.913666
v 0.115302 0.333189 0.907691
v 0.104110 0.329488 0.934720
v 0.106509 0.323045 0.934887
v 0.123435 0.330380 0.926301
v 0.119940 0.335667 0.927494
v 0.098564 0.324529 0.915844
v 0.097307 0.333229 0.921169
v 0.097154 0.329835 0.917177
v 0.106824 0.317609 0.928806
v 0.100737 0.321139 0.936520
v 0.081850 0.325305 0.940855
v 0.093747 0.326232 0.938314
v 0.092559 0.330637 0.935742
v 0.080670 0.330092 0.939624
v 0.099196 0.327217 0.936808
v 0.094929 0.320498 0.937147
v 0.075973 0.330029 0.926464
v 0.077208 0.333527 0.931675
v 0.075491 0.325844 0.924567
v 0.124488 0.326052 0.919636
v 0.079246 0.316795 0.927967
v 0.076571 0.321721 0.924553
v 0.091637 0.333099 0.931325
v 0.078755 0.333373 0.936488
v 0.082300 0.320929 0.939539
v 0.082632 0.316298 0.933842
v 0.076177 0.320957 0.940064
v 0.075898 0.317249 0.934914
v 0.073309 0.317822 0.928847
v 0.072404 0.322561 0.925629
v 0.072656 0.326548 0.925581
v 0.075813 0.325099 0.941605
v 0.075446 0.329849 0.940728
v 0.075794 0.333146 0.936813
v 0.069022 0.328483 0.941612
v 0.067332 0.324169 0.940508
v 0.055130 0.328568 0.926846
v 0.060222 0.325243 0.927262
v 0.059368 0.324547 0.929667
v 0.054698 0.327588 0.929460
v 0.064548 0.320943 0.929138
v 0.062947 0.321738 0.930948
v 0.064565 0.321760 0.935412
v 0.059664 0.325617 0.934391
v 0.061241 0.327702 0.938513
v 0.056028 0.330295 0.938318
v 0.054167 0.328143 0.934421
v 0.064224 0.324250 0.938436
v 0.051759 0.329630 0.930265
v 0.050970 0.331794 0.929060
v 0.067010 0.319492 0.935659
v 0.068703 0.323192 0.925655
v 0.060998 0.327638 0.925364
v 0.055686 0.331655 0.925769
v 0.051581 0.334794 0.929301
v 0.061847 0.331828 0.925426
v 0.056619 0.334715 0.926465
v 0.053412 0.336764 0.929838
v 0.063089 0.335980 0.927485
v 0.057833 0.337998 0.928889
v 0.072458 0.331349 0.927451
v 0.070730 0.327517 0.925030
v 0.055477 0.338016 0.930108
v 0.049781 0.332523 0.933683
v 0.050519 0.335779 0.933223
v 0.050797 0.330949 0.933878
v 0.062103 0.329135 0.939904
v 0.056464 0.332410 0.938931
v 0.062865 0.331886 0.940527
v 0.056531 0.334861 0.939145
v 0.052059 0.333820 0.937621
v 0.051943 0.332216 0.937047
v 0.073932 0.330118 0.927882
v 0.075261 0.333068 0.932589
v 0.073954 0.334094 0.932259
v 0.064192 0.338061 0.932352
v 0.073892 0.334023 0.937061
v 0.070769 0.331730 0.940593
v 0.064044 0.334473 0.939944
v 0.064315 0.337334 0.937070
v 0.057432 0.336856 0.939321
v 0.059505 0.338322 0.937257
v 0.059117 0.339448 0.932551
v 0.053210 0.337718 0.937363
v 0.052177 0.335598 0.937638
v 0.052126 0.337333 0.933026
v 0.055728 0.338932 0.936292
v 0.054967 0.338831 0.932683
v 0.095185 0.344360 0.933020
v 0.096156 0.348697 0.936764
v 0.099811 0.348704 0.935716
v 0.098925 0.344271 0.932219
v 0.096902 0.333049 0.938995
v 0.095138 0.335422 0.934966
v 0.099621 0.334944 0.933912
v 0.102685 0.332387 0.937723
v 0.096875 0.334155 0.944611
v 0.104695 0.333471 0.943510
v 0.108225 0.332433 0.936438
v 0.104060 0.335021 0.932689
v 0.117463 0.339809 0.927527
v 0.121061 0.337174 0.932443
v 0.094880 0.339733 0.933094
v 0.098595 0.339533 0.932142
v 0.104287 0.351189 0.942897
v 0.102609 0.351616 0.938340
v 0.100698 0.350458 0.940741
v 0.101721 0.349281 0.944822
v 0.115348 0.349754 0.924861
v 0.116768 0.354017 0.929001
v 0.115100 0.344682 0.925143
v 0.106931 0.346624 0.946984
v 0.109999 0.339996 0.947380
v 0.122050 0.346965 0.942686
v 0.119796 0.352494 0.941200
v 0.101957 0.339426 0.930784
v 0.101841 0.349604 0.933437
v 0.101121 0.344894 0.930389
v 0.110433 0.334698 0.942021
v 0.104254 0.338758 0.948409
v 0.082319 0.344298 0.951497
v 0.098598 0.344394 0.949573
v 0.097816 0.349101 0.945920
v 0.082293 0.348472 0.949861
v 0.102732 0.345034 0.948715
v 0.098520 0.338574 0.949223
v 0.080798 0.346651 0.936179
v 0.081787 0.350128 0.940338
v 0.081641 0.342188 0.935530
v 0.123415 0.339695 0.938753
v 0.117731 0.356284 0.936283
v 0.081672 0.335789 0.939750
v 0.081609 0.338896 0.936586
v 0.097224 0.350250 0.941759
v 0.082300 0.350935 0.945967
v 0.083084 0.339384 0.950573
v 0.083382 0.335234 0.945598
v 0.077489 0.340592 0.950266
v 0.077986 0.336417 0.945260
v 0.077259 0.336695 0.939291
v 0.078150 0.340182 0.936125
v 0.078636 0.343553 0.935242
v 0.077209 0.345841 0.950843
v 0.077758 0.349538 0.949219
v 0.080730 0.351022 0.945329
v 0.073297 0.347934 0.949986
v 0.070717 0.343197 0.948722
v 0.061018 0.347034 0.934726
v 0.066139 0.344056 0.936079
v 0.065733 0.343937 0.937229
v 0.060302 0.346490 0.936237
v 0.070759 0.339738 0.938820
v 0.069172 0.340692 0.939477
v 0.069371 0.340701 0.943442
v 0.063838 0.344151 0.942204
v 0.065481 0.347877 0.946758
v 0.060712 0.350038 0.944908
v 0.058739 0.346684 0.940821
v 0.069189 0.343485 0.947072
v 0.057386 0.348210 0.936459
v 0.056915 0.348446 0.934621
v 0.071248 0.339105 0.944323
v 0.073700 0.341703 0.935363
v 0.067446 0.345579 0.933810
v 0.062362 0.348662 0.932353
v 0.058781 0.351315 0.933240
v 0.069160 0.349000 0.933319
v 0.064173 0.351248 0.932605
v 0.060878 0.353519 0.933495
v 0.070164 0.352004 0.934494
v 0.065625 0.353721 0.934150
v 0.078176 0.348094 0.936168
v 0.076305 0.344814 0.934714
v 0.062619 0.354684 0.934582
v 0.055230 0.350421 0.938645
v 0.056786 0.354260 0.937700
v 0.056356 0.349270 0.939305
v 0.066451 0.348914 0.947967
v 0.060629 0.352199 0.945847
v 0.067784 0.351459 0.948070
v 0.062008 0.354518 0.945886
v 0.056908 0.352475 0.943171
v 0.057260 0.351321 0.942953
v 0.079575 0.347153 0.936538
v 0.080699 0.350228 0.940551
v 0.079385 0.350978 0.940000
v 0.070705 0.355270 0.938117
v 0.079068 0.351994 0.944657
v 0.074195 0.351330 0.948281
v 0.069071 0.353919 0.946133
v 0.069939 0.355794 0.942762
v 0.063724 0.356178 0.944366
v 0.065663 0.356593 0.942256
v 0.066165 0.356537 0.937295
v 0.060493 0.356338 0.941588
v 0.058155 0.354897 0.942874
v 0.059494 0.355901 0.937090
v 0.062635 0.357042 0.940375
v 0.061986 0.356549 0.936981
v 0.117245 0.356372 0.932782
v 0.101627 0.359618 0.944392
v 0.101247 0.363095 0.946822
v 0.103169 0.363685 0.947048
v 0.104173 0.360813 0.943946
v 0.106394 0.350868 0.949923
v 0.104109 0.352554 0.946136
v 0.108305 0.353001 0.945420
v 0.110639 0.351500 0.949117
v 0.107486 0.352484 0.954769
v 0.111210 0.353630 0.954205
v 0.114055 0.353028 0.948373
v 0.111832 0.354561 0.944415
v 0.125590 0.360818 0.939903
v 0.129633 0.360753 0.943815
v 0.125242 0.379367 0.947685
v 0.123120 0.380278 0.942664
v 0.116982 0.375259 0.946386
v 0.119674 0.375231 0.950483
v 0.102647 0.355846 0.944393
v 0.105948 0.356771 0.943176
v 0.107406 0.367475 0.955321
v 0.105585 0.367679 0.950807
v 0.103251 0.366082 0.950512
v 0.103931 0.366461 0.955159
v 0.121177 0.376685 0.939043
v 0.121059 0.372064 0.937249
v 0.117665 0.370232 0.938557
v 0.115641 0.372536 0.942493
v 0.119501 0.364848 0.937871
v 0.109767 0.364819 0.957834
v 0.112981 0.359677 0.957996
v 0.127734 0.370188 0.953990
v 0.124250 0.373709 0.952961
v 0.108465 0.357386 0.942915
v 0.105400 0.365493 0.946609
v 0.105779 0.361970 0.944083
v 0.114936 0.354871 0.953821
v 0.109120 0.358475 0.958106
v 0.095508 0.361253 0.959392
v 0.103472 0.362997 0.958651
v 0.101727 0.365973 0.955171
v 0.094888 0.363727 0.957287
v 0.106039 0.363637 0.958049
v 0.105264 0.357493 0.958718
v 0.094736 0.359212 0.945397
v 0.094709 0.363168 0.949172
v 0.095292 0.355838 0.945032
v 0.130950 0.364032 0.949421
v 0.096961 0.350479 0.950190
v 0.095507 0.352662 0.946533
v 0.101061 0.365262 0.950505
v 0.094648 0.364691 0.953507
v 0.096573 0.356545 0.959500
v 0.098280 0.351579 0.955814
v 0.091570 0.356229 0.958779
v 0.093488 0.351469 0.955016
v 0.092696 0.351316 0.948770
v 0.093137 0.354029 0.945908
v 0.093343 0.357090 0.944856
v 0.091243 0.361183 0.958822
v 0.091505 0.363659 0.957040
v 0.092637 0.364675 0.953473
v 0.087142 0.361285 0.957931
v 0.085517 0.357004 0.956339
v 0.079215 0.358848 0.944593
v 0.083053 0.357107 0.945198
v 0.082582 0.356722 0.946268
v 0.078739 0.358039 0.945195
v 0.087190 0.354006 0.947352
v 0.085638 0.354515 0.948170
v 0.086274 0.354185 0.951786
v 0.081373 0.356186 0.950399
v 0.080665 0.359450 0.954659
v 0.076869 0.360578 0.953090
v 0.077691 0.357335 0.949634
v 0.084270 0.356498 0.954935
v 0.075945 0.358511 0.945555
v 0.075229 0.359323 0.944637
v 0.088026 0.352866 0.952608
v 0.089486 0.356171 0.944681
v 0.083276 0.358951 0.943355
v 0.078362 0.360607 0.943078
v 0.074846 0.361666 0.944460
v 0.084679 0.361104 0.943135
v 0.078971 0.362848 0.942717
v 0.075687 0.363857 0.944240
v 0.085695 0.364116 0.944304
v 0.080040 0.364933 0.943922
v 0.091719 0.362422 0.945684
v 0.090701 0.359292 0.944222
v 0.077019 0.364908 0.944819
v 0.073382 0.359859 0.948116
v 0.073549 0.362791 0.947360
v 0.074260 0.358698 0.948912
v 0.080936 0.360573 0.955535
v 0.076396 0.362126 0.953623
v 0.081642 0.362929 0.955981
v 0.076742 0.364268 0.953252
v 0.073741 0.361811 0.951209
v 0.074731 0.360147 0.951295
v 0.093046 0.361002 0.945796
v 0.093172 0.363404 0.949011
v 0.091541 0.364751 0.949361
v 0.085740 0.366495 0.947752
v 0.090588 0.365417 0.953839
v 0.088722 0.363874 0.956911
v 0.082721 0.365216 0.954836
v 0.084105 0.366916 0.952160
v 0.077373 0.365945 0.951951
v 0.079112 0.367279 0.949794
v 0.080212 0.367029 0.946607
v 0.074899 0.365187 0.949093
v 0.073866 0.363915 0.950088
v 0.074624 0.364557 0.946878
v 0.076290 0.366228 0.948166
v 0.076589 0.365843 0.946561
v 0.126900 0.376511 0.950252
v 0.099885 0.365624 0.841120
v 0.098899 0.365027 0.846723
v 0.090130 0.378430 0.850650
v 0.092135 0.371898 0.852638
v 0.089625 0.382504 0.845119
v 0.094074 0.381096 0.835147
v 0.092156 0.383539 0.839925
v 0.095475 0.367109 0.851137
v 0.100062 0.369114 0.835991
v 0.098030 0.375627 0.833021
v 0.092993 0.363457 0.833708
v 0.090283 0.370739 0.830499
v 0.086328 0.376457 0.832030
v 0.085581 0.380228 0.838672
v 0.084728 0.380575 0.843765
v 0.094321 0.362236 0.841277
v 0.093709 0.362713 0.846772
v 0.091071 0.366681 0.851440
v 0.087601 0.358795 0.843997
v 0.078218 0.358495 0.840940
v 0.061289 0.368523 0.842227
v 0.067481 0.371330 0.840891
v 0.067627 0.368653 0.839977
v 0.061850 0.366413 0.840788
v 0.072538 0.371015 0.838038
v 0.071872 0.368799 0.838638
v 0.074954 0.364447 0.838479
v 0.069483 0.362534 0.839643
v 0.075755 0.360028 0.841064
v 0.072300 0.358239 0.843063
v 0.064262 0.360437 0.840704
v 0.059164 0.363362 0.840755
v 0.059860 0.358856 0.841810
v 0.057664 0.364616 0.843254
v 0.075967 0.363766 0.835348
v 0.076401 0.376573 0.839365
v 0.068585 0.374130 0.842926
v 0.061827 0.370448 0.845370
v 0.058036 0.365521 0.846368
v 0.069916 0.375075 0.846997
v 0.064242 0.370714 0.848991
v 0.061313 0.365775 0.850040
v 0.072003 0.373244 0.851049
v 0.066650 0.368889 0.851632
v 0.083155 0.377016 0.849465
v 0.079906 0.379219 0.844330
v 0.063871 0.365722 0.851284
v 0.057998 0.358432 0.843956
v 0.058616 0.359392 0.847409
v 0.074574 0.356586 0.845026
v 0.067426 0.355908 0.843717
v 0.068544 0.355115 0.846374
v 0.077254 0.356638 0.848021
v 0.069456 0.355293 0.849071
v 0.062802 0.354992 0.845844
v 0.063254 0.355987 0.843226
v 0.086141 0.378053 0.849342
v 0.088857 0.372653 0.851993
v 0.086336 0.371721 0.852046
v 0.075624 0.368250 0.853777
v 0.087758 0.365693 0.852343
v 0.088263 0.360791 0.848659
v 0.078068 0.358259 0.851307
v 0.077803 0.362436 0.853687
v 0.070048 0.357675 0.851720
v 0.070178 0.360519 0.852878
v 0.068445 0.365124 0.853260
v 0.064813 0.358224 0.851070
v 0.063618 0.355706 0.848857
v 0.061563 0.361160 0.850531
v 0.066380 0.360302 0.851994
v 0.064509 0.362816 0.851840
v 0.126039 0.383961 0.940304
v 0.123629 0.380222 0.935354
v 0.125869 0.385682 0.933596
v 0.127952 0.393486 0.929242
v 0.133585 0.402411 0.929751
v 0.127503 0.389622 0.923436
v 0.125199 0.381731 0.928318
v 0.122477 0.373587 0.931086
v 0.130723 0.392193 0.914031
f 780 781 779
f 779 781 782
f 783 784 786
f 786 784 785
f 787 782 788
f 788 782 781
f 790 791 789
f 789 791 787
f 792 790 794
f 794 790 793
f 796 797 795
f 795 797 798
f 800 801 799
f 799 801 802
f 804 805 803
f 803 805 806
f 808 809 807
f 807 809 810
f 811 812 814
f 814 812 813
f 815 816 818
f 818 816 817
f 819 820 784
f 784 820 821
f 784 821 785
f 785 821 822
f 823 812 824
f 824 812 811
f 826 827 825
f 825 827 828
f 830 831 829
f 829 831 832
f 834 830 833
f 833 830 829
f 836 837 835
f 835 837 838
f 839 840 782
f 782 840 779
f 842 843 841
f 841 843 844
f 846 847 845
f 845 847 848
f 850 851 849
f 849 851 852
f 854 855 853
f 853 855 856
f 831 857 832
f 832 857 858
f 860 861 859
f 859 861 862
f 863 864 830
f 830 864 831
f 835 838 865
f 865 838 866
f 867 868 821
f 821 868 822
f 821 820 867
f 867 820 869
f 818 817 870
f 870 817 871
f 872 848 842
f 842 848 847
f 791 839 787
f 787 839 782
f 803 806 847
f 847 806 873
f 874 803 846
f 846 803 847
f 876 877 875
f 875 877 878
f 879 880 882
f 882 880 881
f 884 808 883
f 883 808 807
f 829 832 885
f 885 832 886
f 832 858 886
f 886 858 887
f 889 890 888
f 888 890 891
f 893 783 892
f 892 783 894
f 893 819 783
f 783 819 784
f 814 813 889
f 889 813 895
f 813 896 895
f 895 896 897
f 812 898 813
f 813 898 896
f 812 823 898
f 898 823 899
f 903 904 902
f 902 904 905
f 906 907 792
f 792 907 908
f 811 909 824
f 824 909 910
f 911 872 841
f 841 872 842
f 912 913 915
f 915 913 914
f 917 918 916
f 916 918 919
f 855 920 856
f 856 920 921
f 922 923 798
f 798 923 924
f 926 927 925
f 925 927 850
f 929 930 928
f 928 930 931
f 860 879 861
f 861 879 882
f 879 860 933
f 933 860 932
f 934 935 836
f 836 935 837
f 936 846 925
f 925 846 845
f 937 924 793
f 793 924 794
f 846 936 874
f 874 936 938
f 907 844 908
f 908 844 843
f 940 941 939
f 939 941 942
f 944 945 943
f 943 945 946
f 948 949 947
f 947 949 950
f 952 949 951
f 951 949 948
f 954 955 953
f 953 955 956
f 958 959 957
f 957 959 802
f 960 961 799
f 799 961 962
f 859 963 860
f 860 963 932
f 964 965 966
f 966 965 922
f 936 849 938
f 938 849 967
f 968 913 935
f 935 913 837
f 947 950 917
f 917 950 918
f 925 850 936
f 936 850 849
f 970 971 969
f 969 971 972
f 945 944 827
f 827 944 973
f 974 968 828
f 828 968 935
f 975 976 978
f 978 976 977
f 799 802 960
f 960 802 959
f 924 937 798
f 798 937 795
f 960 959 859
f 859 959 963
f 979 963 958
f 958 963 959
f 980 981 861
f 861 981 862
f 983 984 982
f 982 984 863
f 985 800 962
f 962 800 799
f 957 802 986
f 986 802 801
f 986 987 957
f 957 987 983
f 987 988 983
f 983 988 984
f 990 984 989
f 989 984 988
f 957 983 958
f 958 983 982
f 991 954 866
f 866 954 992
f 864 863 990
f 990 863 984
f 971 995 996
f 995 997 996
f 996 997 998
f 997 796 998
f 998 796 795
f 797 999 798
f 798 999 922
f 1000 1001 1003
f 1003 1001 1002
f 953 1004 954
f 954 1004 992
f 1005 865 992
f 992 865 866
f 998 795 1006
f 1006 795 937
f 912 991 838
f 838 991 866
f 916 1007 929
f 929 1007 930
f 971 970 988
f 988 970 989
f 1008 972 996
f 996 972 971
f 1009 1010 1006
f 1006 1010 1008
f 1011 1012 869
f 869 1012 867
f 1013 1014 871
f 871 1014 870
f 1008 1010 1012
f 1012 1010 1015
f 825 1016 826
f 826 1016 1017
f 1018 969 1013
f 1013 969 1014
f 783 786 894
f 894 786 1019
f 1020 1021 967
f 967 1021 938
f 1022 1023 876
f 876 1023 877
f 934 1024 825
f 825 1024 1016
f 854 1025 855
f 855 1025 1026
f 1028 903 1027
f 1027 903 902
f 1030 1031 1029
f 1029 1031 1032
f 889 888 814
f 814 888 1033
f 1034 811 1033
f 1033 811 814
f 1035 1036 932
f 932 1036 933
f 841 947 911
f 911 947 917
f 844 948 841
f 841 948 947
f 951 948 907
f 907 948 844
f 907 906 951
f 951 906 1037
f 906 1038 1037
f 1037 1038 1039
f 991 912 1040
f 1040 912 915
f 1041 1042 964
f 964 1042 965
f 890 1043 891
f 891 1043 1044
f 789 1045 1046
f 1012 1011 1008
f 1008 1011 972
f 931 1047 848
f 848 1047 845
f 953 956 943
f 943 956 919
f 928 931 872
f 872 931 848
f 1049 999 1048
f 1048 999 985
f 1047 931 1050
f 1050 931 930
f 899 823 887
f 887 823 886
f 825 828 934
f 934 828 935
f 835 1051 836
f 836 1051 1052
f 923 1053 1038
f 1038 1053 1039
f 1054 927 921
f 921 927 856
f 926 1047 853
f 853 1047 1050
f 985 1055 1048
f 1048 1055 1056
f 973 974 827
f 827 974 828
f 837 913 838
f 838 913 912
f 861 882 980
f 980 882 1057
f 927 926 856
f 856 926 853
f 1025 1056 1026
f 1026 1056 1055
f 961 960 862
f 862 960 859
f 826 1017 1059
f 1059 1017 1060
f 1005 1001 1061
f 1061 1001 1000
f 1001 1004 1002
f 1002 1004 946
f 1059 1060 1002
f 1002 1060 1003
f 943 946 953
f 953 946 1004
f 1042 1041 916
f 916 1041 1007
f 792 794 906
f 906 794 1038
f 998 1006 996
f 996 1006 1008
f 865 1005 1062
f 1062 1005 1061
f 1038 794 923
f 923 794 924
f 1022 876 1036
f 1036 876 933
f 836 1052 934
f 934 1052 1024
f 885 1063 829
f 829 1063 833
f 1021 1064 938
f 938 1064 874
f 1012 1015 867
f 867 1015 868
f 824 910 885
f 885 910 1063
f 1031 1030 1027
f 1027 1030 1028
f 1064 804 874
f 874 804 803
f 884 883 1065
f 1065 883 1066
f 1050 930 1067
f 1067 930 1007
f 916 929 917
f 917 929 911
f 961 1068 939
f 939 1068 940
f 1069 1070 1055
f 1055 1070 1071
f 929 928 911
f 911 928 872
f 1040 1053 955
f 955 1053 965
f 922 965 923
f 923 965 1053
f 1051 835 1062
f 1062 835 865
f 952 914 968
f 968 914 913
f 889 895 890
f 890 895 816
f 895 897 816
f 816 897 901
f 890 816 1043
f 1043 816 815
f 1065 1066 1032
f 1032 1066 1029
f 1006 937 1009
f 1009 937 793
f 1001 1005 1004
f 1004 1005 992
f 925 845 926
f 926 845 1047
f 1002 946 1059
f 1059 946 945
f 977 941 978
f 978 941 940
f 823 824 886
f 886 824 885
f 1059 945 826
f 826 945 827
f 939 942 1069
f 1069 942 1070
f 816 901 817
f 1071 1072 1055
f 1055 1072 1026
f 1062 1061 1074
f 1074 1061 1073
f 1062 1074 1051
f 1051 1074 1075
f 1052 1051 1076
f 1076 1051 1075
f 1024 1052 1077
f 1077 1052 1076
f 1061 1000 1073
f 1073 1000 1078
f 1000 1003 1078
f 1078 1003 1079
f 1079 1003 1080
f 1080 1003 1060
f 1081 1082 1078
f 1078 1082 1073
f 1084 1085 1083
f 1083 1085 1086
f 1087 1088 1086
f 1086 1088 1083
f 1086 1085 1090
f 1090 1085 1089
f 1091 1092 1090
f 1090 1092 1093
f 1089 1094 1090
f 1090 1094 1091
f 1095 1082 1089
f 1089 1082 1094
f 1093 1087 1090
f 1090 1087 1086
f 1096 1097 1099
f 1099 1097 1098
f 1097 1096 1087
f 1087 1096 1088
f 1089 1085 1095
f 1095 1085 1084
f 1084 1075 1095
f 1095 1075 1074
f 1084 1100 1075
f 1075 1100 1076
f 1083 1101 1084
f 1084 1101 1100
f 1101 1083 1102
f 1102 1083 1088
f 1082 1095 1073
f 1073 1095 1074
f 1096 1103 1088
f 1088 1103 1102
f 1101 1102 1104
f 1104 1102 1105
f 1102 1103 1105
f 1105 1103 1106
f 1104 1105 1107
f 1107 1105 1108
f 1107 1109 1104
f 1104 1109 1110
f 1111 1108 1106
f 1106 1108 1105
f 1101 1104 1100
f 1100 1104 1110
f 1100 1110 1076
f 1076 1110 1077
f 1103 1096 1112
f 1112 1096 1099
f 1091 1094 1113
f 1113 1094 1082
f 1113 1114 1091
f 1091 1114 1092
f 1082 1081 1113
f 1113 1081 1115
f 1114 1113 1116
f 1116 1113 1115
f 1114 1117 1092
f 1092 1117 1118
f 1024 1077 1016
f 1016 1077 1119
f 1017 1120 1060
f 1060 1120 1080
f 1120 1017 1119
f 1119 1017 1016
f 1119 1109 1120
f 1120 1109 1121
f 1109 1107 1121
f 1121 1107 1122
f 1120 1121 1080
f 1080 1121 1123
f 1119 1077 1109
f 1109 1077 1110
f 1124 1079 1123
f 1123 1079 1080
f 1124 1081 1079
f 1079 1081 1078
f 1125 1115 1124
f 1124 1115 1081
f 1125 1124 1126
f 1126 1124 1123
f 1127 1125 1128
f 1128 1125 1126
f 1121 1122 1123
f 1123 1122 1126
f 1122 1129 1126
f 1126 1129 1128
f 1115 1125 1116
f 1116 1125 1127
f 1131 1116 1130
f 1130 1116 1127
f 1130 1133 1132
f 1132 1133 1134
f 1130 1127 1133
f 1133 1127 1128
f 1130 1132 1131
f 1131 1132 1112
f 1131 1112 1117
f 1117 1112 1099
f 1117 1114 1131
f 1131 1114 1116
f 1107 1108 1122
f 1122 1108 1129
f 1134 1129 1111
f 1111 1129 1108
f 1134 1133 1129
f 1129 1133 1128
f 1132 1134 1106
f 1106 1134 1111
f 1106 1103 1132
f 1132 1103 1112
f 1087 1093 1097
f 1097 1093 1098
f 1098 1118 1099
f 1099 1118 1117
f 1098 1093 1118
f 1118 1093 1092
f 915 914 1039
f 1039 914 1037
f 918 944 919
f 919 944 943
f 950 949 973
f 973 949 974
f 949 952 974
f 974 952 968
f 956 955 1042
f 1042 955 965
f 950 973 918
f 918 973 944
f 915 1039 1040
f 1040 1039 1053
f 956 1042 919
f 919 1042 916
f 1040 955 991
f 991 955 954
f 914 952 1037
f 1037 952 951
f 1136 1137 1135
f 1135 1137 1138
f 1140 1141 1139
f 1139 1141 1142
f 1139 1142 1143
f 1143 1142 1144
f 1145 1146 1148
f 1148 1146 1147
f 854 1149 1025
f 1025 1149 1150
f 1151 1152 1140
f 1140 1152 1141
f 1154 1155 1153
f 1153 1155 1156
f 1067 1007 1158
f 1158 1007 1157
f 1159 1157 1041
f 1041 1157 1007
f 1161 1162 1160
f 1160 1162 1163
f 1164 1146 1152
f 1152 1146 1141
f 854 1067 1149
f 1149 1067 1158
f 1155 1154 1137
f 1137 1154 1165
f 1166 1164 1138
f 1138 1164 1152
f 1167 1161 1144
f 1144 1161 1168
f 1170 1171 1169
f 1169 1171 1172
f 1161 1160 1168
f 1168 1160 1173
f 1174 1143 1168
f 1168 1143 1144
f 1167 1144 1145
f 1145 1144 1142
f 1135 1175 1136
f 1136 1175 1176
f 1151 1177 1135
f 1135 1177 1175
f 1167 1145 1178
f 1178 1145 1148
f 1160 1163 1153
f 1153 1163 1150
f 1135 1138 1151
f 1151 1138 1152
f 1139 1179 1140
f 1140 1179 1180
f 1165 1166 1137
f 1137 1166 1138
f 1141 1146 1142
f 1142 1146 1145
f 1136 1176 1181
f 1181 1176 1182
f 1174 1170 1183
f 1183 1170 1169
f 1170 1173 1171
f 1171 1173 1156
f 1171 1181 1172
f 1172 1181 1182
f 1153 1156 1160
f 1160 1156 1173
f 1143 1174 1184
f 1184 1174 1183
f 1140 1180 1151
f 1151 1180 1177
f 1049 1048 1178
f 1178 1048 1162
f 1179 1139 1184
f 1184 1139 1143
f 1159 1147 1164
f 1164 1147 1146
f 1170 1174 1173
f 1173 1174 1168
f 1171 1156 1181
f 1181 1156 1155
f 1181 1155 1136
f 1136 1155 1137
f 1184 1183 1186
f 1186 1183 1185
f 1184 1186 1179
f 1179 1186 1187
f 1179 1187 1180
f 1180 1187 1188
f 1180 1188 1177
f 1177 1188 1189
f 1183 1169 1185
f 1185 1169 1190
f 1169 1172 1190
f 1190 1172 1191
f 1172 1182 1191
f 1191 1182 1192
f 1193 1194 1190
f 1190 1194 1185
f 1196 1197 1195
f 1195 1197 1198
f 1199 1200 1196
f 1196 1200 1197
f 1197 1200 1202
f 1202 1200 1201
f 1203 1204 1202
f 1202 1204 1205
f 1201 1206 1202
f 1202 1206 1203
f 1205 1198 1202
f 1202 1198 1197
f 1198 1207 1195
f 1195 1207 1208
f 1201 1200 1209
f 1209 1200 1199
f 1199 1187 1209
f 1209 1187 1186
f 1199 1210 1187
f 1187 1210 1188
f 1196 1211 1199
f 1199 1211 1210
f 1212 1211 1195
f 1195 1211 1196
f 1209 1194 1201
f 1201 1194 1206
f 1194 1209 1185
f 1185 1209 1186
f 1213 1212 1208
f 1208 1212 1195
f 1211 1212 1214
f 1214 1212 1215
f 1212 1213 1215
f 1215 1213 1216
f 1214 1215 1217
f 1217 1215 1218
f 1217 1219 1214
f 1214 1219 1220
f 1216 1221 1215
f 1215 1221 1218
f 1214 1220 1211
f 1211 1220 1210
f 1210 1220 1188
f 1188 1220 1189
f 1213 1208 1223
f 1223 1208 1222
f 1208 1207 1222
f 1222 1207 1224
f 1203 1206 1225
f 1225 1206 1194
f 1204 1203 1226
f 1226 1203 1225
f 1194 1193 1225
f 1225 1193 1227
f 1225 1227 1226
f 1226 1227 1228
f 1229 1230 1226
f 1226 1230 1204
f 1224 1230 1222
f 1222 1230 1229
f 1177 1189 1175
f 1175 1189 1231
f 1176 1232 1182
f 1182 1232 1192
f 1232 1176 1231
f 1231 1176 1175
f 1231 1219 1232
f 1232 1219 1233
f 1219 1217 1233
f 1233 1217 1234
f 1232 1233 1192
f 1192 1233 1235
f 1219 1231 1220
f 1220 1231 1189
f 1236 1191 1235
f 1235 1191 1192
f 1236 1193 1191
f 1191 1193 1190
f 1236 1237 1193
f 1193 1237 1227
f 1237 1236 1238
f 1238 1236 1235
f 1239 1237 1240
f 1240 1237 1238
f 1233 1234 1235
f 1235 1234 1238
f 1234 1241 1238
f 1238 1241 1240
f 1237 1239 1227
f 1227 1239 1228
f 1243 1228 1242
f 1242 1228 1239
f 1242 1245 1244
f 1244 1245 1246
f 1242 1239 1245
f 1245 1239 1240
f 1242 1244 1243
f 1243 1244 1223
f 1243 1223 1229
f 1229 1223 1222
f 1229 1226 1243
f 1243 1226 1228
f 1217 1218 1234
f 1234 1218 1241
f 1246 1241 1221
f 1221 1241 1218
f 1246 1245 1241
f 1241 1245 1240
f 1244 1246 1216
f 1216 1246 1221
f 1216 1213 1244
f 1244 1213 1223
f 1198 1205 1207
f 1207 1205 1224
f 1224 1205 1230
f 1230 1205 1204
f 1148 1147 966
f 966 1147 964
f 1149 1154 1150
f 1150 1154 1153
f 1158 1157 1165
f 1165 1157 1166
f 1157 1159 1166
f 1166 1159 1164
f 1163 1162 1056
f 1056 1162 1048
f 1158 1165 1149
f 1149 1165 1154
f 1178 1148 1049
f 1049 1148 966
f 1163 1056 1150
f 1150 1056 1025
f 1178 1162 1167
f 1167 1162 1161
f 1147 1159 964
f 964 1159 1041
f 999 1049 922
f 922 1049 966
f 999 797 985
f 985 797 800
f 797 796 800
f 800 796 801
f 796 997 801
f 801 997 986
f 1247 1248 1250
f 1250 1248 1249
f 1252 1253 1251
f 1251 1253 1254
f 1251 1254 1255
f 1255 1254 1256
f 1258 1259 1257
f 1257 1259 1260
f 1261 1262 1252
f 1252 1262 1253
f 1264 1265 1263
f 1263 1265 1266
f 1267 1268 855
f 855 1268 920
f 1269 1267 1026
f 1026 1267 855
f 1271 1272 1270
f 1270 1272 1273
f 1274 1258 1262
f 1262 1258 1253
f 1264 1275 1265
f 1265 1275 1249
f 1276 1274 1250
f 1250 1274 1262
f 1277 1271 1256
f 1256 1271 1278
f 1279 1280 1282
f 1282 1280 1281
f 1271 1270 1278
f 1278 1270 1283
f 1284 1255 1278
f 1278 1255 1256
f 1277 1256 1257
f 1257 1256 1254
f 1247 1285 1248
f 1248 1285 1286
f 1261 1287 1247
f 1247 1287 1285
f 1257 1260 1277
f 1277 1260 1288
f 1270 1273 1263
f 1263 1273 1289
f 1261 1247 1262
f 1262 1247 1250
f 1251 1290 1252
f 1252 1290 1291
f 1275 1276 1249
f 1249 1276 1250
f 1253 1258 1254
f 1254 1258 1257
f 1248 1286 1292
f 1292 1286 1293
f 1284 1280 1294
f 1294 1280 1279
f 1281 1280 1266
f 1266 1280 1283
f 1292 1293 1281
f 1281 1293 1282
f 1263 1266 1270
f 1270 1266 1283
f 1255 1284 1295
f 1295 1284 1294
f 1252 1291 1261
f 1261 1291 1287
f 1288 1070 1272
f 1272 1070 942
f 1290 1251 1295
f 1295 1251 1255
f 1269 1259 1274
f 1274 1259 1258
f 1280 1284 1283
f 1283 1284 1278
f 1281 1266 1292
f 1292 1266 1265
f 1292 1265 1248
f 1248 1265 1249
f 1295 1294 1297
f 1297 1294 1296
f 1295 1297 1290
f 1290 1297 1298
f 1290 1298 1291
f 1291 1298 1299
f 1291 1299 1287
f 1287 1299 1300
f 1294 1279 1296
f 1296 1279 1301
f 1279 1282 1301
f 1301 1282 1302
f 1302 1282 1303
f 1303 1282 1293
f 1304 1305 1301
f 1301 1305 1296
f 1307 1308 1306
f 1306 1308 1309
f 1310 1311 1307
f 1307 1311 1308
f 1308 1311 1313
f 1313 1311 1312
f 1314 1315 1313
f 1313 1315 1316
f 1312 1317 1313
f 1313 1317 1314
f 1316 1309 1313
f 1313 1309 1308
f 1318 1319 1309
f 1309 1319 1306
f 1311 1310 1312
f 1312 1310 1320
f 1310 1298 1320
f 1320 1298 1297
f 1310 1321 1298
f 1298 1321 1299
f 1307 1322 1310
f 1310 1322 1321
f 1322 1307 1323
f 1323 1307 1306
f 1312 1320 1317
f 1317 1320 1305
f 1305 1320 1296
f 1296 1320 1297
f 1319 1324 1306
f 1306 1324 1323
f 1325 1322 1326
f 1326 1322 1323
f 1324 1327 1323
f 1323 1327 1326
f 1328 1325 1329
f 1329 1325 1326
f 1325 1328 1331
f 1331 1328 1330
f 1327 1332 1326
f 1326 1332 1329
f 1322 1325 1321
f 1321 1325 1331
f 1321 1331 1299
f 1299 1331 1300
f 1324 1319 1334
f 1334 1319 1333
f 1319 1318 1333
f 1333 1318 1335
f 1314 1317 1336
f 1336 1317 1305
f 1315 1314 1337
f 1337 1314 1336
f 1305 1304 1336
f 1336 1304 1338
f 1337 1336 1339
f 1339 1336 1338
f 1337 1340 1315
f 1315 1340 1341
f 1335 1341 1333
f 1333 1341 1340
f 1287 1300 1285
f 1285 1300 1342
f 1286 1343 1293
f 1293 1343 1303
f 1343 1286 1342
f 1342 1286 1285
f 1342 1330 1343
f 1343 1330 1344
f 1330 1328 1344
f 1344 1328 1345
f 1343 1344 1303
f 1303 1344 1346
f 1342 1300 1330
f 1330 1300 1331
f 1347 1302 1346
f 1346 1302 1303
f 1347 1304 1302
f 1302 1304 1301
f 1348 1338 1347
f 1347 1338 1304
f 1348 1347 1349
f 1349 1347 1346
f 1350 1348 1351
f 1351 1348 1349
f 1344 1345 1346
f 1346 1345 1349
f 1345 1352 1349
f 1349 1352 1351
f 1348 1350 1338
f 1338 1350 1339
f 1354 1339 1353
f 1353 1339 1350
f 1353 1356 1355
f 1355 1356 1357
f 1353 1350 1356
f 1356 1350 1351
f 1353 1355 1354
f 1354 1355 1334
f 1354 1334 1340
f 1340 1334 1333
f 1340 1337 1354
f 1354 1337 1339
f 1328 1329 1345
f 1345 1329 1352
f 1357 1352 1332
f 1332 1352 1329
f 1357 1356 1352
f 1352 1356 1351
f 1357 1332 1355
f 1355 1332 1327
f 1327 1324 1355
f 1355 1324 1334
f 1309 1316 1318
f 1318 1316 1335
f 1335 1316 1341
f 1341 1316 1315
f 1259 1072 1260
f 1260 1072 1071
f 1358 1264 1289
f 1289 1264 1263
f 1268 1267 1275
f 1275 1267 1276
f 1267 1269 1276
f 1276 1269 1274
f 941 1273 942
f 942 1273 1272
f 1358 1268 1264
f 1264 1268 1275
f 1260 1071 1288
f 1288 1071 1070
f 1273 941 1289
f 1289 941 977
f 1272 1271 1288
f 1288 1271 1277
f 1259 1269 1072
f 1072 1269 1026
f 1360 1361 1359
f 1359 1361 1362
f 1364 1365 1363
f 1363 1365 1366
f 1363 1366 1367
f 1367 1366 1368
f 1370 1371 1369
f 1369 1371 1372
f 1373 1374 1376
f 1376 1374 1375
f 1377 1378 1364
f 1364 1378 1365
f 1379 1380 1382
f 1382 1380 1381
f 1383 1384 1386
f 1386 1384 1385
f 1387 1385 978
f 978 1385 1384
f 1388 1389 1391
f 1391 1389 1390
f 1378 1392 1365
f 1365 1392 1370
f 1374 1383 1375
f 1375 1383 1386
f 1380 1393 1381
f 1381 1393 1361
f 1394 1392 1362
f 1362 1392 1378
f 1389 1396 1395
f 1395 1396 1368
f 1398 1399 1397
f 1397 1399 1400
f 1388 1401 1389
f 1389 1401 1396
f 1402 1367 1396
f 1396 1367 1368
f 1395 1368 1369
f 1369 1368 1366
f 1359 1403 1360
f 1360 1403 1404
f 1377 1405 1359
f 1359 1405 1403
f 1369 1372 1395
f 1395 1372 1406
f 1379 1388 1376
f 1376 1388 1391
f 1359 1362 1377
f 1377 1362 1378
f 1363 1407 1364
f 1364 1407 1408
f 1393 1394 1361
f 1361 1394 1362
f 1365 1370 1366
f 1366 1370 1369
f 1360 1404 1409
f 1409 1404 1410
f 1402 1398 1411
f 1411 1398 1397
f 1399 1398 1382
f 1382 1398 1401
f 1409 1410 1399
f 1399 1410 1400
f 1388 1379 1401
f 1401 1379 1382
f 1367 1402 1412
f 1412 1402 1411
f 1364 1408 1377
f 1377 1408 1405
f 981 980 1406
f 1406 980 1390
f 1407 1363 1412
f 1412 1363 1367
f 1387 1371 1392
f 1392 1371 1370
f 1398 1402 1401
f 1401 1402 1396
f 1409 1399 1381
f 1381 1399 1382
f 1360 1409 1361
f 1361 1409 1381
f 1412 1411 1414
f 1414 1411 1413
f 1412 1414 1407
f 1407 1414 1415
f 1407 1415 1408
f 1408 1415 1416
f 1408 1416 1405
f 1405 1416 1417
f 1411 1397 1413
f 1413 1397 1418
f 1397 1400 1418
f 1418 1400 1419
f 1419 1400 1420
f 1420 1400 1410
f 1422 1413 1421
f 1421 1413 1418
f 1423 1424 1426
f 1426 1424 1425
f 1427 1428 1424
f 1424 1428 1425
f 1425 1428 1430
f 1430 1428 1429
f 1430 1431 1433
f 1433 1431 1432
f 1429 1434 1430
f 1430 1434 1431
f 1433 1426 1430
f 1430 1426 1425
f 1426 1435 1423
f 1423 1435 1436
f 1428 1427 1429
f 1429 1427 1437
f 1427 1415 1437
f 1437 1415 1414
f 1427 1438 1415
f 1415 1438 1416
f 1439 1438 1424
f 1424 1438 1427
f 1440 1439 1423
f 1423 1439 1424
f 1429 1437 1434
f 1434 1437 1422
f 1422 1437 1413
f 1413 1437 1414
f 1441 1440 1436
f 1436 1440 1423
f 1442 1439 1443
f 1443 1439 1440
f 1441 1444 1440
f 1440 1444 1443
f 1445 1442 1446
f 1446 1442 1443
f 1442 1445 1448
f 1448 1445 1447
f 1444 1449 1443
f 1443 1449 1446
f 1439 1442 1438
f 1438 1442 1448
f 1438 1448 1416
f 1416 1448 1417
f 1436 1450 1441
f 1441 1450 1451
f 1436 1435 1450
f 1450 1435 1452
f 1431 1434 1453
f 1453 1434 1422
f 1431 1453 1432
f 1432 1453 1454
f 1453 1422 1455
f 1455 1422 1421
f 1454 1453 1456
f 1456 1453 1455
f 1457 1458 1454
f 1454 1458 1432
f 1452 1458 1450
f 1450 1458 1457
f 1405 1417 1403
f 1403 1417 1459
f 1404 1460 1410
f 1410 1460 1420
f 1459 1460 1403
f 1403 1460 1404
f 1447 1461 1459
f 1459 1461 1460
f 1445 1462 1447
f 1447 1462 1461
f 1460 1461 1420
f 1420 1461 1463
f 1459 1417 1447
f 1447 1417 1448
f 1464 1419 1463
f 1463 1419 1420
f 1419 1464 1418
f 1418 1464 1421
f 1464 1465 1421
f 1421 1465 1455
f 1465 1464 1466
f 1466 1464 1463
f 1467 1465 1468
f 1468 1465 1466
f 1461 1462 1463
f 1463 1462 1466
f 1462 1469 1466
f 1466 1469 1468
f 1465 1467 1455
f 1455 1467 1456
f 1471 1456 1470
f 1470 1456 1467
f 1470 1473 1472
f 1472 1473 1474
f 1470 1467 1473
f 1473 1467 1468
f 1470 1472 1471
f 1471 1472 1451
f 1471 1451 1457
f 1457 1451 1450
f 1457 1454 1471
f 1471 1454 1456
f 1462 1445 1469
f 1469 1445 1446
f 1474 1469 1449
f 1449 1469 1446
f 1474 1473 1469
f 1469 1473 1468
f 1472 1474 1444
f 1444 1474 1449
f 1444 1441 1472
f 1472 1441 1451
f 1426 1433 1435
f 1435 1433 1452
f 1452 1433 1458
f 1458 1433 1432
f 1371 940 1372
f 1372 940 1068
f 1376 1375 1379
f 1379 1375 1380
f 1393 1386 1394
f 1394 1386 1385
f 1385 1387 1394
f 1394 1387 1392
f 1475 1373 1391
f 1391 1373 1376
f 1375 1386 1380
f 1380 1386 1393
f 1372 1068 1406
f 1406 1068 981
f 1406 1390 1395
f 1395 1390 1389
f 1371 1387 940
f 940 1387 978
f 883 807 1476
f 1476 807 1477
f 1046 904 1479
f 1479 904 1478
f 904 903 1478
f 1478 903 1480
f 1030 1481 1028
f 1028 1481 1482
f 810 1046 1483
f 1483 1046 1479
f 1066 883 1484
f 1484 883 1476
f 807 810 1477
f 1477 810 1483
f 1485 1029 1484
f 1484 1029 1066
f 1028 1482 903
f 903 1482 1480
f 1481 1030 1485
f 1485 1030 1029
f 1484 1486 1485
f 1485 1486 1487
f 1485 1487 1481
f 1481 1487 1488
f 1481 1488 1482
f 1482 1488 1489
f 1482 1489 1480
f 1480 1489 1490
f 1484 1476 1486
f 1486 1476 1491
f 1476 1477 1491
f 1491 1477 1492
f 1477 1483 1492
f 1492 1483 1493
f 1495 1486 1494
f 1494 1486 1491
f 1497 1498 1496
f 1496 1498 1499
f 1500 1501 1497
f 1497 1501 1498
f 1502 1503 1501
f 1501 1503 1498
f 1502 1504 1503
f 1503 1504 1505
f 1506 1499 1503
f 1503 1499 1498
f 1499 1506 1507
f 1507 1506 1508
f 1507 1509 1499
f 1499 1509 1496
f 1502 1501 1510
f 1510 1501 1500
f 1500 1488 1510
f 1510 1488 1487
f 1500 1511 1488
f 1488 1511 1489
f 1497 1512 1500
f 1500 1512 1511
f 1512 1497 1513
f 1513 1497 1496
f 1502 1510 1504
f 1504 1510 1495
f 1495 1510 1486
f 1486 1510 1487
f 1509 1514 1496
f 1496 1514 1513
f 1515 1512 1516
f 1516 1512 1513
f 1514 1517 1513
f 1513 1517 1516
f 1518 1515 1519
f 1519 1515 1516
f 1515 1518 1521
f 1521 1518 1520
f 1517 1522 1516
f 1516 1522 1519
f 1512 1515 1511
f 1511 1515 1521
f 1511 1521 1489
f 1489 1521 1490
f 1514 1509 1524
f 1524 1509 1523
f 1509 1507 1523
f 1523 1507 1508
f 1505 1504 1525
f 1525 1504 1495
f 1526 1505 1527
f 1527 1505 1525
f 1525 1495 1528
f 1528 1495 1494
f 1527 1525 1529
f 1529 1525 1528
f 1527 1530 1526
f 1526 1530 1531
f 1508 1531 1523
f 1523 1531 1530
f 1506 1503 1526
f 1526 1503 1505
f 1508 1506 1531
f 1531 1506 1526
f 1478 1480 1532
f 1532 1480 1490
f 1483 1479 1493
f 1493 1479 1533
f 1532 1533 1478
f 1478 1533 1479
f 1520 1534 1532
f 1532 1534 1533
f 1518 1535 1520
f 1520 1535 1534
f 1533 1534 1493
f 1493 1534 1536
f 1532 1490 1520
f 1520 1490 1521
f 1537 1492 1536
f 1536 1492 1493
f 1492 1537 1491
f 1491 1537 1494
f 1537 1538 1494
f 1494 1538 1528
f 1538 1537 1539
f 1539 1537 1536
f 1540 1538 1541
f 1541 1538 1539
f 1534 1535 1536
f 1536 1535 1539
f 1535 1542 1539
f 1539 1542 1541
f 1538 1540 1528
f 1528 1540 1529
f 1544 1529 1543
f 1543 1529 1540
f 1545 1543 1547
f 1547 1543 1546
f 1543 1540 1546
f 1546 1540 1541
f 1543 1545 1544
f 1544 1545 1524
f 1544 1524 1530
f 1530 1524 1523
f 1530 1527 1544
f 1544 1527 1529
f 1535 1518 1542
f 1542 1518 1519
f 1547 1542 1522
f 1522 1542 1519
f 1547 1546 1542
f 1542 1546 1541
f 1545 1547 1517
f 1517 1547 1522
f 1517 1514 1545
f 1545 1514 1524
f 997 995 986
f 986 995 987
f 987 995 988
f 988 995 971
f 976 1358 977
f 977 1358 1289
f 854 853 1067
f 1067 853 1050
f 1055 985 1069
f 1069 985 962
f 1068 961 981
f 981 961 862
f 1268 1358 920
f 920 1358 976
f 920 976 921
f 921 976 975
f 927 1054 850
f 850 1054 851
f 882 881 1057
f 1057 881 1548
f 1548 1374 1057
f 1057 1374 1373
f 1383 1374 1549
f 1549 1374 1548
f 1549 1548 1550
f 1550 1548 881
f 1550 881 1551
f 1551 881 880
f 933 1552 879
f 879 1552 880
f 1551 880 875
f 875 880 1552
f 1553 1551 878
f 878 1551 875
f 1551 1553 1550
f 1550 1553 1554
f 1550 1554 1549
f 1549 1554 1555
f 978 1384 975
f 975 1384 1555
f 967 849 1556
f 1556 849 852
f 875 1552 876
f 876 1552 933
f 961 939 962
f 962 939 1069
f 1555 1054 975
f 975 1054 921
f 1555 1384 1549
f 1549 1384 1383
f 1391 1390 1475
f 1475 1390 980
f 1373 1475 1057
f 1057 1475 980
f 851 1054 1554
f 1554 1054 1555
f 1554 1553 851
f 851 1553 852
f 878 1556 1553
f 1553 1556 852
f 1556 878 967
f 967 878 877
f 1023 1020 877
f 877 1020 967
f 909 811 1034
f 806 779 873
f 873 779 840
f 805 780 806
f 806 780 779
f 1043 893 1044
f 1044 893 892
f 873 840 847
f 847 840 842
f 840 839 842
f 842 839 843
f 839 791 843
f 843 791 908
f 791 790 908
f 908 790 792
f 809 789 810
f 810 789 1046
f 793 790 809
f 809 790 789
f 809 808 793
f 793 808 1009
f 808 884 1009
f 1009 884 1010
f 1065 1015 884
f 884 1015 1010
f 1032 868 1065
f 1065 868 1015
f 1031 822 1032
f 1032 822 868
f 1031 1027 822
f 822 1027 785
f 1045 905 1046
f 1046 905 904
f 788 781 1019
f 1019 781 894
f 781 780 894
f 894 780 892
f 780 805 892
f 892 805 1044
f 805 804 1044
f 1044 804 891
f 804 1064 891
f 891 1064 888
f 1064 1021 888
f 888 1021 1033
f 1021 1020 1033
f 1033 1020 1034
f 1020 1023 1034
f 1034 1023 909
f 1023 1022 909
f 909 1022 910
f 1043 815 893
f 893 815 819
f 819 815 820
f 820 815 818
f 870 869 818
f 818 869 820
f 1014 1011 870
f 870 1011 869
f 969 972 1014
f 1014 972 1011
f 1036 1063 1022
f 1022 1063 910
f 1035 833 1036
f 1036 833 1063
f 1035 932 979
f 979 932 963
f 834 979 982
f 982 979 958
f 833 1035 834
f 834 1035 979
f 982 863 834
f 834 863 830
f 864 900 831
f 831 900 857
f 990 993 864
f 864 993 900
f 989 994 990
f 990 994 993
f 970 1058 989
f 989 1058 994
f 969 1018 970
f 970 1018 1058
f 1027 902 785
f 785 902 786
f 902 905 786
f 786 905 1019
f 905 1045 1019
f 1019 1045 788
f 788 1045 787
f 787 1045 789
o hand_right
v 0.111944 0.243629 0.948425
v 0.118602 0.245465 0.956050
v 0.110554 0.238224 0.953944
v 0.104800 0.236957 0.947912
v 0.123933 0.231738 0.967978
v 0.122405 0.229124 0.980322
v 0.110126 0.221247 0.972003
v 0.113842 0.224775 0.962657
v 0.096738 0.233831 0.947575
v 0.103975 0.232932 0.952087
v 0.090184 0.236332 0.950318
v 0.082590 0.239879 0.945629
v 0.089651 0.235585 0.943013
v 0.078311 0.240850 0.939067
v 0.080816 0.248800 0.952296
v 0.075918 0.249917 0.937618
v 0.095022 0.271659 0.942767
v 0.105315 0.278679 0.937593
v 0.097809 0.274235 0.922451
v 0.088455 0.266595 0.929102
v 0.117533 0.281676 0.920517
v 0.106274 0.277545 0.920779
v 0.113100 0.283049 0.935763
v 0.122815 0.286411 0.934741
v 0.124481 0.253524 0.947117
v 0.131465 0.256003 0.955314
v 0.126646 0.253242 0.956232
v 0.120080 0.250626 0.948535
v 0.084456 0.232620 0.959669
v 0.085212 0.240390 0.965201
v 0.085374 0.239767 0.957076
v 0.087395 0.231783 0.954873
v 0.154935 0.261072 0.970884
v 0.156407 0.268693 0.982061
v 0.151859 0.266350 0.984960
v 0.151358 0.260188 0.973999
v 0.136574 0.247908 0.990157
v 0.138811 0.258569 0.995117
v 0.129820 0.263810 1.004821
v 0.124837 0.255665 1.000011
v 0.130440 0.236983 0.984949
v 0.121879 0.242500 0.995313
v 0.115160 0.232131 0.989074
v 0.104045 0.222220 0.979229
v 0.164599 0.276279 0.975654
v 0.165141 0.271446 0.966694
v 0.083800 0.212782 0.901485
v 0.088717 0.215257 0.899159
v 0.088192 0.217610 0.901230
v 0.083244 0.214790 0.903020
v 0.162215 0.292127 0.963112
v 0.155498 0.299795 0.962814
v 0.159951 0.301017 0.968408
v 0.164986 0.293180 0.970021
v 0.158482 0.290600 0.954014
v 0.149282 0.297301 0.955258
v 0.074479 0.212466 0.892632
v 0.076249 0.210670 0.897126
v 0.073867 0.214380 0.898422
v 0.072315 0.217132 0.894133
v 0.098114 0.235608 0.941809
v 0.106526 0.240215 0.940903
v 0.091095 0.232926 0.926499
v 0.096862 0.236734 0.931484
v 0.091485 0.234762 0.935891
v 0.086563 0.232445 0.931189
v 0.115751 0.250079 0.926211
v 0.121042 0.252926 0.936243
v 0.115487 0.249572 0.937385
v 0.108935 0.244867 0.927167
v 0.133666 0.257602 0.931694
v 0.127224 0.254809 0.922197
v 0.135169 0.257789 0.920709
v 0.138847 0.258470 0.927728
v 0.113443 0.249947 0.907653
v 0.109899 0.249439 0.902225
v 0.112898 0.249127 0.901072
v 0.116671 0.251352 0.907013
v 0.163440 0.303026 0.974178
v 0.166679 0.294166 0.976981
v 0.138734 0.285746 0.917880
v 0.149413 0.283011 0.920157
v 0.146659 0.280263 0.907877
v 0.135743 0.284132 0.908481
v 0.145494 0.302669 0.964254
v 0.150940 0.305775 0.968889
v 0.076134 0.215729 0.887706
v 0.074253 0.220382 0.889145
v 0.107757 0.242788 0.992780
v 0.097344 0.228624 0.982880
v 0.114565 0.255727 0.998159
v 0.118382 0.265940 1.001216
v 0.121420 0.272755 1.006100
v 0.099528 0.238381 0.925415
v 0.113456 0.246440 0.942082
v 0.128779 0.255701 0.945563
v 0.155285 0.263471 0.931535
v 0.159922 0.265445 0.940905
v 0.150888 0.259608 0.941820
v 0.148393 0.259678 0.933375
v 0.155599 0.275285 0.919954
v 0.154363 0.267334 0.920379
v 0.150721 0.266042 0.912203
v 0.151931 0.273390 0.910153
v 0.082236 0.229509 0.966233
v 0.086115 0.239848 0.972827
v 0.166025 0.282413 0.965100
v 0.166378 0.283448 0.972800
v 0.167335 0.287221 0.980375
v 0.142989 0.257176 0.963781
v 0.149045 0.259300 0.976192
v 0.146001 0.256157 0.977604
v 0.140184 0.256383 0.964680
v 0.127289 0.243923 0.962383
v 0.134779 0.241545 0.973453
v 0.118296 0.235936 0.957753
v 0.146590 0.263505 0.990420
v 0.154431 0.270398 0.994131
v 0.147476 0.267757 0.999022
v 0.161071 0.275582 0.989062
v 0.165803 0.281340 0.984100
v 0.154598 0.311210 0.974144
v 0.139952 0.266362 1.002584
v 0.106126 0.220787 0.959133
v 0.099512 0.217166 0.955920
v 0.097795 0.223460 0.951584
v 0.104069 0.227365 0.953683
v 0.074539 0.239030 0.930685
v 0.080433 0.233646 0.931726
v 0.084330 0.235807 0.939481
v 0.154741 0.260210 0.959337
v 0.163674 0.268865 0.956300
v 0.093369 0.234980 0.920446
v 0.071280 0.221672 0.897651
v 0.073088 0.218082 0.902091
v 0.073802 0.229278 0.917760
v 0.071065 0.233733 0.912963
v 0.090793 0.238217 0.910671
v 0.092203 0.234501 0.916235
v 0.091551 0.234596 0.913773
v 0.091552 0.237314 0.907672
v 0.121423 0.252947 0.901351
v 0.124653 0.254786 0.906488
v 0.084811 0.258628 0.915251
v 0.074133 0.255521 0.924012
v 0.080019 0.260090 0.935211
v 0.122372 0.253245 0.924646
v 0.118260 0.251041 0.915292
v 0.121782 0.252901 0.914009
v 0.099849 0.239480 0.920694
v 0.095213 0.237940 0.915521
v 0.099083 0.240888 0.915242
v 0.104164 0.242626 0.919829
v 0.152738 0.287022 0.932257
v 0.160248 0.278057 0.931800
v 0.079451 0.210952 0.900530
v 0.077946 0.213592 0.901924
v 0.127380 0.256006 0.934528
v 0.088106 0.263795 0.947546
v 0.133618 0.257716 0.943921
v 0.121576 0.273106 0.900246
v 0.127277 0.267564 0.897813
v 0.125188 0.263651 0.894409
v 0.120274 0.267158 0.893554
v 0.090342 0.228374 0.895499
v 0.091802 0.224205 0.899274
v 0.090942 0.221446 0.896994
v 0.089797 0.224650 0.892065
v 0.090092 0.231591 0.920980
v 0.085399 0.229824 0.925266
v 0.085704 0.227452 0.919958
v 0.089521 0.230696 0.916569
v 0.079264 0.230635 0.925400
v 0.079301 0.227245 0.920473
v 0.085291 0.230745 0.891937
v 0.077846 0.229517 0.890722
v 0.078477 0.241949 0.904166
v 0.085995 0.239924 0.903026
v 0.127100 0.292053 0.948086
v 0.137684 0.294125 0.945145
v 0.133609 0.288741 0.931739
v 0.129579 0.284500 0.918183
v 0.125291 0.279182 0.905893
v 0.113074 0.278751 0.907997
v 0.141762 0.289801 0.931213
v 0.089875 0.245925 0.909669
v 0.080577 0.249661 0.912312
v 0.086583 0.251610 0.910885
v 0.140463 0.258800 0.941057
v 0.077553 0.216307 0.905246
v 0.115196 0.287441 0.990426
v 0.121423 0.296614 0.982730
v 0.117162 0.291584 0.977055
v 0.110813 0.280711 0.985769
v 0.089250 0.219428 0.903658
v 0.084032 0.216407 0.906319
v 0.129984 0.256819 0.902940
v 0.126079 0.255228 0.898732
v 0.127234 0.257568 0.895800
v 0.133065 0.258166 0.897978
v 0.143684 0.294713 0.945166
v 0.145396 0.276894 0.900483
v 0.135656 0.280670 0.901011
v 0.140813 0.298801 0.956959
v 0.131414 0.297598 0.959520
v 0.134965 0.301934 0.967435
v 0.100607 0.269442 0.906332
v 0.119040 0.288881 0.948688
v 0.124526 0.294449 0.960840
v 0.128451 0.299474 0.970392
v 0.131441 0.303880 0.976769
v 0.138432 0.305881 0.972912
v 0.073565 0.225710 0.893010
v 0.079046 0.224139 0.885874
v 0.141877 0.311817 0.978615
v 0.134133 0.308735 0.982852
v 0.116824 0.290017 0.963534
v 0.108681 0.283588 0.967566
v 0.111866 0.284692 0.951659
v 0.103000 0.278122 0.954472
v 0.090936 0.270050 0.911408
v 0.090255 0.210917 0.881423
v 0.086754 0.220874 0.885020
v 0.090554 0.220781 0.889479
v 0.093792 0.211997 0.883749
v 0.085651 0.225858 0.887923
v 0.081110 0.219361 0.884485
v 0.095291 0.267707 0.961286
v 0.095930 0.240419 0.910666
v 0.102365 0.269857 0.977309
v 0.085745 0.253991 0.964481
v 0.092497 0.253352 0.976289
v 0.109174 0.269354 0.993480
v 0.101675 0.255060 0.989632
v 0.117414 0.282406 1.001840
v 0.113421 0.276964 0.996543
v 0.094255 0.241571 0.984296
v 0.090162 0.206420 0.897180
v 0.094129 0.209833 0.894407
v 0.118466 0.292407 0.996038
v 0.110251 0.230888 0.955291
v 0.144621 0.258811 0.951177
v 0.139269 0.258094 0.952857
v 0.161836 0.266826 0.946885
v 0.152416 0.259910 0.949619
v 0.085363 0.203866 0.896803
v 0.107545 0.250996 0.897916
v 0.108736 0.251150 0.899429
v 0.103690 0.216618 0.966628
v 0.098426 0.213842 0.962753
v 0.087650 0.217411 0.969567
v 0.093267 0.213530 0.967420
v 0.098170 0.217115 0.973232
v 0.092399 0.221576 0.975970
v 0.145230 0.257592 0.962587
v 0.148554 0.258464 0.960709
v 0.156148 0.288962 0.943690
v 0.163016 0.279647 0.942806
v 0.074325 0.234584 0.923583
v 0.072095 0.245576 0.926796
v 0.072076 0.239913 0.919651
v 0.072742 0.239786 0.909351
v 0.092749 0.241634 0.908415
v 0.087339 0.243145 0.908760
v 0.141169 0.249230 0.975792
v 0.134895 0.251918 0.964655
v 0.098766 0.231316 0.951814
v 0.093188 0.229097 0.950814
v 0.110861 0.247163 0.919142
v 0.097843 0.260026 0.899042
v 0.090525 0.259962 0.904068
v 0.105757 0.245566 0.911990
v 0.080917 0.202975 0.889605
v 0.082708 0.202671 0.894239
v 0.073364 0.246312 0.916292
v 0.129759 0.255240 0.912212
v 0.103786 0.263746 0.900465
v 0.103092 0.256319 0.895939
v 0.150090 0.271228 0.904983
v 0.125062 0.301089 0.989343
v 0.092126 0.218488 0.894574
v 0.095835 0.212419 0.890185
v 0.086105 0.209584 0.881467
v 0.081529 0.206644 0.884544
v 0.164416 0.279883 0.953608
v 0.135623 0.257444 0.953662
v 0.088448 0.231553 0.977649
v 0.083924 0.223979 0.969427
v 0.103327 0.245493 0.907947
v 0.129005 0.274873 0.899823
v 0.112041 0.272658 0.899916
v 0.111349 0.266251 0.892344
v 0.106330 0.260314 0.893180
v 0.106191 0.253323 0.895157
v 0.089458 0.204662 0.880561
v 0.085058 0.202107 0.883633
v 0.084108 0.199170 0.889010
v 0.085350 0.199364 0.893280
v 0.087998 0.201635 0.895821
v 0.093864 0.205897 0.880409
v 0.096842 0.207083 0.882752
v 0.097678 0.209540 0.888578
v 0.097621 0.202333 0.881004
v 0.094971 0.197577 0.880729
v 0.094140 0.189717 0.892405
v 0.089943 0.192832 0.889576
v 0.091903 0.191456 0.888241
v 0.095737 0.188597 0.889833
v 0.099925 0.185504 0.889958
v 0.098577 0.186208 0.893100
v 0.091864 0.194247 0.884417
v 0.097299 0.190383 0.885875
v 0.099875 0.192631 0.883387
v 0.103817 0.188791 0.884360
v 0.101604 0.186570 0.886403
v 0.095902 0.194916 0.882278
v 0.089958 0.195722 0.883677
v 0.102682 0.184398 0.891996
v 0.102382 0.183947 0.889576
v 0.104196 0.184983 0.887074
v 0.106581 0.184530 0.888883
v 0.088696 0.196449 0.893964
v 0.094657 0.190748 0.894792
v 0.100180 0.188217 0.894959
v 0.104099 0.186238 0.893591
v 0.097959 0.192888 0.896169
v 0.102008 0.190478 0.895487
v 0.105548 0.189170 0.894094
v 0.101447 0.195385 0.895779
v 0.104290 0.192655 0.894847
v 0.093316 0.202797 0.895560
v 0.089745 0.200463 0.896110
v 0.106361 0.191176 0.894447
v 0.107969 0.185913 0.889885
v 0.101015 0.195987 0.882206
v 0.105820 0.191268 0.884579
v 0.102583 0.197776 0.882857
v 0.107379 0.193053 0.884766
v 0.108186 0.187599 0.885516
v 0.105745 0.186870 0.885450
v 0.091717 0.205244 0.895882
v 0.095866 0.208559 0.892654
v 0.097339 0.206352 0.892185
v 0.104464 0.198257 0.893196
v 0.099596 0.206894 0.888402
v 0.100244 0.203829 0.883554
v 0.104680 0.198665 0.884925
v 0.105630 0.199366 0.888236
v 0.107993 0.194687 0.886655
v 0.107749 0.195320 0.889115
v 0.106748 0.194560 0.892814
v 0.109411 0.191368 0.888616
v 0.109141 0.189232 0.886601
v 0.108371 0.188957 0.891340
v 0.109022 0.192844 0.889816
v 0.107704 0.191398 0.892148
v 0.102334 0.222234 0.886516
v 0.107194 0.225240 0.883448
v 0.104310 0.228505 0.885139
v 0.100339 0.225614 0.887528
v 0.091144 0.221819 0.878016
v 0.094175 0.220223 0.883147
v 0.091116 0.224156 0.884241
v 0.088972 0.227195 0.878774
v 0.092815 0.225724 0.872575
v 0.091057 0.231486 0.874217
v 0.087210 0.231893 0.882477
v 0.090204 0.228394 0.887985
v 0.090280 0.242388 0.903501
v 0.087166 0.246816 0.899271
v 0.107167 0.246528 0.899225
v 0.106468 0.248580 0.895904
v 0.098490 0.220734 0.885991
v 0.095854 0.224123 0.887018
v 0.107552 0.236666 0.881889
v 0.107704 0.233279 0.886192
v 0.107547 0.230865 0.882302
v 0.106969 0.233258 0.877291
v 0.098135 0.240816 0.905888
v 0.102813 0.244062 0.902895
v 0.094380 0.240575 0.905375
v 0.103685 0.239414 0.877174
v 0.097254 0.240110 0.874904
v 0.095782 0.254271 0.889918
v 0.101806 0.252764 0.890047
v 0.094734 0.226939 0.890801
v 0.104623 0.229629 0.889396
v 0.100298 0.227337 0.891506
v 0.090292 0.237117 0.878123
v 0.097948 0.234046 0.871040
v 0.109845 0.218094 0.867460
v 0.105465 0.229220 0.870650
v 0.108811 0.228700 0.874668
v 0.113889 0.218078 0.870518
v 0.103607 0.234398 0.872771
v 0.099613 0.228437 0.869659
v 0.110554 0.211021 0.882089
v 0.115169 0.214235 0.878919
v 0.106369 0.208973 0.882064
v 0.089439 0.251856 0.894312
v 0.098570 0.210558 0.875405
v 0.102438 0.208774 0.880416
v 0.109791 0.227673 0.879633
v 0.116238 0.216593 0.874588
v 0.105408 0.216954 0.866876
v 0.099133 0.214742 0.870144
v 0.108097 0.211454 0.866148
v 0.102989 0.208927 0.869035
v 0.102041 0.205399 0.874423
v 0.105026 0.205216 0.879358
v 0.108270 0.206634 0.881206
v 0.112255 0.212630 0.866585
v 0.116018 0.213417 0.869407
v 0.117143 0.213835 0.874266
v 0.117590 0.207408 0.867749
v 0.114217 0.204371 0.866644
v 0.116511 0.191061 0.879309
v 0.112136 0.194927 0.877911
v 0.112820 0.194546 0.875406
v 0.116905 0.191039 0.876515
v 0.107850 0.198191 0.874707
v 0.109784 0.197371 0.873344
v 0.111070 0.199978 0.869637
v 0.115550 0.196302 0.871810
v 0.118387 0.199350 0.869308
v 0.122280 0.195248 0.870110
v 0.119556 0.191945 0.872362
v 0.114506 0.201094 0.868115
v 0.119971 0.189127 0.876465
v 0.121566 0.188725 0.878434
v 0.108474 0.201605 0.868700
v 0.106797 0.201836 0.879180
v 0.113070 0.195828 0.880769
v 0.118438 0.192167 0.881741
v 0.123940 0.190187 0.879676
v 0.116272 0.197802 0.882732
v 0.120933 0.194064 0.882653
v 0.125129 0.192545 0.880310
v 0.120133 0.200617 0.882988
v 0.124222 0.196712 0.882184
v 0.112988 0.208043 0.881687
v 0.109417 0.204786 0.881929
v 0.125538 0.194859 0.880871
v 0.124480 0.188970 0.874600
v 0.126718 0.190478 0.876599
v 0.122873 0.189550 0.873828
v 0.119875 0.200876 0.868873
v 0.124150 0.196402 0.870629
v 0.122110 0.202517 0.869657
v 0.126211 0.197204 0.871628
v 0.126315 0.192444 0.872015
v 0.124812 0.191732 0.871745
v 0.111745 0.209337 0.880737
v 0.115668 0.212423 0.877905
v 0.116705 0.211322 0.878825
v 0.123454 0.203408 0.879808
v 0.118594 0.212361 0.874585
v 0.119238 0.209700 0.870260
v 0.123606 0.204169 0.871499
v 0.124724 0.204495 0.875370
v 0.127643 0.198645 0.872478
v 0.127270 0.200441 0.875169
v 0.126452 0.199218 0.879785
v 0.129051 0.194527 0.874158
v 0.127754 0.193052 0.872834
v 0.127343 0.192332 0.877649
v 0.128719 0.196901 0.875915
v 0.127443 0.195268 0.878941
v 0.119600 0.233337 0.882806
v 0.124627 0.236184 0.882276
v 0.123160 0.238993 0.884174
v 0.118059 0.236374 0.884419
v 0.112007 0.236493 0.872802
v 0.112760 0.233434 0.876668
v 0.110681 0.237076 0.878592
v 0.109395 0.241237 0.875244
v 0.115429 0.238898 0.868884
v 0.112261 0.245513 0.871901
v 0.107305 0.245676 0.878105
v 0.109017 0.240512 0.881014
v 0.107120 0.250460 0.892056
v 0.106073 0.255721 0.888020
v 0.115764 0.232730 0.880308
v 0.114084 0.235718 0.882017
v 0.127438 0.246134 0.881292
v 0.126226 0.242658 0.884588
v 0.126685 0.242061 0.881392
v 0.127187 0.244637 0.877834
v 0.115071 0.247936 0.898518
v 0.120217 0.251350 0.897935
v 0.110896 0.247509 0.895619
v 0.124566 0.250001 0.876595
v 0.118197 0.252499 0.873940
v 0.118872 0.261762 0.885244
v 0.123599 0.259407 0.888469
v 0.112494 0.238027 0.884066
v 0.122469 0.239741 0.887131
v 0.117251 0.237418 0.886902
v 0.111112 0.250210 0.875588
v 0.119017 0.247564 0.870570
v 0.131107 0.229902 0.863561
v 0.125828 0.243481 0.870787
v 0.128542 0.241571 0.875787
v 0.134006 0.229394 0.866939
v 0.124914 0.246819 0.872962
v 0.120745 0.242685 0.868055
v 0.127431 0.221347 0.876224
v 0.131739 0.224689 0.875189
v 0.123226 0.221332 0.874764
v 0.110454 0.260783 0.885107
v 0.125149 0.255600 0.893591
v 0.119687 0.222614 0.868198
v 0.120925 0.221367 0.872224
v 0.127896 0.239415 0.879473
v 0.134573 0.227733 0.871322
v 0.126424 0.229448 0.862213
v 0.121001 0.226834 0.863986
v 0.129571 0.225032 0.860610
v 0.124368 0.222175 0.862460
v 0.122795 0.218101 0.866477
v 0.124003 0.217324 0.870681
v 0.126162 0.217651 0.873370
v 0.134105 0.225704 0.862167
v 0.136372 0.225472 0.865404
v 0.135218 0.225852 0.870556
v 0.137084 0.222361 0.861699
v 0.133547 0.219095 0.859135
v 0.135788 0.203330 0.864591
v 0.132013 0.207641 0.865514
v 0.132390 0.208057 0.864395
v 0.135963 0.203717 0.862915
v 0.127591 0.212625 0.864424
v 0.129176 0.211854 0.863465
v 0.130289 0.214618 0.860886
v 0.134683 0.210013 0.860037
v 0.138730 0.214456 0.859586
v 0.141482 0.210144 0.859056
v 0.137986 0.205785 0.859067
v 0.133876 0.217000 0.859512
v 0.138494 0.202074 0.861777
v 0.138332 0.200425 0.862806
v 0.128622 0.216449 0.860803
v 0.126937 0.212702 0.869286
v 0.132188 0.207213 0.868414
v 0.136079 0.202750 0.867751
v 0.139855 0.201118 0.866094
v 0.134464 0.208507 0.871204
v 0.137859 0.204482 0.869756
v 0.141181 0.202908 0.868195
v 0.136958 0.210350 0.872348
v 0.139966 0.206798 0.870704
v 0.130715 0.217698 0.874312
v 0.128361 0.214752 0.872558
v 0.141937 0.204930 0.869057
v 0.141800 0.202209 0.859996
v 0.144361 0.202982 0.863286
v 0.140558 0.203436 0.859859
v 0.139646 0.216069 0.859812
v 0.143730 0.210894 0.859311
v 0.141363 0.217390 0.861650
v 0.145314 0.212106 0.861189
v 0.144324 0.206666 0.858997
v 0.143112 0.206627 0.858886
v 0.129084 0.219921 0.874875
v 0.132824 0.223256 0.873953
v 0.134155 0.221103 0.873551
v 0.140625 0.213165 0.871564
v 0.136639 0.223720 0.870376
v 0.138968 0.222195 0.864932
v 0.142429 0.217221 0.864758
v 0.142653 0.215658 0.868222
v 0.145767 0.212415 0.863934
v 0.144724 0.212306 0.866597
v 0.143139 0.209374 0.870187
v 0.146072 0.208298 0.863911
v 0.145974 0.207488 0.861062
v 0.144758 0.204505 0.866054
v 0.145604 0.208990 0.866276
v 0.144468 0.206197 0.867936
v 0.123786 0.253619 0.896310
v 0.141433 0.247456 0.877836
v 0.145397 0.248794 0.878566
v 0.145033 0.250459 0.879519
v 0.140890 0.249158 0.879898
v 0.135656 0.254674 0.871078
v 0.135994 0.250509 0.873326
v 0.134003 0.253319 0.875857
v 0.133755 0.257436 0.873828
v 0.138842 0.258586 0.869835
v 0.137679 0.261123 0.872530
v 0.133098 0.259638 0.876892
v 0.133168 0.255432 0.879234
v 0.129983 0.264317 0.893361
v 0.130798 0.270104 0.892667
v 0.148564 0.268488 0.899968
v 0.146977 0.263525 0.903100
v 0.147250 0.260890 0.894542
v 0.148726 0.265650 0.893062
v 0.138210 0.248247 0.875818
v 0.136715 0.250057 0.878564
v 0.150277 0.259051 0.879044
v 0.148851 0.254765 0.880999
v 0.148535 0.252793 0.879137
v 0.150864 0.256296 0.877021
v 0.142507 0.260028 0.902856
v 0.137765 0.259148 0.901831
v 0.138300 0.256835 0.897488
v 0.143382 0.257521 0.894821
v 0.133293 0.257873 0.895114
v 0.148601 0.262495 0.876984
v 0.143482 0.265014 0.875023
v 0.144028 0.274524 0.891130
v 0.147355 0.270964 0.892584
v 0.135806 0.251765 0.880371
v 0.145150 0.251996 0.881997
v 0.140890 0.250368 0.881394
v 0.136950 0.263821 0.875186
v 0.144174 0.262069 0.872499
v 0.152754 0.252626 0.867541
v 0.150239 0.258241 0.872858
v 0.151484 0.254632 0.875986
v 0.153777 0.250717 0.869946
v 0.149312 0.259735 0.874430
v 0.145447 0.259593 0.869947
v 0.144854 0.242583 0.873479
v 0.149563 0.245117 0.873997
v 0.141976 0.242822 0.871758
v 0.135901 0.274494 0.891421
v 0.139852 0.247519 0.866191
v 0.140255 0.243998 0.868944
v 0.148937 0.251073 0.877837
v 0.152737 0.247995 0.872516
v 0.148985 0.253511 0.864951
v 0.142866 0.252200 0.864355
v 0.150492 0.249692 0.862645
v 0.144447 0.248227 0.862415
v 0.141753 0.243301 0.865088
v 0.142058 0.241562 0.868494
v 0.143670 0.240815 0.871166
v 0.154195 0.249362 0.865556
v 0.155007 0.248106 0.868296
v 0.153650 0.246320 0.871463
v 0.155729 0.245901 0.863778
v 0.152610 0.244048 0.860632
v 0.151203 0.230856 0.863153
v 0.148580 0.233909 0.864190
v 0.148938 0.234478 0.863173
v 0.151028 0.231059 0.862069
v 0.145499 0.238449 0.863862
v 0.146867 0.238118 0.862841
v 0.148090 0.241231 0.861393
v 0.150972 0.236886 0.860216
v 0.155766 0.239340 0.859931
v 0.157457 0.235615 0.858995
v 0.153011 0.233844 0.859015
v 0.152110 0.242187 0.860156
v 0.152723 0.229527 0.860472
v 0.153205 0.228295 0.860926
v 0.146823 0.242898 0.861266
v 0.144718 0.237832 0.867876
v 0.148956 0.232513 0.866289
v 0.152155 0.229026 0.864374
v 0.155055 0.227748 0.862237
v 0.149809 0.233140 0.868655
v 0.153414 0.228934 0.866355
v 0.156272 0.227886 0.864270
v 0.152103 0.234443 0.870768
v 0.155052 0.230408 0.867845
v 0.148652 0.239744 0.872968
v 0.146172 0.238196 0.870859
v 0.156724 0.229142 0.865499
v 0.156003 0.229745 0.858605
v 0.157819 0.228975 0.860853
v 0.155164 0.230970 0.858100
v 0.156866 0.240077 0.860443
v 0.159044 0.235573 0.859450
v 0.158512 0.240654 0.862277
v 0.160323 0.235293 0.861208
v 0.158788 0.232108 0.858669
v 0.157163 0.232929 0.858226
v 0.147095 0.241131 0.873188
v 0.150380 0.243648 0.873276
v 0.152141 0.242294 0.872747
v 0.155376 0.236852 0.870831
v 0.155184 0.244843 0.870513
v 0.156319 0.245981 0.866939
v 0.159084 0.240277 0.864967
v 0.158426 0.239022 0.868114
v 0.160683 0.234560 0.863267
v 0.159872 0.233929 0.866160
v 0.157738 0.232333 0.868110
v 0.159852 0.230931 0.862460
v 0.159817 0.231145 0.860564
v 0.158450 0.229171 0.862869
v 0.159574 0.231023 0.864412
v 0.158408 0.230074 0.865070
v 0.147397 0.271394 0.897105
v 0.076589 0.221203 0.956089
v 0.078861 0.223969 0.951551
v 0.090861 0.214063 0.946337
v 0.086871 0.219710 0.944682
v 0.091131 0.208679 0.950487
v 0.085332 0.207101 0.959639
v 0.089550 0.207067 0.955889
v 0.082525 0.223322 0.946685
v 0.076717 0.216961 0.960389
v 0.080279 0.210987 0.962429
v 0.070666 0.213701 0.955310
v 0.074569 0.206982 0.957269
v 0.079470 0.202554 0.954891
v 0.085404 0.203390 0.951041
v 0.088115 0.205367 0.947210
v 0.073047 0.219079 0.950984
v 0.076066 0.221624 0.946870
v 0.081458 0.220760 0.943020
v 0.070199 0.217241 0.943573
v 0.066374 0.209037 0.939237
v 0.071472 0.193103 0.929695
v 0.074793 0.195465 0.935155
v 0.072024 0.196276 0.935384
v 0.069056 0.193630 0.930734
v 0.074458 0.197752 0.940276
v 0.072579 0.198529 0.938951
v 0.069404 0.202642 0.940093
v 0.066901 0.200205 0.935684
v 0.066936 0.206625 0.937920
v 0.065427 0.206071 0.934119
v 0.064336 0.198022 0.931284
v 0.065763 0.193122 0.928476
v 0.062460 0.196216 0.927335
v 0.067663 0.192914 0.925900
v 0.067996 0.202160 0.942430
v 0.080841 0.198850 0.943230
v 0.078477 0.196261 0.935043
v 0.074679 0.194474 0.928199
v 0.069888 0.194488 0.924071
v 0.081499 0.199106 0.933297
v 0.077132 0.198093 0.927265
v 0.072546 0.198756 0.923639
v 0.082255 0.203630 0.931488
v 0.077368 0.202057 0.926607
v 0.087503 0.208994 0.941398
v 0.086157 0.202798 0.942995
v 0.073714 0.201293 0.924389
v 0.062582 0.196251 0.924501
v 0.065096 0.198177 0.922509
v 0.065454 0.209551 0.933775
v 0.062440 0.204005 0.930205
v 0.063271 0.206651 0.928762
v 0.067497 0.213089 0.933450
v 0.064868 0.208732 0.927423
v 0.061543 0.202285 0.925515
v 0.061348 0.200713 0.927943
v 0.089116 0.210732 0.944068
v 0.086479 0.216741 0.942836
v 0.084873 0.215225 0.940455
v 0.080096 0.209972 0.930937
v 0.080008 0.219156 0.939678
v 0.074050 0.219533 0.941316
v 0.070642 0.214777 0.932037
v 0.075403 0.214077 0.931125
v 0.068303 0.209542 0.926354
v 0.071359 0.209000 0.926184
v 0.075239 0.205906 0.925792
v 0.067202 0.205192 0.923578
v 0.063718 0.204217 0.923957
v 0.068738 0.201227 0.922488
v 0.069853 0.205901 0.924336
v 0.071522 0.203343 0.923789
v 0.148465 0.264678 0.907934
v 0.143330 0.260436 0.908852
v 0.146829 0.261857 0.913954
v 0.151026 0.262536 0.922261
v 0.157720 0.268242 0.928380
v 0.145100 0.259776 0.924697
v 0.141144 0.259142 0.915878
v 0.135926 0.257763 0.908296
v 0.142147 0.259159 0.934563
f 1558 1559 1557
f 1557 1559 1560
f 1561 1562 1564
f 1564 1562 1563
f 1565 1560 1566
f 1566 1560 1559
f 1568 1569 1567
f 1567 1569 1565
f 1570 1568 1572
f 1572 1568 1571
f 1574 1575 1573
f 1573 1575 1576
f 1578 1579 1577
f 1577 1579 1580
f 1582 1583 1581
f 1581 1583 1584
f 1586 1587 1585
f 1585 1587 1588
f 1589 1590 1592
f 1592 1590 1591
f 1593 1594 1596
f 1596 1594 1595
f 1597 1598 1562
f 1562 1598 1599
f 1562 1599 1563
f 1563 1599 1600
f 1601 1590 1602
f 1602 1590 1589
f 1604 1605 1603
f 1603 1605 1606
f 1608 1609 1607
f 1607 1609 1610
f 1612 1608 1611
f 1611 1608 1607
f 1614 1615 1613
f 1613 1615 1616
f 1617 1618 1560
f 1560 1618 1557
f 1620 1621 1619
f 1619 1621 1622
f 1624 1625 1623
f 1623 1625 1626
f 1628 1629 1627
f 1627 1629 1630
f 1632 1633 1631
f 1631 1633 1634
f 1609 1635 1610
f 1610 1635 1636
f 1638 1639 1637
f 1637 1639 1640
f 1641 1642 1608
f 1608 1642 1609
f 1613 1616 1643
f 1643 1616 1644
f 1645 1646 1599
f 1599 1646 1600
f 1599 1598 1645
f 1645 1598 1647
f 1596 1595 1648
f 1648 1595 1649
f 1650 1626 1620
f 1620 1626 1625
f 1569 1617 1565
f 1565 1617 1560
f 1581 1584 1625
f 1625 1584 1651
f 1652 1581 1624
f 1624 1581 1625
f 1654 1655 1653
f 1653 1655 1656
f 1657 1658 1660
f 1660 1658 1659
f 1662 1586 1661
f 1661 1586 1585
f 1607 1610 1663
f 1663 1610 1664
f 1610 1636 1664
f 1664 1636 1665
f 1667 1668 1666
f 1666 1668 1669
f 1671 1561 1670
f 1670 1561 1672
f 1671 1597 1561
f 1561 1597 1562
f 1592 1591 1667
f 1667 1591 1673
f 1591 1674 1673
f 1673 1674 1675
f 1590 1676 1591
f 1591 1676 1674
f 1590 1601 1676
f 1676 1601 1677
f 1681 1682 1680
f 1680 1682 1683
f 1684 1685 1570
f 1570 1685 1686
f 1589 1687 1602
f 1602 1687 1688
f 1689 1650 1619
f 1619 1650 1620
f 1690 1691 1693
f 1693 1691 1692
f 1695 1696 1694
f 1694 1696 1697
f 1633 1698 1634
f 1634 1698 1699
f 1700 1701 1576
f 1576 1701 1702
f 1704 1705 1703
f 1703 1705 1628
f 1707 1708 1706
f 1706 1708 1709
f 1638 1657 1639
f 1639 1657 1660
f 1657 1638 1711
f 1711 1638 1710
f 1712 1713 1614
f 1614 1713 1615
f 1714 1624 1703
f 1703 1624 1623
f 1715 1702 1571
f 1571 1702 1572
f 1624 1714 1652
f 1652 1714 1716
f 1685 1622 1686
f 1686 1622 1621
f 1718 1719 1717
f 1717 1719 1720
f 1722 1723 1721
f 1721 1723 1724
f 1726 1727 1725
f 1725 1727 1728
f 1730 1727 1729
f 1729 1727 1726
f 1732 1733 1731
f 1731 1733 1734
f 1736 1737 1735
f 1735 1737 1580
f 1738 1739 1577
f 1577 1739 1740
f 1637 1741 1638
f 1638 1741 1710
f 1742 1743 1744
f 1744 1743 1700
f 1714 1627 1716
f 1716 1627 1745
f 1746 1691 1713
f 1713 1691 1615
f 1725 1728 1695
f 1695 1728 1696
f 1703 1628 1714
f 1714 1628 1627
f 1748 1749 1747
f 1747 1749 1750
f 1723 1722 1605
f 1605 1722 1751
f 1752 1746 1606
f 1606 1746 1713
f 1753 1754 1756
f 1756 1754 1755
f 1577 1580 1738
f 1738 1580 1737
f 1702 1715 1576
f 1576 1715 1573
f 1738 1737 1637
f 1637 1737 1741
f 1757 1741 1736
f 1736 1741 1737
f 1758 1759 1639
f 1639 1759 1640
f 1761 1762 1760
f 1760 1762 1641
f 1763 1578 1740
f 1740 1578 1577
f 1735 1580 1764
f 1764 1580 1579
f 1764 1765 1735
f 1735 1765 1761
f 1765 1766 1761
f 1761 1766 1762
f 1768 1762 1767
f 1767 1762 1766
f 1735 1761 1736
f 1736 1761 1760
f 1769 1732 1644
f 1644 1732 1770
f 1642 1641 1768
f 1768 1641 1762
f 1749 1773 1774
f 1773 1775 1774
f 1774 1775 1776
f 1775 1574 1776
f 1776 1574 1573
f 1575 1777 1576
f 1576 1777 1700
f 1778 1779 1781
f 1781 1779 1780
f 1731 1782 1732
f 1732 1782 1770
f 1783 1643 1770
f 1770 1643 1644
f 1776 1573 1784
f 1784 1573 1715
f 1690 1769 1616
f 1616 1769 1644
f 1694 1785 1707
f 1707 1785 1708
f 1749 1748 1766
f 1766 1748 1767
f 1786 1750 1774
f 1774 1750 1749
f 1787 1788 1784
f 1784 1788 1786
f 1789 1790 1647
f 1647 1790 1645
f 1791 1792 1649
f 1649 1792 1648
f 1786 1788 1790
f 1790 1788 1793
f 1603 1794 1604
f 1604 1794 1795
f 1796 1747 1791
f 1791 1747 1792
f 1561 1564 1672
f 1672 1564 1797
f 1798 1799 1745
f 1745 1799 1716
f 1800 1801 1654
f 1654 1801 1655
f 1712 1802 1603
f 1603 1802 1794
f 1632 1803 1633
f 1633 1803 1804
f 1806 1681 1805
f 1805 1681 1680
f 1808 1809 1807
f 1807 1809 1810
f 1667 1666 1592
f 1592 1666 1811
f 1812 1589 1811
f 1811 1589 1592
f 1813 1814 1710
f 1710 1814 1711
f 1619 1725 1689
f 1689 1725 1695
f 1622 1726 1619
f 1619 1726 1725
f 1729 1726 1685
f 1685 1726 1622
f 1685 1684 1729
f 1729 1684 1815
f 1684 1816 1815
f 1815 1816 1817
f 1769 1690 1818
f 1818 1690 1693
f 1819 1820 1742
f 1742 1820 1743
f 1668 1821 1669
f 1669 1821 1822
f 1567 1823 1824
f 1790 1789 1786
f 1786 1789 1750
f 1709 1825 1626
f 1626 1825 1623
f 1731 1734 1721
f 1721 1734 1697
f 1706 1709 1650
f 1650 1709 1626
f 1827 1777 1826
f 1826 1777 1763
f 1825 1709 1828
f 1828 1709 1708
f 1677 1601 1665
f 1665 1601 1664
f 1603 1606 1712
f 1712 1606 1713
f 1613 1829 1614
f 1614 1829 1830
f 1701 1831 1816
f 1816 1831 1817
f 1832 1705 1699
f 1699 1705 1634
f 1704 1825 1631
f 1631 1825 1828
f 1763 1833 1826
f 1826 1833 1834
f 1751 1752 1605
f 1605 1752 1606
f 1615 1691 1616
f 1616 1691 1690
f 1639 1660 1758
f 1758 1660 1835
f 1705 1704 1634
f 1634 1704 1631
f 1803 1834 1804
f 1804 1834 1833
f 1739 1738 1640
f 1640 1738 1637
f 1604 1795 1837
f 1837 1795 1838
f 1783 1779 1839
f 1839 1779 1778
f 1779 1782 1780
f 1780 1782 1724
f 1837 1838 1780
f 1780 1838 1781
f 1721 1724 1731
f 1731 1724 1782
f 1820 1819 1694
f 1694 1819 1785
f 1570 1572 1684
f 1684 1572 1816
f 1776 1784 1774
f 1774 1784 1786
f 1643 1783 1840
f 1840 1783 1839
f 1816 1572 1701
f 1701 1572 1702
f 1800 1654 1814
f 1814 1654 1711
f 1614 1830 1712
f 1712 1830 1802
f 1663 1841 1607
f 1607 1841 1611
f 1799 1842 1716
f 1716 1842 1652
f 1790 1793 1645
f 1645 1793 1646
f 1602 1688 1663
f 1663 1688 1841
f 1809 1808 1805
f 1805 1808 1806
f 1842 1582 1652
f 1652 1582 1581
f 1662 1661 1843
f 1843 1661 1844
f 1828 1708 1845
f 1845 1708 1785
f 1694 1707 1695
f 1695 1707 1689
f 1739 1846 1717
f 1717 1846 1718
f 1847 1848 1833
f 1833 1848 1849
f 1707 1706 1689
f 1689 1706 1650
f 1818 1831 1733
f 1733 1831 1743
f 1700 1743 1701
f 1701 1743 1831
f 1829 1613 1840
f 1840 1613 1643
f 1730 1692 1746
f 1746 1692 1691
f 1667 1673 1668
f 1668 1673 1594
f 1673 1675 1594
f 1594 1675 1679
f 1668 1594 1821
f 1821 1594 1593
f 1843 1844 1810
f 1810 1844 1807
f 1784 1715 1787
f 1787 1715 1571
f 1779 1783 1782
f 1782 1783 1770
f 1703 1623 1704
f 1704 1623 1825
f 1780 1724 1837
f 1837 1724 1723
f 1755 1719 1756
f 1756 1719 1718
f 1601 1602 1664
f 1664 1602 1663
f 1837 1723 1604
f 1604 1723 1605
f 1717 1720 1847
f 1847 1720 1848
f 1594 1679 1595
f 1849 1850 1833
f 1833 1850 1804
f 1840 1839 1852
f 1852 1839 1851
f 1840 1852 1829
f 1829 1852 1853
f 1830 1829 1854
f 1854 1829 1853
f 1802 1830 1855
f 1855 1830 1854
f 1839 1778 1851
f 1851 1778 1856
f 1778 1781 1856
f 1856 1781 1857
f 1857 1781 1858
f 1858 1781 1838
f 1859 1860 1856
f 1856 1860 1851
f 1862 1863 1861
f 1861 1863 1864
f 1865 1866 1864
f 1864 1866 1861
f 1864 1863 1868
f 1868 1863 1867
f 1869 1870 1868
f 1868 1870 1871
f 1867 1872 1868
f 1868 1872 1869
f 1873 1860 1867
f 1867 1860 1872
f 1871 1865 1868
f 1868 1865 1864
f 1874 1875 1877
f 1877 1875 1876
f 1875 1874 1865
f 1865 1874 1866
f 1867 1863 1873
f 1873 1863 1862
f 1862 1853 1873
f 1873 1853 1852
f 1862 1878 1853
f 1853 1878 1854
f 1861 1879 1862
f 1862 1879 1878
f 1879 1861 1880
f 1880 1861 1866
f 1860 1873 1851
f 1851 1873 1852
f 1874 1881 1866
f 1866 1881 1880
f 1879 1880 1882
f 1882 1880 1883
f 1880 1881 1883
f 1883 1881 1884
f 1882 1883 1885
f 1885 1883 1886
f 1885 1887 1882
f 1882 1887 1888
f 1889 1886 1884
f 1884 1886 1883
f 1879 1882 1878
f 1878 1882 1888
f 1878 1888 1854
f 1854 1888 1855
f 1881 1874 1890
f 1890 1874 1877
f 1869 1872 1891
f 1891 1872 1860
f 1891 1892 1869
f 1869 1892 1870
f 1860 1859 1891
f 1891 1859 1893
f 1892 1891 1894
f 1894 1891 1893
f 1892 1895 1870
f 1870 1895 1896
f 1802 1855 1794
f 1794 1855 1897
f 1795 1898 1838
f 1838 1898 1858
f 1898 1795 1897
f 1897 1795 1794
f 1897 1887 1898
f 1898 1887 1899
f 1887 1885 1899
f 1899 1885 1900
f 1898 1899 1858
f 1858 1899 1901
f 1897 1855 1887
f 1887 1855 1888
f 1902 1857 1901
f 1901 1857 1858
f 1902 1859 1857
f 1857 1859 1856
f 1903 1893 1902
f 1902 1893 1859
f 1903 1902 1904
f 1904 1902 1901
f 1905 1903 1906
f 1906 1903 1904
f 1899 1900 1901
f 1901 1900 1904
f 1900 1907 1904
f 1904 1907 1906
f 1893 1903 1894
f 1894 1903 1905
f 1909 1894 1908
f 1908 1894 1905
f 1908 1911 1910
f 1910 1911 1912
f 1908 1905 1911
f 1911 1905 1906
f 1908 1910 1909
f 1909 1910 1890
f 1909 1890 1895
f 1895 1890 1877
f 1895 1892 1909
f 1909 1892 1894
f 1885 1886 1900
f 1900 1886 1907
f 1912 1907 1889
f 1889 1907 1886
f 1912 1911 1907
f 1907 1911 1906
f 1910 1912 1884
f 1884 1912 1889
f 1884 1881 1910
f 1910 1881 1890
f 1865 1871 1875
f 1875 1871 1876
f 1876 1896 1877
f 1877 1896 1895
f 1876 1871 1896
f 1896 1871 1870
f 1693 1692 1817
f 1817 1692 1815
f 1696 1722 1697
f 1697 1722 1721
f 1728 1727 1751
f 1751 1727 1752
f 1727 1730 1752
f 1752 1730 1746
f 1734 1733 1820
f 1820 1733 1743
f 1728 1751 1696
f 1696 1751 1722
f 1693 1817 1818
f 1818 1817 1831
f 1734 1820 1697
f 1697 1820 1694
f 1818 1733 1769
f 1769 1733 1732
f 1692 1730 1815
f 1815 1730 1729
f 1914 1915 1913
f 1913 1915 1916
f 1918 1919 1917
f 1917 1919 1920
f 1917 1920 1921
f 1921 1920 1922
f 1923 1924 1926
f 1926 1924 1925
f 1632 1927 1803
f 1803 1927 1928
f 1929 1930 1918
f 1918 1930 1919
f 1932 1933 1931
f 1931 1933 1934
f 1845 1785 1936
f 1936 1785 1935
f 1937 1935 1819
f 1819 1935 1785
f 1939 1940 1938
f 1938 1940 1941
f 1942 1924 1930
f 1930 1924 1919
f 1632 1845 1927
f 1927 1845 1936
f 1933 1932 1915
f 1915 1932 1943
f 1944 1942 1916
f 1916 1942 1930
f 1945 1939 1922
f 1922 1939 1946
f 1948 1949 1947
f 1947 1949 1950
f 1939 1938 1946
f 1946 1938 1951
f 1952 1921 1946
f 1946 1921 1922
f 1945 1922 1923
f 1923 1922 1920
f 1913 1953 1914
f 1914 1953 1954
f 1929 1955 1913
f 1913 1955 1953
f 1945 1923 1956
f 1956 1923 1926
f 1938 1941 1931
f 1931 1941 1928
f 1913 1916 1929
f 1929 1916 1930
f 1917 1957 1918
f 1918 1957 1958
f 1943 1944 1915
f 1915 1944 1916
f 1919 1924 1920
f 1920 1924 1923
f 1914 1954 1959
f 1959 1954 1960
f 1952 1948 1961
f 1961 1948 1947
f 1948 1951 1949
f 1949 1951 1934
f 1949 1959 1950
f 1950 1959 1960
f 1931 1934 1938
f 1938 1934 1951
f 1921 1952 1962
f 1962 1952 1961
f 1918 1958 1929
f 1929 1958 1955
f 1827 1826 1956
f 1956 1826 1940
f 1957 1917 1962
f 1962 1917 1921
f 1937 1925 1942
f 1942 1925 1924
f 1948 1952 1951
f 1951 1952 1946
f 1949 1934 1959
f 1959 1934 1933
f 1959 1933 1914
f 1914 1933 1915
f 1962 1961 1964
f 1964 1961 1963
f 1962 1964 1957
f 1957 1964 1965
f 1957 1965 1958
f 1958 1965 1966
f 1958 1966 1955
f 1955 1966 1967
f 1961 1947 1963
f 1963 1947 1968
f 1947 1950 1968
f 1968 1950 1969
f 1950 1960 1969
f 1969 1960 1970
f 1971 1972 1968
f 1968 1972 1963
f 1974 1975 1973
f 1973 1975 1976
f 1977 1978 1974
f 1974 1978 1975
f 1975 1978 1980
f 1980 1978 1979
f 1981 1982 1980
f 1980 1982 1983
f 1979 1984 1980
f 1980 1984 1981
f 1983 1976 1980
f 1980 1976 1975
f 1976 1985 1973
f 1973 1985 1986
f 1979 1978 1987
f 1987 1978 1977
f 1977 1965 1987
f 1987 1965 1964
f 1977 1988 1965
f 1965 1988 1966
f 1974 1989 1977
f 1977 1989 1988
f 1990 1989 1973
f 1973 1989 1974
f 1987 1972 1979
f 1979 1972 1984
f 1972 1987 1963
f 1963 1987 1964
f 1991 1990 1986
f 1986 1990 1973
f 1989 1990 1992
f 1992 1990 1993
f 1990 1991 1993
f 1993 1991 1994
f 1992 1993 1995
f 1995 1993 1996
f 1995 1997 1992
f 1992 1997 1998
f 1994 1999 1993
f 1993 1999 1996
f 1992 1998 1989
f 1989 1998 1988
f 1988 1998 1966
f 1966 1998 1967
f 1991 1986 2001
f 2001 1986 2000
f 1986 1985 2000
f 2000 1985 2002
f 1981 1984 2003
f 2003 1984 1972
f 1982 1981 2004
f 2004 1981 2003
f 1972 1971 2003
f 2003 1971 2005
f 2003 2005 2004
f 2004 2005 2006
f 2007 2008 2004
f 2004 2008 1982
f 2002 2008 2000
f 2000 2008 2007
f 1955 1967 1953
f 1953 1967 2009
f 1954 2010 1960
f 1960 2010 1970
f 2010 1954 2009
f 2009 1954 1953
f 2009 1997 2010
f 2010 1997 2011
f 1997 1995 2011
f 2011 1995 2012
f 2010 2011 1970
f 1970 2011 2013
f 1997 2009 1998
f 1998 2009 1967
f 2014 1969 2013
f 2013 1969 1970
f 2014 1971 1969
f 1969 1971 1968
f 2014 2015 1971
f 1971 2015 2005
f 2015 2014 2016
f 2016 2014 2013
f 2017 2015 2018
f 2018 2015 2016
f 2011 2012 2013
f 2013 2012 2016
f 2012 2019 2016
f 2016 2019 2018
f 2015 2017 2005
f 2005 2017 2006
f 2021 2006 2020
f 2020 2006 2017
f 2020 2023 2022
f 2022 2023 2024
f 2020 2017 2023
f 2023 2017 2018
f 2020 2022 2021
f 2021 2022 2001
f 2021 2001 2007
f 2007 2001 2000
f 2007 2004 2021
f 2021 2004 2006
f 1995 1996 2012
f 2012 1996 2019
f 2024 2019 1999
f 1999 2019 1996
f 2024 2023 2019
f 2019 2023 2018
f 2022 2024 1994
f 1994 2024 1999
f 1994 1991 2022
f 2022 1991 2001
f 1976 1983 1985
f 1985 1983 2002
f 2002 1983 2008
f 2008 1983 1982
f 1926 1925 1744
f 1744 1925 1742
f 1927 1932 1928
f 1928 1932 1931
f 1936 1935 1943
f 1943 1935 1944
f 1935 1937 1944
f 1944 1937 1942
f 1941 1940 1834
f 1834 1940 1826
f 1936 1943 1927
f 1927 1943 1932
f 1956 1926 1827
f 1827 1926 1744
f 1941 1834 1928
f 1928 1834 1803
f 1956 1940 1945
f 1945 1940 1939
f 1925 1937 1742
f 1742 1937 1819
f 1777 1827 1700
f 1700 1827 1744
f 1777 1575 1763
f 1763 1575 1578
f 1575 1574 1578
f 1578 1574 1579
f 1574 1775 1579
f 1579 1775 1764
f 2025 2026 2028
f 2028 2026 2027
f 2030 2031 2029
f 2029 2031 2032
f 2029 2032 2033
f 2033 2032 2034
f 2036 2037 2035
f 2035 2037 2038
f 2039 2040 2030
f 2030 2040 2031
f 2042 2043 2041
f 2041 2043 2044
f 2045 2046 1633
f 1633 2046 1698
f 2047 2045 1804
f 1804 2045 1633
f 2049 2050 2048
f 2048 2050 2051
f 2052 2036 2040
f 2040 2036 2031
f 2042 2053 2043
f 2043 2053 2027
f 2054 2052 2028
f 2028 2052 2040
f 2055 2049 2034
f 2034 2049 2056
f 2057 2058 2060
f 2060 2058 2059
f 2049 2048 2056
f 2056 2048 2061
f 2062 2033 2056
f 2056 2033 2034
f 2055 2034 2035
f 2035 2034 2032
f 2025 2063 2026
f 2026 2063 2064
f 2039 2065 2025
f 2025 2065 2063
f 2035 2038 2055
f 2055 2038 2066
f 2048 2051 2041
f 2041 2051 2067
f 2039 2025 2040
f 2040 2025 2028
f 2029 2068 2030
f 2030 2068 2069
f 2053 2054 2027
f 2027 2054 2028
f 2031 2036 2032
f 2032 2036 2035
f 2026 2064 2070
f 2070 2064 2071
f 2062 2058 2072
f 2072 2058 2057
f 2059 2058 2044
f 2044 2058 2061
f 2070 2071 2059
f 2059 2071 2060
f 2041 2044 2048
f 2048 2044 2061
f 2033 2062 2073
f 2073 2062 2072
f 2030 2069 2039
f 2039 2069 2065
f 2066 1848 2050
f 2050 1848 1720
f 2068 2029 2073
f 2073 2029 2033
f 2047 2037 2052
f 2052 2037 2036
f 2058 2062 2061
f 2061 2062 2056
f 2059 2044 2070
f 2070 2044 2043
f 2070 2043 2026
f 2026 2043 2027
f 2073 2072 2075
f 2075 2072 2074
f 2073 2075 2068
f 2068 2075 2076
f 2068 2076 2069
f 2069 2076 2077
f 2069 2077 2065
f 2065 2077 2078
f 2072 2057 2074
f 2074 2057 2079
f 2057 2060 2079
f 2079 2060 2080
f 2080 2060 2081
f 2081 2060 2071
f 2082 2083 2079
f 2079 2083 2074
f 2085 2086 2084
f 2084 2086 2087
f 2088 2089 2085
f 2085 2089 2086
f 2086 2089 2091
f 2091 2089 2090
f 2092 2093 2091
f 2091 2093 2094
f 2090 2095 2091
f 2091 2095 2092
f 2094 2087 2091
f 2091 2087 2086
f 2096 2097 2087
f 2087 2097 2084
f 2089 2088 2090
f 2090 2088 2098
f 2088 2076 2098
f 2098 2076 2075
f 2088 2099 2076
f 2076 2099 2077
f 2085 2100 2088
f 2088 2100 2099
f 2100 2085 2101
f 2101 2085 2084
f 2090 2098 2095
f 2095 2098 2083
f 2083 2098 2074
f 2074 2098 2075
f 2097 2102 2084
f 2084 2102 2101
f 2103 2100 2104
f 2104 2100 2101
f 2102 2105 2101
f 2101 2105 2104
f 2106 2103 2107
f 2107 2103 2104
f 2103 2106 2109
f 2109 2106 2108
f 2105 2110 2104
f 2104 2110 2107
f 2100 2103 2099
f 2099 2103 2109
f 2099 2109 2077
f 2077 2109 2078
f 2102 2097 2112
f 2112 2097 2111
f 2097 2096 2111
f 2111 2096 2113
f 2092 2095 2114
f 2114 2095 2083
f 2093 2092 2115
f 2115 2092 2114
f 2083 2082 2114
f 2114 2082 2116
f 2115 2114 2117
f 2117 2114 2116
f 2115 2118 2093
f 2093 2118 2119
f 2113 2119 2111
f 2111 2119 2118
f 2065 2078 2063
f 2063 2078 2120
f 2064 2121 2071
f 2071 2121 2081
f 2121 2064 2120
f 2120 2064 2063
f 2120 2108 2121
f 2121 2108 2122
f 2108 2106 2122
f 2122 2106 2123
f 2121 2122 2081
f 2081 2122 2124
f 2120 2078 2108
f 2108 2078 2109
f 2125 2080 2124
f 2124 2080 2081
f 2125 2082 2080
f 2080 2082 2079
f 2126 2116 2125
f 2125 2116 2082
f 2126 2125 2127
f 2127 2125 2124
f 2128 2126 2129
f 2129 2126 2127
f 2122 2123 2124
f 2124 2123 2127
f 2123 2130 2127
f 2127 2130 2129
f 2126 2128 2116
f 2116 2128 2117
f 2132 2117 2131
f 2131 2117 2128
f 2131 2134 2133
f 2133 2134 2135
f 2131 2128 2134
f 2134 2128 2129
f 2131 2133 2132
f 2132 2133 2112
f 2132 2112 2118
f 2118 2112 2111
f 2118 2115 2132
f 2132 2115 2117
f 2106 2107 2123
f 2123 2107 2130
f 2135 2130 2110
f 2110 2130 2107
f 2135 2134 2130
f 2130 2134 2129
f 2135 2110 2133
f 2133 2110 2105
f 2105 2102 2133
f 2133 2102 2112
f 2087 2094 2096
f 2096 2094 2113
f 2113 2094 2119
f 2119 2094 2093
f 2037 1850 2038
f 2038 1850 1849
f 2136 2042 2067
f 2067 2042 2041
f 2046 2045 2053
f 2053 2045 2054
f 2045 2047 2054
f 2054 2047 2052
f 1719 2051 1720
f 1720 2051 2050
f 2136 2046 2042
f 2042 2046 2053
f 2038 1849 2066
f 2066 1849 1848
f 2051 1719 2067
f 2067 1719 1755
f 2050 2049 2066
f 2066 2049 2055
f 2037 2047 1850
f 1850 2047 1804
f 2138 2139 2137
f 2137 2139 2140
f 2142 2143 2141
f 2141 2143 2144
f 2141 2144 2145
f 2145 2144 2146
f 2148 2149 2147
f 2147 2149 2150
f 2151 2152 2154
f 2154 2152 2153
f 2155 2156 2142
f 2142 2156 2143
f 2157 2158 2160
f 2160 2158 2159
f 2161 2162 2164
f 2164 2162 2163
f 2165 2163 1756
f 1756 2163 2162
f 2166 2167 2169
f 2169 2167 2168
f 2156 2170 2143
f 2143 2170 2148
f 2152 2161 2153
f 2153 2161 2164
f 2158 2171 2159
f 2159 2171 2139
f 2172 2170 2140
f 2140 2170 2156
f 2167 2174 2173
f 2173 2174 2146
f 2176 2177 2175
f 2175 2177 2178
f 2166 2179 2167
f 2167 2179 2174
f 2180 2145 2174
f 2174 2145 2146
f 2173 2146 2147
f 2147 2146 2144
f 2137 2181 2138
f 2138 2181 2182
f 2155 2183 2137
f 2137 2183 2181
f 2147 2150 2173
f 2173 2150 2184
f 2157 2166 2154
f 2154 2166 2169
f 2137 2140 2155
f 2155 2140 2156
f 2141 2185 2142
f 2142 2185 2186
f 2171 2172 2139
f 2139 2172 2140
f 2143 2148 2144
f 2144 2148 2147
f 2138 2182 2187
f 2187 2182 2188
f 2180 2176 2189
f 2189 2176 2175
f 2177 2176 2160
f 2160 2176 2179
f 2187 2188 2177
f 2177 2188 2178
f 2166 2157 2179
f 2179 2157 2160
f 2145 2180 2190
f 2190 2180 2189
f 2142 2186 2155
f 2155 2186 2183
f 1759 1758 2184
f 2184 1758 2168
f 2185 2141 2190
f 2190 2141 2145
f 2165 2149 2170
f 2170 2149 2148
f 2176 2180 2179
f 2179 2180 2174
f 2187 2177 2159
f 2159 2177 2160
f 2138 2187 2139
f 2139 2187 2159
f 2190 2189 2192
f 2192 2189 2191
f 2190 2192 2185
f 2185 2192 2193
f 2185 2193 2186
f 2186 2193 2194
f 2186 2194 2183
f 2183 2194 2195
f 2189 2175 2191
f 2191 2175 2196
f 2175 2178 2196
f 2196 2178 2197
f 2197 2178 2198
f 2198 2178 2188
f 2200 2191 2199
f 2199 2191 2196
f 2201 2202 2204
f 2204 2202 2203
f 2205 2206 2202
f 2202 2206 2203
f 2203 2206 2208
f 2208 2206 2207
f 2208 2209 2211
f 2211 2209 2210
f 2207 2212 2208
f 2208 2212 2209
f 2211 2204 2208
f 2208 2204 2203
f 2204 2213 2201
f 2201 2213 2214
f 2206 2205 2207
f 2207 2205 2215
f 2205 2193 2215
f 2215 2193 2192
f 2205 2216 2193
f 2193 2216 2194
f 2217 2216 2202
f 2202 2216 2205
f 2218 2217 2201
f 2201 2217 2202
f 2207 2215 2212
f 2212 2215 2200
f 2200 2215 2191
f 2191 2215 2192
f 2219 2218 2214
f 2214 2218 2201
f 2220 2217 2221
f 2221 2217 2218
f 2219 2222 2218
f 2218 2222 2221
f 2223 2220 2224
f 2224 2220 2221
f 2220 2223 2226
f 2226 2223 2225
f 2222 2227 2221
f 2221 2227 2224
f 2217 2220 2216
f 2216 2220 2226
f 2216 2226 2194
f 2194 2226 2195
f 2214 2228 2219
f 2219 2228 2229
f 2214 2213 2228
f 2228 2213 2230
f 2209 2212 2231
f 2231 2212 2200
f 2209 2231 2210
f 2210 2231 2232
f 2231 2200 2233
f 2233 2200 2199
f 2232 2231 2234
f 2234 2231 2233
f 2235 2236 2232
f 2232 2236 2210
f 2230 2236 2228
f 2228 2236 2235
f 2183 2195 2181
f 2181 2195 2237
f 2182 2238 2188
f 2188 2238 2198
f 2237 2238 2181
f 2181 2238 2182
f 2225 2239 2237
f 2237 2239 2238
f 2223 2240 2225
f 2225 2240 2239
f 2238 2239 2198
f 2198 2239 2241
f 2237 2195 2225
f 2225 2195 2226
f 2242 2197 2241
f 2241 2197 2198
f 2197 2242 2196
f 2196 2242 2199
f 2242 2243 2199
f 2199 2243 2233
f 2243 2242 2244
f 2244 2242 2241
f 2245 2243 2246
f 2246 2243 2244
f 2239 2240 2241
f 2241 2240 2244
f 2240 2247 2244
f 2244 2247 2246
f 2243 2245 2233
f 2233 2245 2234
f 2249 2234 2248
f 2248 2234 2245
f 2248 2251 2250
f 2250 2251 2252
f 2248 2245 2251
f 2251 2245 2246
f 2248 2250 2249
f 2249 2250 2229
f 2249 2229 2235
f 2235 2229 2228
f 2235 2232 2249
f 2249 2232 2234
f 2240 2223 2247
f 2247 2223 2224
f 2252 2247 2227
f 2227 2247 2224
f 2252 2251 2247
f 2247 2251 2246
f 2250 2252 2222
f 2222 2252 2227
f 2222 2219 2250
f 2250 2219 2229
f 2204 2211 2213
f 2213 2211 2230
f 2230 2211 2236
f 2236 2211 2210
f 2149 1718 2150
f 2150 1718 1846
f 2154 2153 2157
f 2157 2153 2158
f 2171 2164 2172
f 2172 2164 2163
f 2163 2165 2172
f 2172 2165 2170
f 2253 2151 2169
f 2169 2151 2154
f 2153 2164 2158
f 2158 2164 2171
f 2150 1846 2184
f 2184 1846 1759
f 2184 2168 2173
f 2173 2168 2167
f 2149 2165 1718
f 1718 2165 1756
f 1661 1585 2254
f 2254 1585 2255
f 1824 1682 2257
f 2257 1682 2256
f 1682 1681 2256
f 2256 1681 2258
f 1808 2259 1806
f 1806 2259 2260
f 1588 1824 2261
f 2261 1824 2257
f 1844 1661 2262
f 2262 1661 2254
f 1585 1588 2255
f 2255 1588 2261
f 2263 1807 2262
f 2262 1807 1844
f 1806 2260 1681
f 1681 2260 2258
f 2259 1808 2263
f 2263 1808 1807
f 2262 2264 2263
f 2263 2264 2265
f 2263 2265 2259
f 2259 2265 2266
f 2259 2266 2260
f 2260 2266 2267
f 2260 2267 2258
f 2258 2267 2268
f 2262 2254 2264
f 2264 2254 2269
f 2254 2255 2269
f 2269 2255 2270
f 2255 2261 2270
f 2270 2261 2271
f 2273 2264 2272
f 2272 2264 2269
f 2275 2276 2274
f 2274 2276 2277
f 2278 2279 2275
f 2275 2279 2276
f 2280 2281 2279
f 2279 2281 2276
f 2280 2282 2281
f 2281 2282 2283
f 2284 2277 2281
f 2281 2277 2276
f 2277 2284 2285
f 2285 2284 2286
f 2285 2287 2277
f 2277 2287 2274
f 2280 2279 2288
f 2288 2279 2278
f 2278 2266 2288
f 2288 2266 2265
f 2278 2289 2266
f 2266 2289 2267
f 2275 2290 2278
f 2278 2290 2289
f 2290 2275 2291
f 2291 2275 2274
f 2280 2288 2282
f 2282 2288 2273
f 2273 2288 2264
f 2264 2288 2265
f 2287 2292 2274
f 2274 2292 2291
f 2293 2290 2294
f 2294 2290 2291
f 2292 2295 2291
f 2291 2295 2294
f 2296 2293 2297
f 2297 2293 2294
f 2293 2296 2299
f 2299 2296 2298
f 2295 2300 2294
f 2294 2300 2297
f 2290 2293 2289
f 2289 2293 2299
f 2289 2299 2267
f 2267 2299 2268
f 2292 2287 2302
f 2302 2287 2301
f 2287 2285 2301
f 2301 2285 2286
f 2283 2282 2303
f 2303 2282 2273
f 2304 2283 2305
f 2305 2283 2303
f 2303 2273 2306
f 2306 2273 2272
f 2305 2303 2307
f 2307 2303 2306
f 2305 2308 2304
f 2304 2308 2309
f 2286 2309 2301
f 2301 2309 2308
f 2284 2281 2304
f 2304 2281 2283
f 2286 2284 2309
f 2309 2284 2304
f 2256 2258 2310
f 2310 2258 2268
f 2261 2257 2271
f 2271 2257 2311
f 2310 2311 2256
f 2256 2311 2257
f 2298 2312 2310
f 2310 2312 2311
f 2296 2313 2298
f 2298 2313 2312
f 2311 2312 2271
f 2271 2312 2314
f 2310 2268 2298
f 2298 2268 2299
f 2315 2270 2314
f 2314 2270 2271
f 2270 2315 2269
f 2269 2315 2272
f 2315 2316 2272
f 2272 2316 2306
f 2316 2315 2317
f 2317 2315 2314
f 2318 2316 2319
f 2319 2316 2317
f 2312 2313 2314
f 2314 2313 2317
f 2313 2320 2317
f 2317 2320 2319
f 2316 2318 2306
f 2306 2318 2307
f 2322 2307 2321
f 2321 2307 2318
f 2323 2321 2325
f 2325 2321 2324
f 2321 2318 2324
f 2324 2318 2319
f 2321 2323 2322
f 2322 2323 2302
f 2322 2302 2308
f 2308 2302 2301
f 2308 2305 2322
f 2322 2305 2307
f 2313 2296 2320
f 2320 2296 2297
f 2325 2320 2300
f 2300 2320 2297
f 2325 2324 2320
f 2320 2324 2319
f 2323 2325 2295
f 2295 2325 2300
f 2295 2292 2323
f 2323 2292 2302
f 1775 1773 1764
f 1764 1773 1765
f 1765 1773 1766
f 1766 1773 1749
f 1754 2136 1755
f 1755 2136 2067
f 1632 1631 1845
f 1845 1631 1828
f 1833 1763 1847
f 1847 1763 1740
f 1846 1739 1759
f 1759 1739 1640
f 2046 2136 1698
f 1698 2136 1754
f 1698 1754 1699
f 1699 1754 1753
f 1705 1832 1628
f 1628 1832 1629
f 1660 1659 1835
f 1835 1659 2326
f 2326 2152 1835
f 1835 2152 2151
f 2161 2152 2327
f 2327 2152 2326
f 2327 2326 2328
f 2328 2326 1659
f 2328 1659 2329
f 2329 1659 1658
f 1711 2330 1657
f 1657 2330 1658
f 2329 1658 1653
f 1653 1658 2330
f 2331 2329 1656
f 1656 2329 1653
f 2329 2331 2328
f 2328 2331 2332
f 2328 2332 2327
f 2327 2332 2333
f 1756 2162 1753
f 1753 2162 2333
f 1745 1627 2334
f 2334 1627 1630
f 1653 2330 1654
f 1654 2330 1711
f 1739 1717 1740
f 1740 1717 1847
f 2333 1832 1753
f 1753 1832 1699
f 2333 2162 2327
f 2327 2162 2161
f 2169 2168 2253
f 2253 2168 1758
f 2151 2253 1835
f 1835 2253 1758
f 1629 1832 2332
f 2332 1832 2333
f 2332 2331 1629
f 1629 2331 1630
f 1656 2334 2331
f 2331 2334 1630
f 2334 1656 1745
f 1745 1656 1655
f 1801 1798 1655
f 1655 1798 1745
f 1687 1589 1812
f 1584 1557 1651
f 1651 1557 1618
f 1583 1558 1584
f 1584 1558 1557
f 1821 1671 1822
f 1822 1671 1670
f 1651 1618 1625
f 1625 1618 1620
f 1618 1617 1620
f 1620 1617 1621
f 1617 1569 1621
f 1621 1569 1686
f 1569 1568 1686
f 1686 1568 1570
f 1587 1567 1588
f 1588 1567 1824
f 1571 1568 1587
f 1587 1568 1567
f 1587 1586 1571
f 1571 1586 1787
f 1586 1662 1787
f 1787 1662 1788
f 1843 1793 1662
f 1662 1793 1788
f 1810 1646 1843
f 1843 1646 1793
f 1809 1600 1810
f 1810 1600 1646
f 1809 1805 1600
f 1600 1805 1563
f 1823 1683 1824
f 1824 1683 1682
f 1566 1559 1797
f 1797 1559 1672
f 1559 1558 1672
f 1672 1558 1670
f 1558 1583 1670
f 1670 1583 1822
f 1583 1582 1822
f 1822 1582 1669
f 1582 1842 1669
f 1669 1842 1666
f 1842 1799 1666
f 1666 1799 1811
f 1799 1798 1811
f 1811 1798 1812
f 1798 1801 1812
f 1812 1801 1687
f 1801 1800 1687
f 1687 1800 1688
f 1821 1593 1671
f 1671 1593 1597
f 1597 1593 1598
f 1598 1593 1596
f 1648 1647 1596
f 1596 1647 1598
f 1792 1789 1648
f 1648 1789 1647
f 1747 1750 1792
f 1792 1750 1789
f 1814 1841 1800
f 1800 1841 1688
f 1813 1611 1814
f 1814 1611 1841
f 1813 1710 1757
f 1757 1710 1741
f 1612 1757 1760
f 1760 1757 1736
f 1611 1813 1612
f 1612 1813 1757
f 1760 1641 1612
f 1612 1641 1608
f 1642 1678 1609
f 1609 1678 1635
f 1768 1771 1642
f 1642 1771 1678
f 1767 1772 1768
f 1768 1772 1771
f 1748 1836 1767
f 1767 1836 1772
f 1747 1796 1748
f 1748 1796 1836
f 1805 1680 1563
f 1563 1680 1564
f 1680 1683 1564
f 1564 1683 1797
f 1683 1823 1797
f 1797 1823 1566
f 1566 1823 1565
f 1565 1823 1567
