o hand_left
v -0.252730 0.566732 0.883315
v -0.244725 0.572716 0.881743
v -0.242967 0.561627 0.883627
v -0.251240 0.556493 0.884095
v -0.223493 0.572685 0.882822
v -0.214282 0.572341 0.874582
v -0.216578 0.557127 0.878729
v -0.223638 0.559824 0.885683
v -0.250985 0.547785 0.882679
v -0.241966 0.553017 0.884827
v -0.250529 0.544035 0.877265
v -0.262510 0.541737 0.872308
v -0.260392 0.544418 0.879448
v -0.271248 0.539856 0.872442
v -0.263132 0.547028 0.862176
v -0.278551 0.543888 0.867118
v -0.278052 0.573985 0.861839
v -0.281476 0.586235 0.866786
v -0.294450 0.576822 0.874474
v -0.289166 0.565016 0.869481
v -0.291699 0.596084 0.882567
v -0.293816 0.585138 0.878466
v -0.281964 0.594721 0.869841
v -0.280626 0.603995 0.874047
v -0.254469 0.583652 0.884904
v -0.246976 0.590560 0.882409
v -0.246830 0.584415 0.881076
v -0.253603 0.578091 0.883445
v -0.239932 0.538513 0.870901
v -0.244015 0.545449 0.862237
v -0.249491 0.543654 0.868336
v -0.241363 0.539287 0.876275
v -0.227740 0.612682 0.882923
v -0.222158 0.619635 0.872767
v -0.220588 0.614952 0.869637
v -0.226544 0.609692 0.879370
v -0.214515 0.593521 0.866307
v -0.214693 0.601498 0.859473
v -0.212777 0.598992 0.845808
v -0.214742 0.590236 0.849839
v -0.214171 0.582924 0.871524
v -0.212619 0.580515 0.857587
v -0.212695 0.569848 0.863212
v -0.214614 0.554404 0.869861
v -0.227518 0.630397 0.877261
v -0.231948 0.626832 0.885697
v -0.275536 0.520290 0.910424
v -0.275750 0.525111 0.913895
v -0.276319 0.526964 0.910798
v -0.276237 0.521833 0.907846
v -0.245911 0.638436 0.875141
v -0.252469 0.638816 0.867489
v -0.246980 0.643304 0.865796
v -0.239941 0.641669 0.871829
v -0.253728 0.634049 0.879535
v -0.259550 0.632052 0.870082
v -0.285697 0.512785 0.912647
v -0.280960 0.513163 0.910630
v -0.283747 0.514546 0.906909
v -0.288839 0.514913 0.908637
v -0.259069 0.551232 0.884100
v -0.259335 0.560786 0.886400
v -0.272608 0.544760 0.889419
v -0.268873 0.551404 0.888470
v -0.266466 0.546295 0.883864
v -0.270734 0.541447 0.884445
v -0.272269 0.573927 0.894910
v -0.263877 0.580331 0.889979
v -0.263458 0.573923 0.888142
v -0.271592 0.565471 0.893341
v -0.264797 0.592443 0.897302
v -0.273277 0.585249 0.901212
v -0.272898 0.593023 0.904892
v -0.266284 0.596539 0.902199
v -0.287161 0.571155 0.905335
v -0.291279 0.567602 0.906983
v -0.291157 0.570013 0.909419
v -0.287113 0.574590 0.906816
v -0.242037 0.647593 0.863049
v -0.234268 0.644080 0.867947
v -0.288158 0.614404 0.893702
v -0.280901 0.620665 0.899624
v -0.291574 0.615737 0.907322
v -0.296890 0.610317 0.898611
v -0.256542 0.633595 0.859492
v -0.252347 0.640051 0.857926
v -0.289804 0.515720 0.916292
v -0.292702 0.517977 0.912558
v -0.219454 0.570016 0.851645
v -0.218997 0.552628 0.861084
v -0.220425 0.583072 0.845091
v -0.221438 0.592248 0.840385
v -0.219312 0.599021 0.835767
v -0.273362 0.554277 0.892683
v -0.259024 0.570333 0.885946
v -0.255015 0.588360 0.886963
v -0.259479 0.612102 0.906239
v -0.251300 0.617281 0.901970
v -0.251206 0.606850 0.899511
v -0.258787 0.604610 0.903309
v -0.274759 0.619905 0.907296
v -0.270745 0.613601 0.910616
v -0.278597 0.609931 0.914395
v -0.284098 0.615466 0.912490
v -0.234070 0.536599 0.866227
v -0.237878 0.547287 0.857571
v -0.238123 0.634797 0.881307
v -0.232480 0.636329 0.876171
v -0.227957 0.640059 0.870042
v -0.236608 0.600610 0.882704
v -0.225611 0.607570 0.877044
v -0.224660 0.603452 0.875886
v -0.237145 0.597834 0.880981
v -0.235656 0.579812 0.882602
v -0.224086 0.586612 0.879549
v -0.234503 0.567839 0.885926
v -0.217297 0.609672 0.864599
v -0.214246 0.620122 0.863337
v -0.211930 0.613640 0.857731
v -0.218138 0.628144 0.867415
v -0.222804 0.635259 0.870096
v -0.249388 0.646800 0.853646
v -0.211517 0.607541 0.851935
v -0.224555 0.550651 0.886675
v -0.224966 0.542654 0.887548
v -0.232816 0.543144 0.887516
v -0.233300 0.550560 0.887035
v -0.278886 0.536515 0.875735
v -0.272971 0.537519 0.880389
v -0.266325 0.541399 0.877691
v -0.236305 0.611160 0.890504
v -0.239367 0.623226 0.892706
v -0.276651 0.547164 0.893697
v -0.290300 0.518271 0.903746
v -0.284587 0.517530 0.902118
v -0.282647 0.529029 0.885939
v -0.289586 0.529629 0.887221
v -0.284810 0.546055 0.897563
v -0.277972 0.545001 0.895528
v -0.278978 0.544028 0.896915
v -0.284069 0.544978 0.901102
v -0.290392 0.578787 0.912453
v -0.286325 0.582809 0.909988
v -0.297474 0.556543 0.880604
v -0.293903 0.546824 0.871412
v -0.284373 0.553829 0.864846
v -0.272506 0.580811 0.897804
v -0.280218 0.575813 0.902570
v -0.280702 0.579568 0.904374
v -0.277232 0.554953 0.895283
v -0.281245 0.550030 0.896763
v -0.282442 0.554990 0.897336
v -0.277894 0.560072 0.896498
v -0.271497 0.626263 0.891833
v -0.264479 0.625622 0.901112
v -0.277373 0.515945 0.909554
v -0.279012 0.517260 0.906418
v -0.264246 0.586940 0.892920
v -0.273093 0.563120 0.859756
v -0.255380 0.593214 0.889560
v -0.301711 0.591664 0.902183
v -0.298258 0.591970 0.909343
v -0.299752 0.586890 0.913226
v -0.303974 0.585366 0.909107
v -0.285357 0.535397 0.913151
v -0.279832 0.533960 0.911934
v -0.279568 0.530964 0.914390
v -0.284943 0.531883 0.916780
v -0.274307 0.542251 0.891785
v -0.272971 0.538382 0.887233
v -0.273914 0.535986 0.890983
v -0.275876 0.540359 0.894764
v -0.275916 0.534581 0.883191
v -0.276923 0.531635 0.887202
v -0.291532 0.533168 0.912874
v -0.295520 0.527186 0.910448
v -0.295852 0.538946 0.895816
v -0.291163 0.542261 0.901434
v -0.271216 0.611894 0.865056
v -0.270379 0.620814 0.871673
v -0.279897 0.613284 0.880715
v -0.290513 0.606672 0.889186
v -0.299718 0.599153 0.897083
v -0.301834 0.590005 0.889434
v -0.277823 0.620036 0.884922
v -0.292535 0.551482 0.892256
v -0.295887 0.547184 0.886218
v -0.296498 0.553084 0.887315
v -0.255457 0.598750 0.894571
v -0.279367 0.519778 0.902267
v -0.240753 0.603050 0.834435
v -0.248443 0.613270 0.837895
v -0.252296 0.606311 0.841678
v -0.243197 0.594875 0.838470
v -0.275835 0.529604 0.908437
v -0.275332 0.524357 0.904561
v -0.288025 0.587792 0.914138
v -0.291978 0.583139 0.915697
v -0.294868 0.584573 0.916835
v -0.291348 0.590086 0.918178
v -0.268385 0.625584 0.874643
v -0.296472 0.609786 0.913565
v -0.301047 0.605957 0.905000
v -0.262193 0.627056 0.863517
v -0.263282 0.619596 0.857304
v -0.257702 0.625646 0.852053
v -0.302846 0.574960 0.888787
v -0.272415 0.603905 0.861862
v -0.263459 0.612547 0.854304
v -0.256778 0.619459 0.847897
v -0.252640 0.625096 0.843293
v -0.253957 0.631279 0.848426
v -0.294160 0.521991 0.907472
v -0.294179 0.523510 0.916487
v -0.250960 0.638316 0.843486
v -0.249071 0.630876 0.838278
v -0.262212 0.604138 0.850721
v -0.259370 0.593833 0.847192
v -0.270814 0.596075 0.858328
v -0.268933 0.585124 0.855290
v -0.304151 0.568446 0.879920
v -0.283341 0.520806 0.930186
v -0.288524 0.526139 0.922096
v -0.283772 0.529192 0.920579
v -0.280644 0.524174 0.929807
v -0.290387 0.529449 0.917683
v -0.291108 0.521297 0.920224
v -0.261689 0.572160 0.852889
v -0.286384 0.551777 0.897937
v -0.248090 0.580219 0.845324
v -0.254710 0.555246 0.854134
v -0.243016 0.561481 0.850276
v -0.232913 0.586931 0.838519
v -0.231090 0.571671 0.844588
v -0.228647 0.602212 0.831273
v -0.232153 0.595362 0.835105
v -0.228493 0.556986 0.852202
v -0.271083 0.519466 0.919791
v -0.272704 0.524218 0.922707
v -0.237285 0.609247 0.830133
v -0.234021 0.557937 0.886794
v -0.245977 0.602347 0.890636
v -0.246525 0.598015 0.886984
v -0.246471 0.619833 0.898597
v -0.244633 0.608642 0.895411
v -0.272371 0.514424 0.918470
v -0.295101 0.566474 0.907775
v -0.294272 0.568152 0.906767
v -0.217645 0.548522 0.881630
v -0.218726 0.541772 0.883078
v -0.220478 0.535873 0.871234
v -0.217195 0.538273 0.877231
v -0.215588 0.545698 0.873621
v -0.218887 0.543514 0.866883
v -0.236477 0.602627 0.884503
v -0.236882 0.605584 0.887080
v -0.261972 0.630643 0.885571
v -0.255441 0.629294 0.895005
v -0.281734 0.533730 0.880465
v -0.286940 0.539252 0.873652
v -0.288681 0.535656 0.880183
v -0.294595 0.534530 0.889235
v -0.289314 0.550028 0.896744
v -0.290541 0.546859 0.895430
v -0.224651 0.595555 0.877771
v -0.237092 0.590655 0.880600
v -0.240624 0.547624 0.883864
v -0.239426 0.541730 0.883457
v -0.278164 0.567988 0.898218
v -0.303516 0.566209 0.897629
v -0.303858 0.561103 0.889755
v -0.284750 0.562768 0.900658
v -0.278533 0.509991 0.921979
v -0.274581 0.511521 0.919445
v -0.294031 0.540345 0.881398
v -0.280268 0.586969 0.908650
v -0.302231 0.573303 0.897046
v -0.300967 0.566964 0.904517
v -0.288225 0.611644 0.916151
v -0.243918 0.619468 0.833354
v -0.278576 0.529120 0.918159
v -0.275885 0.526700 0.925850
v -0.284862 0.517086 0.928623
v -0.283606 0.512414 0.924908
v -0.246545 0.631082 0.888861
v -0.247129 0.594824 0.884846
v -0.226814 0.545447 0.859498
v -0.226808 0.535934 0.866805
v -0.288304 0.560496 0.901406
v -0.300682 0.597649 0.904833
v -0.304977 0.584444 0.897206
v -0.307289 0.578297 0.904621
v -0.304710 0.571277 0.903563
v -0.299290 0.567037 0.905677
v -0.281217 0.516006 0.933025
v -0.279794 0.511294 0.929592
v -0.274782 0.509108 0.926590
v -0.271394 0.510652 0.923786
v -0.269953 0.514429 0.921959
v -0.279726 0.519875 0.934638
v -0.277349 0.522903 0.933958
v -0.274327 0.525727 0.929005
v -0.276094 0.520002 0.937869
v -0.275298 0.514954 0.939106
v -0.263481 0.508912 0.935637
v -0.268887 0.508341 0.933312
v -0.268377 0.508662 0.935991
v -0.264281 0.509055 0.938804
v -0.261085 0.509553 0.942836
v -0.259499 0.509365 0.939643
v -0.272519 0.510589 0.936819
v -0.267475 0.511324 0.941189
v -0.269295 0.514675 0.943042
v -0.265378 0.514460 0.946910
v -0.263705 0.511321 0.945507
v -0.272724 0.513713 0.940095
v -0.274438 0.510375 0.935457
v -0.257844 0.510801 0.943737
v -0.259687 0.510094 0.945348
v -0.261428 0.511968 0.947489
v -0.258763 0.513446 0.947973
v -0.267782 0.510281 0.927620
v -0.262010 0.510170 0.933855
v -0.258402 0.512069 0.938351
v -0.256922 0.513243 0.942570
v -0.260588 0.514039 0.933712
v -0.258313 0.514997 0.937905
v -0.257256 0.516420 0.941560
v -0.260545 0.518229 0.934622
v -0.258800 0.518119 0.938458
v -0.267739 0.518408 0.925212
v -0.267775 0.514209 0.924478
v -0.257569 0.518417 0.940773
v -0.258086 0.515507 0.947328
v -0.271124 0.517859 0.942599
v -0.265429 0.517715 0.946659
v -0.270765 0.520170 0.942088
v -0.265387 0.520107 0.946408
v -0.262151 0.516660 0.949441
v -0.262908 0.514372 0.948450
v -0.270186 0.519539 0.922229
v -0.272063 0.524269 0.925407
v -0.270074 0.523440 0.928009
v -0.262473 0.522207 0.936520
v -0.272064 0.525137 0.931626
v -0.273874 0.522955 0.936965
v -0.268777 0.522325 0.941585
v -0.266209 0.523655 0.939705
v -0.264435 0.521788 0.944657
v -0.262908 0.522209 0.942616
v -0.260158 0.521099 0.940151
v -0.260878 0.520452 0.946113
v -0.261618 0.518634 0.948395
v -0.258116 0.518092 0.945054
v -0.260783 0.521267 0.944283
v -0.258866 0.519446 0.942837
v -0.286716 0.540604 0.923992
v -0.287689 0.545964 0.927331
v -0.289832 0.546476 0.923411
v -0.288942 0.541881 0.920710
v -0.298042 0.532225 0.925541
v -0.292074 0.533397 0.923564
v -0.295401 0.534194 0.919294
v -0.302098 0.534420 0.921393
v -0.303099 0.536239 0.928953
v -0.306450 0.539026 0.924384
v -0.303630 0.537053 0.915988
v -0.296633 0.536787 0.914343
v -0.294736 0.548491 0.897407
v -0.301383 0.549436 0.897271
v -0.291024 0.562485 0.908232
v -0.294291 0.563252 0.909601
v -0.288303 0.536948 0.923229
v -0.291062 0.537668 0.919403
v -0.295278 0.553982 0.924963
v -0.290682 0.551773 0.922878
v -0.291350 0.550221 0.926201
v -0.296050 0.551511 0.928794
v -0.288259 0.552651 0.900647
v -0.289708 0.557927 0.904288
v -0.290420 0.550017 0.898854
v -0.301870 0.553034 0.925711
v -0.307289 0.549113 0.924091
v -0.306728 0.559878 0.906170
v -0.302630 0.562697 0.910066
v -0.291658 0.538925 0.914926
v -0.288367 0.547204 0.920167
v -0.288259 0.542908 0.917069
v -0.307547 0.542690 0.919018
v -0.305793 0.545494 0.929407
v -0.292433 0.542944 0.943967
v -0.298763 0.547442 0.934889
v -0.294190 0.549552 0.933397
v -0.288214 0.545806 0.943405
v -0.301268 0.549839 0.930347
v -0.302356 0.542826 0.933561
v -0.278775 0.538556 0.936267
v -0.280147 0.543871 0.939291
v -0.280010 0.534246 0.935407
v -0.305956 0.554249 0.900161
v -0.289487 0.529817 0.936249
v -0.283205 0.531376 0.934973
v -0.290015 0.549521 0.930430
v -0.283495 0.546309 0.941987
v -0.294863 0.539089 0.943112
v -0.295034 0.533221 0.938781
v -0.291151 0.537634 0.947271
v -0.290469 0.531998 0.944206
v -0.284983 0.528686 0.941372
v -0.279813 0.530709 0.939294
v -0.277578 0.533940 0.938700
v -0.289107 0.541524 0.948094
v -0.285336 0.544587 0.947334
v -0.281532 0.545285 0.943877
v -0.284071 0.541642 0.952744
v -0.285155 0.537385 0.953525
v -0.268793 0.529487 0.955970
v -0.273214 0.528961 0.951966
v -0.274812 0.529372 0.954040
v -0.270897 0.529766 0.957866
v -0.278922 0.528143 0.949291
v -0.278850 0.529171 0.951736
v -0.282297 0.532007 0.952920
v -0.277431 0.532525 0.956577
v -0.279457 0.536865 0.957531
v -0.275749 0.536798 0.961856
v -0.273724 0.532398 0.961221
v -0.282621 0.535337 0.954931
v -0.269003 0.530681 0.960798
v -0.266545 0.531612 0.960683
v -0.284707 0.531311 0.950901
v -0.277285 0.529675 0.943395
v -0.270999 0.530177 0.950192
v -0.266544 0.531602 0.954892
v -0.265202 0.534350 0.960288
v -0.268981 0.533809 0.949487
v -0.265623 0.534687 0.954531
v -0.265163 0.536846 0.959091
v -0.268331 0.538509 0.949617
v -0.265721 0.538916 0.954882
v -0.275222 0.538278 0.941027
v -0.275330 0.533545 0.941138
v -0.265479 0.538698 0.957553
v -0.268692 0.534034 0.964380
v -0.266782 0.536699 0.963443
v -0.270257 0.533154 0.963722
v -0.279847 0.538948 0.957630
v -0.275080 0.538966 0.961897
v -0.279008 0.541628 0.957353
v -0.273843 0.541075 0.961964
v -0.271565 0.537861 0.964793
v -0.272124 0.536206 0.964593
v -0.277334 0.538262 0.939003
v -0.279048 0.543121 0.941181
v -0.277200 0.543247 0.942741
v -0.270579 0.542903 0.951398
v -0.280136 0.545454 0.945809
v -0.282359 0.544242 0.950785
v -0.277622 0.543699 0.955976
v -0.274207 0.544618 0.954063
v -0.273066 0.543000 0.961171
v -0.271729 0.543832 0.958240
v -0.267814 0.542266 0.955880
v -0.269524 0.541235 0.963535
v -0.270551 0.539349 0.964643
v -0.266398 0.538418 0.961989
v -0.269170 0.542530 0.960827
v -0.266492 0.540427 0.959423
v -0.292714 0.560195 0.929732
v -0.293611 0.565324 0.932234
v -0.294523 0.566529 0.929133
v -0.294162 0.561419 0.926751
v -0.303648 0.553443 0.929969
v -0.298751 0.553388 0.929204
v -0.300631 0.554786 0.925147
v -0.306032 0.555384 0.924707
v -0.307027 0.556106 0.933754
v -0.310468 0.558987 0.926902
v -0.307226 0.557806 0.919694
v -0.301473 0.556569 0.921237
v -0.299676 0.564875 0.908999
v -0.305999 0.566591 0.908405
v -0.294983 0.556278 0.929087
v -0.296431 0.557482 0.925861
v -0.299559 0.572976 0.930838
v -0.295397 0.570732 0.929516
v -0.297495 0.570019 0.931928
v -0.301628 0.570828 0.933509
v -0.291223 0.570302 0.911868
v -0.292107 0.575860 0.914008
v -0.294298 0.566466 0.910846
v -0.306183 0.572204 0.930182
v -0.311475 0.568565 0.926603
v -0.307915 0.578457 0.915917
v -0.302823 0.580995 0.918128
v -0.296833 0.558321 0.922752
v -0.292749 0.567032 0.926763
v -0.293060 0.561981 0.924406
v -0.310793 0.562692 0.921794
v -0.310902 0.564673 0.931456
v -0.300193 0.560186 0.950914
v -0.306035 0.566877 0.937437
v -0.300622 0.569286 0.936734
v -0.296805 0.563083 0.950722
v -0.307082 0.569046 0.934134
v -0.308704 0.561958 0.936213
v -0.286701 0.556458 0.943860
v -0.288601 0.561293 0.945821
v -0.288756 0.552914 0.942263
v -0.309854 0.572096 0.910828
v -0.296346 0.580888 0.917808
v -0.294964 0.549054 0.943916
v -0.291077 0.550425 0.942525
v -0.296825 0.568736 0.934824
v -0.292535 0.563928 0.948896
v -0.301898 0.556072 0.949058
v -0.300294 0.551211 0.945661
v -0.299402 0.555400 0.954139
v -0.297408 0.550476 0.951120
v -0.292425 0.548058 0.949494
v -0.288707 0.549693 0.947808
v -0.286515 0.552319 0.947134
v -0.297746 0.559620 0.955574
v -0.294778 0.562118 0.954895
v -0.291721 0.562980 0.950712
v -0.295233 0.559921 0.959140
v -0.295755 0.554593 0.960239
v -0.281100 0.548728 0.965649
v -0.284095 0.548594 0.960752
v -0.285073 0.548814 0.961512
v -0.282510 0.548619 0.966640
v -0.289205 0.547837 0.956400
v -0.288972 0.548326 0.958374
v -0.292383 0.550070 0.959322
v -0.288905 0.550568 0.964689
v -0.291178 0.556079 0.965240
v -0.288130 0.555542 0.969221
v -0.286134 0.550352 0.969259
v -0.294059 0.553818 0.961217
v -0.281695 0.549297 0.969650
v -0.279915 0.548473 0.969701
v -0.293996 0.549818 0.957464
v -0.285935 0.548658 0.952827
v -0.281707 0.549272 0.959209
v -0.278339 0.549440 0.964090
v -0.277626 0.550951 0.968181
v -0.280036 0.552539 0.958153
v -0.277606 0.552380 0.963032
v -0.276932 0.553595 0.966760
v -0.279856 0.555809 0.957979
v -0.277963 0.555596 0.962553
v -0.284782 0.555912 0.949348
v -0.284652 0.551883 0.950547
v -0.277445 0.555574 0.965686
v -0.282307 0.551446 0.972632
v -0.279827 0.554746 0.971703
v -0.283493 0.551165 0.971398
v -0.291846 0.557768 0.964833
v -0.287939 0.557764 0.970048
v -0.290987 0.560350 0.964018
v -0.287004 0.560228 0.969202
v -0.285337 0.555700 0.972595
v -0.285647 0.554702 0.971976
v -0.286308 0.556340 0.946759
v -0.288217 0.560775 0.948162
v -0.286677 0.560268 0.950323
v -0.281350 0.559970 0.959335
v -0.290059 0.562720 0.952662
v -0.292349 0.562108 0.958224
v -0.288395 0.561898 0.962754
v -0.284871 0.562035 0.961458
v -0.285094 0.561514 0.967586
v -0.283341 0.561300 0.965330
v -0.279235 0.559354 0.963535
v -0.282395 0.559317 0.969755
v -0.283980 0.558016 0.971878
v -0.278689 0.556687 0.969472
v -0.281231 0.559988 0.967653
v -0.278473 0.557952 0.967295
v -0.293588 0.579371 0.916286
v -0.291796 0.579694 0.935087
v -0.292045 0.583420 0.937214
v -0.292707 0.584186 0.936262
v -0.291882 0.581011 0.933299
v -0.302033 0.575921 0.931703
v -0.297353 0.575167 0.932275
v -0.298279 0.576688 0.928444
v -0.302763 0.577651 0.927801
v -0.305617 0.579522 0.933279
v -0.306057 0.581545 0.930178
v -0.302425 0.580386 0.924993
v -0.297783 0.579258 0.925331
v -0.296353 0.589658 0.912681
v -0.300681 0.593030 0.911285
v -0.290765 0.606874 0.920369
v -0.286089 0.604321 0.919841
v -0.289789 0.599581 0.926366
v -0.293711 0.602356 0.926211
v -0.293899 0.576848 0.933444
v -0.293817 0.578145 0.930318
v -0.298942 0.591628 0.937706
v -0.294581 0.589447 0.937099
v -0.294403 0.587448 0.938298
v -0.298159 0.589750 0.939997
v -0.285348 0.599208 0.919046
v -0.287262 0.594983 0.917664
v -0.287934 0.592787 0.920913
v -0.288261 0.595303 0.924914
v -0.291164 0.589376 0.918030
v -0.303067 0.591377 0.936057
v -0.306686 0.588646 0.932057
v -0.301761 0.603481 0.920098
v -0.297907 0.604229 0.923309
v -0.294298 0.579590 0.928400
v -0.292208 0.586174 0.934550
v -0.292113 0.582585 0.932491
v -0.306230 0.584186 0.927191
v -0.306087 0.586155 0.934995
v -0.301384 0.584617 0.947071
v -0.302480 0.588322 0.940714
v -0.297641 0.589083 0.941204
v -0.298300 0.585825 0.947074
v -0.302559 0.589139 0.938902
v -0.305678 0.584351 0.938132
v -0.290300 0.577692 0.941387
v -0.291669 0.582398 0.943666
v -0.291674 0.574864 0.940159
v -0.302972 0.598446 0.913715
v -0.298845 0.572589 0.940079
v -0.294387 0.572699 0.940117
v -0.293958 0.586521 0.939490
v -0.294599 0.585187 0.945829
v -0.303922 0.580982 0.945411
v -0.303522 0.575967 0.941602
v -0.302290 0.578924 0.949184
v -0.301427 0.574080 0.945637
v -0.295758 0.571418 0.944121
v -0.292381 0.572835 0.942937
v -0.290216 0.575168 0.942761
v -0.300086 0.583234 0.950146
v -0.297442 0.584845 0.949522
v -0.294098 0.584729 0.947376
v -0.298590 0.581891 0.953560
v -0.298633 0.577151 0.954109
v -0.286179 0.573324 0.957260
v -0.288065 0.572901 0.953571
v -0.289079 0.572831 0.954216
v -0.286945 0.572683 0.957726
v -0.291941 0.571837 0.949743
v -0.292174 0.572239 0.951486
v -0.295686 0.573331 0.951820
v -0.292791 0.573493 0.956316
v -0.295239 0.577742 0.958564
v -0.292717 0.577315 0.961797
v -0.290990 0.573410 0.959658
v -0.297319 0.575997 0.954844
v -0.286605 0.572574 0.960479
v -0.285345 0.572773 0.961089
v -0.297305 0.572782 0.950251
v -0.289237 0.573318 0.947055
v -0.285743 0.573925 0.953164
v -0.283987 0.574118 0.957968
v -0.284227 0.574718 0.961762
v -0.285040 0.576088 0.952061
v -0.282891 0.576135 0.957649
v -0.283276 0.576789 0.961254
v -0.285111 0.579413 0.951771
v -0.283389 0.578681 0.957186
v -0.288132 0.579728 0.945887
v -0.287937 0.576196 0.946098
v -0.283669 0.578239 0.960261
v -0.287948 0.574082 0.963714
v -0.286166 0.576455 0.963846
v -0.289227 0.573575 0.962891
v -0.295626 0.579058 0.958668
v -0.292503 0.578730 0.962594
v -0.295175 0.581486 0.958407
v -0.291370 0.580573 0.962483
v -0.290033 0.576993 0.964433
v -0.290892 0.575803 0.963245
v -0.289155 0.578854 0.943848
v -0.290977 0.582155 0.945017
v -0.290341 0.583026 0.947239
v -0.287240 0.582711 0.952873
v -0.293874 0.585029 0.949626
v -0.296907 0.584239 0.952062
v -0.293464 0.583356 0.957397
v -0.290689 0.584253 0.955627
v -0.289661 0.581756 0.961829
v -0.287520 0.582584 0.959840
v -0.285026 0.581501 0.957950
v -0.287007 0.579506 0.963338
v -0.288225 0.578488 0.964364
v -0.285238 0.578105 0.962968
v -0.286006 0.580424 0.961950
v -0.284784 0.579593 0.961218
v -0.294846 0.606651 0.919770
v -0.234528 0.526074 0.875515
v -0.238255 0.528414 0.878896
v -0.229647 0.532720 0.892365
v -0.236102 0.531545 0.889631
v -0.222947 0.531310 0.891178
v -0.218153 0.527024 0.881980
v -0.219072 0.530094 0.886808
v -0.239039 0.529975 0.884537
v -0.228714 0.524836 0.873822
v -0.221506 0.525229 0.875960
v -0.230742 0.516493 0.877335
v -0.222710 0.516763 0.879776
v -0.218419 0.518544 0.885353
v -0.219387 0.524424 0.890458
v -0.222261 0.527260 0.893763
v -0.236312 0.521257 0.879720
v -0.239191 0.524390 0.883002
v -0.238814 0.527822 0.888524
v -0.239496 0.516568 0.886117
v -0.236427 0.508736 0.891888
v -0.226526 0.505103 0.908813
v -0.224628 0.509497 0.903751
v -0.226248 0.507534 0.902481
v -0.227462 0.503365 0.907075
v -0.224026 0.510618 0.898093
v -0.226028 0.509339 0.898318
v -0.229789 0.508599 0.894674
v -0.231138 0.505014 0.899361
v -0.234963 0.508174 0.894388
v -0.237019 0.506251 0.897933
v -0.232552 0.501294 0.903672
v -0.229363 0.499992 0.908582
v -0.233725 0.498394 0.907533
v -0.229545 0.501369 0.911511
v -0.228631 0.507118 0.892005
v -0.221026 0.516880 0.897350
v -0.223763 0.512928 0.904803
v -0.226910 0.508411 0.910647
v -0.230725 0.504020 0.913126
v -0.225714 0.516735 0.906318
v -0.229328 0.512127 0.910811
v -0.233344 0.508297 0.912562
v -0.230023 0.519361 0.906394
v -0.232835 0.514091 0.909902
v -0.228136 0.527334 0.897285
v -0.222545 0.523544 0.897926
v -0.234605 0.510487 0.911164
v -0.235020 0.498454 0.910269
v -0.236374 0.501535 0.911871
v -0.239853 0.507883 0.896700
v -0.238468 0.502449 0.901776
v -0.240896 0.504294 0.902073
v -0.242009 0.511295 0.896196
v -0.242483 0.506542 0.902869
v -0.239743 0.500484 0.906531
v -0.237474 0.499667 0.904909
v -0.228042 0.529916 0.894782
v -0.234336 0.530086 0.892325
v -0.234270 0.527962 0.894554
v -0.236246 0.520248 0.903613
v -0.239241 0.525524 0.892011
v -0.240857 0.520861 0.888543
v -0.242785 0.514652 0.897720
v -0.240968 0.518216 0.900327
v -0.242286 0.509843 0.904423
v -0.240755 0.512218 0.905642
v -0.237065 0.513973 0.908373
v -0.240585 0.506718 0.908516
v -0.241069 0.503223 0.907693
v -0.237353 0.506150 0.911569
v -0.239788 0.509324 0.908231
v -0.237371 0.509566 0.910285
v -0.282254 0.607064 0.916513
v -0.280842 0.600655 0.915443
v -0.276047 0.604225 0.913328
v -0.267957 0.607940 0.910191
v -0.263413 0.616941 0.907009
v -0.266883 0.601830 0.906868
v -0.275152 0.598193 0.910461
v -0.282167 0.593116 0.913208
v -0.260012 0.599813 0.899389
f 2 3 1
f 1 3 4
f 5 6 8
f 8 6 7
f 9 4 10
f 10 4 3
f 12 13 11
f 11 13 9
f 14 12 16
f 16 12 15
f 18 19 17
f 17 19 20
f 22 23 21
f 21 23 24
f 26 27 25
f 25 27 28
f 30 31 29
f 29 31 32
f 33 34 36
f 36 34 35
f 37 38 40
f 40 38 39
f 41 42 6
f 6 42 43
f 6 43 7
f 7 43 44
f 45 34 46
f 46 34 33
f 48 49 47
f 47 49 50
f 52 53 51
f 51 53 54
f 56 52 55
f 55 52 51
f 58 59 57
f 57 59 60
f 61 62 4
f 4 62 1
f 64 65 63
f 63 65 66
f 68 69 67
f 67 69 70
f 72 73 71
f 71 73 74
f 76 77 75
f 75 77 78
f 53 79 54
f 54 79 80
f 82 83 81
f 81 83 84
f 85 86 52
f 52 86 53
f 57 60 87
f 87 60 88
f 89 90 43
f 43 90 44
f 43 42 89
f 89 42 91
f 40 39 92
f 92 39 93
f 94 70 64
f 64 70 69
f 13 61 9
f 9 61 4
f 25 28 69
f 69 28 95
f 96 25 68
f 68 25 69
f 98 99 97
f 97 99 100
f 101 102 104
f 104 102 103
f 106 30 105
f 105 30 29
f 51 54 107
f 107 54 108
f 54 80 108
f 108 80 109
f 111 112 110
f 110 112 113
f 115 5 114
f 114 5 116
f 115 41 5
f 5 41 6
f 36 35 111
f 111 35 117
f 35 118 117
f 117 118 119
f 34 120 35
f 35 120 118
f 34 45 120
f 120 45 121
f 125 126 124
f 124 126 127
f 128 129 14
f 14 129 130
f 33 131 46
f 46 131 132
f 133 94 63
f 63 94 64
f 134 135 137
f 137 135 136
f 139 140 138
f 138 140 141
f 77 142 78
f 78 142 143
f 144 145 20
f 20 145 146
f 148 149 147
f 147 149 72
f 151 152 150
f 150 152 153
f 82 101 83
f 83 101 104
f 101 82 155
f 155 82 154
f 156 157 58
f 58 157 59
f 158 68 147
f 147 68 67
f 159 146 15
f 15 146 16
f 68 158 96
f 96 158 160
f 129 66 130
f 130 66 65
f 162 163 161
f 161 163 164
f 166 167 165
f 165 167 168
f 170 171 169
f 169 171 172
f 174 171 173
f 173 171 170
f 176 177 175
f 175 177 178
f 180 181 179
f 179 181 24
f 182 183 21
f 21 183 184
f 81 185 82
f 82 185 154
f 186 187 188
f 188 187 144
f 158 71 160
f 160 71 189
f 190 135 157
f 157 135 59
f 169 172 139
f 139 172 140
f 147 72 158
f 158 72 71
f 192 193 191
f 191 193 194
f 167 166 49
f 49 166 195
f 196 190 50
f 50 190 157
f 197 198 200
f 200 198 199
f 21 24 182
f 182 24 181
f 146 159 20
f 20 159 17
f 182 181 81
f 81 181 185
f 201 185 180
f 180 185 181
f 202 203 83
f 83 203 84
f 205 206 204
f 204 206 85
f 207 22 184
f 184 22 21
f 179 24 208
f 208 24 23
f 208 209 179
f 179 209 205
f 209 210 205
f 205 210 206
f 212 206 211
f 211 206 210
f 179 205 180
f 180 205 204
f 213 176 88
f 88 176 214
f 86 85 212
f 212 85 206
f 193 217 218
f 217 219 218
f 218 219 220
f 219 18 220
f 220 18 17
f 19 221 20
f 20 221 144
f 222 223 225
f 225 223 224
f 175 226 176
f 176 226 214
f 227 87 214
f 214 87 88
f 220 17 228
f 228 17 159
f 134 213 60
f 60 213 88
f 138 229 151
f 151 229 152
f 193 192 210
f 210 192 211
f 230 194 218
f 218 194 193
f 231 232 228
f 228 232 230
f 233 234 91
f 91 234 89
f 235 236 93
f 93 236 92
f 230 232 234
f 234 232 237
f 47 238 48
f 48 238 239
f 240 191 235
f 235 191 236
f 5 8 116
f 116 8 241
f 242 243 189
f 189 243 160
f 244 245 98
f 98 245 99
f 156 246 47
f 47 246 238
f 76 247 77
f 77 247 248
f 250 125 249
f 249 125 124
f 252 253 251
f 251 253 254
f 111 110 36
f 36 110 255
f 256 33 255
f 255 33 36
f 257 258 154
f 154 258 155
f 63 169 133
f 133 169 139
f 66 170 63
f 63 170 169
f 173 170 129
f 129 170 66
f 129 128 173
f 173 128 259
f 128 260 259
f 259 260 261
f 213 134 262
f 262 134 137
f 263 264 186
f 186 264 187
f 112 265 113
f 113 265 266
f 11 267 268
f 234 233 230
f 230 233 194
f 153 269 70
f 70 269 67
f 175 178 165
f 165 178 141
f 150 153 94
f 94 153 70
f 271 221 270
f 270 221 207
f 269 153 272
f 272 153 152
f 121 45 109
f 109 45 108
f 47 50 156
f 156 50 157
f 57 273 58
f 58 273 274
f 145 275 260
f 260 275 261
f 276 149 143
f 143 149 78
f 148 269 75
f 75 269 272
f 207 277 270
f 270 277 278
f 195 196 49
f 49 196 50
f 59 135 60
f 60 135 134
f 83 104 202
f 202 104 279
f 149 148 78
f 78 148 75
f 247 278 248
f 248 278 277
f 183 182 84
f 84 182 81
f 48 239 281
f 281 239 282
f 227 223 283
f 283 223 222
f 223 226 224
f 224 226 168
f 281 282 224
f 224 282 225
f 165 168 175
f 175 168 226
f 264 263 138
f 138 263 229
f 14 16 128
f 128 16 260
f 220 228 218
f 218 228 230
f 87 227 284
f 284 227 283
f 260 16 145
f 145 16 146
f 244 98 258
f 258 98 155
f 58 274 156
f 156 274 246
f 107 285 51
f 51 285 55
f 243 286 160
f 160 286 96
f 234 237 89
f 89 237 90
f 46 132 107
f 107 132 285
f 253 252 249
f 249 252 250
f 286 26 96
f 96 26 25
f 106 105 287
f 287 105 288
f 272 152 289
f 289 152 229
f 138 151 139
f 139 151 133
f 183 290 161
f 161 290 162
f 291 292 277
f 277 292 293
f 151 150 133
f 133 150 94
f 262 275 177
f 177 275 187
f 144 187 145
f 145 187 275
f 273 57 284
f 284 57 87
f 174 136 190
f 190 136 135
f 111 117 112
f 112 117 38
f 117 119 38
f 38 119 123
f 112 38 265
f 265 38 37
f 287 288 254
f 254 288 251
f 228 159 231
f 231 159 15
f 223 227 226
f 226 227 214
f 147 67 148
f 148 67 269
f 224 168 281
f 281 168 167
f 199 163 200
f 200 163 162
f 45 46 108
f 108 46 107
f 281 167 48
f 48 167 49
f 161 164 291
f 291 164 292
f 38 123 39
f 293 294 277
f 277 294 248
f 284 283 296
f 296 283 295
f 284 296 273
f 273 296 297
f 274 273 298
f 298 273 297
f 246 274 299
f 299 274 298
f 283 222 295
f 295 222 300
f 222 225 300
f 300 225 301
f 301 225 302
f 302 225 282
f 303 304 300
f 300 304 295
f 306 307 305
f 305 307 308
f 309 310 308
f 308 310 305
f 308 307 312
f 312 307 311
f 313 314 312
f 312 314 315
f 311 316 312
f 312 316 313
f 317 304 311
f 311 304 316
f 315 309 312
f 312 309 308
f 318 319 321
f 321 319 320
f 319 318 309
f 309 318 310
f 311 307 317
f 317 307 306
f 306 297 317
f 317 297 296
f 306 322 297
f 297 322 298
f 305 323 306
f 306 323 322
f 323 305 324
f 324 305 310
f 304 317 295
f 295 317 296
f 318 325 310
f 310 325 324
f 323 324 326
f 326 324 327
f 324 325 327
f 327 325 328
f 326 327 329
f 329 327 330
f 329 331 326
f 326 331 332
f 333 330 328
f 328 330 327
f 323 326 322
f 322 326 332
f 322 332 298
f 298 332 299
f 325 318 334
f 334 318 321
f 313 316 335
f 335 316 304
f 335 336 313
f 313 336 314
f 304 303 335
f 335 303 337
f 336 335 338
f 338 335 337
f 336 339 314
f 314 339 340
f 246 299 238
f 238 299 341
f 239 342 282
f 282 342 302
f 342 239 341
f 341 239 238
f 341 331 342
f 342 331 343
f 331 329 343
f 343 329 344
f 342 343 302
f 302 343 345
f 341 299 331
f 331 299 332
f 346 301 345
f 345 301 302
f 346 303 301
f 301 303 300
f 347 337 346
f 346 337 303
f 347 346 348
f 348 346 345
f 349 347 350
f 350 347 348
f 343 344 345
f 345 344 348
f 344 351 348
f 348 351 350
f 337 347 338
f 338 347 349
f 353 338 352
f 352 338 349
f 352 355 354
f 354 355 356
f 352 349 355
f 355 349 350
f 352 354 353
f 353 354 334
f 353 334 339
f 339 334 321
f 339 336 353
f 353 336 338
f 329 330 344
f 344 330 351
f 356 351 333
f 333 351 330
f 356 355 351
f 351 355 350
f 354 356 328
f 328 356 333
f 328 325 354
f 354 325 334
f 309 315 319
f 319 315 320
f 320 340 321
f 321 340 339
f 320 315 340
f 340 315 314
f 137 136 261
f 261 136 259
f 140 166 141
f 141 166 165
f 172 171 195
f 195 171 196
f 171 174 196
f 196 174 190
f 178 177 264
f 264 177 187
f 172 195 140
f 140 195 166
f 137 261 262
f 262 261 275
f 178 264 141
f 141 264 138
f 262 177 213
f 213 177 176
f 136 174 259
f 259 174 173
f 358 359 357
f 357 359 360
f 362 363 361
f 361 363 364
f 361 364 365
f 365 364 366
f 367 368 370
f 370 368 369
f 76 371 247
f 247 371 372
f 373 374 362
f 362 374 363
f 376 377 375
f 375 377 378
f 289 229 380
f 380 229 379
f 381 379 263
f 263 379 229
f 383 384 382
f 382 384 385
f 386 368 374
f 374 368 363
f 76 289 371
f 371 289 380
f 377 376 359
f 359 376 387
f 388 386 360
f 360 386 374
f 389 383 366
f 366 383 390
f 392 393 391
f 391 393 394
f 383 382 390
f 390 382 395
f 396 365 390
f 390 365 366
f 389 366 367
f 367 366 364
f 357 397 358
f 358 397 398
f 373 399 357
f 357 399 397
f 389 367 400
f 400 367 370
f 382 385 375
f 375 385 372
f 357 360 373
f 373 360 374
f 361 401 362
f 362 401 402
f 387 388 359
f 359 388 360
f 363 368 364
f 364 368 367
f 358 398 403
f 403 398 404
f 396 392 405
f 405 392 391
f 392 395 393
f 393 395 378
f 393 403 394
f 394 403 404
f 375 378 382
f 382 378 395
f 365 396 406
f 406 396 405
f 362 402 373
f 373 402 399
f 271 270 400
f 400 270 384
f 401 361 406
f 406 361 365
f 381 369 386
f 386 369 368
f 392 396 395
f 395 396 390
f 393 378 403
f 403 378 377
f 403 377 358
f 358 377 359
f 406 405 408
f 408 405 407
f 406 408 401
f 401 408 409
f 401 409 402
f 402 409 410
f 402 410 399
f 399 410 411
f 405 391 407
f 407 391 412
f 391 394 412
f 412 394 413
f 394 404 413
f 413 404 414
f 415 416 412
f 412 416 407
f 418 419 417
f 417 419 420
f 421 422 418
f 418 422 419
f 419 422 424
f 424 422 423
f 425 426 424
f 424 426 427
f 423 428 424
f 424 428 425
f 427 420 424
f 424 420 419
f 420 429 417
f 417 429 430
f 423 422 431
f 431 422 421
f 421 409 431
f 431 409 408
f 421 432 409
f 409 432 410
f 418 433 421
f 421 433 432
f 434 433 417
f 417 433 418
f 431 416 423
f 423 416 428
f 416 431 407
f 407 431 408
f 435 434 430
f 430 434 417
f 433 434 436
f 436 434 437
f 434 435 437
f 437 435 438
f 436 437 439
f 439 437 440
f 439 441 436
f 436 441 442
f 438 443 437
f 437 443 440
f 436 442 433
f 433 442 432
f 432 442 410
f 410 442 411
f 435 430 445
f 445 430 444
f 430 429 444
f 444 429 446
f 425 428 447
f 447 428 416
f 426 425 448
f 448 425 447
f 416 415 447
f 447 415 449
f 447 449 448
f 448 449 450
f 451 452 448
f 448 452 426
f 446 452 444
f 444 452 451
f 399 411 397
f 397 411 453
f 398 454 404
f 404 454 414
f 454 398 453
f 453 398 397
f 453 441 454
f 454 441 455
f 441 439 455
f 455 439 456
f 454 455 414
f 414 455 457
f 441 453 442
f 442 453 411
f 458 413 457
f 457 413 414
f 458 415 413
f 413 415 412
f 458 459 415
f 415 459 449
f 459 458 460
f 460 458 457
f 461 459 462
f 462 459 460
f 455 456 457
f 457 456 460
f 456 463 460
f 460 463 462
f 459 461 449
f 449 461 450
f 465 450 464
f 464 450 461
f 464 467 466
f 466 467 468
f 464 461 467
f 467 461 462
f 464 466 465
f 465 466 445
f 465 445 451
f 451 445 444
f 451 448 465
f 465 448 450
f 439 440 456
f 456 440 463
f 468 463 443
f 443 463 440
f 468 467 463
f 463 467 462
f 466 468 438
f 438 468 443
f 438 435 466
f 466 435 445
f 420 427 429
f 429 427 446
f 446 427 452
f 452 427 426
f 370 369 188
f 188 369 186
f 371 376 372
f 372 376 375
f 380 379 387
f 387 379 388
f 379 381 388
f 388 381 386
f 385 384 278
f 278 384 270
f 380 387 371
f 371 387 376
f 400 370 271
f 271 370 188
f 385 278 372
f 372 278 247
f 400 384 389
f 389 384 383
f 369 381 186
f 186 381 263
f 221 271 144
f 144 271 188
f 221 19 207
f 207 19 22
f 19 18 22
f 22 18 23
f 18 219 23
f 23 219 208
f 469 470 472
f 472 470 471
f 474 475 473
f 473 475 476
f 473 476 477
f 477 476 478
f 480 481 479
f 479 481 482
f 483 484 474
f 474 484 475
f 486 487 485
f 485 487 488
f 489 490 77
f 77 490 142
f 491 489 248
f 248 489 77
f 493 494 492
f 492 494 495
f 496 480 484
f 484 480 475
f 486 497 487
f 487 497 471
f 498 496 472
f 472 496 484
f 499 493 478
f 478 493 500
f 501 502 504
f 504 502 503
f 493 492 500
f 500 492 505
f 506 477 500
f 500 477 478
f 499 478 479
f 479 478 476
f 469 507 470
f 470 507 508
f 483 509 469
f 469 509 507
f 479 482 499
f 499 482 510
f 492 495 485
f 485 495 511
f 483 469 484
f 484 469 472
f 473 512 474
f 474 512 513
f 497 498 471
f 471 498 472
f 475 480 476
f 476 480 479
f 470 508 514
f 514 508 515
f 506 502 516
f 516 502 501
f 503 502 488
f 488 502 505
f 514 515 503
f 503 515 504
f 485 488 492
f 492 488 505
f 477 506 517
f 517 506 516
f 474 513 483
f 483 513 509
f 510 292 494
f 494 292 164
f 512 473 517
f 517 473 477
f 491 481 496
f 496 481 480
f 502 506 505
f 505 506 500
f 503 488 514
f 514 488 487
f 514 487 470
f 470 487 471
f 517 516 519
f 519 516 518
f 517 519 512
f 512 519 520
f 512 520 513
f 513 520 521
f 513 521 509
f 509 521 522
f 516 501 518
f 518 501 523
f 501 504 523
f 523 504 524
f 524 504 525
f 525 504 515
f 526 527 523
f 523 527 518
f 529 530 528
f 528 530 531
f 532 533 529
f 529 533 530
f 530 533 535
f 535 533 534
f 536 537 535
f 535 537 538
f 534 539 535
f 535 539 536
f 538 531 535
f 535 531 530
f 540 541 531
f 531 541 528
f 533 532 534
f 534 532 542
f 532 520 542
f 542 520 519
f 532 543 520
f 520 543 521
f 529 544 532
f 532 544 543
f 544 529 545
f 545 529 528
f 534 542 539
f 539 542 527
f 527 542 518
f 518 542 519
f 541 546 528
f 528 546 545
f 547 544 548
f 548 544 545
f 546 549 545
f 545 549 548
f 550 547 551
f 551 547 548
f 547 550 553
f 553 550 552
f 549 554 548
f 548 554 551
f 544 547 543
f 543 547 553
f 543 553 521
f 521 553 522
f 546 541 556
f 556 541 555
f 541 540 555
f 555 540 557
f 536 539 558
f 558 539 527
f 537 536 559
f 559 536 558
f 527 526 558
f 558 526 560
f 559 558 561
f 561 558 560
f 559 562 537
f 537 562 563
f 557 563 555
f 555 563 562
f 509 522 507
f 507 522 564
f 508 565 515
f 515 565 525
f 565 508 564
f 564 508 507
f 564 552 565
f 565 552 566
f 552 550 566
f 566 550 567
f 565 566 525
f 525 566 568
f 564 522 552
f 552 522 553
f 569 524 568
f 568 524 525
f 569 526 524
f 524 526 523
f 570 560 569
f 569 560 526
f 570 569 571
f 571 569 568
f 572 570 573
f 573 570 571
f 566 567 568
f 568 567 571
f 567 574 571
f 571 574 573
f 570 572 560
f 560 572 561
f 576 561 575
f 575 561 572
f 575 578 577
f 577 578 579
f 575 572 578
f 578 572 573
f 575 577 576
f 576 577 556
f 576 556 562
f 562 556 555
f 562 559 576
f 576 559 561
f 550 551 567
f 567 551 574
f 579 574 554
f 554 574 551
f 579 578 574
f 574 578 573
f 579 554 577
f 577 554 549
f 549 546 577
f 577 546 556
f 531 538 540
f 540 538 557
f 557 538 563
f 563 538 537
f 481 294 482
f 482 294 293
f 580 486 511
f 511 486 485
f 490 489 497
f 497 489 498
f 489 491 498
f 498 491 496
f 163 495 164
f 164 495 494
f 580 490 486
f 486 490 497
f 482 293 510
f 510 293 292
f 495 163 511
f 511 163 199
f 494 493 510
f 510 493 499
f 481 491 294
f 294 491 248
f 582 583 581
f 581 583 584
f 586 587 585
f 585 587 588
f 585 588 589
f 589 588 590
f 592 593 591
f 591 593 594
f 595 596 598
f 598 596 597
f 599 600 586
f 586 600 587
f 601 602 604
f 604 602 603
f 605 606 608
f 608 606 607
f 609 607 200
f 200 607 606
f 610 611 613
f 613 611 612
f 600 614 587
f 587 614 592
f 596 605 597
f 597 605 608
f 602 615 603
f 603 615 583
f 616 614 584
f 584 614 600
f 611 618 617
f 617 618 590
f 620 621 619
f 619 621 622
f 610 623 611
f 611 623 618
f 624 589 618
f 618 589 590
f 617 590 591
f 591 590 588
f 581 625 582
f 582 625 626
f 599 627 581
f 581 627 625
f 591 594 617
f 617 594 628
f 601 610 598
f 598 610 613
f 581 584 599
f 599 584 600
f 585 629 586
f 586 629 630
f 615 616 583
f 583 616 584
f 587 592 588
f 588 592 591
f 582 626 631
f 631 626 632
f 624 620 633
f 633 620 619
f 621 620 604
f 604 620 623
f 631 632 621
f 621 632 622
f 610 601 623
f 623 601 604
f 589 624 634
f 634 624 633
f 586 630 599
f 599 630 627
f 203 202 628
f 628 202 612
f 629 585 634
f 634 585 589
f 609 593 614
f 614 593 592
f 620 624 623
f 623 624 618
f 631 621 603
f 603 621 604
f 582 631 583
f 583 631 603
f 634 633 636
f 636 633 635
f 634 636 629
f 629 636 637
f 629 637 630
f 630 637 638
f 630 638 627
f 627 638 639
f 633 619 635
f 635 619 640
f 619 622 640
f 640 622 641
f 641 622 642
f 642 622 632
f 644 635 643
f 643 635 640
f 645 646 648
f 648 646 647
f 649 650 646
f 646 650 647
f 647 650 652
f 652 650 651
f 652 653 655
f 655 653 654
f 651 656 652
f 652 656 653
f 655 648 652
f 652 648 647
f 648 657 645
f 645 657 658
f 650 649 651
f 651 649 659
f 649 637 659
f 659 637 636
f 649 660 637
f 637 660 638
f 661 660 646
f 646 660 649
f 662 661 645
f 645 661 646
f 651 659 656
f 656 659 644
f 644 659 635
f 635 659 636
f 663 662 658
f 658 662 645
f 664 661 665
f 665 661 662
f 663 666 662
f 662 666 665
f 667 664 668
f 668 664 665
f 664 667 670
f 670 667 669
f 666 671 665
f 665 671 668
f 661 664 660
f 660 664 670
f 660 670 638
f 638 670 639
f 658 672 663
f 663 672 673
f 658 657 672
f 672 657 674
f 653 656 675
f 675 656 644
f 653 675 654
f 654 675 676
f 675 644 677
f 677 644 643
f 676 675 678
f 678 675 677
f 679 680 676
f 676 680 654
f 674 680 672
f 672 680 679
f 627 639 625
f 625 639 681
f 626 682 632
f 632 682 642
f 681 682 625
f 625 682 626
f 669 683 681
f 681 683 682
f 667 684 669
f 669 684 683
f 682 683 642
f 642 683 685
f 681 639 669
f 669 639 670
f 686 641 685
f 685 641 642
f 641 686 640
f 640 686 643
f 686 687 643
f 643 687 677
f 687 686 688
f 688 686 685
f 689 687 690
f 690 687 688
f 683 684 685
f 685 684 688
f 684 691 688
f 688 691 690
f 687 689 677
f 677 689 678
f 693 678 692
f 692 678 689
f 692 695 694
f 694 695 696
f 692 689 695
f 695 689 690
f 692 694 693
f 693 694 673
f 693 673 679
f 679 673 672
f 679 676 693
f 693 676 678
f 684 667 691
f 691 667 668
f 696 691 671
f 671 691 668
f 696 695 691
f 691 695 690
f 694 696 666
f 666 696 671
f 666 663 694
f 694 663 673
f 648 655 657
f 657 655 674
f 674 655 680
f 680 655 654
f 593 162 594
f 594 162 290
f 598 597 601
f 601 597 602
f 615 608 616
f 616 608 607
f 607 609 616
f 616 609 614
f 697 595 613
f 613 595 598
f 597 608 602
f 602 608 615
f 594 290 628
f 628 290 203
f 628 612 617
f 617 612 611
f 593 609 162
f 162 609 200
f 105 29 698
f 698 29 699
f 268 126 701
f 701 126 700
f 126 125 700
f 700 125 702
f 252 703 250
f 250 703 704
f 32 268 705
f 705 268 701
f 288 105 706
f 706 105 698
f 29 32 699
f 699 32 705
f 707 251 706
f 706 251 288
f 250 704 125
f 125 704 702
f 703 252 707
f 707 252 251
f 706 708 707
f 707 708 709
f 707 709 703
f 703 709 710
f 703 710 704
f 704 710 711
f 704 711 702
f 702 711 712
f 706 698 708
f 708 698 713
f 698 699 713
f 713 699 714
f 699 705 714
f 714 705 715
f 717 708 716
f 716 708 713
f 719 720 718
f 718 720 721
f 722 723 719
f 719 723 720
f 724 725 723
f 723 725 720
f 724 726 725
f 725 726 727
f 728 721 725
f 725 721 720
f 721 728 729
f 729 728 730
f 729 731 721
f 721 731 718
f 724 723 732
f 732 723 722
f 722 710 732
f 732 710 709
f 722 733 710
f 710 733 711
f 719 734 722
f 722 734 733
f 734 719 735
f 735 719 718
f 724 732 726
f 726 732 717
f 717 732 708
f 708 732 709
f 731 736 718
f 718 736 735
f 737 734 738
f 738 734 735
f 736 739 735
f 735 739 738
f 740 737 741
f 741 737 738
f 737 740 743
f 743 740 742
f 739 744 738
f 738 744 741
f 734 737 733
f 733 737 743
f 733 743 711
f 711 743 712
f 736 731 746
f 746 731 745
f 731 729 745
f 745 729 730
f 727 726 747
f 747 726 717
f 748 727 749
f 749 727 747
f 747 717 750
f 750 717 716
f 749 747 751
f 751 747 750
f 749 752 748
f 748 752 753
f 730 753 745
f 745 753 752
f 728 725 748
f 748 725 727
f 730 728 753
f 753 728 748
f 700 702 754
f 754 702 712
f 705 701 715
f 715 701 755
f 754 755 700
f 700 755 701
f 742 756 754
f 754 756 755
f 740 757 742
f 742 757 756
f 755 756 715
f 715 756 758
f 754 712 742
f 742 712 743
f 759 714 758
f 758 714 715
f 714 759 713
f 713 759 716
f 759 760 716
f 716 760 750
f 760 759 761
f 761 759 758
f 762 760 763
f 763 760 761
f 756 757 758
f 758 757 761
f 757 764 761
f 761 764 763
f 760 762 750
f 750 762 751
f 766 751 765
f 765 751 762
f 767 765 769
f 769 765 768
f 765 762 768
f 768 762 763
f 765 767 766
f 766 767 746
f 766 746 752
f 752 746 745
f 752 749 766
f 766 749 751
f 757 740 764
f 764 740 741
f 769 764 744
f 744 764 741
f 769 768 764
f 764 768 763
f 767 769 739
f 739 769 744
f 739 736 767
f 767 736 746
f 219 217 208
f 208 217 209
f 209 217 210
f 210 217 193
f 198 580 199
f 199 580 511
f 76 75 289
f 289 75 272
f 277 207 291
f 291 207 184
f 290 183 203
f 203 183 84
f 490 580 142
f 142 580 198
f 142 198 143
f 143 198 197
f 149 276 72
f 72 276 73
f 104 103 279
f 279 103 770
f 770 596 279
f 279 596 595
f 605 596 771
f 771 596 770
f 771 770 772
f 772 770 103
f 772 103 773
f 773 103 102
f 155 774 101
f 101 774 102
f 773 102 97
f 97 102 774
f 775 773 100
f 100 773 97
f 773 775 772
f 772 775 776
f 772 776 771
f 771 776 777
f 200 606 197
f 197 606 777
f 189 71 778
f 778 71 74
f 97 774 98
f 98 774 155
f 183 161 184
f 184 161 291
f 777 276 197
f 197 276 143
f 777 606 771
f 771 606 605
f 613 612 697
f 697 612 202
f 595 697 279
f 279 697 202
f 73 276 776
f 776 276 777
f 776 775 73
f 73 775 74
f 100 778 775
f 775 778 74
f 778 100 189
f 189 100 99
f 245 242 99
f 99 242 189
f 131 33 256
f 28 1 95
f 95 1 62
f 27 2 28
f 28 2 1
f 265 115 266
f 266 115 114
f 95 62 69
f 69 62 64
f 62 61 64
f 64 61 65
f 61 13 65
f 65 13 130
f 13 12 130
f 130 12 14
f 31 11 32
f 32 11 268
f 15 12 31
f 31 12 11
f 31 30 15
f 15 30 231
f 30 106 231
f 231 106 232
f 287 237 106
f 106 237 232
f 254 90 287
f 287 90 237
f 253 44 254
f 254 44 90
f 253 249 44
f 44 249 7
f 267 127 268
f 268 127 126
f 10 3 241
f 241 3 116
f 3 2 116
f 116 2 114
f 2 27 114
f 114 27 266
f 27 26 266
f 266 26 113
f 26 286 113
f 113 286 110
f 286 243 110
f 110 243 255
f 243 242 255
f 255 242 256
f 242 245 256
f 256 245 131
f 245 244 131
f 131 244 132
f 265 37 115
f 115 37 41
f 41 37 42
f 42 37 40
f 92 91 40
f 40 91 42
f 236 233 92
f 92 233 91
f 191 194 236
f 236 194 233
f 258 285 244
f 244 285 132
f 257 55 258
f 258 55 285
f 257 154 201
f 201 154 185
f 56 201 204
f 204 201 180
f 55 257 56
f 56 257 201
f 204 85 56
f 56 85 52
f 86 122 53
f 53 122 79
f 212 215 86
f 86 215 122
f 211 216 212
f 212 216 215
f 192 280 211
f 211 280 216
f 191 240 192
f 192 240 280
f 249 124 7
f 7 124 8
f 124 127 8
f 8 127 241
f 127 267 241
f 241 267 10
f 10 267 9
f 9 267 11
o hand_right
v 0.264847 0.152148 0.957075
v 0.264205 0.159738 0.963608
v 0.259646 0.149422 0.964115
v 0.259909 0.143329 0.957942
v 0.259849 0.159215 0.982912
v 0.250336 0.163171 0.990295
v 0.246894 0.147238 0.986473
v 0.255908 0.146417 0.981156
v 0.254229 0.136970 0.956466
v 0.256074 0.141588 0.964164
v 0.247714 0.137227 0.953828
v 0.245666 0.134496 0.943372
v 0.252562 0.133368 0.948141
v 0.247281 0.130420 0.936247
v 0.239849 0.143703 0.940056
v 0.246685 0.135697 0.928237
v 0.256957 0.163641 0.926493
v 0.267999 0.171300 0.924553
v 0.273194 0.157344 0.915144
v 0.261764 0.150455 0.918900
v 0.288734 0.170998 0.919627
v 0.280434 0.162866 0.916591
v 0.274882 0.177276 0.924843
v 0.282582 0.183740 0.927226
v 0.274943 0.165270 0.956316
v 0.274230 0.173968 0.962694
v 0.270054 0.169754 0.962348
v 0.270745 0.161536 0.956637
v 0.237209 0.136654 0.959395
v 0.233896 0.145533 0.956285
v 0.239652 0.141010 0.952551
v 0.242592 0.135009 0.959223
v 0.280216 0.196010 0.980475
v 0.273488 0.207701 0.982354
v 0.268195 0.205236 0.982990
v 0.275482 0.195176 0.980720
v 0.253653 0.187536 0.989251
v 0.251742 0.198491 0.986337
v 0.238519 0.202945 0.983559
v 0.238311 0.192587 0.983564
v 0.252926 0.174678 0.990781
v 0.239548 0.179704 0.988306
v 0.239077 0.166441 0.989187
v 0.237505 0.148956 0.986303
v 0.283860 0.214165 0.978298
v 0.290495 0.206542 0.976892
v 0.278406 0.097508 0.933424
v 0.283251 0.101192 0.933231
v 0.281857 0.102975 0.932795
v 0.277350 0.098912 0.932964
v 0.290981 0.219247 0.959909
v 0.286400 0.221881 0.951193
v 0.285680 0.227447 0.955792
v 0.288136 0.224535 0.964442
v 0.294672 0.212158 0.953970
v 0.287227 0.213642 0.945412
v 0.279204 0.088940 0.923976
v 0.277048 0.090231 0.928498
v 0.274549 0.092101 0.925597
v 0.276476 0.091895 0.920489
v 0.259546 0.136891 0.951503
v 0.266301 0.143955 0.952229
v 0.265314 0.124421 0.940822
v 0.265979 0.132663 0.944207
v 0.258990 0.130563 0.945138
v 0.258792 0.124097 0.941211
v 0.283271 0.149047 0.942612
v 0.280079 0.158287 0.949007
v 0.275281 0.153699 0.948864
v 0.277706 0.142434 0.942908
v 0.292298 0.165460 0.950204
v 0.294272 0.156015 0.943439
v 0.300970 0.161245 0.944914
v 0.298759 0.166637 0.950249
v 0.294328 0.139253 0.931587
v 0.295362 0.134980 0.927493
v 0.299165 0.135467 0.928818
v 0.297223 0.141472 0.932092
v 0.284155 0.233257 0.959467
v 0.284490 0.229315 0.968476
v 0.305915 0.182631 0.926654
v 0.311799 0.186525 0.935438
v 0.318392 0.177491 0.928905
v 0.310377 0.175564 0.920581
v 0.278246 0.220207 0.944796
v 0.278911 0.227202 0.948175
v 0.283757 0.090489 0.919995
v 0.281259 0.093376 0.916442
v 0.231130 0.172316 0.979879
v 0.230321 0.151983 0.980206
v 0.232314 0.187375 0.977120
v 0.232897 0.197892 0.974060
v 0.231669 0.206495 0.973973
v 0.272100 0.132328 0.941307
v 0.270506 0.152477 0.952397
v 0.279130 0.168225 0.956359
v 0.307919 0.179664 0.957759
v 0.304740 0.187592 0.964015
v 0.297597 0.179492 0.963548
v 0.301678 0.174504 0.957599
v 0.316297 0.183439 0.943744
v 0.315021 0.177117 0.948621
v 0.317944 0.170961 0.943159
v 0.320392 0.175998 0.937599
v 0.230907 0.136666 0.963612
v 0.229198 0.149369 0.961102
v 0.292287 0.214525 0.969337
v 0.287161 0.219078 0.973025
v 0.282569 0.225930 0.975190
v 0.276615 0.184187 0.972563
v 0.272302 0.194499 0.981116
v 0.269150 0.191464 0.982071
v 0.273980 0.182606 0.971829
v 0.266127 0.165997 0.972450
v 0.263994 0.173835 0.983544
v 0.262618 0.153690 0.972092
v 0.260609 0.203330 0.984865
v 0.263644 0.213763 0.986740
v 0.255231 0.210935 0.987372
v 0.271967 0.218324 0.984153
v 0.278847 0.222515 0.980228
v 0.277879 0.235447 0.949424
v 0.247336 0.208185 0.986180
v 0.252483 0.138067 0.978908
v 0.249813 0.130818 0.976623
v 0.252001 0.132298 0.969326
v 0.254847 0.138706 0.970631
v 0.250646 0.123490 0.930108
v 0.254074 0.122391 0.937333
v 0.251296 0.129602 0.942837
v 0.288141 0.189867 0.974706
v 0.296700 0.199057 0.972159
v 0.271148 0.124416 0.937387
v 0.272964 0.095837 0.918914
v 0.271187 0.095518 0.924778
v 0.260152 0.109808 0.927449
v 0.261372 0.110434 0.920490
v 0.276207 0.121915 0.928057
v 0.273478 0.121791 0.934236
v 0.274882 0.120825 0.932149
v 0.279042 0.120944 0.926891
v 0.304975 0.142516 0.930780
v 0.303197 0.147528 0.933852
v 0.268697 0.136364 0.914623
v 0.254919 0.133449 0.915887
v 0.251411 0.144372 0.922238
v 0.289103 0.153740 0.943212
v 0.292625 0.145840 0.937421
v 0.296027 0.148273 0.937408
v 0.275615 0.131149 0.938183
v 0.275830 0.125491 0.933846
v 0.278785 0.129298 0.933827
v 0.279369 0.135130 0.937864
v 0.305760 0.196695 0.941311
v 0.311391 0.193089 0.950937
v 0.276464 0.093427 0.931816
v 0.274721 0.094829 0.930307
v 0.285820 0.162709 0.949438
v 0.248581 0.156514 0.930737
v 0.283754 0.171196 0.956739
v 0.305748 0.156624 0.916665
v 0.311965 0.153911 0.922644
v 0.312757 0.149058 0.922122
v 0.309666 0.148790 0.916681
v 0.287294 0.109704 0.924102
v 0.285880 0.108285 0.929627
v 0.286492 0.105889 0.929485
v 0.289257 0.106041 0.924092
v 0.268771 0.120270 0.937473
v 0.262441 0.118525 0.938357
v 0.266852 0.114562 0.936548
v 0.271709 0.117710 0.934868
v 0.258191 0.116414 0.934317
v 0.262127 0.111682 0.933301
v 0.286317 0.107931 0.917762
v 0.282206 0.102713 0.913748
v 0.272336 0.117443 0.914644
v 0.278362 0.119043 0.919364
v 0.276339 0.196245 0.933125
v 0.285982 0.201238 0.935792
v 0.292437 0.189010 0.929758
v 0.299065 0.177526 0.922835
v 0.304549 0.165602 0.917181
v 0.294231 0.160695 0.912306
v 0.298655 0.193295 0.933104
v 0.276130 0.126261 0.922486
v 0.267657 0.126807 0.916213
v 0.273140 0.129470 0.917740
v 0.290660 0.173794 0.958124
v 0.272167 0.097333 0.930122
v 0.238231 0.207263 0.952697
v 0.248090 0.213390 0.945937
v 0.248987 0.204977 0.943850
v 0.238333 0.197999 0.952155
v 0.281326 0.104615 0.933680
v 0.275910 0.100850 0.934161
v 0.309497 0.149967 0.933624
v 0.310102 0.145274 0.930373
v 0.313229 0.146507 0.927921
v 0.315577 0.150290 0.932051
v 0.290276 0.204420 0.938604
v 0.322775 0.170836 0.927015
v 0.315640 0.168900 0.919209
v 0.279979 0.211732 0.940865
v 0.271457 0.207765 0.938044
v 0.268485 0.216374 0.941405
v 0.286507 0.147255 0.911313
v 0.270131 0.190470 0.931247
v 0.265590 0.202878 0.937148
v 0.261748 0.212946 0.941146
v 0.259453 0.220635 0.943319
v 0.267155 0.223507 0.943642
v 0.277628 0.098462 0.915025
v 0.286858 0.097578 0.914998
v 0.265660 0.232246 0.944691
v 0.257149 0.228389 0.944879
v 0.258176 0.197296 0.937396
v 0.249507 0.190569 0.939362
v 0.262897 0.185437 0.931775
v 0.254544 0.177704 0.932851
v 0.275999 0.145788 0.908127
v 0.298066 0.092312 0.928277
v 0.292700 0.099003 0.921217
v 0.291600 0.102723 0.925635
v 0.298404 0.095993 0.930583
v 0.289586 0.103277 0.918854
v 0.289530 0.094674 0.918769
v 0.244168 0.169253 0.939346
v 0.279534 0.125277 0.929983
v 0.238114 0.181804 0.950208
v 0.234932 0.155772 0.945769
v 0.231554 0.164223 0.956059
v 0.231770 0.192556 0.962755
v 0.228969 0.176644 0.966545
v 0.231825 0.209863 0.963326
v 0.232666 0.201547 0.961774
v 0.227176 0.160469 0.969908
v 0.285679 0.095152 0.938951
v 0.290255 0.098797 0.937399
v 0.236664 0.215122 0.954293
v 0.258296 0.144871 0.971251
v 0.286581 0.180391 0.965796
v 0.281570 0.178163 0.964293
v 0.301954 0.192282 0.967386
v 0.293259 0.184045 0.968393
v 0.283078 0.090425 0.937865
v 0.297090 0.133400 0.923213
v 0.297748 0.134251 0.924682
v 0.245466 0.138038 0.984035
v 0.244003 0.131415 0.981557
v 0.231762 0.132260 0.976547
v 0.237075 0.130954 0.981254
v 0.236865 0.139234 0.983975
v 0.230985 0.140983 0.979180
v 0.279046 0.185043 0.973012
v 0.282740 0.186372 0.973278
v 0.300222 0.205048 0.948140
v 0.305709 0.200660 0.957388
v 0.255990 0.116671 0.928101
v 0.251651 0.125958 0.922389
v 0.257028 0.118411 0.921381
v 0.264720 0.114872 0.915820
v 0.279017 0.123884 0.926167
v 0.275009 0.123619 0.921900
v 0.266936 0.183292 0.982902
v 0.270151 0.176614 0.971772
v 0.252450 0.137975 0.963564
v 0.249411 0.133741 0.962448
v 0.284648 0.141310 0.938088
v 0.289767 0.135892 0.912447
v 0.280932 0.134762 0.910905
v 0.285862 0.134417 0.932592
v 0.285966 0.084518 0.932571
v 0.283498 0.087093 0.935987
v 0.259919 0.122852 0.916386
v 0.302900 0.152912 0.939195
v 0.293161 0.141274 0.914111
v 0.295631 0.134396 0.916316
v 0.322467 0.171270 0.935608
v 0.246093 0.221531 0.948547
v 0.288779 0.103801 0.930599
v 0.294565 0.099991 0.934518
v 0.295407 0.089107 0.926932
v 0.290127 0.085631 0.927951
v 0.299157 0.206504 0.963883
v 0.278387 0.176330 0.963166
v 0.227462 0.146920 0.970876
v 0.229512 0.135217 0.969990
v 0.286570 0.131344 0.929338
v 0.311964 0.160796 0.919479
v 0.299162 0.151588 0.911924
v 0.304438 0.142921 0.912263
v 0.300738 0.136307 0.914330
v 0.299595 0.132149 0.920079
v 0.298395 0.086866 0.931921
v 0.293311 0.083893 0.932715
v 0.288541 0.083436 0.936615
v 0.285968 0.085975 0.939142
v 0.285590 0.090111 0.940284
v 0.301309 0.090129 0.933408
v 0.301295 0.093621 0.935263
v 0.297151 0.098315 0.936696
v 0.303259 0.089858 0.938331
v 0.301799 0.084869 0.940145
v 0.292002 0.084006 0.950353
v 0.291650 0.082568 0.944579
v 0.293928 0.082091 0.946065
v 0.295021 0.082987 0.950930
v 0.297484 0.083294 0.955535
v 0.294175 0.084378 0.955630
v 0.296954 0.082351 0.942403
v 0.299122 0.083398 0.948832
v 0.302684 0.085341 0.947597
v 0.304285 0.085379 0.952972
v 0.301315 0.083474 0.954190
v 0.301150 0.084171 0.943256
v 0.296355 0.082053 0.939966
v 0.297550 0.084973 0.958748
v 0.299284 0.083444 0.957853
v 0.302360 0.084135 0.957060
v 0.302394 0.085932 0.959513
v 0.287430 0.086282 0.943218
v 0.290400 0.086061 0.950950
v 0.293657 0.087514 0.955906
v 0.297138 0.087762 0.958932
v 0.291328 0.090054 0.951863
v 0.294350 0.090373 0.955551
v 0.297622 0.090860 0.957856
v 0.293791 0.093605 0.951855
v 0.296262 0.092911 0.954986
v 0.289071 0.094000 0.942049
v 0.286378 0.090587 0.941919
v 0.297836 0.092896 0.957031
v 0.302452 0.088128 0.959767
v 0.304349 0.087820 0.945318
v 0.305338 0.088326 0.952411
v 0.304815 0.090262 0.945190
v 0.306166 0.090534 0.952085
v 0.306036 0.087529 0.956771
v 0.304585 0.085625 0.955886
v 0.287762 0.094820 0.939881
v 0.292827 0.098275 0.938308
v 0.294194 0.097353 0.940247
v 0.297701 0.096222 0.950361
v 0.298569 0.097385 0.939445
v 0.302842 0.093508 0.939841
v 0.304440 0.092992 0.946623
v 0.302372 0.095472 0.948076
v 0.305045 0.092862 0.952078
v 0.302946 0.094235 0.952539
v 0.299387 0.094760 0.954117
v 0.304339 0.092208 0.956093
v 0.305766 0.089678 0.956605
v 0.301538 0.091118 0.958410
v 0.303158 0.093553 0.955338
v 0.300489 0.092802 0.956633
v 0.301939 0.106688 0.933727
v 0.307449 0.110159 0.932973
v 0.304548 0.110913 0.929548
v 0.300137 0.107743 0.930360
v 0.302108 0.095926 0.924450
v 0.299821 0.098921 0.929411
v 0.297206 0.100006 0.924783
v 0.300338 0.098561 0.919186
v 0.307542 0.097072 0.920299
v 0.305304 0.100686 0.915392
v 0.296074 0.102716 0.916653
v 0.293646 0.104076 0.923271
v 0.281303 0.120906 0.921914
v 0.282539 0.121008 0.915239
v 0.295501 0.130720 0.926664
v 0.297682 0.130723 0.923285
v 0.300030 0.103130 0.932548
v 0.297806 0.103923 0.928760
v 0.309153 0.117011 0.924648
v 0.305984 0.116351 0.929061
v 0.308751 0.113319 0.928569
v 0.312451 0.112401 0.924454
v 0.284616 0.124588 0.928648
v 0.289858 0.128112 0.927662
v 0.282541 0.122352 0.926326
v 0.310460 0.115000 0.918354
v 0.308194 0.111054 0.913204
v 0.295207 0.127107 0.910514
v 0.299043 0.129160 0.914943
v 0.294288 0.106617 0.928083
v 0.301624 0.113217 0.931322
v 0.297224 0.110137 0.931368
v 0.301304 0.106498 0.912787
v 0.311999 0.105067 0.916218
v 0.321513 0.100031 0.933964
v 0.316839 0.105969 0.924220
v 0.315596 0.109450 0.927975
v 0.321357 0.103907 0.937225
v 0.313984 0.109269 0.919862
v 0.314066 0.101632 0.921159
v 0.309586 0.102695 0.944858
v 0.315011 0.106162 0.943760
v 0.307098 0.098785 0.944159
v 0.287707 0.123924 0.910761
v 0.308128 0.091960 0.936343
v 0.306195 0.095467 0.941607
v 0.312111 0.111679 0.931105
v 0.319310 0.106338 0.941036
v 0.319328 0.096357 0.932215
v 0.312868 0.092639 0.931592
v 0.321246 0.094018 0.937700
v 0.315780 0.090655 0.937847
v 0.310664 0.090318 0.941804
v 0.308285 0.094348 0.945164
v 0.308692 0.098135 0.946416
v 0.323357 0.097541 0.939185
v 0.323213 0.101722 0.941482
v 0.319902 0.104963 0.943386
v 0.325036 0.098272 0.946542
v 0.323875 0.093695 0.946750
v 0.313554 0.093166 0.962284
v 0.312600 0.092021 0.956442
v 0.315038 0.091045 0.956383
v 0.316103 0.092106 0.961690
v 0.313147 0.089728 0.950623
v 0.315293 0.089810 0.951900
v 0.319292 0.090438 0.949427
v 0.319661 0.092167 0.955413
v 0.323541 0.094621 0.953806
v 0.324677 0.095060 0.959411
v 0.321066 0.092404 0.961209
v 0.322540 0.092595 0.949961
v 0.317677 0.092902 0.964857
v 0.316890 0.094591 0.966615
v 0.318763 0.089290 0.946437
v 0.309123 0.093372 0.948572
v 0.310782 0.094519 0.957101
v 0.312657 0.096220 0.963167
v 0.317267 0.097580 0.967099
v 0.311042 0.098701 0.957868
v 0.313404 0.099405 0.963282
v 0.317563 0.100064 0.966056
v 0.313167 0.103010 0.957796
v 0.315810 0.102887 0.962823
v 0.310937 0.102273 0.947821
v 0.308500 0.098123 0.948529
v 0.317490 0.101992 0.964605
v 0.321688 0.094806 0.966888
v 0.321365 0.098087 0.967481
v 0.321485 0.093783 0.965331
v 0.324838 0.096291 0.953262
v 0.325350 0.097195 0.959652
v 0.325533 0.099105 0.953419
v 0.325708 0.099469 0.960429
v 0.325084 0.096856 0.964377
v 0.324430 0.095349 0.964050
v 0.311235 0.101754 0.946059
v 0.315980 0.104837 0.944875
v 0.315618 0.105310 0.946372
v 0.317889 0.105320 0.956442
v 0.320260 0.105166 0.945274
v 0.323997 0.101926 0.946385
v 0.324946 0.101949 0.953471
v 0.322358 0.104702 0.954966
v 0.325918 0.101654 0.960311
v 0.323611 0.103782 0.959471
v 0.319228 0.104706 0.961344
v 0.324979 0.100866 0.964829
v 0.325245 0.098522 0.964912
v 0.320973 0.100097 0.966651
v 0.323516 0.102922 0.963278
v 0.320175 0.102547 0.964756
v 0.318487 0.122886 0.934833
v 0.322095 0.127454 0.934512
v 0.319939 0.128565 0.932512
v 0.316581 0.123954 0.932309
v 0.321588 0.114687 0.925325
v 0.319093 0.115381 0.929606
v 0.316213 0.116910 0.926091
v 0.317815 0.116871 0.920866
v 0.326738 0.116411 0.923440
v 0.322058 0.119513 0.917277
v 0.313959 0.119709 0.917835
v 0.313103 0.118979 0.923844
v 0.302895 0.129136 0.921065
v 0.304872 0.130437 0.914850
v 0.318078 0.118778 0.932816
v 0.315796 0.120014 0.930122
v 0.324731 0.133735 0.928349
v 0.321683 0.132142 0.931924
v 0.324252 0.131262 0.930557
v 0.327281 0.131287 0.927194
v 0.303535 0.134769 0.929942
v 0.307289 0.139651 0.929752
v 0.302941 0.130915 0.926734
v 0.326104 0.132331 0.921835
v 0.323947 0.128739 0.915749
v 0.315180 0.140711 0.915343
v 0.316199 0.143137 0.920912
v 0.313236 0.120994 0.928637
v 0.317425 0.129226 0.933605
v 0.314239 0.124662 0.932671
v 0.318112 0.123820 0.914935
v 0.327404 0.124354 0.918307
v 0.340533 0.119608 0.936318
v 0.331635 0.126592 0.924777
v 0.329498 0.129937 0.929289
v 0.339599 0.123048 0.939106
v 0.329322 0.128722 0.922449
v 0.330611 0.121582 0.922322
v 0.328218 0.118934 0.946054
v 0.331643 0.123137 0.944737
v 0.326884 0.115291 0.943757
v 0.309622 0.135180 0.911926
v 0.313718 0.143513 0.926965
v 0.330072 0.110294 0.938885
v 0.327540 0.112453 0.941843
v 0.326254 0.130106 0.932173
v 0.336454 0.124781 0.942128
v 0.338784 0.115562 0.934206
v 0.334167 0.111406 0.934557
v 0.341893 0.114540 0.938890
v 0.337323 0.110390 0.939453
v 0.333136 0.109065 0.943320
v 0.330392 0.111519 0.945873
v 0.329511 0.114510 0.947476
v 0.343267 0.118738 0.940922
v 0.342010 0.121781 0.943136
v 0.337256 0.123712 0.943842
v 0.345287 0.118764 0.945048
v 0.345292 0.113322 0.945333
v 0.341667 0.108662 0.961138
v 0.338920 0.108997 0.956040
v 0.340063 0.108915 0.955526
v 0.343152 0.108162 0.960427
v 0.337434 0.108279 0.949481
v 0.339102 0.108430 0.950581
v 0.341927 0.109478 0.948067
v 0.344995 0.109434 0.953732
v 0.347798 0.114392 0.951840
v 0.349688 0.113538 0.956629
v 0.347542 0.108789 0.958572
v 0.345139 0.112552 0.947390
v 0.345460 0.108387 0.962688
v 0.344434 0.107847 0.964303
v 0.341051 0.109349 0.945697
v 0.333088 0.110235 0.950566
v 0.336614 0.110288 0.957341
v 0.339191 0.110074 0.962712
v 0.342641 0.110882 0.965396
v 0.335614 0.113877 0.958201
v 0.338611 0.113218 0.962709
v 0.341737 0.113801 0.965154
v 0.336142 0.117156 0.958204
v 0.339122 0.116378 0.962061
v 0.331316 0.118016 0.949728
v 0.331262 0.113917 0.950557
v 0.341531 0.115853 0.964080
v 0.348798 0.109770 0.963660
v 0.347590 0.113539 0.965207
v 0.348245 0.109583 0.961980
v 0.348158 0.116040 0.951023
v 0.350788 0.115593 0.957155
v 0.347655 0.118829 0.951285
v 0.350179 0.118254 0.957444
v 0.351249 0.113447 0.960899
v 0.350634 0.112570 0.960300
v 0.330138 0.118492 0.947394
v 0.333107 0.122387 0.945999
v 0.333973 0.121841 0.948256
v 0.338968 0.120809 0.957350
v 0.338038 0.123426 0.946264
v 0.343724 0.121521 0.947049
v 0.345710 0.120972 0.952840
v 0.342938 0.121954 0.955251
v 0.348187 0.120091 0.958190
v 0.345392 0.120617 0.958559
v 0.341433 0.119686 0.961282
v 0.348244 0.117948 0.961775
v 0.350508 0.116031 0.961602
v 0.345595 0.116019 0.964923
v 0.346054 0.119186 0.961642
v 0.343943 0.117701 0.963914
v 0.310824 0.142470 0.929071
v 0.339048 0.140324 0.937853
v 0.340581 0.144202 0.938655
v 0.339754 0.144856 0.937544
v 0.337158 0.141321 0.937002
v 0.340482 0.137446 0.926771
v 0.339279 0.136311 0.931249
v 0.335888 0.137312 0.928958
v 0.337021 0.138606 0.924725
v 0.342916 0.141358 0.924416
v 0.340000 0.142862 0.922951
v 0.333779 0.140990 0.923980
v 0.332269 0.139553 0.928259
v 0.318229 0.150499 0.925378
v 0.319151 0.154564 0.921205
v 0.325328 0.166509 0.934539
v 0.321398 0.163477 0.938806
v 0.329064 0.158566 0.936969
v 0.331076 0.162016 0.933295
v 0.338761 0.137660 0.935046
v 0.335561 0.138471 0.933859
v 0.343010 0.152824 0.932727
v 0.340839 0.150183 0.936357
v 0.341855 0.148477 0.936955
v 0.344574 0.151227 0.934270
v 0.318388 0.158591 0.938843
v 0.315869 0.154993 0.936062
v 0.320240 0.151964 0.936679
v 0.326371 0.154138 0.937727
v 0.319006 0.148933 0.932260
v 0.343235 0.152854 0.928323
v 0.341320 0.150051 0.923337
v 0.328975 0.164213 0.923348
v 0.330271 0.164504 0.928265
v 0.333374 0.139492 0.932714
v 0.337874 0.146574 0.937360
v 0.335914 0.142323 0.936499
v 0.337207 0.145156 0.921643
v 0.343704 0.147917 0.924940
v 0.353240 0.146829 0.934373
v 0.347038 0.150483 0.930744
v 0.345566 0.150722 0.935478
v 0.352108 0.147541 0.937311
v 0.345484 0.150898 0.929775
v 0.346510 0.146632 0.926495
v 0.344780 0.138410 0.941651
v 0.346903 0.143337 0.941704
v 0.344459 0.135780 0.939555
v 0.323305 0.159712 0.919860
v 0.347233 0.134478 0.932584
v 0.345586 0.134015 0.936756
v 0.342982 0.147690 0.938021
v 0.349687 0.146491 0.940112
v 0.353011 0.143554 0.931058
v 0.350014 0.138339 0.929279
v 0.355974 0.141354 0.933938
v 0.352581 0.136280 0.932343
v 0.349196 0.132912 0.936041
v 0.346829 0.133606 0.939018
v 0.345737 0.135447 0.941435
v 0.356010 0.144863 0.936958
v 0.354461 0.145884 0.939405
v 0.351251 0.145467 0.941504
v 0.358489 0.142912 0.939776
v 0.359178 0.138365 0.938371
v 0.357003 0.129953 0.948769
v 0.354418 0.130807 0.945587
v 0.355422 0.130931 0.944871
v 0.357750 0.129475 0.948066
v 0.352586 0.131745 0.940514
v 0.354246 0.131902 0.940921
v 0.355970 0.134047 0.938573
v 0.358905 0.132435 0.942790
v 0.361959 0.136850 0.943173
v 0.363971 0.135004 0.946466
v 0.361303 0.131120 0.945608
v 0.359361 0.136585 0.939299
v 0.360135 0.128795 0.949405
v 0.360098 0.128514 0.950777
v 0.355209 0.134296 0.936798
v 0.348952 0.132658 0.942358
v 0.353041 0.131077 0.947706
v 0.356686 0.129923 0.951139
v 0.360215 0.129900 0.952655
v 0.351628 0.133079 0.948665
v 0.355875 0.131549 0.952664
v 0.359341 0.131690 0.953998
v 0.351285 0.136296 0.949707
v 0.355636 0.134194 0.952983
v 0.347209 0.138674 0.944951
v 0.347445 0.135150 0.944069
v 0.358594 0.133340 0.953786
v 0.363615 0.130112 0.950073
v 0.362978 0.131759 0.952514
v 0.363467 0.130149 0.948500
v 0.362184 0.138267 0.943384
v 0.364584 0.136186 0.947480
v 0.361708 0.140502 0.944530
v 0.363984 0.137598 0.949074
v 0.365201 0.133397 0.949684
v 0.364525 0.132711 0.948052
v 0.346224 0.138823 0.943452
v 0.348052 0.142609 0.942958
v 0.349458 0.142452 0.944550
v 0.353137 0.139930 0.949517
v 0.352898 0.144902 0.943084
v 0.356354 0.144724 0.941289
v 0.359907 0.141805 0.946228
v 0.357047 0.141979 0.948192
v 0.362578 0.138283 0.950679
v 0.359796 0.138668 0.951975
v 0.357003 0.137207 0.952982
v 0.362881 0.135029 0.952704
v 0.364361 0.134279 0.951726
v 0.361753 0.133206 0.953521
v 0.361145 0.135806 0.953316
v 0.359937 0.134775 0.953735
v 0.326792 0.166608 0.930440
v 0.233872 0.123048 0.961343
v 0.238870 0.124170 0.958773
v 0.250559 0.120032 0.969819
v 0.249221 0.121535 0.962912
v 0.247353 0.118125 0.975671
v 0.236477 0.118058 0.977888
v 0.242187 0.118563 0.978479
v 0.244846 0.123141 0.959021
v 0.230651 0.121844 0.966346
v 0.231200 0.119954 0.973511
v 0.229976 0.113472 0.961996
v 0.230714 0.110836 0.970090
v 0.235572 0.108733 0.975016
v 0.242790 0.111448 0.976217
v 0.247561 0.112812 0.974671
v 0.235441 0.117584 0.958209
v 0.240506 0.119337 0.956645
v 0.246884 0.119439 0.958644
v 0.239674 0.111859 0.954132
v 0.241116 0.102084 0.955017
v 0.252650 0.088978 0.964118
v 0.249658 0.094452 0.967113
v 0.248011 0.093782 0.964939
v 0.250563 0.088543 0.962645
v 0.244949 0.097777 0.967758
v 0.245080 0.097110 0.965482
v 0.242273 0.099092 0.961454
v 0.245079 0.094312 0.959332
v 0.242805 0.100177 0.956436
v 0.245480 0.097563 0.954113
v 0.247653 0.089701 0.957061
v 0.250825 0.085588 0.959828
v 0.250081 0.085908 0.955231
v 0.253949 0.085496 0.960172
v 0.238926 0.098628 0.961922
v 0.246128 0.102630 0.972525
v 0.251771 0.096682 0.969039
v 0.255662 0.091050 0.964850
v 0.256674 0.087272 0.959959
v 0.254965 0.099681 0.968495
v 0.257778 0.094718 0.963816
v 0.258446 0.091740 0.958876
v 0.256945 0.102906 0.965325
v 0.258437 0.097661 0.961141
v 0.251931 0.112903 0.969279
v 0.249667 0.108235 0.973246
v 0.258388 0.094525 0.958347
v 0.252557 0.085061 0.954130
v 0.255480 0.087236 0.953855
v 0.245635 0.100159 0.951845
v 0.247484 0.093060 0.951749
v 0.249001 0.095043 0.950086
v 0.246986 0.103804 0.950799
v 0.250920 0.096982 0.949280
v 0.251033 0.089624 0.950216
v 0.248926 0.089114 0.952033
v 0.250911 0.115859 0.970187
v 0.250264 0.118532 0.964077
v 0.251071 0.116053 0.963380
v 0.256131 0.106457 0.959642
v 0.248790 0.116504 0.957638
v 0.243944 0.114683 0.954384
v 0.249905 0.106120 0.951170
v 0.253326 0.107483 0.954235
v 0.253627 0.098986 0.950566
v 0.255420 0.100030 0.952823
v 0.257893 0.099338 0.957025
v 0.255540 0.094096 0.951389
v 0.253431 0.091706 0.949836
v 0.257369 0.091437 0.954384
v 0.256267 0.096202 0.952977
v 0.257708 0.094865 0.955420
v 0.319179 0.167016 0.940843
v 0.314795 0.161782 0.941466
v 0.313887 0.166722 0.944873
v 0.311283 0.172792 0.951079
v 0.311873 0.182942 0.954180
v 0.305328 0.169096 0.951074
v 0.308504 0.162855 0.944654
v 0.309931 0.155911 0.938984
v 0.296382 0.171822 0.955263
f 780 781 779
f 779 781 782
f 783 784 786
f 786 784 785
f 787 782 788
f 788 782 781
f 790 791 789
f 789 791 787
f 792 790 794
f 794 790 793
f 796 797 795
f 795 797 798
f 800 801 799
f 799 801 802
f 804 805 803
f 803 805 806
f 808 809 807
f 807 809 810
f 811 812 814
f 814 812 813
f 815 816 818
f 818 816 817
f 819 820 784
f 784 820 821
f 784 821 785
f 785 821 822
f 823 812 824
f 824 812 811
f 826 827 825
f 825 827 828
f 830 831 829
f 829 831 832
f 834 830 833
f 833 830 829
f 836 837 835
f 835 837 838
f 839 840 782
f 782 840 779
f 842 843 841
f 841 843 844
f 846 847 845
f 845 847 848
f 850 851 849
f 849 851 852
f 854 855 853
f 853 855 856
f 831 857 832
f 832 857 858
f 860 861 859
f 859 861 862
f 863 864 830
f 830 864 831
f 835 838 865
f 865 838 866
f 867 868 821
f 821 868 822
f 821 820 867
f 867 820 869
f 818 817 870
f 870 817 871
f 872 848 842
f 842 848 847
f 791 839 787
f 787 839 782
f 803 806 847
f 847 806 873
f 874 803 846
f 846 803 847
f 876 877 875
f 875 877 878
f 879 880 882
f 882 880 881
f 884 808 883
f 883 808 807
f 829 832 885
f 885 832 886
f 832 858 886
f 886 858 887
f 889 890 888
f 888 890 891
f 893 783 892
f 892 783 894
f 893 819 783
f 783 819 784
f 814 813 889
f 889 813 895
f 813 896 895
f 895 896 897
f 812 898 813
f 813 898 896
f 812 823 898
f 898 823 899
f 903 904 902
f 902 904 905
f 906 907 792
f 792 907 908
f 811 909 824
f 824 909 910
f 911 872 841
f 841 872 842
f 912 913 915
f 915 913 914
f 917 918 916
f 916 918 919
f 855 920 856
f 856 920 921
f 922 923 798
f 798 923 924
f 926 927 925
f 925 927 850
f 929 930 928
f 928 930 931
f 860 879 861
f 861 879 882
f 879 860 933
f 933 860 932
f 934 935 836
f 836 935 837
f 936 846 925
f 925 846 845
f 937 924 793
f 793 924 794
f 846 936 874
f 874 936 938
f 907 844 908
f 908 844 843
f 940 941 939
f 939 941 942
f 944 945 943
f 943 945 946
f 948 949 947
f 947 949 950
f 952 949 951
f 951 949 948
f 954 955 953
f 953 955 956
f 958 959 957
f 957 959 802
f 960 961 799
f 799 961 962
f 859 963 860
f 860 963 932
f 964 965 966
f 966 965 922
f 936 849 938
f 938 849 967
f 968 913 935
f 935 913 837
f 947 950 917
f 917 950 918
f 925 850 936
f 936 850 849
f 970 971 969
f 969 971 972
f 945 944 827
f 827 944 973
f 974 968 828
f 828 968 935
f 975 976 978
f 978 976 977
f 799 802 960
f 960 802 959
f 924 937 798
f 798 937 795
f 960 959 859
f 859 959 963
f 979 963 958
f 958 963 959
f 980 981 861
f 861 981 862
f 983 984 982
f 982 984 863
f 985 800 962
f 962 800 799
f 957 802 986
f 986 802 801
f 986 987 957
f 957 987 983
f 987 988 983
f 983 988 984
f 990 984 989
f 989 984 988
f 957 983 958
f 958 983 982
f 991 954 866
f 866 954 992
f 864 863 990
f 990 863 984
f 971 995 996
f 995 997 996
f 996 997 998
f 997 796 998
f 998 796 795
f 797 999 798
f 798 999 922
f 1000 1001 1003
f 1003 1001 1002
f 953 1004 954
f 954 1004 992
f 1005 865 992
f 992 865 866
f 998 795 1006
f 1006 795 937
f 912 991 838
f 838 991 866
f 916 1007 929
f 929 1007 930
f 971 970 988
f 988 970 989
f 1008 972 996
f 996 972 971
f 1009 1010 1006
f 1006 1010 1008
f 1011 1012 869
f 869 1012 867
f 1013 1014 871
f 871 1014 870
f 1008 1010 1012
f 1012 1010 1015
f 825 1016 826
f 826 1016 1017
f 1018 969 1013
f 1013 969 1014
f 783 786 894
f 894 786 1019
f 1020 1021 967
f 967 1021 938
f 1022 1023 876
f 876 1023 877
f 934 1024 825
f 825 1024 1016
f 854 1025 855
f 855 1025 1026
f 1028 903 1027
f 1027 903 902
f 1030 1031 1029
f 1029 1031 1032
f 889 888 814
f 814 888 1033
f 1034 811 1033
f 1033 811 814
f 1035 1036 932
f 932 1036 933
f 841 947 911
f 911 947 917
f 844 948 841
f 841 948 947
f 951 948 907
f 907 948 844
f 907 906 951
f 951 906 1037
f 906 1038 1037
f 1037 1038 1039
f 991 912 1040
f 1040 912 915
f 1041 1042 964
f 964 1042 965
f 890 1043 891
f 891 1043 1044
f 789 1045 1046
f 1012 1011 1008
f 1008 1011 972
f 931 1047 848
f 848 1047 845
f 953 956 943
f 943 956 919
f 928 931 872
f 872 931 848
f 1049 999 1048
f 1048 999 985
f 1047 931 1050
f 1050 931 930
f 899 823 887
f 887 823 886
f 825 828 934
f 934 828 935
f 835 1051 836
f 836 1051 1052
f 923 1053 1038
f 1038 1053 1039
f 1054 927 921
f 921 927 856
f 926 1047 853
f 853 1047 1050
f 985 1055 1048
f 1048 1055 1056
f 973 974 827
f 827 974 828
f 837 913 838
f 838 913 912
f 861 882 980
f 980 882 1057
f 927 926 856
f 856 926 853
f 1025 1056 1026
f 1026 1056 1055
f 961 960 862
f 862 960 859
f 826 1017 1059
f 1059 1017 1060
f 1005 1001 1061
f 1061 1001 1000
f 1001 1004 1002
f 1002 1004 946
f 1059 1060 1002
f 1002 1060 1003
f 943 946 953
f 953 946 1004
f 1042 1041 916
f 916 1041 1007
f 792 794 906
f 906 794 1038
f 998 1006 996
f 996 1006 1008
f 865 1005 1062
f 1062 1005 1061
f 1038 794 923
f 923 794 924
f 1022 876 1036
f 1036 876 933
f 836 1052 934
f 934 1052 1024
f 885 1063 829
f 829 1063 833
f 1021 1064 938
f 938 1064 874
f 1012 1015 867
f 867 1015 868
f 824 910 885
f 885 910 1063
f 1031 1030 1027
f 1027 1030 1028
f 1064 804 874
f 874 804 803
f 884 883 1065
f 1065 883 1066
f 1050 930 1067
f 1067 930 1007
f 916 929 917
f 917 929 911
f 961 1068 939
f 939 1068 940
f 1069 1070 1055
f 1055 1070 1071
f 929 928 911
f 911 928 872
f 1040 1053 955
f 955 1053 965
f 922 965 923
f 923 965 1053
f 1051 835 1062
f 1062 835 865
f 952 914 968
f 968 914 913
f 889 895 890
f 890 895 816
f 895 897 816
f 816 897 901
f 890 816 1043
f 1043 816 815
f 1065 1066 1032
f 1032 1066 1029
f 1006 937 1009
f 1009 937 793
f 1001 1005 1004
f 1004 1005 992
f 925 845 926
f 926 845 1047
f 1002 946 1059
f 1059 946 945
f 977 941 978
f 978 941 940
f 823 824 886
f 886 824 885
f 1059 945 826
f 826 945 827
f 939 942 1069
f 1069 942 1070
f 816 901 817
f 1071 1072 1055
f 1055 1072 1026
f 1062 1061 1074
f 1074 1061 1073
f 1062 1074 1051
f 1051 1074 1075
f 1052 1051 1076
f 1076 1051 1075
f 1024 1052 1077
f 1077 1052 1076
f 1061 1000 1073
f 1073 1000 1078
f 1000 1003 1078
f 1078 1003 1079
f 1079 1003 1080
f 1080 1003 1060
f 1081 1082 1078
f 1078 1082 1073
f 1084 1085 1083
f 1083 1085 1086
f 1087 1088 1086
f 1086 1088 1083
f 1086 1085 1090
f 1090 1085 1089
f 1091 1092 1090
f 1090 1092 1093
f 1089 1094 1090
f 1090 1094 1091
f 1095 1082 1089
f 1089 1082 1094
f 1093 1087 1090
f 1090 1087 1086
f 1096 1097 1099
f 1099 1097 1098
f 1097 1096 1087
f 1087 1096 1088
f 1089 1085 1095
f 1095 1085 1084
f 1084 1075 1095
f 1095 1075 1074
f 1084 1100 1075
f 1075 1100 1076
f 1083 1101 1084
f 1084 1101 1100
f 1101 1083 1102
f 1102 1083 1088
f 1082 1095 1073
f 1073 1095 1074
f 1096 1103 1088
f 1088 1103 1102
f 1101 1102 1104
f 1104 1102 1105
f 1102 1103 1105
f 1105 1103 1106
f 1104 1105 1107
f 1107 1105 1108
f 1107 1109 1104
f 1104 1109 1110
f 1111 1108 1106
f 1106 1108 1105
f 1101 1104 1100
f 1100 1104 1110
f 1100 1110 1076
f 1076 1110 1077
f 1103 1096 1112
f 1112 1096 1099
f 1091 1094 1113
f 1113 1094 1082
f 1113 1114 1091
f 1091 1114 1092
f 1082 1081 1113
f 1113 1081 1115
f 1114 1113 1116
f 1116 1113 1115
f 1114 1117 1092
f 1092 1117 1118
f 1024 1077 1016
f 1016 1077 1119
f 1017 1120 1060
f 1060 1120 1080
f 1120 1017 1119
f 1119 1017 1016
f 1119 1109 1120
f 1120 1109 1121
f 1109 1107 1121
f 1121 1107 1122
f 1120 1121 1080
f 1080 1121 1123
f 1119 1077 1109
f 1109 1077 1110
f 1124 1079 1123
f 1123 1079 1080
f 1124 1081 1079
f 1079 1081 1078
f 1125 1115 1124
f 1124 1115 1081
f 1125 1124 1126
f 1126 1124 1123
f 1127 1125 1128
f 1128 1125 1126
f 1121 1122 1123
f 1123 1122 1126
f 1122 1129 1126
f 1126 1129 1128
f 1115 1125 1116
f 1116 1125 1127
f 1131 1116 1130
f 1130 1116 1127
f 1130 1133 1132
f 1132 1133 1134
f 1130 1127 1133
f 1133 1127 1128
f 1130 1132 1131
f 1131 1132 1112
f 1131 1112 1117
f 1117 1112 1099
f 1117 1114 1131
f 1131 1114 1116
f 1107 1108 1122
f 1122 1108 1129
f 1134 1129 1111
f 1111 1129 1108
f 1134 1133 1129
f 1129 1133 1128
f 1132 1134 1106
f 1106 1134 1111
f 1106 1103 1132
f 1132 1103 1112
f 1087 1093 1097
f 1097 1093 1098
f 1098 1118 1099
f 1099 1118 1117
f 1098 1093 1118
f 1118 1093 1092
f 915 914 1039
f 1039 914 1037
f 918 944 919
f 919 944 943
f 950 949 973
f 973 949 974
f 949 952 974
f 974 952 968
f 956 955 1042
f 1042 955 965
f 950 973 918
f 918 973 944
f 915 1039 1040
f 1040 1039 1053
f 956 1042 919
f 919 1042 916
f 1040 955 991
f 991 955 954
f 914 952 1037
f 1037 952 951
f 1136 1137 1135
f 1135 1137 1138
f 1140 1141 1139
f 1139 1141 1142
f 1139 1142 1143
f 1143 1142 1144
f 1145 1146 1148
f 1148 1146 1147
f 854 1149 1025
f 1025 1149 1150
f 1151 1152 1140
f 1140 1152 1141
f 1154 1155 1153
f 1153 1155 1156
f 1067 1007 1158
f 1158 1007 1157
f 1159 1157 1041
f 1041 1157 1007
f 1161 1162 1160
f 1160 1162 1163
f 1164 1146 1152
f 1152 1146 1141
f 854 1067 1149
f 1149 1067 1158
f 1155 1154 1137
f 1137 1154 1165
f 1166 1164 1138
f 1138 1164 1152
f 1167 1161 1144
f 1144 1161 1168
f 1170 1171 1169
f 1169 1171 1172
f 1161 1160 1168
f 1168 1160 1173
f 1174 1143 1168
f 1168 1143 1144
f 1167 1144 1145
f 1145 1144 1142
f 1135 1175 1136
f 1136 1175 1176
f 1151 1177 1135
f 1135 1177 1175
f 1167 1145 1178
f 1178 1145 1148
f 1160 1163 1153
f 1153 1163 1150
f 1135 1138 1151
f 1151 1138 1152
f 1139 1179 1140
f 1140 1179 1180
f 1165 1166 1137
f 1137 1166 1138
f 1141 1146 1142
f 1142 1146 1145
f 1136 1176 1181
f 1181 1176 1182
f 1174 1170 1183
f 1183 1170 1169
f 1170 1173 1171
f 1171 1173 1156
f 1171 1181 1172
f 1172 1181 1182
f 1153 1156 1160
f 1160 1156 1173
f 1143 1174 1184
f 1184 1174 1183
f 1140 1180 1151
f 1151 1180 1177
f 1049 1048 1178
f 1178 1048 1162
f 1179 1139 1184
f 1184 1139 1143
f 1159 1147 1164
f 1164 1147 1146
f 1170 1174 1173
f 1173 1174 1168
f 1171 1156 1181
f 1181 1156 1155
f 1181 1155 1136
f 1136 1155 1137
f 1184 1183 1186
f 1186 1183 1185
f 1184 1186 1179
f 1179 1186 1187
f 1179 1187 1180
f 1180 1187 1188
f 1180 1188 1177
f 1177 1188 1189
f 1183 1169 1185
f 1185 1169 1190
f 1169 1172 1190
f 1190 1172 1191
f 1172 1182 1191
f 1191 1182 1192
f 1193 1194 1190
f 1190 1194 1185
f 1196 1197 1195
f 1195 1197 1198
f 1199 1200 1196
f 1196 1200 1197
f 1197 1200 1202
f 1202 1200 1201
f 1203 1204 1202
f 1202 1204 1205
f 1201 1206 1202
f 1202 1206 1203
f 1205 1198 1202
f 1202 1198 1197
f 1198 1207 1195
f 1195 1207 1208
f 1201 1200 1209
f 1209 1200 1199
f 1199 1187 1209
f 1209 1187 1186
f 1199 1210 1187
f 1187 1210 1188
f 1196 1211 1199
f 1199 1211 1210
f 1212 1211 1195
f 1195 1211 1196
f 1209 1194 1201
f 1201 1194 1206
f 1194 1209 1185
f 1185 1209 1186
f 1213 1212 1208
f 1208 1212 1195
f 1211 1212 1214
f 1214 1212 1215
f 1212 1213 1215
f 1215 1213 1216
f 1214 1215 1217
f 1217 1215 1218
f 1217 1219 1214
f 1214 1219 1220
f 1216 1221 1215
f 1215 1221 1218
f 1214 1220 1211
f 1211 1220 1210
f 1210 1220 1188
f 1188 1220 1189
f 1213 1208 1223
f 1223 1208 1222
f 1208 1207 1222
f 1222 1207 1224
f 1203 1206 1225
f 1225 1206 1194
f 1204 1203 1226
f 1226 1203 1225
f 1194 1193 1225
f 1225 1193 1227
f 1225 1227 1226
f 1226 1227 1228
f 1229 1230 1226
f 1226 1230 1204
f 1224 1230 1222
f 1222 1230 1229
f 1177 1189 1175
f 1175 1189 1231
f 1176 1232 1182
f 1182 1232 1192
f 1232 1176 1231
f 1231 1176 1175
f 1231 1219 1232
f 1232 1219 1233
f 1219 1217 1233
f 1233 1217 1234
f 1232 1233 1192
f 1192 1233 1235
f 1219 1231 1220
f 1220 1231 1189
f 1236 1191 1235
f 1235 1191 1192
f 1236 1193 1191
f 1191 1193 1190
f 1236 1237 1193
f 1193 1237 1227
f 1237 1236 1238
f 1238 1236 1235
f 1239 1237 1240
f 1240 1237 1238
f 1233 1234 1235
f 1235 1234 1238
f 1234 1241 1238
f 1238 1241 1240
f 1237 1239 1227
f 1227 1239 1228
f 1243 1228 1242
f 1242 1228 1239
f 1242 1245 1244
f 1244 1245 1246
f 1242 1239 1245
f 1245 1239 1240
f 1242 1244 1243
f 1243 1244 1223
f 1243 1223 1229
f 1229 1223 1222
f 1229 1226 1243
f 1243 1226 1228
f 1217 1218 1234
f 1234 1218 1241
f 1246 1241 1221
f 1221 1241 1218
f 1246 1245 1241
f 1241 1245 1240
f 1244 1246 1216
f 1216 1246 1221
f 1216 1213 1244
f 1244 1213 1223
f 1198 1205 1207
f 1207 1205 1224
f 1224 1205 1230
f 1230 1205 1204
f 1148 1147 966
f 966 1147 964
f 1149 1154 1150
f 1150 1154 1153
f 1158 1157 1165
f 1165 1157 1166
f 1157 1159 1166
f 1166 1159 1164
f 1163 1162 1056
f 1056 1162 1048
f 1158 1165 1149
f 1149 1165 1154
f 1178 1148 1049
f 1049 1148 966
f 1163 1056 1150
f 1150 1056 1025
f 1178 1162 1167
f 1167 1162 1161
f 1147 1159 964
f 964 1159 1041
f 999 1049 922
f 922 1049 966
f 999 797 985
f 985 797 800
f 797 796 800
f 800 796 801
f 796 997 801
f 801 997 986
f 1247 1248 1250
f 1250 1248 1249
f 1252 1253 1251
f 1251 1253 1254
f 1251 1254 1255
f 1255 1254 1256
f 1258 1259 1257
f 1257 1259 1260
f 1261 1262 1252
f 1252 1262 1253
f 1264 1265 1263
f 1263 1265 1266
f 1267 1268 855
f 855 1268 920
f 1269 1267 1026
f 1026 1267 855
f 1271 1272 1270
f 1270 1272 1273
f 1274 1258 1262
f 1262 1258 1253
f 1264 1275 1265
f 1265 1275 1249
f 1276 1274 1250
f 1250 1274 1262
f 1277 1271 1256
f 1256 1271 1278
f 1279 1280 1282
f 1282 1280 1281
f 1271 1270 1278
f 1278 1270 1283
f 1284 1255 1278
f 1278 1255 1256
f 1277 1256 1257
f 1257 1256 1254
f 1247 1285 1248
f 1248 1285 1286
f 1261 1287 1247
f 1247 1287 1285
f 1257 1260 1277
f 1277 1260 1288
f 1270 1273 1263
f 1263 1273 1289
f 1261 1247 1262
f 1262 1247 1250
f 1251 1290 1252
f 1252 1290 1291
f 1275 1276 1249
f 1249 1276 1250
f 1253 1258 1254
f 1254 1258 1257
f 1248 1286 1292
f 1292 1286 1293
f 1284 1280 1294
f 1294 1280 1279
f 1281 1280 1266
f 1266 1280 1283
f 1292 1293 1281
f 1281 1293 1282
f 1263 1266 1270
f 1270 1266 1283
f 1255 1284 1295
f 1295 1284 1294
f 1252 1291 1261
f 1261 1291 1287
f 1288 1070 1272
f 1272 1070 942
f 1290 1251 1295
f 1295 1251 1255
f 1269 1259 1274
f 1274 1259 1258
f 1280 1284 1283
f 1283 1284 1278
f 1281 1266 1292
f 1292 1266 1265
f 1292 1265 1248
f 1248 1265 1249
f 1295 1294 1297
f 1297 1294 1296
f 1295 1297 1290
f 1290 1297 1298
f 1290 1298 1291
f 1291 1298 1299
f 1291 1299 1287
f 1287 1299 1300
f 1294 1279 1296
f 1296 1279 1301
f 1279 1282 1301
f 1301 1282 1302
f 1302 1282 1303
f 1303 1282 1293
f 1304 1305 1301
f 1301 1305 1296
f 1307 1308 1306
f 1306 1308 1309
f 1310 1311 1307
f 1307 1311 1308
f 1308 1311 1313
f 1313 1311 1312
f 1314 1315 1313
f 1313 1315 1316
f 1312 1317 1313
f 1313 1317 1314
f 1316 1309 1313
f 1313 1309 1308
f 1318 1319 1309
f 1309 1319 1306
f 1311 1310 1312
f 1312 1310 1320
f 1310 1298 1320
f 1320 1298 1297
f 1310 1321 1298
f 1298 1321 1299
f 1307 1322 1310
f 1310 1322 1321
f 1322 1307 1323
f 1323 1307 1306
f 1312 1320 1317
f 1317 1320 1305
f 1305 1320 1296
f 1296 1320 1297
f 1319 1324 1306
f 1306 1324 1323
f 1325 1322 1326
f 1326 1322 1323
f 1324 1327 1323
f 1323 1327 1326
f 1328 1325 1329
f 1329 1325 1326
f 1325 1328 1331
f 1331 1328 1330
f 1327 1332 1326
f 1326 1332 1329
f 1322 1325 1321
f 1321 1325 1331
f 1321 1331 1299
f 1299 1331 1300
f 1324 1319 1334
f 1334 1319 1333
f 1319 1318 1333
f 1333 1318 1335
f 1314 1317 1336
f 1336 1317 1305
f 1315 1314 1337
f 1337 1314 1336
f 1305 1304 1336
f 1336 1304 1338
f 1337 1336 1339
f 1339 1336 1338
f 1337 1340 1315
f 1315 1340 1341
f 1335 1341 1333
f 1333 1341 1340
f 1287 1300 1285
f 1285 1300 1342
f 1286 1343 1293
f 1293 1343 1303
f 1343 1286 1342
f 1342 1286 1285
f 1342 1330 1343
f 1343 1330 1344
f 1330 1328 1344
f 1344 1328 1345
f 1343 1344 1303
f 1303 1344 1346
f 1342 1300 1330
f 1330 1300 1331
f 1347 1302 1346
f 1346 1302 1303
f 1347 1304 1302
f 1302 1304 1301
f 1348 1338 1347
f 1347 1338 1304
f 1348 1347 1349
f 1349 1347 1346
f 1350 1348 1351
f 1351 1348 1349
f 1344 1345 1346
f 1346 1345 1349
f 1345 1352 1349
f 1349 1352 1351
f 1348 1350 1338
f 1338 1350 1339
f 1354 1339 1353
f 1353 1339 1350
f 1353 1356 1355
f 1355 1356 1357
f 1353 1350 1356
f 1356 1350 1351
f 1353 1355 1354
f 1354 1355 1334
f 1354 1334 1340
f 1340 1334 1333
f 1340 1337 1354
f 1354 1337 1339
f 1328 1329 1345
f 1345 1329 1352
f 1357 1352 1332
f 1332 1352 1329
f 1357 1356 1352
f 1352 1356 1351
f 1357 1332 1355
f 1355 1332 1327
f 1327 1324 1355
f 1355 1324 1334
f 1309 1316 1318
f 1318 1316 1335
f 1335 1316 1341
f 1341 1316 1315
f 1259 1072 1260
f 1260 1072 1071
f 1358 1264 1289
f 1289 1264 1263
f 1268 1267 1275
f 1275 1267 1276
f 1267 1269 1276
f 1276 1269 1274
f 941 1273 942
f 942 1273 1272
f 1358 1268 1264
f 1264 1268 1275
f 1260 1071 1288
f 1288 1071 1070
f 1273 941 1289
f 1289 941 977
f 1272 1271 1288
f 1288 1271 1277
f 1259 1269 1072
f 1072 1269 1026
f 1360 1361 1359
f 1359 1361 1362
f 1364 1365 1363
f 1363 1365 1366
f 1363 1366 1367
f 1367 1366 1368
f 1370 1371 1369
f 1369 1371 1372
f 1373 1374 1376
f 1376 1374 1375
f 1377 1378 1364
f 1364 1378 1365
f 1379 1380 1382
f 1382 1380 1381
f 1383 1384 1386
f 1386 1384 1385
f 1387 1385 978
f 978 1385 1384
f 1388 1389 1391
f 1391 1389 1390
f 1378 1392 1365
f 1365 1392 1370
f 1374 1383 1375
f 1375 1383 1386
f 1380 1393 1381
f 1381 1393 1361
f 1394 1392 1362
f 1362 1392 1378
f 1389 1396 1395
f 1395 1396 1368
f 1398 1399 1397
f 1397 1399 1400
f 1388 1401 1389
f 1389 1401 1396
f 1402 1367 1396
f 1396 1367 1368
f 1395 1368 1369
f 1369 1368 1366
f 1359 1403 1360
f 1360 1403 1404
f 1377 1405 1359
f 1359 1405 1403
f 1369 1372 1395
f 1395 1372 1406
f 1379 1388 1376
f 1376 1388 1391
f 1359 1362 1377
f 1377 1362 1378
f 1363 1407 1364
f 1364 1407 1408
f 1393 1394 1361
f 1361 1394 1362
f 1365 1370 1366
f 1366 1370 1369
f 1360 1404 1409
f 1409 1404 1410
f 1402 1398 1411
f 1411 1398 1397
f 1399 1398 1382
f 1382 1398 1401
f 1409 1410 1399
f 1399 1410 1400
f 1388 1379 1401
f 1401 1379 1382
f 1367 1402 1412
f 1412 1402 1411
f 1364 1408 1377
f 1377 1408 1405
f 981 980 1406
f 1406 980 1390
f 1407 1363 1412
f 1412 1363 1367
f 1387 1371 1392
f 1392 1371 1370
f 1398 1402 1401
f 1401 1402 1396
f 1409 1399 1381
f 1381 1399 1382
f 1360 1409 1361
f 1361 1409 1381
f 1412 1411 1414
f 1414 1411 1413
f 1412 1414 1407
f 1407 1414 1415
f 1407 1415 1408
f 1408 1415 1416
f 1408 1416 1405
f 1405 1416 1417
f 1411 1397 1413
f 1413 1397 1418
f 1397 1400 1418
f 1418 1400 1419
f 1419 1400 1420
f 1420 1400 1410
f 1422 1413 1421
f 1421 1413 1418
f 1423 1424 1426
f 1426 1424 1425
f 1427 1428 1424
f 1424 1428 1425
f 1425 1428 1430
f 1430 1428 1429
f 1430 1431 1433
f 1433 1431 1432
f 1429 1434 1430
f 1430 1434 1431
f 1433 1426 1430
f 1430 1426 1425
f 1426 1435 1423
f 1423 1435 1436
f 1428 1427 1429
f 1429 1427 1437
f 1427 1415 1437
f 1437 1415 1414
f 1427 1438 1415
f 1415 1438 1416
f 1439 1438 1424
f 1424 1438 1427
f 1440 1439 1423
f 1423 1439 1424
f 1429 1437 1434
f 1434 1437 1422
f 1422 1437 1413
f 1413 1437 1414
f 1441 1440 1436
f 1436 1440 1423
f 1442 1439 1443
f 1443 1439 1440
f 1441 1444 1440
f 1440 1444 1443
f 1445 1442 1446
f 1446 1442 1443
f 1442 1445 1448
f 1448 1445 1447
f 1444 1449 1443
f 1443 1449 1446
f 1439 1442 1438
f 1438 1442 1448
f 1438 1448 1416
f 1416 1448 1417
f 1436 1450 1441
f 1441 1450 1451
f 1436 1435 1450
f 1450 1435 1452
f 1431 1434 1453
f 1453 1434 1422
f 1431 1453 1432
f 1432 1453 1454
f 1453 1422 1455
f 1455 1422 1421
f 1454 1453 1456
f 1456 1453 1455
f 1457 1458 1454
f 1454 1458 1432
f 1452 1458 1450
f 1450 1458 1457
f 1405 1417 1403
f 1403 1417 1459
f 1404 1460 1410
f 1410 1460 1420
f 1459 1460 1403
f 1403 1460 1404
f 1447 1461 1459
f 1459 1461 1460
f 1445 1462 1447
f 1447 1462 1461
f 1460 1461 1420
f 1420 1461 1463
f 1459 1417 1447
f 1447 1417 1448
f 1464 1419 1463
f 1463 1419 1420
f 1419 1464 1418
f 1418 1464 1421
f 1464 1465 1421
f 1421 1465 1455
f 1465 1464 1466
f 1466 1464 1463
f 1467 1465 1468
f 1468 1465 1466
f 1461 1462 1463
f 1463 1462 1466
f 1462 1469 1466
f 1466 1469 1468
f 1465 1467 1455
f 1455 1467 1456
f 1471 1456 1470
f 1470 1456 1467
f 1470 1473 1472
f 1472 1473 1474
f 1470 1467 1473
f 1473 1467 1468
f 1470 1472 1471
f 1471 1472 1451
f 1471 1451 1457
f 1457 1451 1450
f 1457 1454 1471
f 1471 1454 1456
f 1462 1445 1469
f 1469 1445 1446
f 1474 1469 1449
f 1449 1469 1446
f 1474 1473 1469
f 1469 1473 1468
f 1472 1474 1444
f 1444 1474 1449
f 1444 1441 1472
f 1472 1441 1451
f 1426 1433 1435
f 1435 1433 1452
f 1452 1433 1458
f 1458 1433 1432
f 1371 940 1372
f 1372 940 1068
f 1376 1375 1379
f 1379 1375 1380
f 1393 1386 1394
f 1394 1386 1385
f 1385 1387 1394
f 1394 1387 1392
f 1475 1373 1391
f 1391 1373 1376
f 1375 1386 1380
f 1380 1386 1393
f 1372 1068 1406
f 1406 1068 981
f 1406 1390 1395
f 1395 1390 1389
f 1371 1387 940
f 940 1387 978
f 883 807 1476
f 1476 807 1477
f 1046 904 1479
f 1479 904 1478
f 904 903 1478
f 1478 903 1480
f 1030 1481 1028
f 1028 1481 1482
f 810 1046 1483
f 1483 1046 1479
f 1066 883 1484
f 1484 883 1476
f 807 810 1477
f 1477 810 1483
f 1485 1029 1484
f 1484 1029 1066
f 1028 1482 903
f 903 1482 1480
f 1481 1030 1485
f 1485 1030 1029
f 1484 1486 1485
f 1485 1486 1487
f 1485 1487 1481
f 1481 1487 1488
f 1481 1488 1482
f 1482 1488 1489
f 1482 1489 1480
f 1480 1489 1490
f 1484 1476 1486
f 1486 1476 1491
f 1476 1477 1491
f 1491 1477 1492
f 1477 1483 1492
f 1492 1483 1493
f 1495 1486 1494
f 1494 1486 1491
f 1497 1498 1496
f 1496 1498 1499
f 1500 1501 1497
f 1497 1501 1498
f 1502 1503 1501
f 1501 1503 1498
f 1502 1504 1503
f 1503 1504 1505
f 1506 1499 1503
f 1503 1499 1498
f 1499 1506 1507
f 1507 1506 1508
f 1507 1509 1499
f 1499 1509 1496
f 1502 1501 1510
f 1510 1501 1500
f 1500 1488 1510
f 1510 1488 1487
f 1500 1511 1488
f 1488 1511 1489
f 1497 1512 1500
f 1500 1512 1511
f 1512 1497 1513
f 1513 1497 1496
f 1502 1510 1504
f 1504 1510 1495
f 1495 1510 1486
f 1486 1510 1487
f 1509 1514 1496
f 1496 1514 1513
f 1515 1512 1516
f 1516 1512 1513
f 1514 1517 1513
f 1513 1517 1516
f 1518 1515 1519
f 1519 1515 1516
f 1515 1518 1521
f 1521 1518 1520
f 1517 1522 1516
f 1516 1522 1519
f 1512 1515 1511
f 1511 1515 1521
f 1511 1521 1489
f 1489 1521 1490
f 1514 1509 1524
f 1524 1509 1523
f 1509 1507 1523
f 1523 1507 1508
f 1505 1504 1525
f 1525 1504 1495
f 1526 1505 1527
f 1527 1505 1525
f 1525 1495 1528
f 1528 1495 1494
f 1527 1525 1529
f 1529 1525 1528
f 1527 1530 1526
f 1526 1530 1531
f 1508 1531 1523
f 1523 1531 1530
f 1506 1503 1526
f 1526 1503 1505
f 1508 1506 1531
f 1531 1506 1526
f 1478 1480 1532
f 1532 1480 1490
f 1483 1479 1493
f 1493 1479 1533
f 1532 1533 1478
f 1478 1533 1479
f 1520 1534 1532
f 1532 1534 1533
f 1518 1535 1520
f 1520 1535 1534
f 1533 1534 1493
f 1493 1534 1536
f 1532 1490 1520
f 1520 1490 1521
f 1537 1492 1536
f 1536 1492 1493
f 1492 1537 1491
f 1491 1537 1494
f 1537 1538 1494
f 1494 1538 1528
f 1538 1537 1539
f 1539 1537 1536
f 1540 1538 1541
f 1541 1538 1539
f 1534 1535 1536
f 1536 1535 1539
f 1535 1542 1539
f 1539 1542 1541
f 1538 1540 1528
f 1528 1540 1529
f 1544 1529 1543
f 1543 1529 1540
f 1545 1543 1547
f 1547 1543 1546
f 1543 1540 1546
f 1546 1540 1541
f 1543 1545 1544
f 1544 1545 1524
f 1544 1524 1530
f 1530 1524 1523
f 1530 1527 1544
f 1544 1527 1529
f 1535 1518 1542
f 1542 1518 1519
f 1547 1542 1522
f 1522 1542 1519
f 1547 1546 1542
f 1542 1546 1541
f 1545 1547 1517
f 1517 1547 1522
f 1517 1514 1545
f 1545 1514 1524
f 997 995 986
f 986 995 987
f 987 995 988
f 988 995 971
f 976 1358 977
f 977 1358 1289
f 854 853 1067
f 1067 853 1050
f 1055 985 1069
f 1069 985 962
f 1068 961 981
f 981 961 862
f 1268 1358 920
f 920 1358 976
f 920 976 921
f 921 976 975
f 927 1054 850
f 850 1054 851
f 882 881 1057
f 1057 881 1548
f 1548 1374 1057
f 1057 1374 1373
f 1383 1374 1549
f 1549 1374 1548
f 1549 1548 1550
f 1550 1548 881
f 1550 881 1551
f 1551 881 880
f 933 1552 879
f 879 1552 880
f 1551 880 875
f 875 880 1552
f 1553 1551 878
f 878 1551 875
f 1551 1553 1550
f 1550 1553 1554
f 1550 1554 1549
f 1549 1554 1555
f 978 1384 975
f 975 1384 1555
f 967 849 1556
f 1556 849 852
f 875 1552 876
f 876 1552 933
f 961 939 962
f 962 939 1069
f 1555 1054 975
f 975 1054 921
f 1555 1384 1549
f 1549 1384 1383
f 1391 1390 1475
f 1475 1390 980
f 1373 1475 1057
f 1057 1475 980
f 851 1054 1554
f 1554 1054 1555
f 1554 1553 851
f 851 1553 852
f 878 1556 1553
f 1553 1556 852
f 1556 878 967
f 967 878 877
f 1023 1020 877
f 877 1020 967
f 909 811 1034
f 806 779 873
f 873 779 840
f 805 780 806
f 806 780 779
f 1043 893 1044
f 1044 893 892
f 873 840 847
f 847 840 842
f 840 839 842
f 842 839 843
f 839 791 843
f 843 791 908
f 791 790 908
f 908 790 792
f 809 789 810
f 810 789 1046
f 793 790 809
f 809 790 789
f 809 808 793
f 793 808 1009
f 808 884 1009
f 1009 884 1010
f 1065 1015 884
f 884 1015 1010
f 1032 868 1065
f 1065 868 1015
f 1031 822 1032
f 1032 822 868
f 1031 1027 822
f 822 1027 785
f 1045 905 1046
f 1046 905 904
f 788 781 1019
f 1019 781 894
f 781 780 894
f 894 780 892
f 780 805 892
f 892 805 1044
f 805 804 1044
f 1044 804 891
f 804 1064 891
f 891 1064 888
f 1064 1021 888
f 888 1021 1033
f 1021 1020 1033
f 1033 1020 1034
f 1020 1023 1034
f 1034 1023 909
f 1023 1022 909
f 909 1022 910
f 1043 815 893
f 893 815 819
f 819 815 820
f 820 815 818
f 870 869 818
f 818 869 820
f 1014 1011 870
f 870 1011 869
f 969 972 1014
f 1014 972 1011
f 1036 1063 1022
f 1022 1063 910
f 1035 833 1036
f 1036 833 1063
f 1035 932 979
f 979 932 963
f 834 979 982
f 982 979 958
f 833 1035 834
f 834 1035 979
f 982 863 834
f 834 863 830
f 864 900 831
f 831 900 857
f 990 993 864
f 864 993 900
f 989 994 990
f 990 994 993
f 970 1058 989
f 989 1058 994
f 969 1018 970
f 970 1018 1058
f 1027 902 785
f 785 902 786
f 902 905 786
f 786 905 1019
f 905 1045 1019
f 1019 1045 788
f 788 1045 787
f 787 1045 789
o hand_right
v 0.132792 0.422177 0.898932
v 0.137208 0.431653 0.897535
v 0.126426 0.430752 0.899459
v 0.122842 0.421267 0.899575
v 0.131708 0.452543 0.897300
v 0.128734 0.460614 0.888358
v 0.114572 0.454090 0.893178
v 0.119522 0.448936 0.900624
v 0.115111 0.419416 0.898239
v 0.118232 0.429644 0.900665
v 0.112881 0.418545 0.893243
v 0.112092 0.406247 0.887767
v 0.113452 0.409263 0.894614
v 0.111620 0.397493 0.887622
v 0.117655 0.406616 0.877847
v 0.117624 0.391589 0.882593
v 0.146616 0.399097 0.878253
v 0.159015 0.398821 0.883800
v 0.152398 0.385196 0.891337
v 0.140066 0.387079 0.885691
v 0.170000 0.392003 0.900259
v 0.160125 0.387411 0.895676
v 0.167186 0.400375 0.887264
v 0.175619 0.403944 0.891892
v 0.149129 0.424455 0.900996
v 0.154288 0.433414 0.898600
v 0.148627 0.432220 0.897083
v 0.143736 0.423989 0.899325
v 0.105889 0.425081 0.887846
v 0.112068 0.423931 0.877994
v 0.112223 0.418749 0.884357
v 0.107488 0.424701 0.893194
v 0.170981 0.457294 0.899562
v 0.176971 0.464131 0.889577
v 0.172226 0.464481 0.886129
v 0.167991 0.457723 0.895761
v 0.150088 0.465423 0.881094
v 0.158268 0.466848 0.874851
v 0.156107 0.467734 0.861188
v 0.147716 0.463831 0.864749
v 0.139239 0.463434 0.885627
v 0.136984 0.463597 0.871689
v 0.125755 0.460560 0.876890
v 0.110990 0.453956 0.884357
v 0.188427 0.461574 0.894788
v 0.185554 0.456607 0.903171
v 0.091202 0.380772 0.928735
v 0.095833 0.381131 0.932281
v 0.098049 0.382647 0.928087
v 0.093176 0.381733 0.925086
v 0.200749 0.445616 0.893659
v 0.203105 0.439179 0.886232
v 0.206228 0.445557 0.884613
v 0.202639 0.452118 0.890345
v 0.198076 0.437073 0.898055
v 0.198089 0.430745 0.888691
v 0.088867 0.368600 0.925995
v 0.087095 0.373396 0.925959
v 0.089356 0.372972 0.921265
v 0.091790 0.368247 0.921266
v 0.119086 0.412293 0.899167
v 0.128119 0.414352 0.901712
v 0.114849 0.397327 0.904726
v 0.120893 0.402878 0.903594
v 0.115618 0.403958 0.898804
v 0.111513 0.398400 0.899471
v 0.143221 0.405004 0.911149
v 0.147767 0.414602 0.906202
v 0.141585 0.413464 0.904053
v 0.134933 0.403612 0.909169
v 0.159321 0.416725 0.914155
v 0.154075 0.406842 0.918062
v 0.161296 0.409140 0.922130
v 0.163352 0.416353 0.919321
v 0.142887 0.389818 0.922366
v 0.140299 0.383151 0.924078
v 0.142627 0.383230 0.926257
v 0.146225 0.390285 0.923809
v 0.209359 0.451316 0.881944
v 0.203838 0.458110 0.886422
v 0.186210 0.399746 0.912281
v 0.190230 0.408225 0.918354
v 0.187651 0.397053 0.926125
v 0.184089 0.390807 0.917290
v 0.199461 0.433813 0.878097
v 0.204797 0.439408 0.876750
v 0.093358 0.364968 0.928200
v 0.096365 0.365104 0.923846
v 0.128191 0.453535 0.865812
v 0.110658 0.448617 0.876065
v 0.141924 0.456146 0.859660
v 0.151651 0.457451 0.855517
v 0.158181 0.461131 0.851360
v 0.124379 0.399177 0.908112
v 0.137259 0.416902 0.901595
v 0.153659 0.425064 0.903280
v 0.176582 0.426807 0.923892
v 0.179914 0.435905 0.919584
v 0.169945 0.433427 0.916618
v 0.169344 0.425598 0.920572
v 0.187617 0.414047 0.925818
v 0.180381 0.416386 0.928741
v 0.178388 0.407968 0.932665
v 0.185217 0.404145 0.931130
v 0.101519 0.428989 0.883079
v 0.111680 0.429736 0.872979
v 0.195004 0.452423 0.899382
v 0.195429 0.458155 0.894162
v 0.198314 0.463305 0.888098
v 0.161463 0.445922 0.898952
v 0.165843 0.458133 0.893224
v 0.161745 0.458161 0.891698
v 0.159109 0.444854 0.897056
v 0.141881 0.442690 0.897998
v 0.145264 0.455370 0.894317
v 0.130372 0.440904 0.901383
v 0.166587 0.466324 0.880613
v 0.176091 0.471702 0.879907
v 0.169560 0.472297 0.873882
v 0.184567 0.469933 0.884527
v 0.192422 0.467152 0.887733
v 0.210862 0.443816 0.872735
v 0.163853 0.471141 0.867787
v 0.111465 0.445253 0.902092
v 0.104804 0.441386 0.903635
v 0.108655 0.434776 0.904133
v 0.114542 0.437405 0.902998
v 0.109605 0.389177 0.890535
v 0.108643 0.395120 0.895308
v 0.111455 0.402761 0.892647
v 0.171112 0.448749 0.907345
v 0.183413 0.448700 0.910230
v 0.118021 0.393614 0.909149
v 0.095276 0.369138 0.916637
v 0.092432 0.374216 0.916420
v 0.102670 0.382149 0.901140
v 0.105364 0.375743 0.901495
v 0.118786 0.384034 0.913170
v 0.116374 0.390765 0.911249
v 0.115715 0.388923 0.912725
v 0.117972 0.383878 0.916329
v 0.150555 0.387020 0.929356
v 0.153701 0.393209 0.927204
v 0.132973 0.377105 0.896276
v 0.123646 0.378237 0.886586
v 0.128683 0.388624 0.880914
v 0.149788 0.406473 0.914398
v 0.146347 0.397843 0.919328
v 0.150008 0.398209 0.921301
v 0.125766 0.395430 0.910900
v 0.121742 0.389755 0.912364
v 0.126556 0.390221 0.913536
v 0.130877 0.396148 0.912412
v 0.193941 0.418375 0.910524
v 0.191149 0.425148 0.919546
v 0.088021 0.377860 0.926708
v 0.090057 0.378130 0.922473
v 0.154103 0.415863 0.909482
v 0.135182 0.401116 0.875829
v 0.158301 0.425908 0.906119
v 0.167632 0.381409 0.919551
v 0.166670 0.384630 0.926540
v 0.162392 0.381064 0.929529
v 0.162911 0.376528 0.925302
v 0.109446 0.377266 0.927892
v 0.106164 0.382073 0.927737
v 0.103118 0.380292 0.930952
v 0.106140 0.375427 0.931571
v 0.112742 0.393839 0.907701
v 0.108768 0.394569 0.902858
v 0.106619 0.391866 0.907189
v 0.111337 0.390903 0.910831
v 0.106094 0.390734 0.898734
v 0.103358 0.388176 0.903121
v 0.109508 0.371009 0.925822
v 0.105563 0.365879 0.921870
v 0.115944 0.371566 0.909280
v 0.117442 0.376402 0.915625
v 0.181560 0.414611 0.883022
v 0.189656 0.417647 0.890044
v 0.184060 0.406971 0.899001
v 0.179619 0.395677 0.907407
v 0.174101 0.385585 0.915262
v 0.166312 0.381395 0.907012
v 0.189846 0.410637 0.903483
v 0.125333 0.377321 0.908707
v 0.123450 0.375349 0.900887
v 0.128809 0.375216 0.902864
v 0.163395 0.427250 0.911404
v 0.092721 0.379596 0.917748
v 0.167371 0.441327 0.850996
v 0.179003 0.436392 0.855213
v 0.172943 0.431088 0.858756
v 0.159706 0.437002 0.854654
v 0.100845 0.385049 0.924746
v 0.095583 0.384387 0.921028
v 0.158970 0.392879 0.931449
v 0.155489 0.387092 0.932388
v 0.158201 0.384685 0.933360
v 0.162221 0.390290 0.935313
v 0.193633 0.420770 0.893192
v 0.183235 0.390780 0.931852
v 0.181010 0.385643 0.923476
v 0.194245 0.426856 0.881953
v 0.187610 0.423905 0.875404
v 0.192448 0.430642 0.870289
v 0.151924 0.375985 0.905207
v 0.174283 0.411489 0.879456
v 0.180974 0.422014 0.872057
v 0.186447 0.429985 0.865785
v 0.191183 0.435250 0.861349
v 0.197207 0.435560 0.866852
v 0.100290 0.366112 0.919310
v 0.102047 0.364629 0.927248
v 0.203585 0.440060 0.862194
v 0.196215 0.440012 0.856550
v 0.172716 0.421160 0.868019
v 0.162165 0.421338 0.863900
v 0.166503 0.411125 0.875500
v 0.155578 0.410267 0.871914
v 0.146412 0.375107 0.896029
v 0.096370 0.366072 0.943325
v 0.102563 0.368010 0.934686
v 0.103308 0.373676 0.935750
v 0.098071 0.369727 0.944743
v 0.106029 0.369553 0.930203
v 0.099096 0.364581 0.931525
v 0.141440 0.413935 0.868908
v 0.123689 0.383876 0.915038
v 0.146160 0.428673 0.861120
v 0.123641 0.416343 0.869779
v 0.126564 0.428830 0.865579
v 0.149187 0.444852 0.853872
v 0.133388 0.442547 0.859458
v 0.163799 0.452802 0.847394
v 0.157609 0.447744 0.850897
v 0.117974 0.440935 0.867181
v 0.088994 0.379369 0.939713
v 0.094050 0.378883 0.942122
v 0.172845 0.446125 0.846932
v 0.121013 0.438782 0.902529
v 0.164868 0.437255 0.907340
v 0.161027 0.435633 0.903490
v 0.181454 0.441131 0.916179
v 0.170366 0.440161 0.912392
v 0.085013 0.376945 0.937321
v 0.141009 0.377278 0.923793
v 0.142338 0.378838 0.923298
v 0.106797 0.449856 0.896686
v 0.101060 0.445957 0.898819
v 0.095894 0.440588 0.887848
v 0.096869 0.445171 0.893392
v 0.103017 0.449564 0.888851
v 0.102027 0.444975 0.882602
v 0.163237 0.446480 0.900901
v 0.166041 0.446798 0.903661
v 0.196338 0.428440 0.904171
v 0.192951 0.434627 0.913309
v 0.107025 0.385081 0.895602
v 0.114353 0.382355 0.888304
v 0.110781 0.379087 0.894908
v 0.111434 0.372219 0.902975
v 0.123137 0.379111 0.913786
v 0.121083 0.378993 0.910548
v 0.154130 0.456582 0.893113
v 0.152428 0.443492 0.896345
v 0.113688 0.429440 0.899987
v 0.109543 0.428075 0.900233
v 0.138509 0.397948 0.914523
v 0.144394 0.370213 0.911428
v 0.139627 0.369484 0.904188
v 0.134558 0.390128 0.917207
v 0.084171 0.368699 0.936997
v 0.083502 0.373592 0.936769
v 0.116884 0.375334 0.895728
v 0.156796 0.400496 0.925941
v 0.150274 0.374676 0.912917
v 0.143979 0.372194 0.918679
v 0.182486 0.399147 0.934679
v 0.184198 0.442178 0.850868
v 0.100820 0.378688 0.935555
v 0.097828 0.376153 0.943803
v 0.093654 0.363855 0.940862
v 0.088701 0.364366 0.937695
v 0.192958 0.443529 0.906987
v 0.158222 0.434269 0.901228
v 0.106511 0.438241 0.875419
v 0.098251 0.434792 0.883689
v 0.132455 0.385062 0.918884
v 0.172991 0.384024 0.922688
v 0.162177 0.375968 0.913913
v 0.157867 0.370755 0.920579
v 0.150296 0.370101 0.919962
v 0.144027 0.373001 0.922558
v 0.091753 0.364091 0.945754
v 0.086661 0.364544 0.942892
v 0.082102 0.368669 0.942524
v 0.081550 0.373244 0.942160
v 0.084053 0.376944 0.941759
v 0.094488 0.366104 0.948420
v 0.095872 0.369417 0.949598
v 0.096389 0.375354 0.947334
v 0.093175 0.366684 0.952960
v 0.088685 0.364177 0.953420
v 0.077275 0.370684 0.955833
v 0.079284 0.368321 0.950950
v 0.079578 0.367262 0.953371
v 0.078136 0.368336 0.957931
v 0.077408 0.368178 0.962976
v 0.076126 0.371055 0.961264
v 0.083403 0.365094 0.952210
v 0.081959 0.365986 0.958542
v 0.085950 0.365318 0.959736
v 0.084271 0.365283 0.964888
v 0.080551 0.365700 0.964013
v 0.086508 0.364533 0.955317
v 0.084053 0.364655 0.950206
v 0.077007 0.370334 0.965716
v 0.077483 0.367825 0.965833
v 0.080211 0.366278 0.966958
v 0.080223 0.368445 0.969135
v 0.079727 0.373253 0.947213
v 0.077440 0.373267 0.955433
v 0.077766 0.373793 0.961392
v 0.078510 0.372772 0.965810
v 0.080037 0.376117 0.956823
v 0.080174 0.375473 0.961672
v 0.081252 0.374660 0.965500
v 0.083690 0.377585 0.958411
v 0.083119 0.376323 0.962502
v 0.086518 0.378583 0.946496
v 0.082787 0.376907 0.945262
v 0.082992 0.375865 0.965129
v 0.081589 0.370252 0.969392
v 0.089498 0.365998 0.959066
v 0.087031 0.367007 0.965406
v 0.091198 0.367600 0.959321
v 0.089019 0.368369 0.965730
v 0.084839 0.366900 0.969158
v 0.083131 0.365890 0.967440
v 0.088651 0.378890 0.942533
v 0.093805 0.378085 0.945089
v 0.092210 0.377838 0.948558
v 0.088198 0.377109 0.959766
v 0.094990 0.375256 0.950882
v 0.094528 0.369927 0.953988
v 0.092007 0.370147 0.960443
v 0.091662 0.373525 0.960600
v 0.089775 0.370809 0.965177
v 0.089113 0.373206 0.964457
v 0.086505 0.375876 0.963759
v 0.087023 0.371560 0.968028
v 0.086126 0.368850 0.969045
v 0.083510 0.372833 0.968173
v 0.087444 0.373095 0.966757
v 0.084774 0.374313 0.966273
v 0.118407 0.366053 0.941612
v 0.124199 0.366162 0.944497
v 0.124596 0.365351 0.940136
v 0.119709 0.365193 0.937828
v 0.115207 0.352368 0.938865
v 0.113745 0.358599 0.939290
v 0.115135 0.356907 0.933998
v 0.118248 0.350739 0.933518
v 0.121156 0.348534 0.940254
v 0.124450 0.347898 0.934768
v 0.120247 0.352181 0.928089
v 0.117041 0.358618 0.929268
v 0.124416 0.371091 0.913936
v 0.127841 0.365229 0.911604
v 0.136108 0.378155 0.925380
v 0.138396 0.374765 0.925386
v 0.115470 0.363474 0.940327
v 0.116497 0.362132 0.935805
v 0.133379 0.363751 0.939632
v 0.129255 0.367358 0.939601
v 0.129023 0.364849 0.942230
v 0.132322 0.360439 0.942934
v 0.125743 0.378218 0.918725
v 0.131169 0.379002 0.921849
v 0.124159 0.375265 0.916669
v 0.135486 0.357555 0.937789
v 0.133995 0.351784 0.934228
v 0.140526 0.362595 0.918152
v 0.141622 0.366869 0.922948
v 0.117068 0.363595 0.931762
v 0.123797 0.368182 0.937963
v 0.119468 0.367499 0.935070
v 0.127422 0.350264 0.929488
v 0.130787 0.349586 0.939739
v 0.125127 0.355814 0.958158
v 0.130556 0.354707 0.947670
v 0.130645 0.359963 0.947936
v 0.126208 0.360739 0.959030
v 0.133053 0.354771 0.942340
v 0.127492 0.350336 0.944979
v 0.115301 0.368533 0.955199
v 0.121143 0.368417 0.957669
v 0.111608 0.366112 0.953940
v 0.134687 0.361964 0.912924
v 0.111054 0.355818 0.951601
v 0.110040 0.362345 0.952493
v 0.128811 0.364562 0.946551
v 0.124911 0.365531 0.959209
v 0.122314 0.352580 0.956448
v 0.116467 0.351537 0.952196
v 0.119684 0.353815 0.961556
v 0.114018 0.353334 0.958567
v 0.108793 0.357710 0.957403
v 0.108722 0.363607 0.957058
v 0.110920 0.366936 0.957314
v 0.122681 0.356747 0.963164
v 0.124241 0.361378 0.963657
v 0.123391 0.366044 0.961587
v 0.121153 0.360224 0.969167
v 0.117473 0.357551 0.969422
v 0.104436 0.369263 0.975202
v 0.105365 0.365985 0.970239
v 0.106352 0.364175 0.971894
v 0.105514 0.367009 0.976553
v 0.106483 0.361112 0.966306
v 0.107485 0.360951 0.968709
v 0.111392 0.358486 0.969205
v 0.110341 0.362337 0.973905
v 0.115124 0.361747 0.974628
v 0.113911 0.364144 0.979710
v 0.109081 0.364616 0.979296
v 0.114686 0.358879 0.971264
v 0.105799 0.368387 0.979898
v 0.105791 0.370944 0.980428
v 0.111512 0.356422 0.966693
v 0.107151 0.364522 0.961211
v 0.105675 0.368869 0.969134
v 0.105606 0.372307 0.974812
v 0.107863 0.373207 0.980531
v 0.108349 0.372150 0.969154
v 0.108158 0.374317 0.974862
v 0.110140 0.374394 0.979532
v 0.112543 0.374336 0.969715
v 0.112161 0.375608 0.975441
v 0.114438 0.369947 0.959969
v 0.109983 0.368212 0.959773
v 0.111942 0.375119 0.978075
v 0.108906 0.368998 0.983653
v 0.110686 0.371874 0.983360
v 0.108632 0.367459 0.982584
v 0.117223 0.362094 0.974748
v 0.115693 0.365507 0.980016
v 0.119452 0.363860 0.974835
v 0.117215 0.367360 0.980496
v 0.113493 0.367653 0.983605
v 0.112147 0.366632 0.983177
v 0.114930 0.368568 0.957894
v 0.120266 0.368244 0.959675
v 0.119901 0.369452 0.961375
v 0.117538 0.373358 0.971184
v 0.123156 0.366797 0.963697
v 0.122963 0.363185 0.967816
v 0.120905 0.366172 0.973983
v 0.120520 0.370068 0.973004
v 0.118750 0.368897 0.980063
v 0.118991 0.371090 0.977598
v 0.116077 0.374651 0.976131
v 0.115893 0.370957 0.983097
v 0.114514 0.369118 0.983796
v 0.112116 0.373155 0.982148
v 0.116920 0.372365 0.980638
v 0.113966 0.374372 0.979764
v 0.136355 0.373021 0.947926
v 0.141413 0.374766 0.950068
v 0.142563 0.374886 0.946884
v 0.137758 0.372771 0.944737
v 0.136354 0.360111 0.947207
v 0.133662 0.364309 0.947042
v 0.135345 0.363796 0.942682
v 0.138608 0.359515 0.941564
v 0.140748 0.358355 0.950453
v 0.144215 0.357423 0.943144
v 0.140801 0.360072 0.936335
v 0.136902 0.364342 0.938545
v 0.142561 0.371044 0.926270
v 0.147106 0.366308 0.924933
v 0.134155 0.369034 0.947227
v 0.135511 0.368794 0.943751
v 0.150855 0.373575 0.947706
v 0.146845 0.376139 0.946933
v 0.147317 0.373932 0.949211
v 0.150210 0.370746 0.950243
v 0.143367 0.381285 0.929364
v 0.148950 0.383027 0.931203
v 0.141454 0.376540 0.928418
v 0.153402 0.367455 0.946376
v 0.152742 0.361278 0.942411
v 0.158986 0.369703 0.931747
v 0.158833 0.375336 0.934262
v 0.136216 0.369180 0.940491
v 0.142090 0.376808 0.944593
v 0.137632 0.374178 0.942410
v 0.146993 0.359265 0.937897
v 0.149590 0.359719 0.947444
v 0.142423 0.365071 0.968031
v 0.149706 0.364587 0.953682
v 0.148915 0.370529 0.953502
v 0.143115 0.369502 0.968149
v 0.151587 0.365079 0.950310
v 0.146813 0.359798 0.952417
v 0.131628 0.375076 0.962843
v 0.136902 0.375883 0.964333
v 0.129538 0.371565 0.961146
v 0.153987 0.365320 0.926727
v 0.155608 0.381238 0.934384
v 0.129680 0.364093 0.962186
v 0.128668 0.368237 0.961212
v 0.146254 0.373609 0.952099
v 0.141477 0.373695 0.966804
v 0.139680 0.361589 0.966167
v 0.134431 0.360592 0.963212
v 0.138229 0.363002 0.971452
v 0.132793 0.362221 0.968807
v 0.127981 0.365230 0.967804
v 0.127241 0.369371 0.966525
v 0.128237 0.372696 0.966073
v 0.140980 0.366562 0.972969
v 0.141475 0.370454 0.972617
v 0.140286 0.373777 0.968779
v 0.140095 0.368592 0.976866
v 0.136009 0.365163 0.977993
v 0.123499 0.373618 0.985035
v 0.124716 0.371484 0.979863
v 0.125472 0.370710 0.980504
v 0.124220 0.372302 0.985881
v 0.126556 0.367222 0.974993
v 0.126980 0.367486 0.976970
v 0.130335 0.365551 0.977536
v 0.129205 0.368212 0.983244
v 0.135070 0.369299 0.983505
v 0.133198 0.371179 0.987839
v 0.127786 0.370004 0.988110
v 0.134489 0.366049 0.979189
v 0.124522 0.373102 0.988960
v 0.122859 0.374139 0.989191
v 0.130871 0.364257 0.975494
v 0.125256 0.370681 0.971791
v 0.123897 0.373974 0.978573
v 0.122505 0.376449 0.983770
v 0.123617 0.377521 0.987908
v 0.125626 0.377249 0.977658
v 0.124496 0.378756 0.982771
v 0.125369 0.379660 0.986547
v 0.128251 0.379216 0.977464
v 0.127346 0.380256 0.982231
v 0.130479 0.375885 0.968353
v 0.127085 0.373712 0.969614
v 0.127234 0.380407 0.985410
v 0.126808 0.373508 0.991854
v 0.128172 0.377460 0.991180
v 0.127150 0.372468 0.990498
v 0.136812 0.369728 0.983003
v 0.135005 0.372499 0.988661
v 0.138443 0.371927 0.982244
v 0.136490 0.374702 0.987884
v 0.131999 0.373313 0.991508
v 0.131303 0.372553 0.990854
v 0.131513 0.375071 0.965671
v 0.136377 0.375735 0.966715
v 0.135214 0.376584 0.969039
v 0.132624 0.380115 0.978610
v 0.139258 0.374917 0.970949
v 0.140325 0.372256 0.976253
v 0.138259 0.375026 0.981244
v 0.136395 0.378142 0.980316
v 0.136436 0.377120 0.986451
v 0.135171 0.378648 0.984386
v 0.131226 0.381161 0.983043
v 0.133264 0.377979 0.988937
v 0.133154 0.375779 0.990910
v 0.129051 0.379654 0.989058
v 0.133074 0.379482 0.986943
v 0.129867 0.380704 0.986889
v 0.152903 0.383201 0.933170
v 0.151786 0.383855 0.952253
v 0.155165 0.385206 0.954412
v 0.156735 0.385417 0.952959
v 0.153528 0.385012 0.950151
v 0.153285 0.373344 0.948170
v 0.150474 0.377040 0.948880
v 0.152255 0.377673 0.945013
v 0.154902 0.374057 0.944355
v 0.157817 0.371734 0.949891
v 0.159492 0.372718 0.946733
v 0.157268 0.375487 0.941466
v 0.154600 0.379479 0.941801
v 0.164308 0.385244 0.929839
v 0.168805 0.382114 0.928567
v 0.178534 0.395249 0.938247
v 0.174653 0.399000 0.937862
v 0.170971 0.393909 0.943516
v 0.174885 0.391138 0.943493
v 0.150283 0.380794 0.950345
v 0.151699 0.382220 0.947050
v 0.166374 0.382772 0.953987
v 0.162743 0.385932 0.953477
v 0.160436 0.385258 0.954858
v 0.164029 0.382734 0.956206
v 0.169535 0.398217 0.936873
v 0.165909 0.395486 0.935310
v 0.164066 0.393829 0.937996
v 0.166473 0.394149 0.941980
v 0.161935 0.389974 0.934960
v 0.167589 0.378936 0.952403
v 0.166312 0.374699 0.948449
v 0.178652 0.383943 0.937577
v 0.178087 0.387831 0.940715
v 0.153480 0.382945 0.944829
v 0.158833 0.386921 0.951138
v 0.155455 0.385961 0.948917
v 0.161833 0.373306 0.944019
v 0.163915 0.374327 0.951092
v 0.160220 0.376509 0.963866
v 0.164407 0.378266 0.956947
v 0.162643 0.382797 0.957958
v 0.159471 0.379521 0.964352
v 0.165306 0.378551 0.954997
v 0.162379 0.373539 0.954174
v 0.148506 0.382550 0.959380
v 0.153205 0.383652 0.961646
v 0.146947 0.380063 0.957813
v 0.174449 0.381204 0.931257
v 0.148970 0.372920 0.956817
v 0.146577 0.376622 0.957267
v 0.158770 0.384906 0.956551
v 0.157037 0.382308 0.963501
v 0.158677 0.372751 0.961841
v 0.154169 0.370635 0.958136
v 0.156214 0.372425 0.965748
v 0.151671 0.370725 0.961967
v 0.146381 0.373753 0.960927
v 0.145427 0.377350 0.960336
v 0.145943 0.380477 0.960703
v 0.158214 0.376298 0.967368
v 0.157844 0.379416 0.967294
v 0.155939 0.382340 0.965646
v 0.156105 0.376189 0.971025
v 0.152652 0.372857 0.970925
v 0.141150 0.378550 0.975010
v 0.142303 0.377794 0.971149
v 0.142902 0.376823 0.971573
v 0.141135 0.377453 0.975235
v 0.144321 0.375246 0.966784
v 0.144751 0.374839 0.968407
v 0.147882 0.372999 0.968521
v 0.145795 0.374083 0.973239
v 0.150451 0.374571 0.975894
v 0.148237 0.375335 0.979294
v 0.144316 0.374521 0.976707
v 0.150806 0.372801 0.971650
v 0.140694 0.376986 0.977910
v 0.139962 0.377900 0.978669
v 0.148467 0.372028 0.966834
v 0.143686 0.378744 0.964684
v 0.141521 0.380191 0.971197
v 0.140243 0.380458 0.976084
v 0.140634 0.379797 0.979795
v 0.142724 0.382365 0.970516
v 0.141022 0.382654 0.976259
v 0.141568 0.381969 0.979810
v 0.145233 0.384568 0.970711
v 0.143287 0.384056 0.976148
v 0.147877 0.383943 0.964453
v 0.145065 0.381716 0.964259
v 0.142969 0.382829 0.979027
v 0.142536 0.376264 0.981097
v 0.143077 0.379056 0.981915
v 0.143059 0.375200 0.980087
v 0.151698 0.375166 0.976151
v 0.149103 0.376254 0.980324
v 0.153224 0.377212 0.976339
v 0.149693 0.378323 0.980693
v 0.146046 0.376476 0.982098
v 0.145795 0.375358 0.980626
v 0.148248 0.383323 0.962235
v 0.152179 0.383705 0.963471
v 0.151865 0.384145 0.965928
v 0.149006 0.384967 0.971994
v 0.155468 0.382408 0.968093
v 0.156732 0.379220 0.970007
v 0.153418 0.379913 0.975765
v 0.152252 0.382878 0.974471
v 0.149441 0.380499 0.980443
v 0.148677 0.383023 0.978882
v 0.146367 0.384547 0.977151
v 0.145927 0.380551 0.981859
v 0.145945 0.378773 0.982527
v 0.143742 0.380993 0.981445
v 0.145994 0.382195 0.980775
v 0.144634 0.382699 0.980050
v 0.179555 0.391297 0.937637
v 0.093274 0.424135 0.893746
v 0.097452 0.422272 0.896989
v 0.098457 0.432916 0.909788
v 0.100283 0.426465 0.907372
v 0.093866 0.438016 0.908512
v 0.087038 0.439358 0.899763
v 0.090596 0.440436 0.904199
v 0.099839 0.422763 0.902516
v 0.089358 0.428470 0.892120
v 0.086550 0.435095 0.894072
v 0.083177 0.422615 0.896551
v 0.079611 0.430027 0.898950
v 0.079548 0.434988 0.904318
v 0.085801 0.437431 0.908638
v 0.090017 0.436582 0.911607
v 0.090464 0.420383 0.898396
v 0.094999 0.419680 0.901332
v 0.098287 0.422116 0.906499
v 0.088914 0.415676 0.905260
v 0.081499 0.414782 0.912037
v 0.075579 0.422610 0.929442
v 0.077618 0.426129 0.923777
v 0.076654 0.423666 0.922798
v 0.074403 0.420807 0.927983
v 0.077471 0.426832 0.917979
v 0.077499 0.424485 0.918381
v 0.078358 0.420640 0.914849
v 0.076691 0.417979 0.920073
v 0.080643 0.415984 0.914614
v 0.080586 0.413503 0.918435
v 0.074894 0.415172 0.924916
v 0.072766 0.417554 0.929967
v 0.073578 0.412953 0.929154
v 0.074366 0.418306 0.932645
v 0.076005 0.420688 0.912314
v 0.081039 0.432545 0.916409
v 0.080145 0.428695 0.924346
v 0.078759 0.424121 0.930789
v 0.077403 0.418789 0.933850
v 0.084506 0.429079 0.925313
v 0.083129 0.423986 0.930413
v 0.082244 0.418723 0.932678
v 0.088941 0.426749 0.925027
v 0.086464 0.421926 0.929219
v 0.093482 0.431735 0.915126
v 0.087509 0.434662 0.916146
v 0.084543 0.418670 0.930975
v 0.074631 0.412068 0.931816
v 0.078099 0.412620 0.932925
v 0.083241 0.411825 0.916962
v 0.078676 0.410601 0.922815
v 0.081487 0.409510 0.922822
v 0.087149 0.411671 0.915967
v 0.084281 0.409356 0.923267
v 0.078292 0.408850 0.927793
v 0.076245 0.410248 0.926339
v 0.095308 0.432941 0.912436
v 0.098354 0.427395 0.910049
v 0.096827 0.426587 0.912337
v 0.092548 0.421679 0.922158
v 0.097041 0.420915 0.910070
v 0.093557 0.416927 0.907147
v 0.090553 0.412816 0.917029
v 0.092904 0.416370 0.919142
v 0.087133 0.411319 0.924328
v 0.088478 0.413926 0.925208
v 0.088372 0.418152 0.927700
v 0.084163 0.411468 0.928840
v 0.081403 0.409208 0.928529
v 0.082414 0.414144 0.931960
v 0.085883 0.413462 0.928194
v 0.085099 0.415791 0.930210
v 0.176406 0.403632 0.934785
v 0.169890 0.403320 0.933397
v 0.172350 0.408936 0.931272
v 0.174290 0.417658 0.927954
v 0.182139 0.424205 0.925032
v 0.168326 0.417139 0.924297
v 0.166474 0.408282 0.928088
v 0.163021 0.400090 0.930812
v 0.165215 0.423173 0.916444
f 1558 1559 1557
f 1557 1559 1560
f 1561 1562 1564
f 1564 1562 1563
f 1565 1560 1566
f 1566 1560 1559
f 1568 1569 1567
f 1567 1569 1565
f 1570 1568 1572
f 1572 1568 1571
f 1574 1575 1573
f 1573 1575 1576
f 1578 1579 1577
f 1577 1579 1580
f 1582 1583 1581
f 1581 1583 1584
f 1586 1587 1585
f 1585 1587 1588
f 1589 1590 1592
f 1592 1590 1591
f 1593 1594 1596
f 1596 1594 1595
f 1597 1598 1562
f 1562 1598 1599
f 1562 1599 1563
f 1563 1599 1600
f 1601 1590 1602
f 1602 1590 1589
f 1604 1605 1603
f 1603 1605 1606
f 1608 1609 1607
f 1607 1609 1610
f 1612 1608 1611
f 1611 1608 1607
f 1614 1615 1613
f 1613 1615 1616
f 1617 1618 1560
f 1560 1618 1557
f 1620 1621 1619
f 1619 1621 1622
f 1624 1625 1623
f 1623 1625 1626
f 1628 1629 1627
f 1627 1629 1630
f 1632 1633 1631
f 1631 1633 1634
f 1609 1635 1610
f 1610 1635 1636
f 1638 1639 1637
f 1637 1639 1640
f 1641 1642 1608
f 1608 1642 1609
f 1613 1616 1643
f 1643 1616 1644
f 1645 1646 1599
f 1599 1646 1600
f 1599 1598 1645
f 1645 1598 1647
f 1596 1595 1648
f 1648 1595 1649
f 1650 1626 1620
f 1620 1626 1625
f 1569 1617 1565
f 1565 1617 1560
f 1581 1584 1625
f 1625 1584 1651
f 1652 1581 1624
f 1624 1581 1625
f 1654 1655 1653
f 1653 1655 1656
f 1657 1658 1660
f 1660 1658 1659
f 1662 1586 1661
f 1661 1586 1585
f 1607 1610 1663
f 1663 1610 1664
f 1610 1636 1664
f 1664 1636 1665
f 1667 1668 1666
f 1666 1668 1669
f 1671 1561 1670
f 1670 1561 1672
f 1671 1597 1561
f 1561 1597 1562
f 1592 1591 1667
f 1667 1591 1673
f 1591 1674 1673
f 1673 1674 1675
f 1590 1676 1591
f 1591 1676 1674
f 1590 1601 1676
f 1676 1601 1677
f 1681 1682 1680
f 1680 1682 1683
f 1684 1685 1570
f 1570 1685 1686
f 1589 1687 1602
f 1602 1687 1688
f 1689 1650 1619
f 1619 1650 1620
f 1690 1691 1693
f 1693 1691 1692
f 1695 1696 1694
f 1694 1696 1697
f 1633 1698 1634
f 1634 1698 1699
f 1700 1701 1576
f 1576 1701 1702
f 1704 1705 1703
f 1703 1705 1628
f 1707 1708 1706
f 1706 1708 1709
f 1638 1657 1639
f 1639 1657 1660
f 1657 1638 1711
f 1711 1638 1710
f 1712 1713 1614
f 1614 1713 1615
f 1714 1624 1703
f 1703 1624 1623
f 1715 1702 1571
f 1571 1702 1572
f 1624 1714 1652
f 1652 1714 1716
f 1685 1622 1686
f 1686 1622 1621
f 1718 1719 1717
f 1717 1719 1720
f 1722 1723 1721
f 1721 1723 1724
f 1726 1727 1725
f 1725 1727 1728
f 1730 1727 1729
f 1729 1727 1726
f 1732 1733 1731
f 1731 1733 1734
f 1736 1737 1735
f 1735 1737 1580
f 1738 1739 1577
f 1577 1739 1740
f 1637 1741 1638
f 1638 1741 1710
f 1742 1743 1744
f 1744 1743 1700
f 1714 1627 1716
f 1716 1627 1745
f 1746 1691 1713
f 1713 1691 1615
f 1725 1728 1695
f 1695 1728 1696
f 1703 1628 1714
f 1714 1628 1627
f 1748 1749 1747
f 1747 1749 1750
f 1723 1722 1605
f 1605 1722 1751
f 1752 1746 1606
f 1606 1746 1713
f 1753 1754 1756
f 1756 1754 1755
f 1577 1580 1738
f 1738 1580 1737
f 1702 1715 1576
f 1576 1715 1573
f 1738 1737 1637
f 1637 1737 1741
f 1757 1741 1736
f 1736 1741 1737
f 1758 1759 1639
f 1639 1759 1640
f 1761 1762 1760
f 1760 1762 1641
f 1763 1578 1740
f 1740 1578 1577
f 1735 1580 1764
f 1764 1580 1579
f 1764 1765 1735
f 1735 1765 1761
f 1765 1766 1761
f 1761 1766 1762
f 1768 1762 1767
f 1767 1762 1766
f 1735 1761 1736
f 1736 1761 1760
f 1769 1732 1644
f 1644 1732 1770
f 1642 1641 1768
f 1768 1641 1762
f 1749 1773 1774
f 1773 1775 1774
f 1774 1775 1776
f 1775 1574 1776
f 1776 1574 1573
f 1575 1777 1576
f 1576 1777 1700
f 1778 1779 1781
f 1781 1779 1780
f 1731 1782 1732
f 1732 1782 1770
f 1783 1643 1770
f 1770 1643 1644
f 1776 1573 1784
f 1784 1573 1715
f 1690 1769 1616
f 1616 1769 1644
f 1694 1785 1707
f 1707 1785 1708
f 1749 1748 1766
f 1766 1748 1767
f 1786 1750 1774
f 1774 1750 1749
f 1787 1788 1784
f 1784 1788 1786
f 1789 1790 1647
f 1647 1790 1645
f 1791 1792 1649
f 1649 1792 1648
f 1786 1788 1790
f 1790 1788 1793
f 1603 1794 1604
f 1604 1794 1795
f 1796 1747 1791
f 1791 1747 1792
f 1561 1564 1672
f 1672 1564 1797
f 1798 1799 1745
f 1745 1799 1716
f 1800 1801 1654
f 1654 1801 1655
f 1712 1802 1603
f 1603 1802 1794
f 1632 1803 1633
f 1633 1803 1804
f 1806 1681 1805
f 1805 1681 1680
f 1808 1809 1807
f 1807 1809 1810
f 1667 1666 1592
f 1592 1666 1811
f 1812 1589 1811
f 1811 1589 1592
f 1813 1814 1710
f 1710 1814 1711
f 1619 1725 1689
f 1689 1725 1695
f 1622 1726 1619
f 1619 1726 1725
f 1729 1726 1685
f 1685 1726 1622
f 1685 1684 1729
f 1729 1684 1815
f 1684 1816 1815
f 1815 1816 1817
f 1769 1690 1818
f 1818 1690 1693
f 1819 1820 1742
f 1742 1820 1743
f 1668 1821 1669
f 1669 1821 1822
f 1567 1823 1824
f 1790 1789 1786
f 1786 1789 1750
f 1709 1825 1626
f 1626 1825 1623
f 1731 1734 1721
f 1721 1734 1697
f 1706 1709 1650
f 1650 1709 1626
f 1827 1777 1826
f 1826 1777 1763
f 1825 1709 1828
f 1828 1709 1708
f 1677 1601 1665
f 1665 1601 1664
f 1603 1606 1712
f 1712 1606 1713
f 1613 1829 1614
f 1614 1829 1830
f 1701 1831 1816
f 1816 1831 1817
f 1832 1705 1699
f 1699 1705 1634
f 1704 1825 1631
f 1631 1825 1828
f 1763 1833 1826
f 1826 1833 1834
f 1751 1752 1605
f 1605 1752 1606
f 1615 1691 1616
f 1616 1691 1690
f 1639 1660 1758
f 1758 1660 1835
f 1705 1704 1634
f 1634 1704 1631
f 1803 1834 1804
f 1804 1834 1833
f 1739 1738 1640
f 1640 1738 1637
f 1604 1795 1837
f 1837 1795 1838
f 1783 1779 1839
f 1839 1779 1778
f 1779 1782 1780
f 1780 1782 1724
f 1837 1838 1780
f 1780 1838 1781
f 1721 1724 1731
f 1731 1724 1782
f 1820 1819 1694
f 1694 1819 1785
f 1570 1572 1684
f 1684 1572 1816
f 1776 1784 1774
f 1774 1784 1786
f 1643 1783 1840
f 1840 1783 1839
f 1816 1572 1701
f 1701 1572 1702
f 1800 1654 1814
f 1814 1654 1711
f 1614 1830 1712
f 1712 1830 1802
f 1663 1841 1607
f 1607 1841 1611
f 1799 1842 1716
f 1716 1842 1652
f 1790 1793 1645
f 1645 1793 1646
f 1602 1688 1663
f 1663 1688 1841
f 1809 1808 1805
f 1805 1808 1806
f 1842 1582 1652
f 1652 1582 1581
f 1662 1661 1843
f 1843 1661 1844
f 1828 1708 1845
f 1845 1708 1785
f 1694 1707 1695
f 1695 1707 1689
f 1739 1846 1717
f 1717 1846 1718
f 1847 1848 1833
f 1833 1848 1849
f 1707 1706 1689
f 1689 1706 1650
f 1818 1831 1733
f 1733 1831 1743
f 1700 1743 1701
f 1701 1743 1831
f 1829 1613 1840
f 1840 1613 1643
f 1730 1692 1746
f 1746 1692 1691
f 1667 1673 1668
f 1668 1673 1594
f 1673 1675 1594
f 1594 1675 1679
f 1668 1594 1821
f 1821 1594 1593
f 1843 1844 1810
f 1810 1844 1807
f 1784 1715 1787
f 1787 1715 1571
f 1779 1783 1782
f 1782 1783 1770
f 1703 1623 1704
f 1704 1623 1825
f 1780 1724 1837
f 1837 1724 1723
f 1755 1719 1756
f 1756 1719 1718
f 1601 1602 1664
f 1664 1602 1663
f 1837 1723 1604
f 1604 1723 1605
f 1717 1720 1847
f 1847 1720 1848
f 1594 1679 1595
f 1849 1850 1833
f 1833 1850 1804
f 1840 1839 1852
f 1852 1839 1851
f 1840 1852 1829
f 1829 1852 1853
f 1830 1829 1854
f 1854 1829 1853
f 1802 1830 1855
f 1855 1830 1854
f 1839 1778 1851
f 1851 1778 1856
f 1778 1781 1856
f 1856 1781 1857
f 1857 1781 1858
f 1858 1781 1838
f 1859 1860 1856
f 1856 1860 1851
f 1862 1863 1861
f 1861 1863 1864
f 1865 1866 1864
f 1864 1866 1861
f 1864 1863 1868
f 1868 1863 1867
f 1869 1870 1868
f 1868 1870 1871
f 1867 1872 1868
f 1868 1872 1869
f 1873 1860 1867
f 1867 1860 1872
f 1871 1865 1868
f 1868 1865 1864
f 1874 1875 1877
f 1877 1875 1876
f 1875 1874 1865
f 1865 1874 1866
f 1867 1863 1873
f 1873 1863 1862
f 1862 1853 1873
f 1873 1853 1852
f 1862 1878 1853
f 1853 1878 1854
f 1861 1879 1862
f 1862 1879 1878
f 1879 1861 1880
f 1880 1861 1866
f 1860 1873 1851
f 1851 1873 1852
f 1874 1881 1866
f 1866 1881 1880
f 1879 1880 1882
f 1882 1880 1883
f 1880 1881 1883
f 1883 1881 1884
f 1882 1883 1885
f 1885 1883 1886
f 1885 1887 1882
f 1882 1887 1888
f 1889 1886 1884
f 1884 1886 1883
f 1879 1882 1878
f 1878 1882 1888
f 1878 1888 1854
f 1854 1888 1855
f 1881 1874 1890
f 1890 1874 1877
f 1869 1872 1891
f 1891 1872 1860
f 1891 1892 1869
f 1869 1892 1870
f 1860 1859 1891
f 1891 1859 1893
f 1892 1891 1894
f 1894 1891 1893
f 1892 1895 1870
f 1870 1895 1896
f 1802 1855 1794
f 1794 1855 1897
f 1795 1898 1838
f 1838 1898 1858
f 1898 1795 1897
f 1897 1795 1794
f 1897 1887 1898
f 1898 1887 1899
f 1887 1885 1899
f 1899 1885 1900
f 1898 1899 1858
f 1858 1899 1901
f 1897 1855 1887
f 1887 1855 1888
f 1902 1857 1901
f 1901 1857 1858
f 1902 1859 1857
f 1857 1859 1856
f 1903 1893 1902
f 1902 1893 1859
f 1903 1902 1904
f 1904 1902 1901
f 1905 1903 1906
f 1906 1903 1904
f 1899 1900 1901
f 1901 1900 1904
f 1900 1907 1904
f 1904 1907 1906
f 1893 1903 1894
f 1894 1903 1905
f 1909 1894 1908
f 1908 1894 1905
f 1908 1911 1910
f 1910 1911 1912
f 1908 1905 1911
f 1911 1905 1906
f 1908 1910 1909
f 1909 1910 1890
f 1909 1890 1895
f 1895 1890 1877
f 1895 1892 1909
f 1909 1892 1894
f 1885 1886 1900
f 1900 1886 1907
f 1912 1907 1889
f 1889 1907 1886
f 1912 1911 1907
f 1907 1911 1906
f 1910 1912 1884
f 1884 1912 1889
f 1884 1881 1910
f 1910 1881 1890
f 1865 1871 1875
f 1875 1871 1876
f 1876 1896 1877
f 1877 1896 1895
f 1876 1871 1896
f 1896 1871 1870
f 1693 1692 1817
f 1817 1692 1815
f 1696 1722 1697
f 1697 1722 1721
f 1728 1727 1751
f 1751 1727 1752
f 1727 1730 1752
f 1752 1730 1746
f 1734 1733 1820
f 1820 1733 1743
f 1728 1751 1696
f 1696 1751 1722
f 1693 1817 1818
f 1818 1817 1831
f 1734 1820 1697
f 1697 1820 1694
f 1818 1733 1769
f 1769 1733 1732
f 1692 1730 1815
f 1815 1730 1729
f 1914 1915 1913
f 1913 1915 1916
f 1918 1919 1917
f 1917 1919 1920
f 1917 1920 1921
f 1921 1920 1922
f 1923 1924 1926
f 1926 1924 1925
f 1632 1927 1803
f 1803 1927 1928
f 1929 1930 1918
f 1918 1930 1919
f 1932 1933 1931
f 1931 1933 1934
f 1845 1785 1936
f 1936 1785 1935
f 1937 1935 1819
f 1819 1935 1785
f 1939 1940 1938
f 1938 1940 1941
f 1942 1924 1930
f 1930 1924 1919
f 1632 1845 1927
f 1927 1845 1936
f 1933 1932 1915
f 1915 1932 1943
f 1944 1942 1916
f 1916 1942 1930
f 1945 1939 1922
f 1922 1939 1946
f 1948 1949 1947
f 1947 1949 1950
f 1939 1938 1946
f 1946 1938 1951
f 1952 1921 1946
f 1946 1921 1922
f 1945 1922 1923
f 1923 1922 1920
f 1913 1953 1914
f 1914 1953 1954
f 1929 1955 1913
f 1913 1955 1953
f 1945 1923 1956
f 1956 1923 1926
f 1938 1941 1931
f 1931 1941 1928
f 1913 1916 1929
f 1929 1916 1930
f 1917 1957 1918
f 1918 1957 1958
f 1943 1944 1915
f 1915 1944 1916
f 1919 1924 1920
f 1920 1924 1923
f 1914 1954 1959
f 1959 1954 1960
f 1952 1948 1961
f 1961 1948 1947
f 1948 1951 1949
f 1949 1951 1934
f 1949 1959 1950
f 1950 1959 1960
f 1931 1934 1938
f 1938 1934 1951
f 1921 1952 1962
f 1962 1952 1961
f 1918 1958 1929
f 1929 1958 1955
f 1827 1826 1956
f 1956 1826 1940
f 1957 1917 1962
f 1962 1917 1921
f 1937 1925 1942
f 1942 1925 1924
f 1948 1952 1951
f 1951 1952 1946
f 1949 1934 1959
f 1959 1934 1933
f 1959 1933 1914
f 1914 1933 1915
f 1962 1961 1964
f 1964 1961 1963
f 1962 1964 1957
f 1957 1964 1965
f 1957 1965 1958
f 1958 1965 1966
f 1958 1966 1955
f 1955 1966 1967
f 1961 1947 1963
f 1963 1947 1968
f 1947 1950 1968
f 1968 1950 1969
f 1950 1960 1969
f 1969 1960 1970
f 1971 1972 1968
f 1968 1972 1963
f 1974 1975 1973
f 1973 1975 1976
f 1977 1978 1974
f 1974 1978 1975
f 1975 1978 1980
f 1980 1978 1979
f 1981 1982 1980
f 1980 1982 1983
f 1979 1984 1980
f 1980 1984 1981
f 1983 1976 1980
f 1980 1976 1975
f 1976 1985 1973
f 1973 1985 1986
f 1979 1978 1987
f 1987 1978 1977
f 1977 1965 1987
f 1987 1965 1964
f 1977 1988 1965
f 1965 1988 1966
f 1974 1989 1977
f 1977 1989 1988
f 1990 1989 1973
f 1973 1989 1974
f 1987 1972 1979
f 1979 1972 1984
f 1972 1987 1963
f 1963 1987 1964
f 1991 1990 1986
f 1986 1990 1973
f 1989 1990 1992
f 1992 1990 1993
f 1990 1991 1993
f 1993 1991 1994
f 1992 1993 1995
f 1995 1993 1996
f 1995 1997 1992
f 1992 1997 1998
f 1994 1999 1993
f 1993 1999 1996
f 1992 1998 1989
f 1989 1998 1988
f 1988 1998 1966
f 1966 1998 1967
f 1991 1986 2001
f 2001 1986 2000
f 1986 1985 2000
f 2000 1985 2002
f 1981 1984 2003
f 2003 1984 1972
f 1982 1981 2004
f 2004 1981 2003
f 1972 1971 2003
f 2003 1971 2005
f 2003 2005 2004
f 2004 2005 2006
f 2007 2008 2004
f 2004 2008 1982
f 2002 2008 2000
f 2000 2008 2007
f 1955 1967 1953
f 1953 1967 2009
f 1954 2010 1960
f 1960 2010 1970
f 2010 1954 2009
f 2009 1954 1953
f 2009 1997 2010
f 2010 1997 2011
f 1997 1995 2011
f 2011 1995 2012
f 2010 2011 1970
f 1970 2011 2013
f 1997 2009 1998
f 1998 2009 1967
f 2014 1969 2013
f 2013 1969 1970
f 2014 1971 1969
f 1969 1971 1968
f 2014 2015 1971
f 1971 2015 2005
f 2015 2014 2016
f 2016 2014 2013
f 2017 2015 2018
f 2018 2015 2016
f 2011 2012 2013
f 2013 2012 2016
f 2012 2019 2016
f 2016 2019 2018
f 2015 2017 2005
f 2005 2017 2006
f 2021 2006 2020
f 2020 2006 2017
f 2020 2023 2022
f 2022 2023 2024
f 2020 2017 2023
f 2023 2017 2018
f 2020 2022 2021
f 2021 2022 2001
f 2021 2001 2007
f 2007 2001 2000
f 2007 2004 2021
f 2021 2004 2006
f 1995 1996 2012
f 2012 1996 2019
f 2024 2019 1999
f 1999 2019 1996
f 2024 2023 2019
f 2019 2023 2018
f 2022 2024 1994
f 1994 2024 1999
f 1994 1991 2022
f 2022 1991 2001
f 1976 1983 1985
f 1985 1983 2002
f 2002 1983 2008
f 2008 1983 1982
f 1926 1925 1744
f 1744 1925 1742
f 1927 1932 1928
f 1928 1932 1931
f 1936 1935 1943
f 1943 1935 1944
f 1935 1937 1944
f 1944 1937 1942
f 1941 1940 1834
f 1834 1940 1826
f 1936 1943 1927
f 1927 1943 1932
f 1956 1926 1827
f 1827 1926 1744
f 1941 1834 1928
f 1928 1834 1803
f 1956 1940 1945
f 1945 1940 1939
f 1925 1937 1742
f 1742 1937 1819
f 1777 1827 1700
f 1700 1827 1744
f 1777 1575 1763
f 1763 1575 1578
f 1575 1574 1578
f 1578 1574 1579
f 1574 1775 1579
f 1579 1775 1764
f 2025 2026 2028
f 2028 2026 2027
f 2030 2031 2029
f 2029 2031 2032
f 2029 2032 2033
f 2033 2032 2034
f 2036 2037 2035
f 2035 2037 2038
f 2039 2040 2030
f 2030 2040 2031
f 2042 2043 2041
f 2041 2043 2044
f 2045 2046 1633
f 1633 2046 1698
f 2047 2045 1804
f 1804 2045 1633
f 2049 2050 2048
f 2048 2050 2051
f 2052 2036 2040
f 2040 2036 2031
f 2042 2053 2043
f 2043 2053 2027
f 2054 2052 2028
f 2028 2052 2040
f 2055 2049 2034
f 2034 2049 2056
f 2057 2058 2060
f 2060 2058 2059
f 2049 2048 2056
f 2056 2048 2061
f 2062 2033 2056
f 2056 2033 2034
f 2055 2034 2035
f 2035 2034 2032
f 2025 2063 2026
f 2026 2063 2064
f 2039 2065 2025
f 2025 2065 2063
f 2035 2038 2055
f 2055 2038 2066
f 2048 2051 2041
f 2041 2051 2067
f 2039 2025 2040
f 2040 2025 2028
f 2029 2068 2030
f 2030 2068 2069
f 2053 2054 2027
f 2027 2054 2028
f 2031 2036 2032
f 2032 2036 2035
f 2026 2064 2070
f 2070 2064 2071
f 2062 2058 2072
f 2072 2058 2057
f 2059 2058 2044
f 2044 2058 2061
f 2070 2071 2059
f 2059 2071 2060
f 2041 2044 2048
f 2048 2044 2061
f 2033 2062 2073
f 2073 2062 2072
f 2030 2069 2039
f 2039 2069 2065
f 2066 1848 2050
f 2050 1848 1720
f 2068 2029 2073
f 2073 2029 2033
f 2047 2037 2052
f 2052 2037 2036
f 2058 2062 2061
f 2061 2062 2056
f 2059 2044 2070
f 2070 2044 2043
f 2070 2043 2026
f 2026 2043 2027
f 2073 2072 2075
f 2075 2072 2074
f 2073 2075 2068
f 2068 2075 2076
f 2068 2076 2069
f 2069 2076 2077
f 2069 2077 2065
f 2065 2077 2078
f 2072 2057 2074
f 2074 2057 2079
f 2057 2060 2079
f 2079 2060 2080
f 2080 2060 2081
f 2081 2060 2071
f 2082 2083 2079
f 2079 2083 2074
f 2085 2086 2084
f 2084 2086 2087
f 2088 2089 2085
f 2085 2089 2086
f 2086 2089 2091
f 2091 2089 2090
f 2092 2093 2091
f 2091 2093 2094
f 2090 2095 2091
f 2091 2095 2092
f 2094 2087 2091
f 2091 2087 2086
f 2096 2097 2087
f 2087 2097 2084
f 2089 2088 2090
f 2090 2088 2098
f 2088 2076 2098
f 2098 2076 2075
f 2088 2099 2076
f 2076 2099 2077
f 2085 2100 2088
f 2088 2100 2099
f 2100 2085 2101
f 2101 2085 2084
f 2090 2098 2095
f 2095 2098 2083
f 2083 2098 2074
f 2074 2098 2075
f 2097 2102 2084
f 2084 2102 2101
f 2103 2100 2104
f 2104 2100 2101
f 2102 2105 2101
f 2101 2105 2104
f 2106 2103 2107
f 2107 2103 2104
f 2103 2106 2109
f 2109 2106 2108
f 2105 2110 2104
f 2104 2110 2107
f 2100 2103 2099
f 2099 2103 2109
f 2099 2109 2077
f 2077 2109 2078
f 2102 2097 2112
f 2112 2097 2111
f 2097 2096 2111
f 2111 2096 2113
f 2092 2095 2114
f 2114 2095 2083
f 2093 2092 2115
f 2115 2092 2114
f 2083 2082 2114
f 2114 2082 2116
f 2115 2114 2117
f 2117 2114 2116
f 2115 2118 2093
f 2093 2118 2119
f 2113 2119 2111
f 2111 2119 2118
f 2065 2078 2063
f 2063 2078 2120
f 2064 2121 2071
f 2071 2121 2081
f 2121 2064 2120
f 2120 2064 2063
f 2120 2108 2121
f 2121 2108 2122
f 2108 2106 2122
f 2122 2106 2123
f 2121 2122 2081
f 2081 2122 2124
f 2120 2078 2108
f 2108 2078 2109
f 2125 2080 2124
f 2124 2080 2081
f 2125 2082 2080
f 2080 2082 2079
f 2126 2116 2125
f 2125 2116 2082
f 2126 2125 2127
f 2127 2125 2124
f 2128 2126 2129
f 2129 2126 2127
f 2122 2123 2124
f 2124 2123 2127
f 2123 2130 2127
f 2127 2130 2129
f 2126 2128 2116
f 2116 2128 2117
f 2132 2117 2131
f 2131 2117 2128
f 2131 2134 2133
f 2133 2134 2135
f 2131 2128 2134
f 2134 2128 2129
f 2131 2133 2132
f 2132 2133 2112
f 2132 2112 2118
f 2118 2112 2111
f 2118 2115 2132
f 2132 2115 2117
f 2106 2107 2123
f 2123 2107 2130
f 2135 2130 2110
f 2110 2130 2107
f 2135 2134 2130
f 2130 2134 2129
f 2135 2110 2133
f 2133 2110 2105
f 2105 2102 2133
f 2133 2102 2112
f 2087 2094 2096
f 2096 2094 2113
f 2113 2094 2119
f 2119 2094 2093
f 2037 1850 2038
f 2038 1850 1849
f 2136 2042 2067
f 2067 2042 2041
f 2046 2045 2053
f 2053 2045 2054
f 2045 2047 2054
f 2054 2047 2052
f 1719 2051 1720
f 1720 2051 2050
f 2136 2046 2042
f 2042 2046 2053
f 2038 1849 2066
f 2066 1849 1848
f 2051 1719 2067
f 2067 1719 1755
f 2050 2049 2066
f 2066 2049 2055
f 2037 2047 1850
f 1850 2047 1804
f 2138 2139 2137
f 2137 2139 2140
f 2142 2143 2141
f 2141 2143 2144
f 2141 2144 2145
f 2145 2144 2146
f 2148 2149 2147
f 2147 2149 2150
f 2151 2152 2154
f 2154 2152 2153
f 2155 2156 2142
f 2142 2156 2143
f 2157 2158 2160
f 2160 2158 2159
f 2161 2162 2164
f 2164 2162 2163
f 2165 2163 1756
f 1756 2163 2162
f 2166 2167 2169
f 2169 2167 2168
f 2156 2170 2143
f 2143 2170 2148
f 2152 2161 2153
f 2153 2161 2164
f 2158 2171 2159
f 2159 2171 2139
f 2172 2170 2140
f 2140 2170 2156
f 2167 2174 2173
f 2173 2174 2146
f 2176 2177 2175
f 2175 2177 2178
f 2166 2179 2167
f 2167 2179 2174
f 2180 2145 2174
f 2174 2145 2146
f 2173 2146 2147
f 2147 2146 2144
f 2137 2181 2138
f 2138 2181 2182
f 2155 2183 2137
f 2137 2183 2181
f 2147 2150 2173
f 2173 2150 2184
f 2157 2166 2154
f 2154 2166 2169
f 2137 2140 2155
f 2155 2140 2156
f 2141 2185 2142
f 2142 2185 2186
f 2171 2172 2139
f 2139 2172 2140
f 2143 2148 2144
f 2144 2148 2147
f 2138 2182 2187
f 2187 2182 2188
f 2180 2176 2189
f 2189 2176 2175
f 2177 2176 2160
f 2160 2176 2179
f 2187 2188 2177
f 2177 2188 2178
f 2166 2157 2179
f 2179 2157 2160
f 2145 2180 2190
f 2190 2180 2189
f 2142 2186 2155
f 2155 2186 2183
f 1759 1758 2184
f 2184 1758 2168
f 2185 2141 2190
f 2190 2141 2145
f 2165 2149 2170
f 2170 2149 2148
f 2176 2180 2179
f 2179 2180 2174
f 2187 2177 2159
f 2159 2177 2160
f 2138 2187 2139
f 2139 2187 2159
f 2190 2189 2192
f 2192 2189 2191
f 2190 2192 2185
f 2185 2192 2193
f 2185 2193 2186
f 2186 2193 2194
f 2186 2194 2183
f 2183 2194 2195
f 2189 2175 2191
f 2191 2175 2196
f 2175 2178 2196
f 2196 2178 2197
f 2197 2178 2198
f 2198 2178 2188
f 2200 2191 2199
f 2199 2191 2196
f 2201 2202 2204
f 2204 2202 2203
f 2205 2206 2202
f 2202 2206 2203
f 2203 2206 2208
f 2208 2206 2207
f 2208 2209 2211
f 2211 2209 2210
f 2207 2212 2208
f 2208 2212 2209
f 2211 2204 2208
f 2208 2204 2203
f 2204 2213 2201
f 2201 2213 2214
f 2206 2205 2207
f 2207 2205 2215
f 2205 2193 2215
f 2215 2193 2192
f 2205 2216 2193
f 2193 2216 2194
f 2217 2216 2202
f 2202 2216 2205
f 2218 2217 2201
f 2201 2217 2202
f 2207 2215 2212
f 2212 2215 2200
f 2200 2215 2191
f 2191 2215 2192
f 2219 2218 2214
f 2214 2218 2201
f 2220 2217 2221
f 2221 2217 2218
f 2219 2222 2218
f 2218 2222 2221
f 2223 2220 2224
f 2224 2220 2221
f 2220 2223 2226
f 2226 2223 2225
f 2222 2227 2221
f 2221 2227 2224
f 2217 2220 2216
f 2216 2220 2226
f 2216 2226 2194
f 2194 2226 2195
f 2214 2228 2219
f 2219 2228 2229
f 2214 2213 2228
f 2228 2213 2230
f 2209 2212 2231
f 2231 2212 2200
f 2209 2231 2210
f 2210 2231 2232
f 2231 2200 2233
f 2233 2200 2199
f 2232 2231 2234
f 2234 2231 2233
f 2235 2236 2232
f 2232 2236 2210
f 2230 2236 2228
f 2228 2236 2235
f 2183 2195 2181
f 2181 2195 2237
f 2182 2238 2188
f 2188 2238 2198
f 2237 2238 2181
f 2181 2238 2182
f 2225 2239 2237
f 2237 2239 2238
f 2223 2240 2225
f 2225 2240 2239
f 2238 2239 2198
f 2198 2239 2241
f 2237 2195 2225
f 2225 2195 2226
f 2242 2197 2241
f 2241 2197 2198
f 2197 2242 2196
f 2196 2242 2199
f 2242 2243 2199
f 2199 2243 2233
f 2243 2242 2244
f 2244 2242 2241
f 2245 2243 2246
f 2246 2243 2244
f 2239 2240 2241
f 2241 2240 2244
f 2240 2247 2244
f 2244 2247 2246
f 2243 2245 2233
f 2233 2245 2234
f 2249 2234 2248
f 2248 2234 2245
f 2248 2251 2250
f 2250 2251 2252
f 2248 2245 2251
f 2251 2245 2246
f 2248 2250 2249
f 2249 2250 2229
f 2249 2229 2235
f 2235 2229 2228
f 2235 2232 2249
f 2249 2232 2234
f 2240 2223 2247
f 2247 2223 2224
f 2252 2247 2227
f 2227 2247 2224
f 2252 2251 2247
f 2247 2251 2246
f 2250 2252 2222
f 2222 2252 2227
f 2222 2219 2250
f 2250 2219 2229
f 2204 2211 2213
f 2213 2211 2230
f 2230 2211 2236
f 2236 2211 2210
f 2149 1718 2150
f 2150 1718 1846
f 2154 2153 2157
f 2157 2153 2158
f 2171 2164 2172
f 2172 2164 2163
f 2163 2165 2172
f 2172 2165 2170
f 2253 2151 2169
f 2169 2151 2154
f 2153 2164 2158
f 2158 2164 2171
f 2150 1846 2184
f 2184 1846 1759
f 2184 2168 2173
f 2173 2168 2167
f 2149 2165 1718
f 1718 2165 1756
f 1661 1585 2254
f 2254 1585 2255
f 1824 1682 2257
f 2257 1682 2256
f 1682 1681 2256
f 2256 1681 2258
f 1808 2259 1806
f 1806 2259 2260
f 1588 1824 2261
f 2261 1824 2257
f 1844 1661 2262
f 2262 1661 2254
f 1585 1588 2255
f 2255 1588 2261
f 2263 1807 2262
f 2262 1807 1844
f 1806 2260 1681
f 1681 2260 2258
f 2259 1808 2263
f 2263 1808 1807
f 2262 2264 2263
f 2263 2264 2265
f 2263 2265 2259
f 2259 2265 2266
f 2259 2266 2260
f 2260 2266 2267
f 2260 2267 2258
f 2258 2267 2268
f 2262 2254 2264
f 2264 2254 2269
f 2254 2255 2269
f 2269 2255 2270
f 2255 2261 2270
f 2270 2261 2271
f 2273 2264 2272
f 2272 2264 2269
f 2275 2276 2274
f 2274 2276 2277
f 2278 2279 2275
f 2275 2279 2276
f 2280 2281 2279
f 2279 2281 2276
f 2280 2282 2281
f 2281 2282 2283
f 2284 2277 2281
f 2281 2277 2276
f 2277 2284 2285
f 2285 2284 2286
f 2285 2287 2277
f 2277 2287 2274
f 2280 2279 2288
f 2288 2279 2278
f 2278 2266 2288
f 2288 2266 2265
f 2278 2289 2266
f 2266 2289 2267
f 2275 2290 2278
f 2278 2290 2289
f 2290 2275 2291
f 2291 2275 2274
f 2280 2288 2282
f 2282 2288 2273
f 2273 2288 2264
f 2264 2288 2265
f 2287 2292 2274
f 2274 2292 2291
f 2293 2290 2294
f 2294 2290 2291
f 2292 2295 2291
f 2291 2295 2294
f 2296 2293 2297
f 2297 2293 2294
f 2293 2296 2299
f 2299 2296 2298
f 2295 2300 2294
f 2294 2300 2297
f 2290 2293 2289
f 2289 2293 2299
f 2289 2299 2267
f 2267 2299 2268
f 2292 2287 2302
f 2302 2287 2301
f 2287 2285 2301
f 2301 2285 2286
f 2283 2282 2303
f 2303 2282 2273
f 2304 2283 2305
f 2305 2283 2303
f 2303 2273 2306
f 2306 2273 2272
f 2305 2303 2307
f 2307 2303 2306
f 2305 2308 2304
f 2304 2308 2309
f 2286 2309 2301
f 2301 2309 2308
f 2284 2281 2304
f 2304 2281 2283
f 2286 2284 2309
f 2309 2284 2304
f 2256 2258 2310
f 2310 2258 2268
f 2261 2257 2271
f 2271 2257 2311
f 2310 2311 2256
f 2256 2311 2257
f 2298 2312 2310
f 2310 2312 2311
f 2296 2313 2298
f 2298 2313 2312
f 2311 2312 2271
f 2271 2312 2314
f 2310 2268 2298
f 2298 2268 2299
f 2315 2270 2314
f 2314 2270 2271
f 2270 2315 2269
f 2269 2315 2272
f 2315 2316 2272
f 2272 2316 2306
f 2316 2315 2317
f 2317 2315 2314
f 2318 2316 2319
f 2319 2316 2317
f 2312 2313 2314
f 2314 2313 2317
f 2313 2320 2317
f 2317 2320 2319
f 2316 2318 2306
f 2306 2318 2307
f 2322 2307 2321
f 2321 2307 2318
f 2323 2321 2325
f 2325 2321 2324
f 2321 2318 2324
f 2324 2318 2319
f 2321 2323 2322
f 2322 2323 2302
f 2322 2302 2308
f 2308 2302 2301
f 2308 2305 2322
f 2322 2305 2307
f 2313 2296 2320
f 2320 2296 2297
f 2325 2320 2300
f 2300 2320 2297
f 2325 2324 2320
f 2320 2324 2319
f 2323 2325 2295
f 2295 2325 2300
f 2295 2292 2323
f 2323 2292 2302
f 1775 1773 1764
f 1764 1773 1765
f 1765 1773 1766
f 1766 1773 1749
f 1754 2136 1755
f 1755 2136 2067
f 1632 1631 1845
f 1845 1631 1828
f 1833 1763 1847
f 1847 1763 1740
f 1846 1739 1759
f 1759 1739 1640
f 2046 2136 1698
f 1698 2136 1754
f 1698 1754 1699
f 1699 1754 1753
f 1705 1832 1628
f 1628 1832 1629
f 1660 1659 1835
f 1835 1659 2326
f 2326 2152 1835
f 1835 2152 2151
f 2161 2152 2327
f 2327 2152 2326
f 2327 2326 2328
f 2328 2326 1659
f 2328 1659 2329
f 2329 1659 1658
f 1711 2330 1657
f 1657 2330 1658
f 2329 1658 1653
f 1653 1658 2330
f 2331 2329 1656
f 1656 2329 1653
f 2329 2331 2328
f 2328 2331 2332
f 2328 2332 2327
f 2327 2332 2333
f 1756 2162 1753
f 1753 2162 2333
f 1745 1627 2334
f 2334 1627 1630
f 1653 2330 1654
f 1654 2330 1711
f 1739 1717 1740
f 1740 1717 1847
f 2333 1832 1753
f 1753 1832 1699
f 2333 2162 2327
f 2327 2162 2161
f 2169 2168 2253
f 2253 2168 1758
f 2151 2253 1835
f 1835 2253 1758
f 1629 1832 2332
f 2332 1832 2333
f 2332 2331 1629
f 1629 2331 1630
f 1656 2334 2331
f 2331 2334 1630
f 2334 1656 1745
f 1745 1656 1655
f 1801 1798 1655
f 1655 1798 1745
f 1687 1589 1812
f 1584 1557 1651
f 1651 1557 1618
f 1583 1558 1584
f 1584 1558 1557
f 1821 1671 1822
f 1822 1671 1670
f 1651 1618 1625
f 1625 1618 1620
f 1618 1617 1620
f 1620 1617 1621
f 1617 1569 1621
f 1621 1569 1686
f 1569 1568 1686
f 1686 1568 1570
f 1587 1567 1588
f 1588 1567 1824
f 1571 1568 1587
f 1587 1568 1567
f 1587 1586 1571
f 1571 1586 1787
f 1586 1662 1787
f 1787 1662 1788
f 1843 1793 1662
f 1662 1793 1788
f 1810 1646 1843
f 1843 1646 1793
f 1809 1600 1810
f 1810 1600 1646
f 1809 1805 1600
f 1600 1805 1563
f 1823 1683 1824
f 1824 1683 1682
f 1566 1559 1797
f 1797 1559 1672
f 1559 1558 1672
f 1672 1558 1670
f 1558 1583 1670
f 1670 1583 1822
f 1583 1582 1822
f 1822 1582 1669
f 1582 1842 1669
f 1669 1842 1666
f 1842 1799 1666
f 1666 1799 1811
f 1799 1798 1811
f 1811 1798 1812
f 1798 1801 1812
f 1812 1801 1687
f 1801 1800 1687
f 1687 1800 1688
f 1821 1593 1671
f 1671 1593 1597
f 1597 1593 1598
f 1598 1593 1596
f 1648 1647 1596
f 1596 1647 1598
f 1792 1789 1648
f 1648 1789 1647
f 1747 1750 1792
f 1792 1750 1789
f 1814 1841 1800
f 1800 1841 1688
f 1813 1611 1814
f 1814 1611 1841
f 1813 1710 1757
f 1757 1710 1741
f 1612 1757 1760
f 1760 1757 1736
f 1611 1813 1612
f 1612 1813 1757
f 1760 1641 1612
f 1612 1641 1608
f 1642 1678 1609
f 1609 1678 1635
f 1768 1771 1642
f 1642 1771 1678
f 1767 1772 1768
f 1768 1772 1771
f 1748 1836 1767
f 1767 1836 1772
f 1747 1796 1748
f 1748 1796 1836
f 1805 1680 1563
f 1563 1680 1564
f 1680 1683 1564
f 1564 1683 1797
f 1683 1823 1797
f 1797 1823 1566
f 1566 1823 1565
f 1565 1823 1567
