o hand_left
v -0.197091 0.488594 0.804133
v -0.192804 0.496418 0.797735
v -0.196976 0.487195 0.796305
v -0.201734 0.480855 0.801764
v -0.189507 0.494902 0.777997
v -0.196043 0.498322 0.767702
v -0.201582 0.482850 0.771695
v -0.194008 0.482793 0.779592
v -0.207161 0.475268 0.801428
v -0.200410 0.479830 0.795618
v -0.212283 0.475026 0.802036
v -0.221477 0.474143 0.809661
v -0.214350 0.472210 0.807573
v -0.224968 0.470939 0.816369
v -0.226704 0.483933 0.810550
v -0.228021 0.476479 0.823627
v -0.215395 0.502726 0.828016
v -0.205187 0.508659 0.834388
v -0.207079 0.494907 0.845319
v -0.216693 0.489594 0.837113
v -0.188997 0.505386 0.847878
v -0.199006 0.499040 0.847033
v -0.197982 0.513356 0.837045
v -0.189042 0.518235 0.838208
v -0.186946 0.499540 0.808930
v -0.183268 0.507945 0.802706
v -0.187461 0.504847 0.801038
v -0.190949 0.496627 0.806826
v -0.217850 0.472325 0.794138
v -0.223511 0.483456 0.795467
v -0.219734 0.478855 0.800771
v -0.212746 0.470724 0.795798
v -0.166591 0.526937 0.789342
v -0.169531 0.539295 0.784797
v -0.174401 0.537736 0.781872
v -0.170871 0.526980 0.786960
v -0.188581 0.522284 0.769511
v -0.189150 0.533547 0.771628
v -0.201030 0.539995 0.768612
v -0.203547 0.529533 0.768594
v -0.191358 0.509444 0.767626
v -0.203659 0.515820 0.765043
v -0.206984 0.501952 0.765258
v -0.210646 0.483974 0.768974
v -0.160824 0.544271 0.792794
v -0.157055 0.535745 0.796901
v -0.203619 0.426165 0.829335
v -0.198210 0.428228 0.829930
v -0.200618 0.432836 0.828515
v -0.205745 0.430005 0.828421
v -0.161463 0.549336 0.812333
v -0.168592 0.553357 0.818205
v -0.166272 0.558657 0.813769
v -0.161058 0.554696 0.807022
v -0.162038 0.542181 0.819273
v -0.171826 0.545523 0.823754
v -0.208700 0.424249 0.840763
v -0.209029 0.423334 0.835744
v -0.211983 0.427593 0.836191
v -0.211265 0.429065 0.841258
v -0.206929 0.474551 0.806984
v -0.199787 0.480335 0.808985
v -0.210658 0.462427 0.817557
v -0.205807 0.469857 0.815820
v -0.212043 0.468934 0.812219
v -0.215993 0.463230 0.815308
v -0.188256 0.483190 0.824748
v -0.186805 0.492350 0.817697
v -0.191832 0.488595 0.815725
v -0.194253 0.477583 0.822052
v -0.174197 0.497288 0.821824
v -0.176955 0.488160 0.828719
v -0.169500 0.492092 0.830247
v -0.168253 0.497333 0.824492
v -0.184799 0.472686 0.839249
v -0.186600 0.468468 0.842854
v -0.183804 0.468780 0.843442
v -0.181680 0.474462 0.840088
v -0.165006 0.564365 0.809741
v -0.161631 0.559721 0.801769
v -0.168827 0.513238 0.849072
v -0.159300 0.515604 0.843714
v -0.157695 0.505028 0.852265
v -0.168626 0.505561 0.856273
v -0.178727 0.553546 0.820379
v -0.175423 0.560129 0.817650
v -0.205003 0.426417 0.845204
v -0.207138 0.431248 0.845226
v -0.216562 0.509075 0.770750
v -0.219274 0.487373 0.772237
v -0.213251 0.525137 0.772269
v -0.211262 0.536221 0.774868
v -0.210334 0.545272 0.774255
v -0.201878 0.468789 0.820751
v -0.194660 0.487968 0.810569
v -0.182780 0.501728 0.810674
v -0.154709 0.508009 0.821666
v -0.153475 0.515756 0.814674
v -0.161426 0.509084 0.812047
v -0.161220 0.504009 0.819117
v -0.152413 0.511247 0.837972
v -0.152601 0.504977 0.832912
v -0.153318 0.498593 0.839062
v -0.152538 0.502952 0.845212
v -0.222816 0.472538 0.788224
v -0.226072 0.487295 0.789242
v -0.157153 0.543813 0.804402
v -0.159234 0.548903 0.798886
v -0.161059 0.556167 0.794884
v -0.175315 0.516807 0.794648
v -0.173735 0.526897 0.785064
v -0.176805 0.524508 0.782549
v -0.178214 0.516038 0.793881
v -0.186521 0.502090 0.789515
v -0.183741 0.508508 0.778136
v -0.190261 0.490806 0.789629
v -0.180820 0.536982 0.776801
v -0.175191 0.546482 0.776540
v -0.182918 0.545047 0.772342
v -0.168096 0.549770 0.782446
v -0.162784 0.553077 0.788791
v -0.174338 0.568421 0.815992
v -0.190910 0.543714 0.770074
v -0.197996 0.474511 0.780702
v -0.200651 0.467005 0.780653
v -0.200743 0.468143 0.788503
v -0.197833 0.475715 0.789524
v -0.226189 0.464655 0.823598
v -0.221605 0.462638 0.817514
v -0.219355 0.469302 0.811554
v -0.163149 0.519956 0.797931
v -0.155033 0.527655 0.803800
v -0.206537 0.461545 0.822051
v -0.213447 0.434419 0.841017
v -0.214500 0.432822 0.835463
v -0.222290 0.450397 0.829362
v -0.221377 0.451416 0.836154
v -0.204664 0.458580 0.830700
v -0.206377 0.458590 0.823671
v -0.205446 0.457202 0.825308
v -0.201703 0.456678 0.830740
v -0.175987 0.473769 0.844076
v -0.174259 0.479061 0.840967
v -0.214523 0.475205 0.843761
v -0.225998 0.474370 0.838036
v -0.225341 0.484704 0.830346
v -0.182044 0.486821 0.826744
v -0.182715 0.478959 0.833419
v -0.179248 0.480777 0.834830
v -0.200141 0.467289 0.824885
v -0.202912 0.461982 0.827285
v -0.199400 0.465303 0.830298
v -0.196138 0.470533 0.827160
v -0.160337 0.526157 0.835641
v -0.151968 0.521020 0.829286
v -0.207367 0.424221 0.831534
v -0.209996 0.428231 0.831295
v -0.180737 0.495702 0.819752
v -0.221988 0.496528 0.821281
v -0.178006 0.503861 0.812310
v -0.177560 0.488943 0.857479
v -0.171404 0.485503 0.854140
v -0.171578 0.478940 0.854586
v -0.175984 0.479668 0.858602
v -0.196059 0.442359 0.835885
v -0.197305 0.440322 0.830525
v -0.195882 0.435428 0.831843
v -0.194447 0.437063 0.837168
v -0.210727 0.457908 0.819857
v -0.216438 0.457488 0.818153
v -0.214331 0.452530 0.820565
v -0.209001 0.454624 0.822468
v -0.221695 0.456704 0.821337
v -0.219661 0.451114 0.823664
v -0.198582 0.442451 0.841978
v -0.204476 0.440262 0.846221
v -0.210270 0.456161 0.842674
v -0.203343 0.455358 0.838076
v -0.189744 0.531169 0.830163
v -0.179193 0.534257 0.831868
v -0.178261 0.521541 0.840110
v -0.177364 0.509666 0.849448
v -0.176952 0.497845 0.856962
v -0.188894 0.495198 0.856897
v -0.170623 0.524553 0.839895
v -0.207055 0.463914 0.838977
v -0.214610 0.466091 0.841151
v -0.211049 0.467798 0.842626
v -0.170857 0.505143 0.813996
v -0.212638 0.433199 0.830311
v -0.213197 0.546829 0.796131
v -0.205985 0.551814 0.806295
v -0.207770 0.543552 0.808710
v -0.215266 0.537543 0.796845
v -0.202157 0.437663 0.826555
v -0.207911 0.434763 0.826192
v -0.168392 0.480180 0.843359
v -0.170888 0.475090 0.846287
v -0.169536 0.475321 0.849249
v -0.164754 0.479338 0.846499
v -0.173692 0.536471 0.831237
v -0.155737 0.495805 0.854638
v -0.165847 0.497794 0.858952
v -0.180427 0.545209 0.824694
v -0.189866 0.542984 0.823601
v -0.189432 0.551668 0.819152
v -0.198689 0.483722 0.854399
v -0.197116 0.526686 0.829260
v -0.196347 0.539259 0.821950
v -0.196112 0.549470 0.816546
v -0.195690 0.557242 0.813461
v -0.188316 0.558790 0.816519
v -0.209066 0.437012 0.844960
v -0.201609 0.434334 0.846897
v -0.187581 0.567708 0.814840
v -0.195628 0.565296 0.810933
v -0.203797 0.535022 0.818566
v -0.211980 0.529540 0.813134
v -0.204118 0.522931 0.825653
v -0.212437 0.516551 0.821135
v -0.209666 0.483845 0.853056
v -0.190477 0.421286 0.845296
v -0.194432 0.431235 0.844043
v -0.192359 0.431912 0.838644
v -0.187901 0.422100 0.842067
v -0.196477 0.436863 0.842880
v -0.199408 0.429560 0.846694
v -0.220201 0.509079 0.811544
v -0.201350 0.461522 0.833395
v -0.219219 0.521267 0.799196
v -0.227179 0.495767 0.803521
v -0.225102 0.503599 0.792827
v -0.218218 0.531730 0.784878
v -0.222303 0.515187 0.781602
v -0.213840 0.549571 0.783902
v -0.215593 0.541082 0.785832
v -0.224756 0.497600 0.780045
v -0.196010 0.417957 0.831193
v -0.191341 0.420747 0.832461
v -0.212306 0.554832 0.793947
v -0.194509 0.482548 0.789996
v -0.170017 0.511687 0.805296
v -0.175475 0.510530 0.804502
v -0.153713 0.520453 0.810357
v -0.162347 0.513869 0.805799
v -0.200455 0.415759 0.832858
v -0.187506 0.466921 0.846911
v -0.187711 0.468649 0.846397
v -0.203134 0.473899 0.773170
v -0.204712 0.467920 0.774192
v -0.217945 0.468381 0.775646
v -0.211525 0.467652 0.772613
v -0.211232 0.474863 0.770439
v -0.218259 0.476334 0.773301
v -0.172804 0.517038 0.795489
v -0.169183 0.517607 0.796932
v -0.160857 0.534734 0.826981
v -0.152882 0.528846 0.820998
v -0.224465 0.457926 0.827056
v -0.227351 0.467474 0.831363
v -0.224177 0.459969 0.833753
v -0.217742 0.455354 0.840911
v -0.203466 0.460545 0.836034
v -0.206445 0.460947 0.836294
v -0.179750 0.517107 0.780438
v -0.182309 0.511298 0.791831
v -0.202864 0.475652 0.795449
v -0.205120 0.469493 0.794732
v -0.190252 0.475698 0.829330
v -0.197379 0.471707 0.854169
v -0.206161 0.472060 0.852256
v -0.192701 0.469163 0.834682
v -0.202261 0.414810 0.840961
v -0.202210 0.414595 0.835992
v -0.221397 0.463884 0.839020
v -0.171570 0.484083 0.836095
v -0.193244 0.477644 0.854640
v -0.191157 0.468777 0.852567
v -0.152180 0.496921 0.847411
v -0.205116 0.560040 0.802979
v -0.193191 0.430449 0.833344
v -0.188178 0.422752 0.835684
v -0.194328 0.420240 0.846890
v -0.199677 0.417835 0.845707
v -0.154965 0.535179 0.812306
v -0.179065 0.509399 0.804137
v -0.224406 0.482623 0.780073
v -0.221980 0.470863 0.781703
v -0.194175 0.466262 0.837683
v -0.171310 0.492046 0.857358
v -0.186285 0.485846 0.859300
v -0.184093 0.476403 0.860908
v -0.188981 0.471716 0.857568
v -0.189576 0.467682 0.851617
v -0.191567 0.415868 0.846638
v -0.196869 0.413782 0.845502
v -0.199743 0.410723 0.840886
v -0.199767 0.410527 0.836454
v -0.197958 0.412690 0.833102
v -0.187439 0.416499 0.845333
v -0.185256 0.416999 0.842249
v -0.186109 0.419196 0.836422
v -0.184642 0.412223 0.844345
v -0.187615 0.408084 0.846003
v -0.192812 0.399047 0.836998
v -0.195435 0.403297 0.840031
v -0.193460 0.401742 0.841061
v -0.190779 0.397922 0.839332
v -0.187357 0.394056 0.838909
v -0.189368 0.394681 0.836023
v -0.191977 0.404949 0.844060
v -0.187905 0.399899 0.842317
v -0.184436 0.401961 0.843592
v -0.181546 0.397311 0.842690
v -0.184590 0.395251 0.841746
v -0.187548 0.405124 0.844983
v -0.193203 0.406830 0.844802
v -0.185442 0.392222 0.836496
v -0.185158 0.392131 0.839031
v -0.182548 0.393110 0.840867
v -0.180817 0.391976 0.838575
v -0.197441 0.406683 0.835521
v -0.192844 0.399765 0.834438
v -0.188040 0.396178 0.833495
v -0.184238 0.393592 0.834276
v -0.189827 0.401162 0.831935
v -0.186109 0.397994 0.832172
v -0.182541 0.396118 0.832889
v -0.186067 0.403034 0.831029
v -0.183456 0.399748 0.831819
v -0.192866 0.412536 0.831672
v -0.196533 0.410477 0.832563
v -0.181581 0.397845 0.832019
v -0.179566 0.392994 0.836967
v -0.182547 0.405174 0.843707
v -0.179284 0.399294 0.841480
v -0.181041 0.406556 0.842379
v -0.177612 0.400754 0.840515
v -0.177849 0.395113 0.840832
v -0.180304 0.394877 0.841661
v -0.194286 0.415949 0.831816
v -0.189212 0.418562 0.833342
v -0.187655 0.415574 0.833211
v -0.182068 0.405440 0.832204
v -0.184325 0.415918 0.836135
v -0.182673 0.412959 0.841127
v -0.179472 0.406788 0.839803
v -0.179380 0.406940 0.836337
v -0.177335 0.402025 0.838232
v -0.178164 0.402391 0.835820
v -0.180267 0.401315 0.832756
v -0.176965 0.398190 0.836733
v -0.176967 0.396426 0.839170
v -0.179107 0.395680 0.834870
v -0.177522 0.399576 0.835394
v -0.179616 0.398110 0.833779
v -0.184208 0.433473 0.840084
v -0.178944 0.436206 0.842289
v -0.182224 0.440444 0.842097
v -0.186534 0.437746 0.840166
v -0.191678 0.428659 0.850434
v -0.190624 0.429446 0.844536
v -0.193777 0.433181 0.845014
v -0.194218 0.433107 0.851784
v -0.188510 0.430794 0.856129
v -0.190962 0.435778 0.857000
v -0.197289 0.437993 0.852083
v -0.196615 0.438341 0.844950
v -0.204372 0.457758 0.841863
v -0.205723 0.458219 0.848513
v -0.187794 0.463908 0.842606
v -0.187167 0.463688 0.846276
v -0.187514 0.431398 0.841174
v -0.190495 0.435251 0.841476
v -0.178896 0.447163 0.848777
v -0.180434 0.446393 0.843535
v -0.178508 0.441950 0.844961
v -0.177298 0.442275 0.850336
v -0.198129 0.459903 0.836867
v -0.192976 0.462324 0.839745
v -0.201320 0.458460 0.838212
v -0.180854 0.446107 0.854991
v -0.185789 0.443897 0.859209
v -0.194706 0.461963 0.857262
v -0.189161 0.462531 0.854372
v -0.193541 0.439624 0.840506
v -0.184287 0.444183 0.840018
v -0.188780 0.441935 0.838534
v -0.193125 0.441049 0.857275
v -0.183545 0.438402 0.858909
v -0.171121 0.424898 0.854536
v -0.176525 0.435950 0.855504
v -0.174688 0.437171 0.850845
v -0.168069 0.426008 0.850860
v -0.178737 0.440848 0.855597
v -0.181536 0.433747 0.857920
v -0.173846 0.421732 0.839360
v -0.168688 0.424488 0.841859
v -0.177755 0.419397 0.839857
v -0.202084 0.460424 0.854470
v -0.183445 0.418450 0.848135
v -0.181088 0.418435 0.842166
v -0.175388 0.437588 0.845810
v -0.166722 0.425722 0.846298
v -0.175100 0.423112 0.855706
v -0.181666 0.420953 0.853869
v -0.172773 0.417553 0.854144
v -0.178195 0.415920 0.852360
v -0.180432 0.414101 0.847185
v -0.178746 0.415260 0.842085
v -0.175866 0.417124 0.839932
v -0.168979 0.418713 0.853388
v -0.165723 0.420347 0.850477
v -0.165415 0.422322 0.845997
v -0.164161 0.413321 0.849151
v -0.167673 0.410128 0.849888
v -0.171019 0.401930 0.833938
v -0.174086 0.405492 0.837730
v -0.172974 0.404107 0.839655
v -0.169894 0.400923 0.836305
v -0.176645 0.407678 0.842899
v -0.174747 0.406263 0.843239
v -0.172051 0.407305 0.846954
v -0.168985 0.404462 0.842379
v -0.165121 0.406135 0.844738
v -0.162261 0.402242 0.841503
v -0.166038 0.400191 0.839361
v -0.168256 0.407556 0.847580
v -0.167270 0.398883 0.834767
v -0.166399 0.398968 0.832346
v -0.173787 0.408608 0.848981
v -0.178057 0.412603 0.840654
v -0.173764 0.407304 0.835178
v -0.169626 0.403648 0.831454
v -0.164211 0.400524 0.830842
v -0.170925 0.409570 0.833038
v -0.167175 0.405525 0.830372
v -0.162830 0.402862 0.830599
v -0.166849 0.411929 0.832514
v -0.163470 0.407558 0.830543
v -0.171789 0.419036 0.838605
v -0.175791 0.416153 0.838339
v -0.162182 0.405196 0.830658
v -0.162559 0.397681 0.834897
v -0.160681 0.399501 0.832751
v -0.163730 0.398111 0.836265
v -0.163308 0.407310 0.845060
v -0.160434 0.403360 0.840745
v -0.161095 0.408999 0.844186
v -0.158625 0.404295 0.839361
v -0.159438 0.399885 0.837598
v -0.160940 0.399269 0.838113
v -0.172242 0.419728 0.840378
v -0.167593 0.421999 0.842654
v -0.167104 0.421000 0.841071
v -0.162403 0.413208 0.835168
v -0.164132 0.420385 0.844598
v -0.162848 0.416393 0.847181
v -0.159821 0.411078 0.842606
v -0.159770 0.412633 0.838922
v -0.157169 0.405783 0.838633
v -0.157936 0.408395 0.836879
v -0.160215 0.408901 0.832662
v -0.156996 0.402273 0.835365
v -0.158178 0.400592 0.836558
v -0.160021 0.401553 0.832157
v -0.157369 0.405162 0.834605
v -0.159748 0.404751 0.831850
v -0.173651 0.446301 0.844571
v -0.168727 0.449191 0.845403
v -0.170727 0.452534 0.845859
v -0.175629 0.449774 0.845187
v -0.178085 0.442011 0.855989
v -0.178421 0.441742 0.850967
v -0.181109 0.445461 0.851822
v -0.181545 0.446672 0.857257
v -0.173755 0.442327 0.859710
v -0.177708 0.448650 0.861859
v -0.184364 0.451386 0.858435
v -0.183555 0.449453 0.852583
v -0.188137 0.463867 0.851794
v -0.187955 0.465023 0.858317
v -0.176613 0.443703 0.847095
v -0.178768 0.447034 0.847620
v -0.166076 0.457018 0.852132
v -0.168128 0.456175 0.847790
v -0.166628 0.453858 0.849109
v -0.165176 0.454021 0.853139
v -0.182146 0.467330 0.843942
v -0.177069 0.470286 0.845404
v -0.185468 0.464544 0.846575
v -0.167477 0.456620 0.858596
v -0.172817 0.455765 0.863545
v -0.174974 0.469769 0.861328
v -0.171382 0.470888 0.856451
v -0.181028 0.450149 0.848026
v -0.172388 0.454981 0.844767
v -0.177269 0.452272 0.844585
v -0.179989 0.453900 0.862411
v -0.170825 0.450650 0.862532
v -0.157346 0.434423 0.854544
v -0.164340 0.448743 0.858458
v -0.163222 0.450514 0.852831
v -0.155462 0.436389 0.850980
v -0.165848 0.452569 0.858816
v -0.168455 0.445771 0.861420
v -0.164772 0.434689 0.841171
v -0.160121 0.437061 0.842715
v -0.168590 0.433398 0.843450
v -0.182923 0.467611 0.862706
v -0.171181 0.471590 0.850017
v -0.170349 0.430355 0.850305
v -0.170208 0.431841 0.846109
v -0.164900 0.450670 0.848799
v -0.156213 0.437694 0.846727
v -0.161535 0.432861 0.856880
v -0.167625 0.431331 0.855581
v -0.159348 0.428739 0.854065
v -0.165617 0.427594 0.853023
v -0.169021 0.427433 0.848304
v -0.168930 0.429831 0.844165
v -0.167225 0.431696 0.841639
v -0.155301 0.430646 0.851265
v -0.153851 0.432794 0.848108
v -0.156144 0.436301 0.845387
v -0.153262 0.428091 0.848191
v -0.156580 0.423871 0.849315
v -0.160929 0.417146 0.833849
v -0.163284 0.420609 0.838287
v -0.162493 0.420111 0.839085
v -0.160088 0.416154 0.835039
v -0.165543 0.423012 0.844285
v -0.164045 0.421901 0.843765
v -0.161391 0.421877 0.846623
v -0.158471 0.418146 0.841950
v -0.153249 0.420900 0.843471
v -0.151811 0.417339 0.839267
v -0.156412 0.414458 0.837735
v -0.157020 0.422653 0.847518
v -0.158045 0.414135 0.833180
v -0.159049 0.413952 0.831543
v -0.162415 0.422918 0.848697
v -0.167255 0.426679 0.841558
v -0.164118 0.422578 0.836139
v -0.161767 0.419213 0.831559
v -0.158490 0.416911 0.829397
v -0.162632 0.425576 0.834228
v -0.160303 0.421908 0.830735
v -0.157328 0.419718 0.828918
v -0.160063 0.427668 0.833552
v -0.157943 0.424145 0.830805
v -0.163501 0.433312 0.839625
v -0.166309 0.430371 0.840004
v -0.156228 0.421715 0.829547
v -0.154527 0.412895 0.832691
v -0.152939 0.415923 0.830146
v -0.155127 0.413397 0.834265
v -0.151988 0.422167 0.843988
v -0.149679 0.418108 0.838564
v -0.150573 0.424424 0.842930
v -0.148456 0.420329 0.837602
v -0.150412 0.414908 0.835222
v -0.151435 0.414778 0.835918
v -0.164067 0.433946 0.840728
v -0.159715 0.436126 0.842315
v -0.159387 0.435411 0.841096
v -0.155520 0.429261 0.834376
v -0.155541 0.435295 0.843751
v -0.152261 0.430375 0.845219
v -0.150552 0.426712 0.840462
v -0.151795 0.428514 0.837168
v -0.148822 0.422685 0.836067
v -0.150464 0.424785 0.834921
v -0.154020 0.425556 0.831538
v -0.149776 0.419910 0.832888
v -0.149288 0.417070 0.833920
v -0.152906 0.419127 0.829587
v -0.150674 0.422270 0.832301
v -0.153165 0.421709 0.829944
v -0.173163 0.471547 0.847193
v -0.161759 0.459912 0.846982
v -0.157778 0.461303 0.846560
v -0.157926 0.463142 0.847144
v -0.162232 0.462633 0.846958
v -0.164893 0.459218 0.857903
v -0.165813 0.458386 0.853371
v -0.167577 0.462137 0.854247
v -0.166644 0.462888 0.858583
v -0.160830 0.460521 0.860667
v -0.161976 0.463942 0.860921
v -0.167259 0.466978 0.858516
v -0.168408 0.466437 0.853972
v -0.170323 0.482252 0.853334
v -0.168876 0.485044 0.857687
v -0.151749 0.489966 0.848201
v -0.153488 0.489520 0.843388
v -0.153325 0.480915 0.846042
v -0.151636 0.482540 0.850110
v -0.164480 0.458879 0.849599
v -0.166021 0.462303 0.849524
v -0.150933 0.467508 0.852672
v -0.153459 0.466650 0.848595
v -0.154041 0.464295 0.848230
v -0.150851 0.464813 0.851541
v -0.157365 0.486261 0.841936
v -0.161369 0.483643 0.843323
v -0.161240 0.480030 0.843597
v -0.157286 0.478967 0.844177
v -0.166327 0.479115 0.846966
v -0.151710 0.467875 0.856943
v -0.156022 0.468055 0.861129
v -0.155050 0.486587 0.858745
v -0.152391 0.485355 0.854632
v -0.166606 0.465025 0.849852
v -0.157770 0.465955 0.846768
v -0.161876 0.464813 0.846939
v -0.162485 0.467688 0.861588
v -0.155633 0.464686 0.860168
v -0.148298 0.454872 0.854323
v -0.150448 0.462780 0.855706
v -0.150391 0.462899 0.850773
v -0.148025 0.455450 0.851188
v -0.151358 0.464756 0.856034
v -0.154387 0.461353 0.859749
v -0.158828 0.453288 0.845380
v -0.153785 0.455158 0.845695
v -0.161376 0.452213 0.847377
v -0.163208 0.487110 0.860273
v -0.161670 0.451027 0.854855
v -0.162441 0.450855 0.850444
v -0.153812 0.462138 0.847729
v -0.149919 0.455753 0.847897
v -0.151406 0.453564 0.857583
v -0.157506 0.452495 0.858619
v -0.150472 0.449174 0.855722
v -0.156698 0.448518 0.856558
v -0.160828 0.447685 0.852143
v -0.161358 0.449176 0.848593
v -0.160266 0.450681 0.845945
v -0.147335 0.450956 0.852668
v -0.147175 0.452211 0.849889
v -0.149296 0.453670 0.847035
v -0.146559 0.447236 0.850744
v -0.149720 0.443914 0.852245
v -0.155264 0.437780 0.841563
v -0.156996 0.440761 0.843986
v -0.156344 0.440269 0.844916
v -0.155219 0.437062 0.842437
v -0.158521 0.443620 0.848449
v -0.157195 0.442473 0.848420
v -0.154945 0.443180 0.851193
v -0.153322 0.439251 0.847851
v -0.148018 0.440072 0.848346
v -0.147373 0.436802 0.845685
v -0.152122 0.436154 0.845757
v -0.150691 0.442407 0.851380
v -0.153858 0.434670 0.841762
v -0.153827 0.434246 0.840412
v -0.155649 0.444262 0.852819
v -0.159896 0.446429 0.845722
v -0.157290 0.441528 0.841562
v -0.155042 0.437538 0.839168
v -0.152388 0.434751 0.838622
v -0.156566 0.443689 0.840294
v -0.154097 0.438935 0.837510
v -0.151426 0.436350 0.837128
v -0.154233 0.445906 0.839263
v -0.152268 0.440844 0.837169
v -0.156126 0.451200 0.842798
v -0.158727 0.448831 0.843673
v -0.150754 0.438039 0.837136
v -0.150445 0.432986 0.842028
v -0.149216 0.434134 0.839520
v -0.150824 0.433425 0.843546
v -0.146796 0.440841 0.848213
v -0.145904 0.436994 0.844869
v -0.145253 0.442475 0.847013
v -0.144970 0.438088 0.843192
v -0.147076 0.434223 0.842866
v -0.148347 0.434545 0.844281
v -0.157113 0.452194 0.844044
v -0.153299 0.453585 0.844867
v -0.151991 0.452276 0.843732
v -0.150373 0.447127 0.839968
v -0.148145 0.451869 0.846051
v -0.146311 0.449682 0.848707
v -0.145117 0.444303 0.844923
v -0.146499 0.446058 0.842281
v -0.145087 0.439235 0.841282
v -0.146393 0.441204 0.839293
v -0.149145 0.441956 0.837576
v -0.146876 0.436411 0.839348
v -0.146628 0.435042 0.840679
v -0.148790 0.435786 0.838230
v -0.147338 0.438045 0.838304
v -0.148812 0.438096 0.837563
v -0.152774 0.489598 0.852289
v -0.219276 0.458320 0.790033
v -0.215219 0.458512 0.793999
v -0.201539 0.455934 0.785633
v -0.204393 0.456255 0.791975
v -0.203043 0.455160 0.779112
v -0.212849 0.456509 0.774518
v -0.207299 0.456485 0.775363
v -0.209432 0.457218 0.794970
v -0.221266 0.458363 0.784306
v -0.219012 0.457844 0.777477
v -0.222091 0.450514 0.785911
v -0.219562 0.450169 0.778604
v -0.213816 0.448976 0.774905
v -0.207102 0.450150 0.775866
v -0.202905 0.450377 0.778673
v -0.218448 0.452041 0.791811
v -0.213953 0.452572 0.795174
v -0.207378 0.452806 0.795013
v -0.216056 0.444627 0.794628
v -0.215825 0.435189 0.790786
v -0.204523 0.423200 0.780695
v -0.205273 0.429830 0.779261
v -0.207749 0.428880 0.780526
v -0.207177 0.422831 0.781232
v -0.208733 0.434209 0.778840
v -0.209612 0.432693 0.780556
v -0.213270 0.433906 0.784257
v -0.212490 0.428389 0.784941
v -0.214437 0.433275 0.789271
v -0.213416 0.429679 0.791012
v -0.211828 0.422940 0.785816
v -0.208483 0.419296 0.782667
v -0.210867 0.418385 0.786628
v -0.205356 0.418517 0.783285
v -0.215519 0.434458 0.783181
v -0.205419 0.440275 0.776861
v -0.202299 0.432250 0.779131
v -0.201188 0.424736 0.781831
v -0.202636 0.419377 0.784985
v -0.199130 0.434350 0.781657
v -0.199053 0.427443 0.784777
v -0.200701 0.422892 0.788192
v -0.197945 0.436069 0.786163
v -0.198905 0.429298 0.788380
v -0.200208 0.448489 0.784585
v -0.201503 0.445263 0.778957
v -0.200480 0.425410 0.789688
v -0.209016 0.416586 0.788030
v -0.205988 0.417664 0.790034
v -0.213534 0.431366 0.794097
v -0.213350 0.424377 0.791869
v -0.212109 0.425319 0.794639
v -0.212018 0.434195 0.796703
v -0.210209 0.426460 0.796638
v -0.211132 0.419885 0.792933
v -0.212591 0.420525 0.790444
v -0.200899 0.452093 0.784349
v -0.202961 0.453303 0.790567
v -0.202416 0.449856 0.790898
v -0.200039 0.437984 0.792303
v -0.206239 0.448733 0.795767
v -0.211970 0.446573 0.796768
v -0.208834 0.435972 0.798039
v -0.204387 0.437679 0.796763
v -0.206874 0.428110 0.796996
v -0.204256 0.429408 0.795880
v -0.200568 0.429659 0.792524
v -0.205674 0.423344 0.794956
v -0.208632 0.421119 0.794801
v -0.203360 0.421326 0.791760
v -0.204056 0.425706 0.794549
v -0.202113 0.424889 0.792249
v -0.153970 0.494326 0.841372
v -0.158457 0.490401 0.838777
v -0.157060 0.495314 0.835632
v -0.155683 0.501208 0.829017
v -0.152103 0.510802 0.826580
v -0.161637 0.498582 0.826489
v -0.162644 0.492506 0.833583
v -0.164838 0.485729 0.838826
v -0.167334 0.502452 0.818978
f 2 3 1
f 1 3 4
f 5 6 8
f 8 6 7
f 9 4 10
f 10 4 3
f 12 13 11
f 11 13 9
f 14 12 16
f 16 12 15
f 18 19 17
f 17 19 20
f 22 23 21
f 21 23 24
f 26 27 25
f 25 27 28
f 30 31 29
f 29 31 32
f 33 34 36
f 36 34 35
f 37 38 40
f 40 38 39
f 41 42 6
f 6 42 43
f 6 43 7
f 7 43 44
f 45 34 46
f 46 34 33
f 48 49 47
f 47 49 50
f 52 53 51
f 51 53 54
f 56 52 55
f 55 52 51
f 58 59 57
f 57 59 60
f 61 62 4
f 4 62 1
f 64 65 63
f 63 65 66
f 68 69 67
f 67 69 70
f 72 73 71
f 71 73 74
f 76 77 75
f 75 77 78
f 53 79 54
f 54 79 80
f 82 83 81
f 81 83 84
f 85 86 52
f 52 86 53
f 57 60 87
f 87 60 88
f 89 90 43
f 43 90 44
f 43 42 89
f 89 42 91
f 40 39 92
f 92 39 93
f 94 70 64
f 64 70 69
f 13 61 9
f 9 61 4
f 25 28 69
f 69 28 95
f 96 25 68
f 68 25 69
f 98 99 97
f 97 99 100
f 101 102 104
f 104 102 103
f 106 30 105
f 105 30 29
f 51 54 107
f 107 54 108
f 54 80 108
f 108 80 109
f 111 112 110
f 110 112 113
f 115 5 114
f 114 5 116
f 115 41 5
f 5 41 6
f 36 35 111
f 111 35 117
f 35 118 117
f 117 118 119
f 34 120 35
f 35 120 118
f 34 45 120
f 120 45 121
f 125 126 124
f 124 126 127
f 128 129 14
f 14 129 130
f 33 131 46
f 46 131 132
f 133 94 63
f 63 94 64
f 134 135 137
f 137 135 136
f 139 140 138
f 138 140 141
f 77 142 78
f 78 142 143
f 144 145 20
f 20 145 146
f 148 149 147
f 147 149 72
f 151 152 150
f 150 152 153
f 82 101 83
f 83 101 104
f 101 82 155
f 155 82 154
f 156 157 58
f 58 157 59
f 158 68 147
f 147 68 67
f 159 146 15
f 15 146 16
f 68 158 96
f 96 158 160
f 129 66 130
f 130 66 65
f 162 163 161
f 161 163 164
f 166 167 165
f 165 167 168
f 170 171 169
f 169 171 172
f 174 171 173
f 173 171 170
f 176 177 175
f 175 177 178
f 180 181 179
f 179 181 24
f 182 183 21
f 21 183 184
f 81 185 82
f 82 185 154
f 186 187 188
f 188 187 144
f 158 71 160
f 160 71 189
f 190 135 157
f 157 135 59
f 169 172 139
f 139 172 140
f 147 72 158
f 158 72 71
f 192 193 191
f 191 193 194
f 167 166 49
f 49 166 195
f 196 190 50
f 50 190 157
f 197 198 200
f 200 198 199
f 21 24 182
f 182 24 181
f 146 159 20
f 20 159 17
f 182 181 81
f 81 181 185
f 201 185 180
f 180 185 181
f 202 203 83
f 83 203 84
f 205 206 204
f 204 206 85
f 207 22 184
f 184 22 21
f 179 24 208
f 208 24 23
f 208 209 179
f 179 209 205
f 209 210 205
f 205 210 206
f 212 206 211
f 211 206 210
f 179 205 180
f 180 205 204
f 213 176 88
f 88 176 214
f 86 85 212
f 212 85 206
f 193 217 218
f 217 219 218
f 218 219 220
f 219 18 220
f 220 18 17
f 19 221 20
f 20 221 144
f 222 223 225
f 225 223 224
f 175 226 176
f 176 226 214
f 227 87 214
f 214 87 88
f 220 17 228
f 228 17 159
f 134 213 60
f 60 213 88
f 138 229 151
f 151 229 152
f 193 192 210
f 210 192 211
f 230 194 218
f 218 194 193
f 231 232 228
f 228 232 230
f 233 234 91
f 91 234 89
f 235 236 93
f 93 236 92
f 230 232 234
f 234 232 237
f 47 238 48
f 48 238 239
f 240 191 235
f 235 191 236
f 5 8 116
f 116 8 241
f 242 243 189
f 189 243 160
f 244 245 98
f 98 245 99
f 156 246 47
f 47 246 238
f 76 247 77
f 77 247 248
f 250 125 249
f 249 125 124
f 252 253 251
f 251 253 254
f 111 110 36
f 36 110 255
f 256 33 255
f 255 33 36
f 257 258 154
f 154 258 155
f 63 169 133
f 133 169 139
f 66 170 63
f 63 170 169
f 173 170 129
f 129 170 66
f 129 128 173
f 173 128 259
f 128 260 259
f 259 260 261
f 213 134 262
f 262 134 137
f 263 264 186
f 186 264 187
f 112 265 113
f 113 265 266
f 11 267 268
f 234 233 230
f 230 233 194
f 153 269 70
f 70 269 67
f 175 178 165
f 165 178 141
f 150 153 94
f 94 153 70
f 271 221 270
f 270 221 207
f 269 153 272
f 272 153 152
f 121 45 109
f 109 45 108
f 47 50 156
f 156 50 157
f 57 273 58
f 58 273 274
f 145 275 260
f 260 275 261
f 276 149 143
f 143 149 78
f 148 269 75
f 75 269 272
f 207 277 270
f 270 277 278
f 195 196 49
f 49 196 50
f 59 135 60
f 60 135 134
f 83 104 202
f 202 104 279
f 149 148 78
f 78 148 75
f 247 278 248
f 248 278 277
f 183 182 84
f 84 182 81
f 48 239 281
f 281 239 282
f 227 223 283
f 283 223 222
f 223 226 224
f 224 226 168
f 281 282 224
f 224 282 225
f 165 168 175
f 175 168 226
f 264 263 138
f 138 263 229
f 14 16 128
f 128 16 260
f 220 228 218
f 218 228 230
f 87 227 284
f 284 227 283
f 260 16 145
f 145 16 146
f 244 98 258
f 258 98 155
f 58 274 156
f 156 274 246
f 107 285 51
f 51 285 55
f 243 286 160
f 160 286 96
f 234 237 89
f 89 237 90
f 46 132 107
f 107 132 285
f 253 252 249
f 249 252 250
f 286 26 96
f 96 26 25
f 106 105 287
f 287 105 288
f 272 152 289
f 289 152 229
f 138 151 139
f 139 151 133
f 183 290 161
f 161 290 162
f 291 292 277
f 277 292 293
f 151 150 133
f 133 150 94
f 262 275 177
f 177 275 187
f 144 187 145
f 145 187 275
f 273 57 284
f 284 57 87
f 174 136 190
f 190 136 135
f 111 117 112
f 112 117 38
f 117 119 38
f 38 119 123
f 112 38 265
f 265 38 37
f 287 288 254
f 254 288 251
f 228 159 231
f 231 159 15
f 223 227 226
f 226 227 214
f 147 67 148
f 148 67 269
f 224 168 281
f 281 168 167
f 199 163 200
f 200 163 162
f 45 46 108
f 108 46 107
f 281 167 48
f 48 167 49
f 161 164 291
f 291 164 292
f 38 123 39
f 293 294 277
f 277 294 248
f 284 283 296
f 296 283 295
f 284 296 273
f 273 296 297
f 274 273 298
f 298 273 297
f 246 274 299
f 299 274 298
f 283 222 295
f 295 222 300
f 222 225 300
f 300 225 301
f 301 225 302
f 302 225 282
f 303 304 300
f 300 304 295
f 306 307 305
f 305 307 308
f 309 310 308
f 308 310 305
f 308 307 312
f 312 307 311
f 313 314 312
f 312 314 315
f 311 316 312
f 312 316 313
f 317 304 311
f 311 304 316
f 315 309 312
f 312 309 308
f 318 319 321
f 321 319 320
f 319 318 309
f 309 318 310
f 311 307 317
f 317 307 306
f 306 297 317
f 317 297 296
f 306 322 297
f 297 322 298
f 305 323 306
f 306 323 322
f 323 305 324
f 324 305 310
f 304 317 295
f 295 317 296
f 318 325 310
f 310 325 324
f 323 324 326
f 326 324 327
f 324 325 327
f 327 325 328
f 326 327 329
f 329 327 330
f 329 331 326
f 326 331 332
f 333 330 328
f 328 330 327
f 323 326 322
f 322 326 332
f 322 332 298
f 298 332 299
f 325 318 334
f 334 318 321
f 313 316 335
f 335 316 304
f 335 336 313
f 313 336 314
f 304 303 335
f 335 303 337
f 336 335 338
f 338 335 337
f 336 339 314
f 314 339 340
f 246 299 238
f 238 299 341
f 239 342 282
f 282 342 302
f 342 239 341
f 341 239 238
f 341 331 342
f 342 331 343
f 331 329 343
f 343 329 344
f 342 343 302
f 302 343 345
f 341 299 331
f 331 299 332
f 346 301 345
f 345 301 302
f 346 303 301
f 301 303 300
f 347 337 346
f 346 337 303
f 347 346 348
f 348 346 345
f 349 347 350
f 350 347 348
f 343 344 345
f 345 344 348
f 344 351 348
f 348 351 350
f 337 347 338
f 338 347 349
f 353 338 352
f 352 338 349
f 352 355 354
f 354 355 356
f 352 349 355
f 355 349 350
f 352 354 353
f 353 354 334
f 353 334 339
f 339 334 321
f 339 336 353
f 353 336 338
f 329 330 344
f 344 330 351
f 356 351 333
f 333 351 330
f 356 355 351
f 351 355 350
f 354 356 328
f 328 356 333
f 328 325 354
f 354 325 334
f 309 315 319
f 319 315 320
f 320 340 321
f 321 340 339
f 320 315 340
f 340 315 314
f 137 136 261
f 261 136 259
f 140 166 141
f 141 166 165
f 172 171 195
f 195 171 196
f 171 174 196
f 196 174 190
f 178 177 264
f 264 177 187
f 172 195 140
f 140 195 166
f 137 261 262
f 262 261 275
f 178 264 141
f 141 264 138
f 262 177 213
f 213 177 176
f 136 174 259
f 259 174 173
f 358 359 357
f 357 359 360
f 362 363 361
f 361 363 364
f 361 364 365
f 365 364 366
f 367 368 370
f 370 368 369
f 76 371 247
f 247 371 372
f 373 374 362
f 362 374 363
f 376 377 375
f 375 377 378
f 289 229 380
f 380 229 379
f 381 379 263
f 263 379 229
f 383 384 382
f 382 384 385
f 386 368 374
f 374 368 363
f 76 289 371
f 371 289 380
f 377 376 359
f 359 376 387
f 388 386 360
f 360 386 374
f 389 383 366
f 366 383 390
f 392 393 391
f 391 393 394
f 383 382 390
f 390 382 395
f 396 365 390
f 390 365 366
f 389 366 367
f 367 366 364
f 357 397 358
f 358 397 398
f 373 399 357
f 357 399 397
f 389 367 400
f 400 367 370
f 382 385 375
f 375 385 372
f 357 360 373
f 373 360 374
f 361 401 362
f 362 401 402
f 387 388 359
f 359 388 360
f 363 368 364
f 364 368 367
f 358 398 403
f 403 398 404
f 396 392 405
f 405 392 391
f 392 395 393
f 393 395 378
f 393 403 394
f 394 403 404
f 375 378 382
f 382 378 395
f 365 396 406
f 406 396 405
f 362 402 373
f 373 402 399
f 271 270 400
f 400 270 384
f 401 361 406
f 406 361 365
f 381 369 386
f 386 369 368
f 392 396 395
f 395 396 390
f 393 378 403
f 403 378 377
f 403 377 358
f 358 377 359
f 406 405 408
f 408 405 407
f 406 408 401
f 401 408 409
f 401 409 402
f 402 409 410
f 402 410 399
f 399 410 411
f 405 391 407
f 407 391 412
f 391 394 412
f 412 394 413
f 394 404 413
f 413 404 414
f 415 416 412
f 412 416 407
f 418 419 417
f 417 419 420
f 421 422 418
f 418 422 419
f 419 422 424
f 424 422 423
f 425 426 424
f 424 426 427
f 423 428 424
f 424 428 425
f 427 420 424
f 424 420 419
f 420 429 417
f 417 429 430
f 423 422 431
f 431 422 421
f 421 409 431
f 431 409 408
f 421 432 409
f 409 432 410
f 418 433 421
f 421 433 432
f 434 433 417
f 417 433 418
f 431 416 423
f 423 416 428
f 416 431 407
f 407 431 408
f 435 434 430
f 430 434 417
f 433 434 436
f 436 434 437
f 434 435 437
f 437 435 438
f 436 437 439
f 439 437 440
f 439 441 436
f 436 441 442
f 438 443 437
f 437 443 440
f 436 442 433
f 433 442 432
f 432 442 410
f 410 442 411
f 435 430 445
f 445 430 444
f 430 429 444
f 444 429 446
f 425 428 447
f 447 428 416
f 426 425 448
f 448 425 447
f 416 415 447
f 447 415 449
f 447 449 448
f 448 449 450
f 451 452 448
f 448 452 426
f 446 452 444
f 444 452 451
f 399 411 397
f 397 411 453
f 398 454 404
f 404 454 414
f 454 398 453
f 453 398 397
f 453 441 454
f 454 441 455
f 441 439 455
f 455 439 456
f 454 455 414
f 414 455 457
f 441 453 442
f 442 453 411
f 458 413 457
f 457 413 414
f 458 415 413
f 413 415 412
f 458 459 415
f 415 459 449
f 459 458 460
f 460 458 457
f 461 459 462
f 462 459 460
f 455 456 457
f 457 456 460
f 456 463 460
f 460 463 462
f 459 461 449
f 449 461 450
f 465 450 464
f 464 450 461
f 464 467 466
f 466 467 468
f 464 461 467
f 467 461 462
f 464 466 465
f 465 466 445
f 465 445 451
f 451 445 444
f 451 448 465
f 465 448 450
f 439 440 456
f 456 440 463
f 468 463 443
f 443 463 440
f 468 467 463
f 463 467 462
f 466 468 438
f 438 468 443
f 438 435 466
f 466 435 445
f 420 427 429
f 429 427 446
f 446 427 452
f 452 427 426
f 370 369 188
f 188 369 186
f 371 376 372
f 372 376 375
f 380 379 387
f 387 379 388
f 379 381 388
f 388 381 386
f 385 384 278
f 278 384 270
f 380 387 371
f 371 387 376
f 400 370 271
f 271 370 188
f 385 278 372
f 372 278 247
f 400 384 389
f 389 384 383
f 369 381 186
f 186 381 263
f 221 271 144
f 144 271 188
f 221 19 207
f 207 19 22
f 19 18 22
f 22 18 23
f 18 219 23
f 23 219 208
f 469 470 472
f 472 470 471
f 474 475 473
f 473 475 476
f 473 476 477
f 477 476 478
f 480 481 479
f 479 481 482
f 483 484 474
f 474 484 475
f 486 487 485
f 485 487 488
f 489 490 77
f 77 490 142
f 491 489 248
f 248 489 77
f 493 494 492
f 492 494 495
f 496 480 484
f 484 480 475
f 486 497 487
f 487 497 471
f 498 496 472
f 472 496 484
f 499 493 478
f 478 493 500
f 501 502 504
f 504 502 503
f 493 492 500
f 500 492 505
f 506 477 500
f 500 477 478
f 499 478 479
f 479 478 476
f 469 507 470
f 470 507 508
f 483 509 469
f 469 509 507
f 479 482 499
f 499 482 510
f 492 495 485
f 485 495 511
f 483 469 484
f 484 469 472
f 473 512 474
f 474 512 513
f 497 498 471
f 471 498 472
f 475 480 476
f 476 480 479
f 470 508 514
f 514 508 515
f 506 502 516
f 516 502 501
f 503 502 488
f 488 502 505
f 514 515 503
f 503 515 504
f 485 488 492
f 492 488 505
f 477 506 517
f 517 506 516
f 474 513 483
f 483 513 509
f 510 292 494
f 494 292 164
f 512 473 517
f 517 473 477
f 491 481 496
f 496 481 480
f 502 506 505
f 505 506 500
f 503 488 514
f 514 488 487
f 514 487 470
f 470 487 471
f 517 516 519
f 519 516 518
f 517 519 512
f 512 519 520
f 512 520 513
f 513 520 521
f 513 521 509
f 509 521 522
f 516 501 518
f 518 501 523
f 501 504 523
f 523 504 524
f 524 504 525
f 525 504 515
f 526 527 523
f 523 527 518
f 529 530 528
f 528 530 531
f 532 533 529
f 529 533 530
f 530 533 535
f 535 533 534
f 536 537 535
f 535 537 538
f 534 539 535
f 535 539 536
f 538 531 535
f 535 531 530
f 540 541 531
f 531 541 528
f 533 532 534
f 534 532 542
f 532 520 542
f 542 520 519
f 532 543 520
f 520 543 521
f 529 544 532
f 532 544 543
f 544 529 545
f 545 529 528
f 534 542 539
f 539 542 527
f 527 542 518
f 518 542 519
f 541 546 528
f 528 546 545
f 547 544 548
f 548 544 545
f 546 549 545
f 545 549 548
f 550 547 551
f 551 547 548
f 547 550 553
f 553 550 552
f 549 554 548
f 548 554 551
f 544 547 543
f 543 547 553
f 543 553 521
f 521 553 522
f 546 541 556
f 556 541 555
f 541 540 555
f 555 540 557
f 536 539 558
f 558 539 527
f 537 536 559
f 559 536 558
f 527 526 558
f 558 526 560
f 559 558 561
f 561 558 560
f 559 562 537
f 537 562 563
f 557 563 555
f 555 563 562
f 509 522 507
f 507 522 564
f 508 565 515
f 515 565 525
f 565 508 564
f 564 508 507
f 564 552 565
f 565 552 566
f 552 550 566
f 566 550 567
f 565 566 525
f 525 566 568
f 564 522 552
f 552 522 553
f 569 524 568
f 568 524 525
f 569 526 524
f 524 526 523
f 570 560 569
f 569 560 526
f 570 569 571
f 571 569 568
f 572 570 573
f 573 570 571
f 566 567 568
f 568 567 571
f 567 574 571
f 571 574 573
f 570 572 560
f 560 572 561
f 576 561 575
f 575 561 572
f 575 578 577
f 577 578 579
f 575 572 578
f 578 572 573
f 575 577 576
f 576 577 556
f 576 556 562
f 562 556 555
f 562 559 576
f 576 559 561
f 550 551 567
f 567 551 574
f 579 574 554
f 554 574 551
f 579 578 574
f 574 578 573
f 579 554 577
f 577 554 549
f 549 546 577
f 577 546 556
f 531 538 540
f 540 538 557
f 557 538 563
f 563 538 537
f 481 294 482
f 482 294 293
f 580 486 511
f 511 486 485
f 490 489 497
f 497 489 498
f 489 491 498
f 498 491 496
f 163 495 164
f 164 495 494
f 580 490 486
f 486 490 497
f 482 293 510
f 510 293 292
f 495 163 511
f 511 163 199
f 494 493 510
f 510 493 499
f 481 491 294
f 294 491 248
f 582 583 581
f 581 583 584
f 586 587 585
f 585 587 588
f 585 588 589
f 589 588 590
f 592 593 591
f 591 593 594
f 595 596 598
f 598 596 597
f 599 600 586
f 586 600 587
f 601 602 604
f 604 602 603
f 605 606 608
f 608 606 607
f 609 607 200
f 200 607 606
f 610 611 613
f 613 611 612
f 600 614 587
f 587 614 592
f 596 605 597
f 597 605 608
f 602 615 603
f 603 615 583
f 616 614 584
f 584 614 600
f 611 618 617
f 617 618 590
f 620 621 619
f 619 621 622
f 610 623 611
f 611 623 618
f 624 589 618
f 618 589 590
f 617 590 591
f 591 590 588
f 581 625 582
f 582 625 626
f 599 627 581
f 581 627 625
f 591 594 617
f 617 594 628
f 601 610 598
f 598 610 613
f 581 584 599
f 599 584 600
f 585 629 586
f 586 629 630
f 615 616 583
f 583 616 584
f 587 592 588
f 588 592 591
f 582 626 631
f 631 626 632
f 624 620 633
f 633 620 619
f 621 620 604
f 604 620 623
f 631 632 621
f 621 632 622
f 610 601 623
f 623 601 604
f 589 624 634
f 634 624 633
f 586 630 599
f 599 630 627
f 203 202 628
f 628 202 612
f 629 585 634
f 634 585 589
f 609 593 614
f 614 593 592
f 620 624 623
f 623 624 618
f 631 621 603
f 603 621 604
f 582 631 583
f 583 631 603
f 634 633 636
f 636 633 635
f 634 636 629
f 629 636 637
f 629 637 630
f 630 637 638
f 630 638 627
f 627 638 639
f 633 619 635
f 635 619 640
f 619 622 640
f 640 622 641
f 641 622 642
f 642 622 632
f 644 635 643
f 643 635 640
f 645 646 648
f 648 646 647
f 649 650 646
f 646 650 647
f 647 650 652
f 652 650 651
f 652 653 655
f 655 653 654
f 651 656 652
f 652 656 653
f 655 648 652
f 652 648 647
f 648 657 645
f 645 657 658
f 650 649 651
f 651 649 659
f 649 637 659
f 659 637 636
f 649 660 637
f 637 660 638
f 661 660 646
f 646 660 649
f 662 661 645
f 645 661 646
f 651 659 656
f 656 659 644
f 644 659 635
f 635 659 636
f 663 662 658
f 658 662 645
f 664 661 665
f 665 661 662
f 663 666 662
f 662 666 665
f 667 664 668
f 668 664 665
f 664 667 670
f 670 667 669
f 666 671 665
f 665 671 668
f 661 664 660
f 660 664 670
f 660 670 638
f 638 670 639
f 658 672 663
f 663 672 673
f 658 657 672
f 672 657 674
f 653 656 675
f 675 656 644
f 653 675 654
f 654 675 676
f 675 644 677
f 677 644 643
f 676 675 678
f 678 675 677
f 679 680 676
f 676 680 654
f 674 680 672
f 672 680 679
f 627 639 625
f 625 639 681
f 626 682 632
f 632 682 642
f 681 682 625
f 625 682 626
f 669 683 681
f 681 683 682
f 667 684 669
f 669 684 683
f 682 683 642
f 642 683 685
f 681 639 669
f 669 639 670
f 686 641 685
f 685 641 642
f 641 686 640
f 640 686 643
f 686 687 643
f 643 687 677
f 687 686 688
f 688 686 685
f 689 687 690
f 690 687 688
f 683 684 685
f 685 684 688
f 684 691 688
f 688 691 690
f 687 689 677
f 677 689 678
f 693 678 692
f 692 678 689
f 692 695 694
f 694 695 696
f 692 689 695
f 695 689 690
f 692 694 693
f 693 694 673
f 693 673 679
f 679 673 672
f 679 676 693
f 693 676 678
f 684 667 691
f 691 667 668
f 696 691 671
f 671 691 668
f 696 695 691
f 691 695 690
f 694 696 666
f 666 696 671
f 666 663 694
f 694 663 673
f 648 655 657
f 657 655 674
f 674 655 680
f 680 655 654
f 593 162 594
f 594 162 290
f 598 597 601
f 601 597 602
f 615 608 616
f 616 608 607
f 607 609 616
f 616 609 614
f 697 595 613
f 613 595 598
f 597 608 602
f 602 608 615
f 594 290 628
f 628 290 203
f 628 612 617
f 617 612 611
f 593 609 162
f 162 609 200
f 105 29 698
f 698 29 699
f 268 126 701
f 701 126 700
f 126 125 700
f 700 125 702
f 252 703 250
f 250 703 704
f 32 268 705
f 705 268 701
f 288 105 706
f 706 105 698
f 29 32 699
f 699 32 705
f 707 251 706
f 706 251 288
f 250 704 125
f 125 704 702
f 703 252 707
f 707 252 251
f 706 708 707
f 707 708 709
f 707 709 703
f 703 709 710
f 703 710 704
f 704 710 711
f 704 711 702
f 702 711 712
f 706 698 708
f 708 698 713
f 698 699 713
f 713 699 714
f 699 705 714
f 714 705 715
f 717 708 716
f 716 708 713
f 719 720 718
f 718 720 721
f 722 723 719
f 719 723 720
f 724 725 723
f 723 725 720
f 724 726 725
f 725 726 727
f 728 721 725
f 725 721 720
f 721 728 729
f 729 728 730
f 729 731 721
f 721 731 718
f 724 723 732
f 732 723 722
f 722 710 732
f 732 710 709
f 722 733 710
f 710 733 711
f 719 734 722
f 722 734 733
f 734 719 735
f 735 719 718
f 724 732 726
f 726 732 717
f 717 732 708
f 708 732 709
f 731 736 718
f 718 736 735
f 737 734 738
f 738 734 735
f 736 739 735
f 735 739 738
f 740 737 741
f 741 737 738
f 737 740 743
f 743 740 742
f 739 744 738
f 738 744 741
f 734 737 733
f 733 737 743
f 733 743 711
f 711 743 712
f 736 731 746
f 746 731 745
f 731 729 745
f 745 729 730
f 727 726 747
f 747 726 717
f 748 727 749
f 749 727 747
f 747 717 750
f 750 717 716
f 749 747 751
f 751 747 750
f 749 752 748
f 748 752 753
f 730 753 745
f 745 753 752
f 728 725 748
f 748 725 727
f 730 728 753
f 753 728 748
f 700 702 754
f 754 702 712
f 705 701 715
f 715 701 755
f 754 755 700
f 700 755 701
f 742 756 754
f 754 756 755
f 740 757 742
f 742 757 756
f 755 756 715
f 715 756 758
f 754 712 742
f 742 712 743
f 759 714 758
f 758 714 715
f 714 759 713
f 713 759 716
f 759 760 716
f 716 760 750
f 760 759 761
f 761 759 758
f 762 760 763
f 763 760 761
f 756 757 758
f 758 757 761
f 757 764 761
f 761 764 763
f 760 762 750
f 750 762 751
f 766 751 765
f 765 751 762
f 767 765 769
f 769 765 768
f 765 762 768
f 768 762 763
f 765 767 766
f 766 767 746
f 766 746 752
f 752 746 745
f 752 749 766
f 766 749 751
f 757 740 764
f 764 740 741
f 769 764 744
f 744 764 741
f 769 768 764
f 764 768 763
f 767 769 739
f 739 769 744
f 739 736 767
f 767 736 746
f 219 217 208
f 208 217 209
f 209 217 210
f 210 217 193
f 198 580 199
f 199 580 511
f 76 75 289
f 289 75 272
f 277 207 291
f 291 207 184
f 290 183 203
f 203 183 84
f 490 580 142
f 142 580 198
f 142 198 143
f 143 198 197
f 149 276 72
f 72 276 73
f 104 103 279
f 279 103 770
f 770 596 279
f 279 596 595
f 605 596 771
f 771 596 770
f 771 770 772
f 772 770 103
f 772 103 773
f 773 103 102
f 155 774 101
f 101 774 102
f 773 102 97
f 97 102 774
f 775 773 100
f 100 773 97
f 773 775 772
f 772 775 776
f 772 776 771
f 771 776 777
f 200 606 197
f 197 606 777
f 189 71 778
f 778 71 74
f 97 774 98
f 98 774 155
f 183 161 184
f 184 161 291
f 777 276 197
f 197 276 143
f 777 606 771
f 771 606 605
f 613 612 697
f 697 612 202
f 595 697 279
f 279 697 202
f 73 276 776
f 776 276 777
f 776 775 73
f 73 775 74
f 100 778 775
f 775 778 74
f 778 100 189
f 189 100 99
f 245 242 99
f 99 242 189
f 131 33 256
f 28 1 95
f 95 1 62
f 27 2 28
f 28 2 1
f 265 115 266
f 266 115 114
f 95 62 69
f 69 62 64
f 62 61 64
f 64 61 65
f 61 13 65
f 65 13 130
f 13 12 130
f 130 12 14
f 31 11 32
f 32 11 268
f 15 12 31
f 31 12 11
f 31 30 15
f 15 30 231
f 30 106 231
f 231 106 232
f 287 237 106
f 106 237 232
f 254 90 287
f 287 90 237
f 253 44 254
f 254 44 90
f 253 249 44
f 44 249 7
f 267 127 268
f 268 127 126
f 10 3 241
f 241 3 116
f 3 2 116
f 116 2 114
f 2 27 114
f 114 27 266
f 27 26 266
f 266 26 113
f 26 286 113
f 113 286 110
f 286 243 110
f 110 243 255
f 243 242 255
f 255 242 256
f 242 245 256
f 256 245 131
f 245 244 131
f 131 244 132
f 265 37 115
f 115 37 41
f 41 37 42
f 42 37 40
f 92 91 40
f 40 91 42
f 236 233 92
f 92 233 91
f 191 194 236
f 236 194 233
f 258 285 244
f 244 285 132
f 257 55 258
f 258 55 285
f 257 154 201
f 201 154 185
f 56 201 204
f 204 201 180
f 55 257 56
f 56 257 201
f 204 85 56
f 56 85 52
f 86 122 53
f 53 122 79
f 212 215 86
f 86 215 122
f 211 216 212
f 212 216 215
f 192 280 211
f 211 280 216
f 191 240 192
f 192 240 280
f 249 124 7
f 7 124 8
f 124 127 8
f 8 127 241
f 127 267 241
f 241 267 10
f 10 267 9
f 9 267 11
o hand_right
v 0.109411 0.350402 0.829523
v 0.111945 0.356047 0.820352
v 0.101890 0.357539 0.823786
v 0.099878 0.350481 0.832437
v 0.103167 0.368057 0.803005
v 0.097917 0.364680 0.792306
v 0.085895 0.365391 0.802357
v 0.092560 0.369318 0.809606
v 0.092159 0.349050 0.834588
v 0.094120 0.358289 0.826785
v 0.088087 0.346305 0.833441
v 0.090568 0.331875 0.839181
v 0.092177 0.338454 0.840505
v 0.092348 0.325149 0.845430
v 0.095172 0.324472 0.832124
v 0.099264 0.318184 0.845154
v 0.125783 0.320032 0.831312
v 0.138437 0.324787 0.832524
v 0.135268 0.321423 0.849095
v 0.122311 0.317865 0.846117
v 0.151946 0.333703 0.846282
v 0.142738 0.326669 0.848740
v 0.146405 0.328946 0.831971
v 0.154345 0.335282 0.830574
v 0.125143 0.353753 0.825821
v 0.128299 0.357895 0.816630
v 0.122881 0.355892 0.817740
v 0.119814 0.352003 0.826252
v 0.077352 0.348149 0.825625
v 0.085517 0.336580 0.821067
v 0.086521 0.339206 0.828738
v 0.079246 0.352606 0.828643
v 0.140155 0.374570 0.795814
v 0.143985 0.371465 0.783230
v 0.139018 0.368663 0.781713
v 0.136862 0.371619 0.793670
v 0.117157 0.363133 0.781753
v 0.124161 0.360058 0.775491
v 0.120781 0.350026 0.766868
v 0.113683 0.349581 0.773737
v 0.107334 0.364638 0.787293
v 0.103948 0.353661 0.779994
v 0.094112 0.354894 0.787107
v 0.081432 0.358035 0.798444
v 0.156078 0.374616 0.786208
v 0.154824 0.377859 0.795774
v 0.081909 0.330526 0.894267
v 0.086226 0.334281 0.895550
v 0.087251 0.333791 0.890759
v 0.082956 0.329975 0.890227
v 0.171108 0.364494 0.795164
v 0.174057 0.354843 0.794909
v 0.175779 0.357773 0.788465
v 0.171464 0.366115 0.787804
v 0.170486 0.362366 0.804893
v 0.170960 0.351141 0.803801
v 0.084891 0.318978 0.898591
v 0.081179 0.322036 0.896820
v 0.082907 0.319899 0.892508
v 0.087181 0.316939 0.894012
v 0.097733 0.343467 0.839787
v 0.106491 0.346930 0.838018
v 0.095798 0.337018 0.856849
v 0.101538 0.340589 0.849374
v 0.095547 0.337419 0.846722
v 0.092164 0.333289 0.853062
v 0.123827 0.348940 0.847914
v 0.126083 0.351433 0.836714
v 0.120066 0.348723 0.837468
v 0.115794 0.346033 0.849379
v 0.137571 0.359656 0.837782
v 0.134642 0.356085 0.848638
v 0.141512 0.361149 0.847929
v 0.141934 0.363692 0.840454
v 0.127225 0.347973 0.865953
v 0.125671 0.345493 0.871890
v 0.128035 0.347328 0.872283
v 0.130467 0.349610 0.865682
v 0.177549 0.359508 0.781828
v 0.171207 0.366908 0.780578
v 0.166950 0.349320 0.844399
v 0.169397 0.359553 0.840731
v 0.168958 0.359380 0.853802
v 0.166727 0.347911 0.854581
v 0.170894 0.344954 0.794574
v 0.174946 0.347741 0.788462
v 0.090709 0.318865 0.900709
v 0.092916 0.317344 0.896208
v 0.096547 0.342130 0.786674
v 0.080756 0.348031 0.798967
v 0.108952 0.339954 0.777924
v 0.117850 0.338576 0.772255
v 0.123237 0.338410 0.765435
v 0.105820 0.342068 0.854422
v 0.114983 0.348834 0.834228
v 0.129631 0.356142 0.825867
v 0.153193 0.374674 0.832851
v 0.154443 0.377246 0.822734
v 0.144950 0.372779 0.824685
v 0.146117 0.370879 0.833111
v 0.166230 0.368979 0.841339
v 0.159038 0.372249 0.842718
v 0.158355 0.370229 0.851162
v 0.165434 0.367418 0.851742
v 0.072899 0.346087 0.819536
v 0.084313 0.335582 0.813344
v 0.164614 0.372852 0.794732
v 0.163548 0.372423 0.787042
v 0.164936 0.371128 0.778777
v 0.132969 0.366306 0.805900
v 0.134510 0.369663 0.792165
v 0.130471 0.368050 0.791907
v 0.130771 0.363978 0.805986
v 0.114708 0.363301 0.810366
v 0.115418 0.367398 0.797597
v 0.104373 0.365577 0.815100
v 0.132763 0.365003 0.777944
v 0.140965 0.368621 0.771605
v 0.134017 0.363841 0.768655
v 0.149941 0.371651 0.774195
v 0.158401 0.372888 0.776784
v 0.179746 0.347764 0.781432
v 0.128183 0.357999 0.766831
v 0.084638 0.369425 0.814618
v 0.077026 0.370317 0.817916
v 0.080278 0.367200 0.824485
v 0.088518 0.366349 0.822071
v 0.092876 0.320072 0.853830
v 0.090245 0.327373 0.853328
v 0.091280 0.332016 0.844596
v 0.142494 0.375281 0.807118
v 0.154760 0.378252 0.806581
v 0.099959 0.338135 0.862041
v 0.089531 0.315965 0.889030
v 0.084783 0.318854 0.887245
v 0.089940 0.318536 0.869091
v 0.094976 0.314898 0.871858
v 0.103837 0.333576 0.871457
v 0.099089 0.336152 0.867195
v 0.099259 0.334915 0.870196
v 0.103538 0.334077 0.875000
v 0.135247 0.352736 0.869649
v 0.137354 0.354589 0.863873
v 0.118307 0.319093 0.861310
v 0.108607 0.312473 0.854965
v 0.110535 0.315341 0.844160
v 0.130239 0.352767 0.847519
v 0.128900 0.350893 0.857664
v 0.132549 0.352863 0.857805
v 0.108167 0.341825 0.858695
v 0.105033 0.338657 0.865420
v 0.110419 0.340226 0.863747
v 0.113475 0.343538 0.857809
v 0.170882 0.359973 0.827633
v 0.167485 0.371101 0.828627
v 0.080128 0.326176 0.895004
v 0.081413 0.324807 0.890791
v 0.132289 0.355159 0.836553
v 0.113920 0.319210 0.830902
v 0.134214 0.359164 0.826088
v 0.152588 0.342810 0.866532
v 0.151115 0.350814 0.868406
v 0.147609 0.351343 0.872988
v 0.148716 0.345466 0.874291
v 0.099704 0.333007 0.889959
v 0.094707 0.335501 0.888496
v 0.093063 0.335139 0.892692
v 0.097912 0.332731 0.894608
v 0.094459 0.334778 0.863824
v 0.090468 0.331013 0.860455
v 0.089689 0.330481 0.867164
v 0.094413 0.333589 0.869036
v 0.089411 0.324511 0.860895
v 0.088159 0.324297 0.867150
v 0.102273 0.327103 0.891249
v 0.100630 0.319701 0.891684
v 0.106553 0.319785 0.876776
v 0.106143 0.327715 0.878426
v 0.157439 0.335547 0.815700
v 0.165319 0.343396 0.816230
v 0.162576 0.343220 0.831095
v 0.160989 0.342375 0.845955
v 0.158033 0.341953 0.859627
v 0.151010 0.331898 0.859697
v 0.167854 0.349392 0.829951
v 0.111551 0.328226 0.870176
v 0.110654 0.319626 0.866829
v 0.114954 0.322898 0.867802
v 0.139337 0.364430 0.827371
v 0.082913 0.323759 0.885597
v 0.135993 0.326492 0.778313
v 0.148672 0.327520 0.782294
v 0.144017 0.326543 0.789733
v 0.129544 0.326031 0.785545
v 0.088416 0.334364 0.886198
v 0.083718 0.330116 0.885051
v 0.142402 0.358418 0.865519
v 0.139954 0.356013 0.870652
v 0.142965 0.356141 0.872551
v 0.145881 0.360760 0.868876
v 0.168865 0.348054 0.815063
v 0.166780 0.361722 0.861809
v 0.165278 0.350720 0.862414
v 0.167410 0.343246 0.803273
v 0.160986 0.335903 0.802689
v 0.164046 0.336478 0.793442
v 0.137605 0.326671 0.864931
v 0.150631 0.330381 0.817230
v 0.154604 0.331704 0.803311
v 0.157967 0.332198 0.792287
v 0.161267 0.332355 0.784609
v 0.167510 0.337189 0.786648
v 0.095575 0.316748 0.891109
v 0.098489 0.320725 0.897504
v 0.172551 0.336789 0.779092
v 0.164927 0.331924 0.777030
v 0.146390 0.327512 0.803033
v 0.135680 0.323714 0.802568
v 0.142786 0.326602 0.816528
v 0.131964 0.322620 0.817144
v 0.131872 0.318127 0.861199
v 0.094334 0.329597 0.911463
v 0.098177 0.327842 0.901781
v 0.096472 0.332988 0.899645
v 0.094147 0.333685 0.910422
v 0.100207 0.327436 0.896340
v 0.096289 0.322346 0.901899
v 0.117054 0.321956 0.815845
v 0.108814 0.336999 0.869641
v 0.118238 0.325026 0.799147
v 0.098767 0.324026 0.819096
v 0.099220 0.328108 0.806420
v 0.117599 0.329214 0.781618
v 0.102926 0.331172 0.790561
v 0.130022 0.330637 0.768106
v 0.125145 0.329566 0.775528
v 0.088482 0.336323 0.799984
v 0.081214 0.334560 0.904619
v 0.086019 0.337390 0.905305
v 0.140151 0.326768 0.771001
v 0.095880 0.365795 0.819235
v 0.138568 0.367661 0.817011
v 0.134821 0.363426 0.816598
v 0.154727 0.377989 0.816404
v 0.143777 0.373754 0.816903
v 0.078647 0.329949 0.905017
v 0.127186 0.342475 0.875876
v 0.128274 0.342609 0.874041
v 0.079090 0.367584 0.807565
v 0.073648 0.368628 0.811176
v 0.067645 0.356768 0.810446
v 0.069458 0.363519 0.808941
v 0.074819 0.361089 0.803785
v 0.073302 0.353483 0.804859
v 0.134723 0.368328 0.806337
v 0.137619 0.370870 0.807273
v 0.170919 0.361536 0.815601
v 0.167065 0.372315 0.817296
v 0.092348 0.318709 0.861756
v 0.099434 0.314493 0.855392
v 0.098009 0.314910 0.863773
v 0.101897 0.315078 0.873051
v 0.109161 0.332980 0.872492
v 0.107655 0.328386 0.871900
v 0.123632 0.367660 0.795137
v 0.124547 0.362356 0.807638
v 0.088708 0.359075 0.827755
v 0.081431 0.360497 0.829164
v 0.120826 0.346778 0.856208
v 0.131299 0.328710 0.874210
v 0.126457 0.321733 0.871235
v 0.118647 0.343628 0.864384
v 0.081953 0.323144 0.908751
v 0.078907 0.326458 0.906551
v 0.104819 0.314357 0.864819
v 0.138972 0.358314 0.857411
v 0.136494 0.332382 0.871096
v 0.130790 0.335879 0.876781
v 0.163705 0.367791 0.857257
v 0.152328 0.328110 0.774186
v 0.092046 0.335850 0.897852
v 0.090731 0.337742 0.906753
v 0.092780 0.325567 0.911224
v 0.087973 0.322207 0.909867
v 0.164887 0.373025 0.806614
v 0.132173 0.360654 0.816795
v 0.077432 0.343173 0.807460
v 0.069485 0.350254 0.814308
v 0.117501 0.341595 0.869055
v 0.157519 0.348329 0.865379
v 0.147915 0.334917 0.868780
v 0.144483 0.338186 0.877501
v 0.137154 0.336510 0.878921
v 0.130580 0.339437 0.878404
v 0.091298 0.327703 0.915760
v 0.086617 0.324174 0.914389
v 0.080487 0.324843 0.913306
v 0.077658 0.327753 0.911095
v 0.077943 0.331393 0.908521
v 0.092768 0.331886 0.916256
v 0.092193 0.335606 0.915190
v 0.089719 0.338716 0.910340
v 0.090771 0.334756 0.920008
v 0.087873 0.331308 0.922912
v 0.074045 0.332671 0.923358
v 0.077408 0.328687 0.920541
v 0.078017 0.329715 0.923059
v 0.075748 0.332898 0.926199
v 0.074614 0.335884 0.930324
v 0.072280 0.336047 0.927595
v 0.082618 0.329047 0.922643
v 0.080227 0.333368 0.927289
v 0.083957 0.335375 0.927644
v 0.081780 0.338214 0.931944
v 0.078449 0.336361 0.931909
v 0.085381 0.332046 0.924680
v 0.083667 0.327439 0.921040
v 0.072846 0.338896 0.931287
v 0.074493 0.337575 0.932750
v 0.077486 0.338529 0.933963
v 0.076164 0.341314 0.934338
v 0.075768 0.329976 0.914886
v 0.072925 0.334232 0.921514
v 0.072307 0.338647 0.925684
v 0.072936 0.341204 0.929556
v 0.073670 0.338175 0.920409
v 0.073554 0.341012 0.924371
v 0.074490 0.343417 0.927568
v 0.076039 0.341774 0.919952
v 0.075689 0.343369 0.923870
v 0.079210 0.336218 0.910239
v 0.076782 0.332696 0.910856
v 0.075512 0.344699 0.926176
v 0.076423 0.343286 0.933206
v 0.086960 0.336797 0.925948
v 0.083387 0.340748 0.930675
v 0.087690 0.338817 0.924776
v 0.084483 0.342660 0.929692
v 0.080969 0.342285 0.934162
v 0.080179 0.339824 0.933841
v 0.081022 0.335248 0.907068
v 0.086003 0.338248 0.908001
v 0.084562 0.339423 0.910736
v 0.080189 0.344230 0.920217
v 0.088164 0.340207 0.913208
v 0.090130 0.338337 0.918593
v 0.086973 0.341643 0.923925
v 0.084974 0.343862 0.922130
v 0.084002 0.344285 0.927683
v 0.082359 0.345134 0.925880
v 0.078771 0.345329 0.924380
v 0.080824 0.345488 0.930051
v 0.081204 0.344008 0.932645
v 0.077058 0.344927 0.930243
v 0.080602 0.345867 0.928100
v 0.077684 0.345205 0.927620
v 0.105750 0.349272 0.901281
v 0.111187 0.352597 0.901523
v 0.111989 0.349176 0.898080
v 0.107280 0.346548 0.898137
v 0.106664 0.338286 0.909871
v 0.103515 0.342008 0.906038
v 0.104962 0.338071 0.902944
v 0.109563 0.334482 0.906478
v 0.113397 0.338128 0.912039
v 0.116231 0.334735 0.907838
v 0.111169 0.331300 0.901735
v 0.106590 0.335351 0.897993
v 0.111528 0.329473 0.878044
v 0.115962 0.324916 0.880870
v 0.122026 0.344032 0.876728
v 0.124836 0.342621 0.879022
v 0.103775 0.346120 0.902969
v 0.105061 0.342629 0.899976
v 0.121506 0.348699 0.896704
v 0.116684 0.350025 0.894438
v 0.116397 0.351089 0.899030
v 0.120813 0.349521 0.901977
v 0.111652 0.337418 0.874846
v 0.116966 0.340934 0.875139
v 0.110585 0.333909 0.876269
v 0.124735 0.344022 0.900194
v 0.124521 0.337747 0.902991
v 0.128976 0.330291 0.884571
v 0.129326 0.336760 0.883646
v 0.105470 0.340157 0.895423
v 0.111268 0.348433 0.893702
v 0.107142 0.345239 0.893625
v 0.118446 0.332308 0.902763
v 0.122092 0.340307 0.908329
v 0.115911 0.356066 0.918731
v 0.120936 0.348834 0.910152
v 0.119369 0.352393 0.906649
v 0.115521 0.360185 0.915781
v 0.123075 0.345835 0.905707
v 0.119184 0.343530 0.912263
v 0.102534 0.360383 0.910590
v 0.108214 0.363332 0.910891
v 0.099691 0.357127 0.912241
v 0.123187 0.324998 0.883028
v 0.102154 0.348635 0.917629
v 0.099224 0.353339 0.914120
v 0.116020 0.353951 0.903072
v 0.112830 0.363226 0.912991
v 0.113991 0.352206 0.920305
v 0.108526 0.347345 0.919542
v 0.110840 0.356072 0.923973
v 0.105721 0.352376 0.923197
v 0.099692 0.353152 0.920614
v 0.097933 0.356648 0.916357
v 0.099093 0.359513 0.913832
v 0.112936 0.359766 0.922643
v 0.113327 0.363404 0.919464
v 0.111365 0.364915 0.914958
v 0.109862 0.366572 0.924170
v 0.106857 0.364096 0.926995
v 0.090380 0.372113 0.922094
v 0.092806 0.366502 0.921790
v 0.093945 0.367043 0.924120
v 0.091860 0.372223 0.924496
v 0.095622 0.360967 0.923355
v 0.096274 0.362955 0.924803
v 0.100645 0.362919 0.926721
v 0.098011 0.368691 0.926209
v 0.102644 0.370171 0.926684
v 0.100101 0.375362 0.927597
v 0.095463 0.374067 0.927447
v 0.103423 0.365669 0.927239
v 0.091280 0.375781 0.925234
v 0.090474 0.377635 0.923603
v 0.101682 0.359705 0.927022
v 0.096004 0.359355 0.917778
v 0.092454 0.367416 0.918780
v 0.090715 0.373851 0.919282
v 0.091825 0.379557 0.921627
v 0.094126 0.370060 0.915845
v 0.092621 0.375720 0.917377
v 0.093849 0.380004 0.919834
v 0.097559 0.372855 0.913962
v 0.096075 0.377955 0.916265
v 0.101776 0.363578 0.912060
v 0.097869 0.361237 0.913769
v 0.095617 0.379707 0.918192
v 0.093480 0.379940 0.926579
v 0.094441 0.381822 0.923961
v 0.093809 0.378169 0.927123
v 0.104611 0.371005 0.926235
v 0.101394 0.376803 0.926471
v 0.106274 0.372750 0.924553
v 0.102251 0.378653 0.925087
v 0.098162 0.380346 0.927043
v 0.097230 0.379092 0.927712
v 0.102558 0.361917 0.912417
v 0.107747 0.364317 0.912758
v 0.107085 0.365749 0.912557
v 0.102497 0.374795 0.915142
v 0.110721 0.366760 0.915545
v 0.110973 0.367716 0.920670
v 0.107228 0.373841 0.922029
v 0.105969 0.375203 0.918399
v 0.103466 0.379632 0.923547
v 0.103527 0.378988 0.920346
v 0.100020 0.379047 0.916979
v 0.099704 0.382501 0.923962
v 0.098724 0.381611 0.925927
v 0.095663 0.381936 0.922089
v 0.100713 0.381602 0.921297
v 0.097492 0.381207 0.919534
v 0.121446 0.361290 0.892596
v 0.125955 0.364822 0.891475
v 0.127425 0.362111 0.889001
v 0.123072 0.358589 0.890374
v 0.124253 0.353734 0.902636
v 0.120742 0.355425 0.899545
v 0.122456 0.352067 0.897140
v 0.126550 0.349390 0.899621
v 0.128744 0.356083 0.905234
v 0.132364 0.350454 0.901287
v 0.128921 0.345524 0.896274
v 0.124230 0.348992 0.894338
v 0.129364 0.341827 0.881970
v 0.134515 0.338936 0.884980
v 0.120207 0.358164 0.895755
v 0.121615 0.355451 0.893621
v 0.136395 0.362865 0.889151
v 0.132034 0.362981 0.886938
v 0.132252 0.364143 0.890330
v 0.135700 0.363811 0.893043
v 0.128777 0.349247 0.874527
v 0.133960 0.352326 0.873353
v 0.127448 0.346058 0.878294
v 0.139886 0.359145 0.893376
v 0.140286 0.352609 0.896566
v 0.145619 0.347712 0.883616
v 0.144668 0.352625 0.880002
v 0.122566 0.352896 0.891279
v 0.127305 0.360723 0.885903
v 0.123239 0.357116 0.887718
v 0.135047 0.347191 0.896903
v 0.137252 0.355713 0.900870
v 0.127332 0.374507 0.909719
v 0.136093 0.363836 0.900617
v 0.133932 0.366677 0.895811
v 0.127019 0.377098 0.906097
v 0.138175 0.361281 0.897647
v 0.134342 0.359546 0.904241
v 0.115462 0.372632 0.899918
v 0.119942 0.375814 0.899684
v 0.114510 0.368626 0.901962
v 0.141422 0.340773 0.885771
v 0.140745 0.355301 0.875548
v 0.116266 0.365113 0.908534
v 0.114564 0.366529 0.904698
v 0.130735 0.366677 0.892879
v 0.124656 0.377736 0.902232
v 0.126062 0.370127 0.911978
v 0.121587 0.365386 0.911548
v 0.122516 0.374253 0.913681
v 0.118216 0.369294 0.913133
v 0.113433 0.368112 0.909683
v 0.112432 0.369219 0.905082
v 0.112817 0.371184 0.902186
v 0.123892 0.378502 0.910729
v 0.123868 0.380421 0.907121
v 0.123209 0.378545 0.902440
v 0.121194 0.382099 0.910723
v 0.117591 0.379756 0.914233
v 0.101858 0.383978 0.907689
v 0.105553 0.379118 0.908097
v 0.106102 0.379638 0.909054
v 0.102382 0.384493 0.909292
v 0.109621 0.374046 0.910431
v 0.109273 0.375885 0.910939
v 0.112297 0.377041 0.913261
v 0.108525 0.382519 0.912837
v 0.113733 0.385724 0.912452
v 0.109722 0.389625 0.912131
v 0.104721 0.387043 0.912697
v 0.115434 0.380342 0.913758
v 0.100991 0.387589 0.909658
v 0.099414 0.387460 0.908600
v 0.113826 0.375038 0.913989
v 0.109457 0.372671 0.905680
v 0.105087 0.378732 0.905118
v 0.101384 0.383610 0.904581
v 0.100245 0.387998 0.905044
v 0.106581 0.380060 0.901815
v 0.103303 0.384495 0.902229
v 0.102287 0.388434 0.902822
v 0.108735 0.382061 0.900130
v 0.105905 0.385935 0.900906
v 0.114269 0.375035 0.899987
v 0.111323 0.373214 0.902061
v 0.104474 0.388590 0.901936
v 0.101645 0.391215 0.910559
v 0.102815 0.392795 0.906793
v 0.102600 0.389911 0.911200
v 0.115471 0.386292 0.912079
v 0.110816 0.391556 0.911344
v 0.116960 0.387410 0.909881
v 0.112244 0.392444 0.909243
v 0.106474 0.393162 0.911236
v 0.106302 0.392037 0.911691
v 0.115091 0.373726 0.900242
v 0.119462 0.376529 0.900145
v 0.118495 0.377603 0.899877
v 0.112468 0.385295 0.899962
v 0.121931 0.379992 0.902161
v 0.121284 0.383554 0.907081
v 0.116927 0.387835 0.906508
v 0.115471 0.387631 0.902813
v 0.112624 0.392142 0.906454
v 0.112473 0.390622 0.903987
v 0.109177 0.388687 0.900764
v 0.108529 0.393333 0.906132
v 0.107606 0.394093 0.908928
v 0.104514 0.392168 0.904119
v 0.109211 0.392175 0.903945
v 0.106214 0.391108 0.902493
v 0.137795 0.354679 0.873702
v 0.142315 0.372654 0.885966
v 0.144649 0.376024 0.884900
v 0.146084 0.375032 0.883446
v 0.143681 0.371386 0.883523
v 0.147600 0.365511 0.893052
v 0.143653 0.367032 0.890918
v 0.145603 0.364195 0.888291
v 0.149686 0.362733 0.890121
v 0.152492 0.367252 0.893863
v 0.154673 0.365244 0.890854
v 0.150983 0.360983 0.887266
v 0.146820 0.362376 0.885343
v 0.150451 0.355001 0.872438
v 0.155827 0.353164 0.872395
v 0.161296 0.369194 0.862818
v 0.156034 0.369734 0.860372
v 0.154972 0.372057 0.868883
v 0.159891 0.371190 0.869666
v 0.142139 0.369542 0.888270
v 0.143228 0.367503 0.885480
v 0.155973 0.377014 0.882480
v 0.151300 0.377093 0.881038
v 0.149370 0.377738 0.883469
v 0.153587 0.379082 0.885321
v 0.150977 0.367683 0.861852
v 0.148187 0.364082 0.864150
v 0.147116 0.366013 0.867960
v 0.150268 0.370239 0.869529
v 0.146195 0.361051 0.870913
v 0.158831 0.374508 0.884631
v 0.159782 0.368990 0.887212
v 0.165835 0.363079 0.871415
v 0.163977 0.367530 0.869898
v 0.144334 0.365953 0.883902
v 0.147257 0.374568 0.880847
v 0.144698 0.371039 0.882138
v 0.156465 0.363026 0.887848
v 0.157465 0.371241 0.890336
v 0.150485 0.383078 0.895588
v 0.155191 0.378461 0.890397
v 0.152130 0.380355 0.887201
v 0.149112 0.384449 0.892813
v 0.156642 0.376675 0.887797
v 0.155141 0.373594 0.893462
v 0.139125 0.377186 0.889494
v 0.142805 0.381223 0.888771
v 0.138384 0.374449 0.891535
v 0.162108 0.355659 0.872211
v 0.142063 0.371506 0.897589
v 0.138949 0.372760 0.894549
v 0.147897 0.378788 0.885461
v 0.146374 0.383923 0.890060
v 0.150065 0.379148 0.898643
v 0.147362 0.373201 0.899259
v 0.145983 0.382108 0.900506
v 0.143707 0.375963 0.900966
v 0.138767 0.373945 0.897653
v 0.137662 0.374570 0.893727
v 0.137846 0.376140 0.890821
v 0.146998 0.385781 0.897000
v 0.146605 0.386666 0.894176
v 0.145157 0.385166 0.890940
v 0.143441 0.388052 0.897783
v 0.140057 0.385431 0.900181
v 0.128639 0.385388 0.893104
v 0.131391 0.382062 0.893683
v 0.131586 0.382614 0.894786
v 0.128461 0.385461 0.894209
v 0.134920 0.378359 0.896182
v 0.134390 0.380091 0.896749
v 0.137062 0.381020 0.899141
v 0.133103 0.384869 0.898182
v 0.136133 0.389332 0.898787
v 0.132640 0.391836 0.898050
v 0.130199 0.387659 0.897936
v 0.138146 0.385254 0.900008
v 0.126715 0.387709 0.894888
v 0.125864 0.388288 0.893879
v 0.138615 0.379311 0.900175
v 0.135435 0.377362 0.892189
v 0.130917 0.382356 0.891057
v 0.127566 0.386431 0.891048
v 0.126088 0.389986 0.892153
v 0.132327 0.382852 0.888925
v 0.128406 0.387356 0.889038
v 0.127205 0.390782 0.890230
v 0.134580 0.384813 0.887261
v 0.130438 0.388643 0.888011
v 0.139200 0.380851 0.887734
v 0.136730 0.378640 0.889245
v 0.128786 0.390933 0.889432
v 0.126753 0.391388 0.896296
v 0.127244 0.392840 0.893608
v 0.127578 0.390400 0.897463
v 0.137199 0.390355 0.898479
v 0.133058 0.393436 0.897403
v 0.138623 0.391701 0.896956
v 0.133700 0.394483 0.895541
v 0.129486 0.393818 0.896781
v 0.129810 0.392143 0.897824
v 0.139310 0.379403 0.888804
v 0.141976 0.382250 0.889021
v 0.141948 0.384218 0.888564
v 0.137423 0.388000 0.887823
v 0.144390 0.387083 0.891267
v 0.144620 0.388502 0.894876
v 0.139332 0.392125 0.894269
v 0.139129 0.391268 0.890893
v 0.133819 0.394609 0.893309
v 0.134134 0.393474 0.890449
v 0.132817 0.391189 0.888200
v 0.129979 0.394367 0.892637
v 0.129473 0.394621 0.894490
v 0.128206 0.393128 0.891710
v 0.130723 0.393783 0.890898
v 0.129813 0.392614 0.890036
v 0.163632 0.366888 0.865480
v 0.062693 0.354847 0.827423
v 0.066317 0.356662 0.831528
v 0.068433 0.372393 0.827799
v 0.069321 0.367449 0.832699
v 0.064982 0.373902 0.822214
v 0.059594 0.366951 0.815880
v 0.062712 0.371257 0.817571
v 0.068598 0.361684 0.834001
v 0.059833 0.355426 0.822026
v 0.058391 0.360167 0.816754
v 0.053349 0.356446 0.827103
v 0.051869 0.361857 0.821569
v 0.052597 0.368594 0.820248
v 0.057354 0.373436 0.821891
v 0.060613 0.375778 0.824968
v 0.058575 0.356629 0.832142
v 0.062464 0.358937 0.835598
v 0.065873 0.364588 0.836621
v 0.055249 0.359690 0.838599
v 0.046864 0.364827 0.840304
v 0.039905 0.382797 0.840514
v 0.044089 0.380490 0.835662
v 0.042553 0.378224 0.836687
v 0.038474 0.380496 0.840598
v 0.045484 0.376221 0.832277
v 0.044512 0.375312 0.834334
v 0.044916 0.370227 0.836030
v 0.041340 0.372526 0.839636
v 0.045621 0.367319 0.840265
v 0.044064 0.368684 0.843769
v 0.037875 0.374623 0.843356
v 0.035648 0.379991 0.843362
v 0.035205 0.376642 0.846591
v 0.036846 0.382555 0.844926
v 0.043629 0.368578 0.834365
v 0.051085 0.377648 0.828108
v 0.047407 0.382136 0.834872
v 0.043181 0.384527 0.841320
v 0.039484 0.383791 0.846439
v 0.051497 0.382943 0.836475
v 0.047404 0.384106 0.842726
v 0.044301 0.382836 0.847600
v 0.055021 0.381438 0.839528
v 0.050186 0.382048 0.844732
v 0.062714 0.376046 0.831397
v 0.057631 0.378319 0.828107
v 0.046883 0.381518 0.847543
v 0.035234 0.378132 0.849029
v 0.038285 0.379399 0.850747
v 0.046372 0.366686 0.845434
v 0.040366 0.370212 0.847237
v 0.042685 0.369751 0.849276
v 0.050246 0.365838 0.846442
v 0.045248 0.370069 0.850721
v 0.038438 0.373154 0.850877
v 0.037321 0.372820 0.848215
v 0.064938 0.374594 0.829239
v 0.066970 0.369996 0.833458
v 0.064806 0.371111 0.835565
v 0.057636 0.376458 0.843197
v 0.063782 0.366221 0.839447
v 0.059604 0.361646 0.840202
v 0.053704 0.367319 0.847303
v 0.056816 0.370998 0.846228
v 0.048325 0.372125 0.850832
v 0.050247 0.374341 0.849770
v 0.051123 0.378772 0.847634
v 0.044547 0.375627 0.851868
v 0.041306 0.373991 0.852294
v 0.043037 0.379607 0.850785
v 0.047040 0.376355 0.850619
v 0.046576 0.379232 0.849559
v 0.156969 0.369482 0.855667
v 0.150670 0.367356 0.856473
v 0.152489 0.369068 0.851004
v 0.152863 0.371980 0.842538
v 0.159163 0.374258 0.834395
v 0.146948 0.368379 0.841903
v 0.146910 0.365630 0.850925
v 0.144874 0.362583 0.859111
v 0.142261 0.365882 0.833196
f 780 781 779
f 779 781 782
f 783 784 786
f 786 784 785
f 787 782 788
f 788 782 781
f 790 791 789
f 789 791 787
f 792 790 794
f 794 790 793
f 796 797 795
f 795 797 798
f 800 801 799
f 799 801 802
f 804 805 803
f 803 805 806
f 808 809 807
f 807 809 810
f 811 812 814
f 814 812 813
f 815 816 818
f 818 816 817
f 819 820 784
f 784 820 821
f 784 821 785
f 785 821 822
f 823 812 824
f 824 812 811
f 826 827 825
f 825 827 828
f 830 831 829
f 829 831 832
f 834 830 833
f 833 830 829
f 836 837 835
f 835 837 838
f 839 840 782
f 782 840 779
f 842 843 841
f 841 843 844
f 846 847 845
f 845 847 848
f 850 851 849
f 849 851 852
f 854 855 853
f 853 855 856
f 831 857 832
f 832 857 858
f 860 861 859
f 859 861 862
f 863 864 830
f 830 864 831
f 835 838 865
f 865 838 866
f 867 868 821
f 821 868 822
f 821 820 867
f 867 820 869
f 818 817 870
f 870 817 871
f 872 848 842
f 842 848 847
f 791 839 787
f 787 839 782
f 803 806 847
f 847 806 873
f 874 803 846
f 846 803 847
f 876 877 875
f 875 877 878
f 879 880 882
f 882 880 881
f 884 808 883
f 883 808 807
f 829 832 885
f 885 832 886
f 832 858 886
f 886 858 887
f 889 890 888
f 888 890 891
f 893 783 892
f 892 783 894
f 893 819 783
f 783 819 784
f 814 813 889
f 889 813 895
f 813 896 895
f 895 896 897
f 812 898 813
f 813 898 896
f 812 823 898
f 898 823 899
f 903 904 902
f 902 904 905
f 906 907 792
f 792 907 908
f 811 909 824
f 824 909 910
f 911 872 841
f 841 872 842
f 912 913 915
f 915 913 914
f 917 918 916
f 916 918 919
f 855 920 856
f 856 920 921
f 922 923 798
f 798 923 924
f 926 927 925
f 925 927 850
f 929 930 928
f 928 930 931
f 860 879 861
f 861 879 882
f 879 860 933
f 933 860 932
f 934 935 836
f 836 935 837
f 936 846 925
f 925 846 845
f 937 924 793
f 793 924 794
f 846 936 874
f 874 936 938
f 907 844 908
f 908 844 843
f 940 941 939
f 939 941 942
f 944 945 943
f 943 945 946
f 948 949 947
f 947 949 950
f 952 949 951
f 951 949 948
f 954 955 953
f 953 955 956
f 958 959 957
f 957 959 802
f 960 961 799
f 799 961 962
f 859 963 860
f 860 963 932
f 964 965 966
f 966 965 922
f 936 849 938
f 938 849 967
f 968 913 935
f 935 913 837
f 947 950 917
f 917 950 918
f 925 850 936
f 936 850 849
f 970 971 969
f 969 971 972
f 945 944 827
f 827 944 973
f 974 968 828
f 828 968 935
f 975 976 978
f 978 976 977
f 799 802 960
f 960 802 959
f 924 937 798
f 798 937 795
f 960 959 859
f 859 959 963
f 979 963 958
f 958 963 959
f 980 981 861
f 861 981 862
f 983 984 982
f 982 984 863
f 985 800 962
f 962 800 799
f 957 802 986
f 986 802 801
f 986 987 957
f 957 987 983
f 987 988 983
f 983 988 984
f 990 984 989
f 989 984 988
f 957 983 958
f 958 983 982
f 991 954 866
f 866 954 992
f 864 863 990
f 990 863 984
f 971 995 996
f 995 997 996
f 996 997 998
f 997 796 998
f 998 796 795
f 797 999 798
f 798 999 922
f 1000 1001 1003
f 1003 1001 1002
f 953 1004 954
f 954 1004 992
f 1005 865 992
f 992 865 866
f 998 795 1006
f 1006 795 937
f 912 991 838
f 838 991 866
f 916 1007 929
f 929 1007 930
f 971 970 988
f 988 970 989
f 1008 972 996
f 996 972 971
f 1009 1010 1006
f 1006 1010 1008
f 1011 1012 869
f 869 1012 867
f 1013 1014 871
f 871 1014 870
f 1008 1010 1012
f 1012 1010 1015
f 825 1016 826
f 826 1016 1017
f 1018 969 1013
f 1013 969 1014
f 783 786 894
f 894 786 1019
f 1020 1021 967
f 967 1021 938
f 1022 1023 876
f 876 1023 877
f 934 1024 825
f 825 1024 1016
f 854 1025 855
f 855 1025 1026
f 1028 903 1027
f 1027 903 902
f 1030 1031 1029
f 1029 1031 1032
f 889 888 814
f 814 888 1033
f 1034 811 1033
f 1033 811 814
f 1035 1036 932
f 932 1036 933
f 841 947 911
f 911 947 917
f 844 948 841
f 841 948 947
f 951 948 907
f 907 948 844
f 907 906 951
f 951 906 1037
f 906 1038 1037
f 1037 1038 1039
f 991 912 1040
f 1040 912 915
f 1041 1042 964
f 964 1042 965
f 890 1043 891
f 891 1043 1044
f 789 1045 1046
f 1012 1011 1008
f 1008 1011 972
f 931 1047 848
f 848 1047 845
f 953 956 943
f 943 956 919
f 928 931 872
f 872 931 848
f 1049 999 1048
f 1048 999 985
f 1047 931 1050
f 1050 931 930
f 899 823 887
f 887 823 886
f 825 828 934
f 934 828 935
f 835 1051 836
f 836 1051 1052
f 923 1053 1038
f 1038 1053 1039
f 1054 927 921
f 921 927 856
f 926 1047 853
f 853 1047 1050
f 985 1055 1048
f 1048 1055 1056
f 973 974 827
f 827 974 828
f 837 913 838
f 838 913 912
f 861 882 980
f 980 882 1057
f 927 926 856
f 856 926 853
f 1025 1056 1026
f 1026 1056 1055
f 961 960 862
f 862 960 859
f 826 1017 1059
f 1059 1017 1060
f 1005 1001 1061
f 1061 1001 1000
f 1001 1004 1002
f 1002 1004 946
f 1059 1060 1002
f 1002 1060 1003
f 943 946 953
f 953 946 1004
f 1042 1041 916
f 916 1041 1007
f 792 794 906
f 906 794 1038
f 998 1006 996
f 996 1006 1008
f 865 1005 1062
f 1062 1005 1061
f 1038 794 923
f 923 794 924
f 1022 876 1036
f 1036 876 933
f 836 1052 934
f 934 1052 1024
f 885 1063 829
f 829 1063 833
f 1021 1064 938
f 938 1064 874
f 1012 1015 867
f 867 1015 868
f 824 910 885
f 885 910 1063
f 1031 1030 1027
f 1027 1030 1028
f 1064 804 874
f 874 804 803
f 884 883 1065
f 1065 883 1066
f 1050 930 1067
f 1067 930 1007
f 916 929 917
f 917 929 911
f 961 1068 939
f 939 1068 940
f 1069 1070 1055
f 1055 1070 1071
f 929 928 911
f 911 928 872
f 1040 1053 955
f 955 1053 965
f 922 965 923
f 923 965 1053
f 1051 835 1062
f 1062 835 865
f 952 914 968
f 968 914 913
f 889 895 890
f 890 895 816
f 895 897 816
f 816 897 901
f 890 816 1043
f 1043 816 815
f 1065 1066 1032
f 1032 1066 1029
f 1006 937 1009
f 1009 937 793
f 1001 1005 1004
f 1004 1005 992
f 925 845 926
f 926 845 1047
f 1002 946 1059
f 1059 946 945
f 977 941 978
f 978 941 940
f 823 824 886
f 886 824 885
f 1059 945 826
f 826 945 827
f 939 942 1069
f 1069 942 1070
f 816 901 817
f 1071 1072 1055
f 1055 1072 1026
f 1062 1061 1074
f 1074 1061 1073
f 1062 1074 1051
f 1051 1074 1075
f 1052 1051 1076
f 1076 1051 1075
f 1024 1052 1077
f 1077 1052 1076
f 1061 1000 1073
f 1073 1000 1078
f 1000 1003 1078
f 1078 1003 1079
f 1079 1003 1080
f 1080 1003 1060
f 1081 1082 1078
f 1078 1082 1073
f 1084 1085 1083
f 1083 1085 1086
f 1087 1088 1086
f 1086 1088 1083
f 1086 1085 1090
f 1090 1085 1089
f 1091 1092 1090
f 1090 1092 1093
f 1089 1094 1090
f 1090 1094 1091
f 1095 1082 1089
f 1089 1082 1094
f 1093 1087 1090
f 1090 1087 1086
f 1096 1097 1099
f 1099 1097 1098
f 1097 1096 1087
f 1087 1096 1088
f 1089 1085 1095
f 1095 1085 1084
f 1084 1075 1095
f 1095 1075 1074
f 1084 1100 1075
f 1075 1100 1076
f 1083 1101 1084
f 1084 1101 1100
f 1101 1083 1102
f 1102 1083 1088
f 1082 1095 1073
f 1073 1095 1074
f 1096 1103 1088
f 1088 1103 1102
f 1101 1102 1104
f 1104 1102 1105
f 1102 1103 1105
f 1105 1103 1106
f 1104 1105 1107
f 1107 1105 1108
f 1107 1109 1104
f 1104 1109 1110
f 1111 1108 1106
f 1106 1108 1105
f 1101 1104 1100
f 1100 1104 1110
f 1100 1110 1076
f 1076 1110 1077
f 1103 1096 1112
f 1112 1096 1099
f 1091 1094 1113
f 1113 1094 1082
f 1113 1114 1091
f 1091 1114 1092
f 1082 1081 1113
f 1113 1081 1115
f 1114 1113 1116
f 1116 1113 1115
f 1114 1117 1092
f 1092 1117 1118
f 1024 1077 1016
f 1016 1077 1119
f 1017 1120 1060
f 1060 1120 1080
f 1120 1017 1119
f 1119 1017 1016
f 1119 1109 1120
f 1120 1109 1121
f 1109 1107 1121
f 1121 1107 1122
f 1120 1121 1080
f 1080 1121 1123
f 1119 1077 1109
f 1109 1077 1110
f 1124 1079 1123
f 1123 1079 1080
f 1124 1081 1079
f 1079 1081 1078
f 1125 1115 1124
f 1124 1115 1081
f 1125 1124 1126
f 1126 1124 1123
f 1127 1125 1128
f 1128 1125 1126
f 1121 1122 1123
f 1123 1122 1126
f 1122 1129 1126
f 1126 1129 1128
f 1115 1125 1116
f 1116 1125 1127
f 1131 1116 1130
f 1130 1116 1127
f 1130 1133 1132
f 1132 1133 1134
f 1130 1127 1133
f 1133 1127 1128
f 1130 1132 1131
f 1131 1132 1112
f 1131 1112 1117
f 1117 1112 1099
f 1117 1114 1131
f 1131 1114 1116
f 1107 1108 1122
f 1122 1108 1129
f 1134 1129 1111
f 1111 1129 1108
f 1134 1133 1129
f 1129 1133 1128
f 1132 1134 1106
f 1106 1134 1111
f 1106 1103 1132
f 1132 1103 1112
f 1087 1093 1097
f 1097 1093 1098
f 1098 1118 1099
f 1099 1118 1117
f 1098 1093 1118
f 1118 1093 1092
f 915 914 1039
f 1039 914 1037
f 918 944 919
f 919 944 943
f 950 949 973
f 973 949 974
f 949 952 974
f 974 952 968
f 956 955 1042
f 1042 955 965
f 950 973 918
f 918 973 944
f 915 1039 1040
f 1040 1039 1053
f 956 1042 919
f 919 1042 916
f 1040 955 991
f 991 955 954
f 914 952 1037
f 1037 952 951
f 1136 1137 1135
f 1135 1137 1138
f 1140 1141 1139
f 1139 1141 1142
f 1139 1142 1143
f 1143 1142 1144
f 1145 1146 1148
f 1148 1146 1147
f 854 1149 1025
f 1025 1149 1150
f 1151 1152 1140
f 1140 1152 1141
f 1154 1155 1153
f 1153 1155 1156
f 1067 1007 1158
f 1158 1007 1157
f 1159 1157 1041
f 1041 1157 1007
f 1161 1162 1160
f 1160 1162 1163
f 1164 1146 1152
f 1152 1146 1141
f 854 1067 1149
f 1149 1067 1158
f 1155 1154 1137
f 1137 1154 1165
f 1166 1164 1138
f 1138 1164 1152
f 1167 1161 1144
f 1144 1161 1168
f 1170 1171 1169
f 1169 1171 1172
f 1161 1160 1168
f 1168 1160 1173
f 1174 1143 1168
f 1168 1143 1144
f 1167 1144 1145
f 1145 1144 1142
f 1135 1175 1136
f 1136 1175 1176
f 1151 1177 1135
f 1135 1177 1175
f 1167 1145 1178
f 1178 1145 1148
f 1160 1163 1153
f 1153 1163 1150
f 1135 1138 1151
f 1151 1138 1152
f 1139 1179 1140
f 1140 1179 1180
f 1165 1166 1137
f 1137 1166 1138
f 1141 1146 1142
f 1142 1146 1145
f 1136 1176 1181
f 1181 1176 1182
f 1174 1170 1183
f 1183 1170 1169
f 1170 1173 1171
f 1171 1173 1156
f 1171 1181 1172
f 1172 1181 1182
f 1153 1156 1160
f 1160 1156 1173
f 1143 1174 1184
f 1184 1174 1183
f 1140 1180 1151
f 1151 1180 1177
f 1049 1048 1178
f 1178 1048 1162
f 1179 1139 1184
f 1184 1139 1143
f 1159 1147 1164
f 1164 1147 1146
f 1170 1174 1173
f 1173 1174 1168
f 1171 1156 1181
f 1181 1156 1155
f 1181 1155 1136
f 1136 1155 1137
f 1184 1183 1186
f 1186 1183 1185
f 1184 1186 1179
f 1179 1186 1187
f 1179 1187 1180
f 1180 1187 1188
f 1180 1188 1177
f 1177 1188 1189
f 1183 1169 1185
f 1185 1169 1190
f 1169 1172 1190
f 1190 1172 1191
f 1172 1182 1191
f 1191 1182 1192
f 1193 1194 1190
f 1190 1194 1185
f 1196 1197 1195
f 1195 1197 1198
f 1199 1200 1196
f 1196 1200 1197
f 1197 1200 1202
f 1202 1200 1201
f 1203 1204 1202
f 1202 1204 1205
f 1201 1206 1202
f 1202 1206 1203
f 1205 1198 1202
f 1202 1198 1197
f 1198 1207 1195
f 1195 1207 1208
f 1201 1200 1209
f 1209 1200 1199
f 1199 1187 1209
f 1209 1187 1186
f 1199 1210 1187
f 1187 1210 1188
f 1196 1211 1199
f 1199 1211 1210
f 1212 1211 1195
f 1195 1211 1196
f 1209 1194 1201
f 1201 1194 1206
f 1194 1209 1185
f 1185 1209 1186
f 1213 1212 1208
f 1208 1212 1195
f 1211 1212 1214
f 1214 1212 1215
f 1212 1213 1215
f 1215 1213 1216
f 1214 1215 1217
f 1217 1215 1218
f 1217 1219 1214
f 1214 1219 1220
f 1216 1221 1215
f 1215 1221 1218
f 1214 1220 1211
f 1211 1220 1210
f 1210 1220 1188
f 1188 1220 1189
f 1213 1208 1223
f 1223 1208 1222
f 1208 1207 1222
f 1222 1207 1224
f 1203 1206 1225
f 1225 1206 1194
f 1204 1203 1226
f 1226 1203 1225
f 1194 1193 1225
f 1225 1193 1227
f 1225 1227 1226
f 1226 1227 1228
f 1229 1230 1226
f 1226 1230 1204
f 1224 1230 1222
f 1222 1230 1229
f 1177 1189 1175
f 1175 1189 1231
f 1176 1232 1182
f 1182 1232 1192
f 1232 1176 1231
f 1231 1176 1175
f 1231 1219 1232
f 1232 1219 1233
f 1219 1217 1233
f 1233 1217 1234
f 1232 1233 1192
f 1192 1233 1235
f 1219 1231 1220
f 1220 1231 1189
f 1236 1191 1235
f 1235 1191 1192
f 1236 1193 1191
f 1191 1193 1190
f 1236 1237 1193
f 1193 1237 1227
f 1237 1236 1238
f 1238 1236 1235
f 1239 1237 1240
f 1240 1237 1238
f 1233 1234 1235
f 1235 1234 1238
f 1234 1241 1238
f 1238 1241 1240
f 1237 1239 1227
f 1227 1239 1228
f 1243 1228 1242
f 1242 1228 1239
f 1242 1245 1244
f 1244 1245 1246
f 1242 1239 1245
f 1245 1239 1240
f 1242 1244 1243
f 1243 1244 1223
f 1243 1223 1229
f 1229 1223 1222
f 1229 1226 1243
f 1243 1226 1228
f 1217 1218 1234
f 1234 1218 1241
f 1246 1241 1221
f 1221 1241 1218
f 1246 1245 1241
f 1241 1245 1240
f 1244 1246 1216
f 1216 1246 1221
f 1216 1213 1244
f 1244 1213 1223
f 1198 1205 1207
f 1207 1205 1224
f 1224 1205 1230
f 1230 1205 1204
f 1148 1147 966
f 966 1147 964
f 1149 1154 1150
f 1150 1154 1153
f 1158 1157 1165
f 1165 1157 1166
f 1157 1159 1166
f 1166 1159 1164
f 1163 1162 1056
f 1056 1162 1048
f 1158 1165 1149
f 1149 1165 1154
f 1178 1148 1049
f 1049 1148 966
f 1163 1056 1150
f 1150 1056 1025
f 1178 1162 1167
f 1167 1162 1161
f 1147 1159 964
f 964 1159 1041
f 999 1049 922
f 922 1049 966
f 999 797 985
f 985 797 800
f 797 796 800
f 800 796 801
f 796 997 801
f 801 997 986
f 1247 1248 1250
f 1250 1248 1249
f 1252 1253 1251
f 1251 1253 1254
f 1251 1254 1255
f 1255 1254 1256
f 1258 1259 1257
f 1257 1259 1260
f 1261 1262 1252
f 1252 1262 1253
f 1264 1265 1263
f 1263 1265 1266
f 1267 1268 855
f 855 1268 920
f 1269 1267 1026
f 1026 1267 855
f 1271 1272 1270
f 1270 1272 1273
f 1274 1258 1262
f 1262 1258 1253
f 1264 1275 1265
f 1265 1275 1249
f 1276 1274 1250
f 1250 1274 1262
f 1277 1271 1256
f 1256 1271 1278
f 1279 1280 1282
f 1282 1280 1281
f 1271 1270 1278
f 1278 1270 1283
f 1284 1255 1278
f 1278 1255 1256
f 1277 1256 1257
f 1257 1256 1254
f 1247 1285 1248
f 1248 1285 1286
f 1261 1287 1247
f 1247 1287 1285
f 1257 1260 1277
f 1277 1260 1288
f 1270 1273 1263
f 1263 1273 1289
f 1261 1247 1262
f 1262 1247 1250
f 1251 1290 1252
f 1252 1290 1291
f 1275 1276 1249
f 1249 1276 1250
f 1253 1258 1254
f 1254 1258 1257
f 1248 1286 1292
f 1292 1286 1293
f 1284 1280 1294
f 1294 1280 1279
f 1281 1280 1266
f 1266 1280 1283
f 1292 1293 1281
f 1281 1293 1282
f 1263 1266 1270
f 1270 1266 1283
f 1255 1284 1295
f 1295 1284 1294
f 1252 1291 1261
f 1261 1291 1287
f 1288 1070 1272
f 1272 1070 942
f 1290 1251 1295
f 1295 1251 1255
f 1269 1259 1274
f 1274 1259 1258
f 1280 1284 1283
f 1283 1284 1278
f 1281 1266 1292
f 1292 1266 1265
f 1292 1265 1248
f 1248 1265 1249
f 1295 1294 1297
f 1297 1294 1296
f 1295 1297 1290
f 1290 1297 1298
f 1290 1298 1291
f 1291 1298 1299
f 1291 1299 1287
f 1287 1299 1300
f 1294 1279 1296
f 1296 1279 1301
f 1279 1282 1301
f 1301 1282 1302
f 1302 1282 1303
f 1303 1282 1293
f 1304 1305 1301
f 1301 1305 1296
f 1307 1308 1306
f 1306 1308 1309
f 1310 1311 1307
f 1307 1311 1308
f 1308 1311 1313
f 1313 1311 1312
f 1314 1315 1313
f 1313 1315 1316
f 1312 1317 1313
f 1313 1317 1314
f 1316 1309 1313
f 1313 1309 1308
f 1318 1319 1309
f 1309 1319 1306
f 1311 1310 1312
f 1312 1310 1320
f 1310 1298 1320
f 1320 1298 1297
f 1310 1321 1298
f 1298 1321 1299
f 1307 1322 1310
f 1310 1322 1321
f 1322 1307 1323
f 1323 1307 1306
f 1312 1320 1317
f 1317 1320 1305
f 1305 1320 1296
f 1296 1320 1297
f 1319 1324 1306
f 1306 1324 1323
f 1325 1322 1326
f 1326 1322 1323
f 1324 1327 1323
f 1323 1327 1326
f 1328 1325 1329
f 1329 1325 1326
f 1325 1328 1331
f 1331 1328 1330
f 1327 1332 1326
f 1326 1332 1329
f 1322 1325 1321
f 1321 1325 1331
f 1321 1331 1299
f 1299 1331 1300
f 1324 1319 1334
f 1334 1319 1333
f 1319 1318 1333
f 1333 1318 1335
f 1314 1317 1336
f 1336 1317 1305
f 1315 1314 1337
f 1337 1314 1336
f 1305 1304 1336
f 1336 1304 1338
f 1337 1336 1339
f 1339 1336 1338
f 1337 1340 1315
f 1315 1340 1341
f 1335 1341 1333
f 1333 1341 1340
f 1287 1300 1285
f 1285 1300 1342
f 1286 1343 1293
f 1293 1343 1303
f 1343 1286 1342
f 1342 1286 1285
f 1342 1330 1343
f 1343 1330 1344
f 1330 1328 1344
f 1344 1328 1345
f 1343 1344 1303
f 1303 1344 1346
f 1342 1300 1330
f 1330 1300 1331
f 1347 1302 1346
f 1346 1302 1303
f 1347 1304 1302
f 1302 1304 1301
f 1348 1338 1347
f 1347 1338 1304
f 1348 1347 1349
f 1349 1347 1346
f 1350 1348 1351
f 1351 1348 1349
f 1344 1345 1346
f 1346 1345 1349
f 1345 1352 1349
f 1349 1352 1351
f 1348 1350 1338
f 1338 1350 1339
f 1354 1339 1353
f 1353 1339 1350
f 1353 1356 1355
f 1355 1356 1357
f 1353 1350 1356
f 1356 1350 1351
f 1353 1355 1354
f 1354 1355 1334
f 1354 1334 1340
f 1340 1334 1333
f 1340 1337 1354
f 1354 1337 1339
f 1328 1329 1345
f 1345 1329 1352
f 1357 1352 1332
f 1332 1352 1329
f 1357 1356 1352
f 1352 1356 1351
f 1357 1332 1355
f 1355 1332 1327
f 1327 1324 1355
f 1355 1324 1334
f 1309 1316 1318
f 1318 1316 1335
f 1335 1316 1341
f 1341 1316 1315
f 1259 1072 1260
f 1260 1072 1071
f 1358 1264 1289
f 1289 1264 1263
f 1268 1267 1275
f 1275 1267 1276
f 1267 1269 1276
f 1276 1269 1274
f 941 1273 942
f 942 1273 1272
f 1358 1268 1264
f 1264 1268 1275
f 1260 1071 1288
f 1288 1071 1070
f 1273 941 1289
f 1289 941 977
f 1272 1271 1288
f 1288 1271 1277
f 1259 1269 1072
f 1072 1269 1026
f 1360 1361 1359
f 1359 1361 1362
f 1364 1365 1363
f 1363 1365 1366
f 1363 1366 1367
f 1367 1366 1368
f 1370 1371 1369
f 1369 1371 1372
f 1373 1374 1376
f 1376 1374 1375
f 1377 1378 1364
f 1364 1378 1365
f 1379 1380 1382
f 1382 1380 1381
f 1383 1384 1386
f 1386 1384 1385
f 1387 1385 978
f 978 1385 1384
f 1388 1389 1391
f 1391 1389 1390
f 1378 1392 1365
f 1365 1392 1370
f 1374 1383 1375
f 1375 1383 1386
f 1380 1393 1381
f 1381 1393 1361
f 1394 1392 1362
f 1362 1392 1378
f 1389 1396 1395
f 1395 1396 1368
f 1398 1399 1397
f 1397 1399 1400
f 1388 1401 1389
f 1389 1401 1396
f 1402 1367 1396
f 1396 1367 1368
f 1395 1368 1369
f 1369 1368 1366
f 1359 1403 1360
f 1360 1403 1404
f 1377 1405 1359
f 1359 1405 1403
f 1369 1372 1395
f 1395 1372 1406
f 1379 1388 1376
f 1376 1388 1391
f 1359 1362 1377
f 1377 1362 1378
f 1363 1407 1364
f 1364 1407 1408
f 1393 1394 1361
f 1361 1394 1362
f 1365 1370 1366
f 1366 1370 1369
f 1360 1404 1409
f 1409 1404 1410
f 1402 1398 1411
f 1411 1398 1397
f 1399 1398 1382
f 1382 1398 1401
f 1409 1410 1399
f 1399 1410 1400
f 1388 1379 1401
f 1401 1379 1382
f 1367 1402 1412
f 1412 1402 1411
f 1364 1408 1377
f 1377 1408 1405
f 981 980 1406
f 1406 980 1390
f 1407 1363 1412
f 1412 1363 1367
f 1387 1371 1392
f 1392 1371 1370
f 1398 1402 1401
f 1401 1402 1396
f 1409 1399 1381
f 1381 1399 1382
f 1360 1409 1361
f 1361 1409 1381
f 1412 1411 1414
f 1414 1411 1413
f 1412 1414 1407
f 1407 1414 1415
f 1407 1415 1408
f 1408 1415 1416
f 1408 1416 1405
f 1405 1416 1417
f 1411 1397 1413
f 1413 1397 1418
f 1397 1400 1418
f 1418 1400 1419
f 1419 1400 1420
f 1420 1400 1410
f 1422 1413 1421
f 1421 1413 1418
f 1423 1424 1426
f 1426 1424 1425
f 1427 1428 1424
f 1424 1428 1425
f 1425 1428 1430
f 1430 1428 1429
f 1430 1431 1433
f 1433 1431 1432
f 1429 1434 1430
f 1430 1434 1431
f 1433 1426 1430
f 1430 1426 1425
f 1426 1435 1423
f 1423 1435 1436
f 1428 1427 1429
f 1429 1427 1437
f 1427 1415 1437
f 1437 1415 1414
f 1427 1438 1415
f 1415 1438 1416
f 1439 1438 1424
f 1424 1438 1427
f 1440 1439 1423
f 1423 1439 1424
f 1429 1437 1434
f 1434 1437 1422
f 1422 1437 1413
f 1413 1437 1414
f 1441 1440 1436
f 1436 1440 1423
f 1442 1439 1443
f 1443 1439 1440
f 1441 1444 1440
f 1440 1444 1443
f 1445 1442 1446
f 1446 1442 1443
f 1442 1445 1448
f 1448 1445 1447
f 1444 1449 1443
f 1443 1449 1446
f 1439 1442 1438
f 1438 1442 1448
f 1438 1448 1416
f 1416 1448 1417
f 1436 1450 1441
f 1441 1450 1451
f 1436 1435 1450
f 1450 1435 1452
f 1431 1434 1453
f 1453 1434 1422
f 1431 1453 1432
f 1432 1453 1454
f 1453 1422 1455
f 1455 1422 1421
f 1454 1453 1456
f 1456 1453 1455
f 1457 1458 1454
f 1454 1458 1432
f 1452 1458 1450
f 1450 1458 1457
f 1405 1417 1403
f 1403 1417 1459
f 1404 1460 1410
f 1410 1460 1420
f 1459 1460 1403
f 1403 1460 1404
f 1447 1461 1459
f 1459 1461 1460
f 1445 1462 1447
f 1447 1462 1461
f 1460 1461 1420
f 1420 1461 1463
f 1459 1417 1447
f 1447 1417 1448
f 1464 1419 1463
f 1463 1419 1420
f 1419 1464 1418
f 1418 1464 1421
f 1464 1465 1421
f 1421 1465 1455
f 1465 1464 1466
f 1466 1464 1463
f 1467 1465 1468
f 1468 1465 1466
f 1461 1462 1463
f 1463 1462 1466
f 1462 1469 1466
f 1466 1469 1468
f 1465 1467 1455
f 1455 1467 1456
f 1471 1456 1470
f 1470 1456 1467
f 1470 1473 1472
f 1472 1473 1474
f 1470 1467 1473
f 1473 1467 1468
f 1470 1472 1471
f 1471 1472 1451
f 1471 1451 1457
f 1457 1451 1450
f 1457 1454 1471
f 1471 1454 1456
f 1462 1445 1469
f 1469 1445 1446
f 1474 1469 1449
f 1449 1469 1446
f 1474 1473 1469
f 1469 1473 1468
f 1472 1474 1444
f 1444 1474 1449
f 1444 1441 1472
f 1472 1441 1451
f 1426 1433 1435
f 1435 1433 1452
f 1452 1433 1458
f 1458 1433 1432
f 1371 940 1372
f 1372 940 1068
f 1376 1375 1379
f 1379 1375 1380
f 1393 1386 1394
f 1394 1386 1385
f 1385 1387 1394
f 1394 1387 1392
f 1475 1373 1391
f 1391 1373 1376
f 1375 1386 1380
f 1380 1386 1393
f 1372 1068 1406
f 1406 1068 981
f 1406 1390 1395
f 1395 1390 1389
f 1371 1387 940
f 940 1387 978
f 883 807 1476
f 1476 807 1477
f 1046 904 1479
f 1479 904 1478
f 904 903 1478
f 1478 903 1480
f 1030 1481 1028
f 1028 1481 1482
f 810 1046 1483
f 1483 1046 1479
f 1066 883 1484
f 1484 883 1476
f 807 810 1477
f 1477 810 1483
f 1485 1029 1484
f 1484 1029 1066
f 1028 1482 903
f 903 1482 1480
f 1481 1030 1485
f 1485 1030 1029
f 1484 1486 1485
f 1485 1486 1487
f 1485 1487 1481
f 1481 1487 1488
f 1481 1488 1482
f 1482 1488 1489
f 1482 1489 1480
f 1480 1489 1490
f 1484 1476 1486
f 1486 1476 1491
f 1476 1477 1491
f 1491 1477 1492
f 1477 1483 1492
f 1492 1483 1493
f 1495 1486 1494
f 1494 1486 1491
f 1497 1498 1496
f 1496 1498 1499
f 1500 1501 1497
f 1497 1501 1498
f 1502 1503 1501
f 1501 1503 1498
f 1502 1504 1503
f 1503 1504 1505
f 1506 1499 1503
f 1503 1499 1498
f 1499 1506 1507
f 1507 1506 1508
f 1507 1509 1499
f 1499 1509 1496
f 1502 1501 1510
f 1510 1501 1500
f 1500 1488 1510
f 1510 1488 1487
f 1500 1511 1488
f 1488 1511 1489
f 1497 1512 1500
f 1500 1512 1511
f 1512 1497 1513
f 1513 1497 1496
f 1502 1510 1504
f 1504 1510 1495
f 1495 1510 1486
f 1486 1510 1487
f 1509 1514 1496
f 1496 1514 1513
f 1515 1512 1516
f 1516 1512 1513
f 1514 1517 1513
f 1513 1517 1516
f 1518 1515 1519
f 1519 1515 1516
f 1515 1518 1521
f 1521 1518 1520
f 1517 1522 1516
f 1516 1522 1519
f 1512 1515 1511
f 1511 1515 1521
f 1511 1521 1489
f 1489 1521 1490
f 1514 1509 1524
f 1524 1509 1523
f 1509 1507 1523
f 1523 1507 1508
f 1505 1504 1525
f 1525 1504 1495
f 1526 1505 1527
f 1527 1505 1525
f 1525 1495 1528
f 1528 1495 1494
f 1527 1525 1529
f 1529 1525 1528
f 1527 1530 1526
f 1526 1530 1531
f 1508 1531 1523
f 1523 1531 1530
f 1506 1503 1526
f 1526 1503 1505
f 1508 1506 1531
f 1531 1506 1526
f 1478 1480 1532
f 1532 1480 1490
f 1483 1479 1493
f 1493 1479 1533
f 1532 1533 1478
f 1478 1533 1479
f 1520 1534 1532
f 1532 1534 1533
f 1518 1535 1520
f 1520 1535 1534
f 1533 1534 1493
f 1493 1534 1536
f 1532 1490 1520
f 1520 1490 1521
f 1537 1492 1536
f 1536 1492 1493
f 1492 1537 1491
f 1491 1537 1494
f 1537 1538 1494
f 1494 1538 1528
f 1538 1537 1539
f 1539 1537 1536
f 1540 1538 1541
f 1541 1538 1539
f 1534 1535 1536
f 1536 1535 1539
f 1535 1542 1539
f 1539 1542 1541
f 1538 1540 1528
f 1528 1540 1529
f 1544 1529 1543
f 1543 1529 1540
f 1545 1543 1547
f 1547 1543 1546
f 1543 1540 1546
f 1546 1540 1541
f 1543 1545 1544
f 1544 1545 1524
f 1544 1524 1530
f 1530 1524 1523
f 1530 1527 1544
f 1544 1527 1529
f 1535 1518 1542
f 1542 1518 1519
f 1547 1542 1522
f 1522 1542 1519
f 1547 1546 1542
f 1542 1546 1541
f 1545 1547 1517
f 1517 1547 1522
f 1517 1514 1545
f 1545 1514 1524
f 997 995 986
f 986 995 987
f 987 995 988
f 988 995 971
f 976 1358 977
f 977 1358 1289
f 854 853 1067
f 1067 853 1050
f 1055 985 1069
f 1069 985 962
f 1068 961 981
f 981 961 862
f 1268 1358 920
f 920 1358 976
f 920 976 921
f 921 976 975
f 927 1054 850
f 850 1054 851
f 882 881 1057
f 1057 881 1548
f 1548 1374 1057
f 1057 1374 1373
f 1383 1374 1549
f 1549 1374 1548
f 1549 1548 1550
f 1550 1548 881
f 1550 881 1551
f 1551 881 880
f 933 1552 879
f 879 1552 880
f 1551 880 875
f 875 880 1552
f 1553 1551 878
f 878 1551 875
f 1551 1553 1550
f 1550 1553 1554
f 1550 1554 1549
f 1549 1554 1555
f 978 1384 975
f 975 1384 1555
f 967 849 1556
f 1556 849 852
f 875 1552 876
f 876 1552 933
f 961 939 962
f 962 939 1069
f 1555 1054 975
f 975 1054 921
f 1555 1384 1549
f 1549 1384 1383
f 1391 1390 1475
f 1475 1390 980
f 1373 1475 1057
f 1057 1475 980
f 851 1054 1554
f 1554 1054 1555
f 1554 1553 851
f 851 1553 852
f 878 1556 1553
f 1553 1556 852
f 1556 878 967
f 967 878 877
f 1023 1020 877
f 877 1020 967
f 909 811 1034
f 806 779 873
f 873 779 840
f 805 780 806
f 806 780 779
f 1043 893 1044
f 1044 893 892
f 873 840 847
f 847 840 842
f 840 839 842
f 842 839 843
f 839 791 843
f 843 791 908
f 791 790 908
f 908 790 792
f 809 789 810
f 810 789 1046
f 793 790 809
f 809 790 789
f 809 808 793
f 793 808 1009
f 808 884 1009
f 1009 884 1010
f 1065 1015 884
f 884 1015 1010
f 1032 868 1065
f 1065 868 1015
f 1031 822 1032
f 1032 822 868
f 1031 1027 822
f 822 1027 785
f 1045 905 1046
f 1046 905 904
f 788 781 1019
f 1019 781 894
f 781 780 894
f 894 780 892
f 780 805 892
f 892 805 1044
f 805 804 1044
f 1044 804 891
f 804 1064 891
f 891 1064 888
f 1064 1021 888
f 888 1021 1033
f 1021 1020 1033
f 1033 1020 1034
f 1020 1023 1034
f 1034 1023 909
f 1023 1022 909
f 909 1022 910
f 1043 815 893
f 893 815 819
f 819 815 820
f 820 815 818
f 870 869 818
f 818 869 820
f 1014 1011 870
f 870 1011 869
f 969 972 1014
f 1014 972 1011
f 1036 1063 1022
f 1022 1063 910
f 1035 833 1036
f 1036 833 1063
f 1035 932 979
f 979 932 963
f 834 979 982
f 982 979 958
f 833 1035 834
f 834 1035 979
f 982 863 834
f 834 863 830
f 864 900 831
f 831 900 857
f 990 993 864
f 864 993 900
f 989 994 990
f 990 994 993
f 970 1058 989
f 989 1058 994
f 969 1018 970
f 970 1018 1058
f 1027 902 785
f 785 902 786
f 902 905 786
f 786 905 1019
f 905 1045 1019
f 1019 1045 788
f 788 1045 787
f 787 1045 789
o hand_right
v 0.157932 0.188691 0.916489
v 0.155942 0.191919 0.925862
v 0.151655 0.183709 0.919617
v 0.153099 0.181495 0.911497
v 0.147928 0.181329 0.940022
v 0.136976 0.181328 0.946487
v 0.134871 0.170682 0.933611
v 0.144882 0.172277 0.930540
v 0.148027 0.177722 0.905649
v 0.148379 0.177632 0.914546
v 0.142305 0.180182 0.902214
v 0.142210 0.183142 0.892154
v 0.147969 0.178870 0.896775
v 0.145136 0.183092 0.884596
v 0.137034 0.193141 0.893331
v 0.146057 0.191709 0.880558
v 0.156162 0.214966 0.895942
v 0.167287 0.221328 0.900342
v 0.174368 0.213985 0.886195
v 0.162544 0.207325 0.883496
v 0.188611 0.221627 0.899806
v 0.181159 0.217216 0.891539
v 0.173913 0.225548 0.904962
v 0.180914 0.228996 0.911719
v 0.167794 0.198920 0.924612
v 0.165709 0.203041 0.934492
v 0.161729 0.200202 0.931319
v 0.163659 0.196092 0.922190
v 0.131125 0.177773 0.904132
v 0.128124 0.186937 0.906190
v 0.134607 0.184712 0.901748
v 0.136504 0.176099 0.904054
v 0.167794 0.211689 0.961902
v 0.160715 0.221259 0.968510
v 0.155427 0.219352 0.966807
v 0.163105 0.211304 0.960869
v 0.140068 0.202160 0.959975
v 0.138693 0.213346 0.963135
v 0.126273 0.219912 0.960858
v 0.126158 0.211024 0.955248
v 0.139208 0.190423 0.953928
v 0.126530 0.197309 0.952270
v 0.126083 0.185630 0.945337
v 0.125637 0.172879 0.932698
v 0.171624 0.227827 0.970415
v 0.178478 0.221459 0.966347
v 0.174552 0.148580 0.871501
v 0.179665 0.150840 0.873610
v 0.177847 0.153657 0.874113
v 0.173105 0.150991 0.871724
v 0.182239 0.241061 0.959150
v 0.179476 0.248308 0.952540
v 0.177795 0.250677 0.959188
v 0.178492 0.243440 0.965224
v 0.187114 0.237810 0.951102
v 0.181526 0.244288 0.943506
v 0.175605 0.146576 0.858924
v 0.173016 0.145562 0.863242
v 0.170879 0.149424 0.861659
v 0.173565 0.151382 0.857464
v 0.154033 0.179208 0.902744
v 0.160383 0.184002 0.908332
v 0.161973 0.173973 0.888643
v 0.161816 0.178697 0.895612
v 0.154850 0.177323 0.894102
v 0.155448 0.174156 0.887799
v 0.178863 0.191513 0.906041
v 0.174360 0.196298 0.915707
v 0.169736 0.192995 0.912312
v 0.173420 0.186328 0.901785
v 0.186006 0.200503 0.922667
v 0.189392 0.195864 0.912373
v 0.195585 0.198820 0.917573
v 0.192306 0.200822 0.924470
v 0.192285 0.187846 0.893595
v 0.194462 0.186061 0.887643
v 0.196901 0.185900 0.889508
v 0.194770 0.189292 0.895642
v 0.175508 0.253816 0.965059
v 0.174065 0.245729 0.970472
v 0.203842 0.225886 0.914801
v 0.207792 0.224014 0.925148
v 0.215618 0.218754 0.916245
v 0.209451 0.222407 0.907041
v 0.172794 0.251053 0.944924
v 0.172702 0.255131 0.951569
v 0.180820 0.149088 0.856819
v 0.179005 0.153832 0.855554
v 0.120070 0.196371 0.939702
v 0.119690 0.179417 0.928234
v 0.121593 0.210482 0.946037
v 0.122693 0.221077 0.949320
v 0.121439 0.228643 0.953627
v 0.168479 0.179349 0.894035
v 0.164369 0.190637 0.913764
v 0.171853 0.200949 0.926934
v 0.199634 0.206988 0.939253
v 0.195196 0.210749 0.948094
v 0.188379 0.204857 0.942128
v 0.193611 0.203337 0.935265
v 0.210553 0.216587 0.931181
v 0.208410 0.208835 0.931619
v 0.212364 0.206003 0.924375
v 0.215812 0.212777 0.922950
v 0.124113 0.175954 0.906388
v 0.122464 0.187916 0.911348
v 0.181670 0.231997 0.964666
v 0.175867 0.234422 0.969249
v 0.170867 0.239538 0.973886
v 0.165946 0.206201 0.948521
v 0.159904 0.210809 0.960321
v 0.156634 0.207989 0.958998
v 0.163504 0.205519 0.946710
v 0.155965 0.192181 0.936771
v 0.151495 0.192704 0.949693
v 0.152989 0.182679 0.928735
v 0.147629 0.217453 0.966043
v 0.150138 0.225060 0.973647
v 0.141800 0.223150 0.971197
v 0.158761 0.229454 0.975393
v 0.166244 0.234375 0.975583
v 0.171360 0.261551 0.956820
v 0.134338 0.222208 0.967366
v 0.142284 0.166961 0.923330
v 0.140430 0.162401 0.916878
v 0.143902 0.167565 0.912220
v 0.146244 0.172017 0.917499
v 0.149386 0.179886 0.877006
v 0.151452 0.175104 0.883068
v 0.147793 0.178553 0.890333
v 0.176777 0.208734 0.955232
v 0.185578 0.216991 0.959527
v 0.168407 0.174922 0.886661
v 0.170788 0.156495 0.857979
v 0.167955 0.153855 0.862555
v 0.157778 0.168104 0.870458
v 0.160518 0.171382 0.864798
v 0.174967 0.176035 0.878393
v 0.170937 0.173551 0.883361
v 0.172449 0.173074 0.881399
v 0.177616 0.174448 0.877414
v 0.202120 0.189887 0.896187
v 0.200205 0.192778 0.901467
v 0.170463 0.196961 0.873629
v 0.156708 0.194995 0.870461
v 0.151773 0.201566 0.881046
v 0.184405 0.194579 0.910063
v 0.189140 0.190573 0.901673
v 0.192426 0.192312 0.903550
v 0.172570 0.179569 0.891418
v 0.173788 0.176938 0.884852
v 0.176636 0.179906 0.887476
v 0.176175 0.182633 0.894010
v 0.200643 0.230232 0.934330
v 0.204262 0.221577 0.941374
v 0.172409 0.146482 0.867765
v 0.170566 0.149430 0.867084
v 0.179848 0.199230 0.919428
v 0.147186 0.207684 0.894164
v 0.176274 0.202793 0.929638
v 0.206050 0.209406 0.892845
v 0.210404 0.203363 0.897248
v 0.211416 0.198961 0.894153
v 0.209818 0.202155 0.889067
v 0.185057 0.163224 0.870719
v 0.182412 0.159919 0.874709
v 0.183310 0.156751 0.873229
v 0.186836 0.159003 0.868974
v 0.165526 0.171589 0.884900
v 0.159085 0.170515 0.883913
v 0.163036 0.167166 0.881472
v 0.168473 0.169772 0.882024
v 0.155334 0.171082 0.879013
v 0.158698 0.166844 0.876728
v 0.185040 0.164716 0.864295
v 0.181236 0.163084 0.857898
v 0.173089 0.177828 0.864294
v 0.178254 0.175825 0.869891
v 0.173498 0.237096 0.922158
v 0.182357 0.238957 0.928714
v 0.189999 0.231122 0.918344
v 0.197992 0.224344 0.907733
v 0.204624 0.216728 0.897881
v 0.195638 0.216329 0.889392
v 0.195369 0.232357 0.924485
v 0.176155 0.183666 0.875871
v 0.169088 0.187319 0.869622
v 0.174055 0.189518 0.873281
v 0.182732 0.203572 0.933379
v 0.167970 0.152911 0.868183
v 0.132130 0.239900 0.937582
v 0.143097 0.247679 0.936960
v 0.144468 0.241567 0.930913
v 0.132408 0.232316 0.932241
v 0.176769 0.156050 0.875993
v 0.171088 0.153440 0.873907
v 0.206268 0.194127 0.903746
v 0.207233 0.191621 0.898364
v 0.210564 0.193338 0.897472
v 0.212066 0.194382 0.903626
v 0.185964 0.239746 0.933488
v 0.220391 0.213217 0.912161
v 0.214872 0.216948 0.903540
v 0.175362 0.245775 0.937455
v 0.167621 0.244747 0.931513
v 0.163954 0.250559 0.938365
v 0.188307 0.206464 0.879824
v 0.167850 0.233815 0.916442
v 0.162103 0.241666 0.927140
v 0.157441 0.248466 0.935144
v 0.154684 0.254055 0.940642
v 0.162134 0.255548 0.943790
v 0.176315 0.159655 0.856460
v 0.184964 0.157094 0.856904
v 0.160375 0.262535 0.949058
v 0.152040 0.260020 0.945668
v 0.154844 0.237550 0.923072
v 0.146006 0.231692 0.919638
v 0.160707 0.230000 0.912932
v 0.152382 0.223739 0.908259
v 0.178595 0.207723 0.874967
v 0.193996 0.143845 0.864483
v 0.189974 0.154049 0.862868
v 0.188886 0.154796 0.868551
v 0.194508 0.145364 0.868532
v 0.187655 0.159350 0.863078
v 0.186789 0.152297 0.858315
v 0.141001 0.214322 0.907339
v 0.178292 0.178452 0.882165
v 0.132733 0.219716 0.921992
v 0.130911 0.200708 0.903647
v 0.125418 0.202606 0.916045
v 0.123876 0.222647 0.936958
v 0.120573 0.207485 0.930925
v 0.123697 0.237133 0.946636
v 0.124891 0.230762 0.941089
v 0.118445 0.192427 0.924247
v 0.181504 0.141799 0.874676
v 0.186413 0.144891 0.875619
v 0.130208 0.245883 0.942803
v 0.149254 0.176415 0.922224
v 0.177130 0.205545 0.942540
v 0.172542 0.204956 0.939249
v 0.191748 0.213235 0.952890
v 0.183114 0.206607 0.947802
v 0.178541 0.139078 0.871066
v 0.196635 0.186729 0.882977
v 0.196031 0.187494 0.884913
v 0.134374 0.164522 0.926171
v 0.133783 0.160555 0.920172
v 0.122716 0.165008 0.914439
v 0.127056 0.160901 0.918447
v 0.125928 0.166179 0.925248
v 0.121045 0.170797 0.921318
v 0.168247 0.206445 0.949705
v 0.171807 0.207062 0.951247
v 0.193783 0.234294 0.943459
v 0.197345 0.225190 0.949741
v 0.154296 0.174409 0.873433
v 0.151916 0.185619 0.871863
v 0.156786 0.178811 0.868557
v 0.165249 0.176610 0.863092
v 0.178272 0.179182 0.877974
v 0.175047 0.180351 0.873795
v 0.154380 0.200799 0.954936
v 0.159822 0.200921 0.942858
v 0.145212 0.175450 0.911159
v 0.142642 0.172796 0.907097
v 0.181244 0.187193 0.898426
v 0.191242 0.195900 0.874545
v 0.182888 0.196639 0.871436
v 0.183753 0.184115 0.890410
v 0.181187 0.136941 0.863372
v 0.178719 0.137427 0.867635
v 0.161128 0.184435 0.866679
v 0.198719 0.194562 0.908750
v 0.194180 0.199871 0.879794
v 0.196300 0.191607 0.877558
v 0.218322 0.209282 0.919227
v 0.140540 0.253394 0.943111
v 0.185667 0.153385 0.873106
v 0.190934 0.146846 0.874033
v 0.191320 0.142387 0.861407
v 0.185832 0.139806 0.860192
v 0.189572 0.227388 0.957080
v 0.169667 0.204331 0.936809
v 0.118934 0.180666 0.917389
v 0.121652 0.171282 0.910414
v 0.185545 0.183069 0.886078
v 0.211079 0.210810 0.898534
v 0.200714 0.208642 0.884986
v 0.205530 0.200799 0.881165
v 0.201078 0.195069 0.878280
v 0.198305 0.188673 0.880215
v 0.193816 0.137696 0.863974
v 0.188540 0.135206 0.862890
v 0.183758 0.132838 0.866066
v 0.181249 0.133700 0.869735
v 0.181022 0.136588 0.872989
v 0.196698 0.139099 0.867089
v 0.196903 0.140650 0.870662
v 0.193117 0.143832 0.874767
v 0.198636 0.135878 0.870412
v 0.197097 0.131093 0.868665
v 0.188174 0.123652 0.876120
v 0.187404 0.126564 0.871060
v 0.189660 0.125205 0.871660
v 0.191124 0.122453 0.875558
v 0.193899 0.119464 0.878730
v 0.190698 0.120311 0.879908
v 0.192386 0.127864 0.868975
v 0.195034 0.124165 0.873914
v 0.198618 0.126405 0.873980
v 0.200679 0.122684 0.877490
v 0.197637 0.120444 0.877399
v 0.196649 0.128574 0.870386
v 0.191690 0.129207 0.867159
v 0.194336 0.118588 0.882150
v 0.195874 0.117987 0.880275
v 0.198950 0.118982 0.879762
v 0.199307 0.118711 0.882770
v 0.183236 0.130455 0.872830
v 0.186811 0.124871 0.878007
v 0.190487 0.122508 0.882184
v 0.194177 0.120594 0.884138
v 0.188060 0.127243 0.881151
v 0.191380 0.124877 0.883700
v 0.194819 0.123609 0.885371
v 0.190713 0.129862 0.883243
v 0.193391 0.127112 0.884804
v 0.184972 0.137449 0.876765
v 0.182312 0.134837 0.874697
v 0.195121 0.125648 0.886090
v 0.199524 0.120252 0.884359
v 0.200207 0.129755 0.873904
v 0.201911 0.125249 0.879025
v 0.200773 0.131607 0.875346
v 0.202808 0.127125 0.880210
v 0.202880 0.121699 0.881460
v 0.201224 0.120855 0.879671
v 0.183516 0.140401 0.875364
v 0.188805 0.143374 0.876079
v 0.190225 0.140832 0.877222
v 0.194640 0.132669 0.883548
v 0.194571 0.141131 0.876364
v 0.198599 0.137631 0.873816
v 0.200752 0.132671 0.878150
v 0.199023 0.133583 0.881011
v 0.201847 0.128891 0.881821
v 0.199884 0.129638 0.883289
v 0.196539 0.129009 0.885105
v 0.201447 0.125693 0.884311
v 0.202737 0.123447 0.882841
v 0.198752 0.123372 0.885528
v 0.200278 0.127221 0.884759
v 0.197699 0.125840 0.885483
v 0.198552 0.155953 0.874690
v 0.204187 0.158542 0.876466
v 0.201419 0.162062 0.875140
v 0.196798 0.159615 0.873647
v 0.198478 0.154591 0.860714
v 0.196053 0.153604 0.866348
v 0.193599 0.157840 0.864319
v 0.196973 0.160153 0.858936
v 0.204259 0.157945 0.858479
v 0.202450 0.163889 0.857546
v 0.193826 0.165311 0.859098
v 0.190726 0.162699 0.865052
v 0.180687 0.179193 0.872811
v 0.182832 0.182838 0.867352
v 0.194713 0.182306 0.883703
v 0.197188 0.183728 0.880990
v 0.196520 0.154460 0.871445
v 0.194280 0.158183 0.869772
v 0.207121 0.169524 0.874734
v 0.203306 0.166864 0.877648
v 0.205892 0.164006 0.875750
v 0.209776 0.165786 0.872208
v 0.183221 0.177974 0.880757
v 0.188871 0.180574 0.882565
v 0.181364 0.177692 0.877409
v 0.208892 0.171537 0.868606
v 0.207001 0.171964 0.862014
v 0.196443 0.188443 0.868200
v 0.199673 0.186863 0.873362
v 0.191006 0.161661 0.870477
v 0.198405 0.163848 0.877378
v 0.193815 0.162040 0.875347
v 0.199894 0.169681 0.858537
v 0.209483 0.165786 0.861054
v 0.218101 0.149818 0.869573
v 0.213769 0.160999 0.867208
v 0.212522 0.161018 0.872315
v 0.218073 0.150238 0.874640
v 0.211475 0.166313 0.866784
v 0.211050 0.160074 0.861988
v 0.206265 0.144418 0.879417
v 0.211806 0.147358 0.880933
v 0.203631 0.142294 0.876216
v 0.188855 0.186927 0.865781
v 0.204371 0.142986 0.865861
v 0.202570 0.141845 0.872090
v 0.209038 0.160558 0.876090
v 0.216092 0.149260 0.879052
v 0.215852 0.148534 0.865744
v 0.209278 0.146604 0.862848
v 0.217703 0.143110 0.867970
v 0.212167 0.140726 0.865797
v 0.207028 0.137730 0.868556
v 0.204835 0.138147 0.873907
v 0.205375 0.139844 0.877481
v 0.219889 0.144454 0.871489
v 0.219902 0.145620 0.876125
v 0.216678 0.146553 0.879853
v 0.221850 0.139585 0.876829
v 0.220557 0.136368 0.873730
v 0.211203 0.124317 0.884195
v 0.209866 0.127893 0.879568
v 0.212257 0.127320 0.878648
v 0.213661 0.124051 0.882833
v 0.209984 0.130722 0.873969
v 0.212203 0.129852 0.874769
v 0.216055 0.132157 0.873368
v 0.216858 0.128823 0.878507
v 0.220709 0.131740 0.879030
v 0.222222 0.127851 0.882919
v 0.218619 0.124665 0.882363
v 0.219398 0.133249 0.875099
v 0.215460 0.122241 0.885387
v 0.214835 0.122083 0.887874
v 0.215305 0.133614 0.870610
v 0.205940 0.134741 0.875514
v 0.208202 0.129080 0.881943
v 0.210490 0.125704 0.887092
v 0.215357 0.123736 0.890385
v 0.208675 0.131334 0.885503
v 0.211372 0.127760 0.889465
v 0.215692 0.126183 0.891522
v 0.210940 0.134291 0.888504
v 0.213863 0.130468 0.891589
v 0.207972 0.141356 0.881444
v 0.205475 0.138027 0.879002
v 0.215611 0.128551 0.891997
v 0.219664 0.122078 0.887866
v 0.219504 0.123844 0.890721
v 0.219340 0.122523 0.886072
v 0.222030 0.133267 0.879826
v 0.223004 0.129109 0.884623
v 0.222840 0.135045 0.881937
v 0.223504 0.130072 0.886793
v 0.223014 0.125368 0.887489
v 0.222284 0.124580 0.886186
v 0.207976 0.142586 0.879769
v 0.212785 0.145480 0.880944
v 0.212664 0.144470 0.882431
v 0.215607 0.136896 0.889022
v 0.217241 0.145171 0.881320
v 0.220965 0.142140 0.879454
v 0.222355 0.136904 0.884092
v 0.219965 0.137617 0.887273
v 0.223748 0.131634 0.888327
v 0.221469 0.133653 0.889499
v 0.217243 0.132822 0.891715
v 0.223057 0.127739 0.890780
v 0.223261 0.126101 0.889076
v 0.219140 0.125807 0.891700
v 0.221577 0.130248 0.891378
v 0.218318 0.128851 0.892317
v 0.212995 0.167279 0.888072
v 0.216454 0.170389 0.891464
v 0.214438 0.173271 0.890771
v 0.211078 0.170448 0.887147
v 0.217588 0.167919 0.875887
v 0.214456 0.165627 0.879092
v 0.212010 0.169440 0.877694
v 0.214540 0.172831 0.874088
v 0.223004 0.169883 0.876272
v 0.219516 0.176631 0.874001
v 0.211571 0.177545 0.873040
v 0.209402 0.173207 0.876927
v 0.200897 0.185205 0.879707
v 0.204408 0.189443 0.875875
v 0.212984 0.165862 0.883635
v 0.210839 0.169063 0.882636
v 0.220345 0.179747 0.891329
v 0.216531 0.176914 0.892652
v 0.219086 0.175961 0.891692
v 0.222533 0.177879 0.889819
v 0.199856 0.184387 0.890170
v 0.203811 0.187683 0.893597
v 0.199717 0.183253 0.885207
v 0.223056 0.182444 0.885764
v 0.222083 0.183942 0.878619
v 0.214880 0.195158 0.884075
v 0.214615 0.193655 0.890105
v 0.208517 0.171714 0.881902
v 0.211858 0.174415 0.891468
v 0.208775 0.171924 0.887451
v 0.216456 0.181698 0.874052
v 0.224528 0.178767 0.878664
v 0.235101 0.161813 0.888046
v 0.227435 0.175614 0.885074
v 0.224568 0.174937 0.890328
v 0.233893 0.162166 0.892347
v 0.225607 0.178979 0.884953
v 0.226952 0.173891 0.879545
v 0.221983 0.155133 0.893467
v 0.225431 0.158722 0.895822
v 0.220888 0.154445 0.889216
v 0.210047 0.193914 0.877177
v 0.210824 0.191019 0.894763
v 0.224469 0.154248 0.882582
v 0.221728 0.153827 0.885966
v 0.220931 0.173358 0.892099
v 0.230449 0.161338 0.895507
v 0.233606 0.160626 0.883585
v 0.229027 0.157765 0.880574
v 0.236262 0.156585 0.886003
v 0.231687 0.153541 0.883307
v 0.227284 0.150005 0.884991
v 0.224567 0.149933 0.888382
v 0.223617 0.150845 0.891568
v 0.237721 0.157857 0.890299
v 0.236451 0.158269 0.893969
v 0.231532 0.159367 0.895957
v 0.239754 0.154699 0.892792
v 0.239534 0.150858 0.889024
v 0.235930 0.136098 0.896055
v 0.233092 0.140198 0.893122
v 0.234238 0.140493 0.892696
v 0.237391 0.136278 0.895131
v 0.231474 0.144710 0.888347
v 0.233188 0.143925 0.889160
v 0.236014 0.146410 0.888119
v 0.239190 0.142050 0.891588
v 0.242197 0.146701 0.893934
v 0.244145 0.142586 0.896273
v 0.241787 0.137999 0.894102
v 0.239385 0.148852 0.889781
v 0.239769 0.134718 0.896638
v 0.238768 0.133229 0.897360
v 0.235125 0.148105 0.886545
v 0.227245 0.145421 0.890673
v 0.230893 0.140212 0.895055
v 0.233598 0.135988 0.898275
v 0.237137 0.134463 0.900433
v 0.230121 0.142061 0.898324
v 0.233177 0.138106 0.900642
v 0.236356 0.136610 0.902502
v 0.230771 0.144253 0.900676
v 0.233786 0.140691 0.902554
v 0.225603 0.151409 0.895788
v 0.225537 0.148016 0.893380
v 0.236219 0.138761 0.903355
v 0.243189 0.134917 0.898154
v 0.242176 0.136296 0.902036
v 0.242614 0.135984 0.896905
v 0.242631 0.148402 0.894557
v 0.245316 0.143548 0.898128
v 0.242245 0.150086 0.896775
v 0.244814 0.145101 0.900337
v 0.245733 0.139395 0.898943
v 0.245098 0.139228 0.897908
v 0.224112 0.153620 0.894406
v 0.227194 0.157128 0.896365
v 0.228450 0.154931 0.897594
v 0.233767 0.147168 0.902657
v 0.232634 0.157223 0.897304
v 0.238346 0.155128 0.896154
v 0.240427 0.150401 0.899456
v 0.237745 0.149337 0.901888
v 0.242920 0.145777 0.902264
v 0.240181 0.145930 0.903048
v 0.236250 0.143386 0.904364
v 0.242965 0.141749 0.903061
v 0.245123 0.140597 0.901380
v 0.240300 0.138172 0.903815
v 0.240827 0.142692 0.904006
v 0.238696 0.140062 0.904482
v 0.207539 0.189612 0.895357
v 0.231777 0.178561 0.903512
v 0.233412 0.180631 0.906790
v 0.232594 0.182210 0.906416
v 0.229919 0.180376 0.903476
v 0.235141 0.183199 0.893587
v 0.232962 0.179773 0.895997
v 0.230084 0.182563 0.894709
v 0.232231 0.185872 0.892545
v 0.238343 0.186980 0.894678
v 0.235811 0.189456 0.894333
v 0.229393 0.188838 0.893118
v 0.226809 0.185526 0.895282
v 0.215105 0.198628 0.898084
v 0.217205 0.204005 0.897387
v 0.221267 0.204965 0.916224
v 0.216544 0.201077 0.917392
v 0.223677 0.196206 0.913823
v 0.226624 0.200538 0.913212
v 0.231819 0.178437 0.899642
v 0.228807 0.180480 0.899083
v 0.237373 0.190733 0.908390
v 0.234234 0.186991 0.909213
v 0.235047 0.184908 0.908562
v 0.238438 0.188132 0.908586
v 0.213528 0.197457 0.914167
v 0.211651 0.196257 0.909561
v 0.215067 0.192739 0.908665
v 0.220544 0.192792 0.911437
v 0.214382 0.193058 0.903010
v 0.238609 0.193287 0.905064
v 0.237597 0.194508 0.899261
v 0.226987 0.208367 0.906453
v 0.227150 0.205485 0.910638
v 0.226797 0.182520 0.898839
v 0.230830 0.184217 0.907326
v 0.228653 0.181896 0.903933
v 0.233671 0.192593 0.894409
v 0.239292 0.191465 0.899383
v 0.246930 0.182873 0.906368
v 0.241603 0.189163 0.905659
v 0.239320 0.186534 0.909160
v 0.245431 0.181598 0.908826
v 0.240227 0.190482 0.905113
v 0.241688 0.189078 0.899898
v 0.236962 0.173365 0.905377
v 0.239344 0.176547 0.908877
v 0.236791 0.172936 0.902068
v 0.221949 0.208079 0.900101
v 0.240594 0.176107 0.896368
v 0.238218 0.173298 0.898917
v 0.236112 0.183164 0.908826
v 0.242550 0.179406 0.909955
v 0.247058 0.182735 0.901809
v 0.244197 0.180547 0.896786
v 0.249385 0.178886 0.902497
v 0.245975 0.176746 0.897711
v 0.241920 0.172346 0.897800
v 0.239196 0.171171 0.900204
v 0.237884 0.170997 0.903137
v 0.249217 0.179327 0.906970
v 0.247382 0.178585 0.909303
v 0.243892 0.177338 0.910382
v 0.251211 0.175641 0.907724
v 0.251898 0.173366 0.903548
v 0.248049 0.160391 0.904645
v 0.245918 0.163540 0.902999
v 0.246989 0.164018 0.902604
v 0.248835 0.160454 0.903823
v 0.244741 0.167991 0.900129
v 0.246339 0.167650 0.900547
v 0.248458 0.170562 0.900531
v 0.250764 0.166112 0.902335
v 0.254024 0.168525 0.905856
v 0.255515 0.164672 0.906852
v 0.252722 0.162915 0.903396
v 0.251880 0.171426 0.902913
v 0.250989 0.158758 0.904325
v 0.250775 0.157599 0.905070
v 0.247929 0.171993 0.899511
v 0.240937 0.167822 0.901877
v 0.244326 0.162424 0.904591
v 0.247466 0.158753 0.906235
v 0.250767 0.157241 0.907358
v 0.242913 0.163361 0.906616
v 0.246584 0.158913 0.908431
v 0.249857 0.157643 0.909555
v 0.242594 0.164938 0.909597
v 0.246444 0.160592 0.910522
v 0.239132 0.170563 0.907822
v 0.239343 0.168639 0.904731
v 0.249238 0.159054 0.910546
v 0.254413 0.158794 0.905830
v 0.253626 0.158281 0.908678
v 0.254455 0.159932 0.904773
v 0.254285 0.169345 0.907027
v 0.256056 0.164706 0.908423
v 0.253760 0.170158 0.909422
v 0.255350 0.164627 0.910521
v 0.256240 0.161145 0.907965
v 0.255710 0.161896 0.906325
v 0.238258 0.171970 0.906909
v 0.240343 0.174827 0.909315
v 0.241575 0.173242 0.910294
v 0.244599 0.167373 0.912103
v 0.245301 0.175491 0.911152
v 0.248949 0.176141 0.909923
v 0.251789 0.170100 0.911425
v 0.248715 0.169211 0.912775
v 0.253794 0.164149 0.912071
v 0.250901 0.163847 0.913131
v 0.247947 0.162510 0.912692
v 0.253696 0.160432 0.911141
v 0.255232 0.160421 0.909979
v 0.252380 0.158744 0.910365
v 0.251944 0.160756 0.912059
v 0.250644 0.159913 0.911578
v 0.223476 0.206997 0.913167
v 0.127854 0.165574 0.897228
v 0.133233 0.167582 0.896595
v 0.142802 0.157151 0.905114
v 0.142713 0.162364 0.900191
v 0.138697 0.152538 0.908187
v 0.127695 0.152150 0.908176
v 0.133135 0.151762 0.909864
v 0.139128 0.166196 0.897226
v 0.123842 0.162057 0.900081
v 0.123215 0.156500 0.904867
v 0.124076 0.157827 0.891776
v 0.123592 0.151134 0.896903
v 0.127636 0.146343 0.900344
v 0.134391 0.147213 0.903822
v 0.139317 0.148770 0.904083
v 0.129955 0.162866 0.891737
v 0.135240 0.164805 0.892220
v 0.141208 0.163269 0.894914
v 0.134859 0.160359 0.885846
v 0.136359 0.151804 0.881181
v 0.146465 0.135108 0.882539
v 0.143025 0.138054 0.887737
v 0.141717 0.138859 0.885372
v 0.144603 0.135736 0.880832
v 0.138252 0.140753 0.889546
v 0.138741 0.141466 0.887322
v 0.136562 0.145609 0.884812
v 0.139606 0.142720 0.880740
v 0.137789 0.149313 0.881442
v 0.140742 0.148339 0.878445
v 0.142502 0.140091 0.876622
v 0.145276 0.134951 0.876906
v 0.145189 0.137891 0.873307
v 0.148320 0.134475 0.877514
v 0.133271 0.145204 0.884469
v 0.138543 0.141985 0.896349
v 0.144768 0.138691 0.890864
v 0.149290 0.136212 0.884697
v 0.151024 0.135849 0.878685
v 0.147906 0.141241 0.892578
v 0.151460 0.139653 0.886267
v 0.152864 0.139983 0.880623
v 0.150262 0.145518 0.892156
v 0.152448 0.143517 0.885912
v 0.144491 0.151705 0.900484
v 0.141740 0.145869 0.900622
v 0.152851 0.142556 0.881811
v 0.147764 0.137657 0.872224
v 0.150686 0.139374 0.873581
v 0.141226 0.151733 0.878109
v 0.143047 0.145883 0.874215
v 0.144795 0.148328 0.874197
v 0.142665 0.155211 0.879539
v 0.146794 0.150246 0.874911
v 0.146792 0.143702 0.871476
v 0.144461 0.142398 0.872401
v 0.143262 0.153546 0.902814
v 0.143609 0.159215 0.899358
v 0.144557 0.157672 0.897349
v 0.150283 0.151698 0.889537
v 0.143232 0.161506 0.892611
v 0.138970 0.162228 0.888228
v 0.145460 0.156699 0.881561
v 0.148337 0.155834 0.885328
v 0.149256 0.150949 0.877454
v 0.150683 0.150388 0.880116
v 0.152517 0.147265 0.883473
v 0.151047 0.146364 0.875544
v 0.149204 0.145453 0.872654
v 0.152442 0.142360 0.876665
v 0.151521 0.147124 0.878157
v 0.152591 0.144543 0.879543
v 0.214016 0.203588 0.920570
v 0.209635 0.199432 0.917531
v 0.208099 0.202059 0.922790
v 0.204310 0.204298 0.930670
v 0.204182 0.211229 0.938743
v 0.198533 0.201795 0.927631
v 0.202943 0.199517 0.919574
v 0.205514 0.196361 0.911463
v 0.188926 0.202827 0.930967
f 1558 1559 1557
f 1557 1559 1560
f 1561 1562 1564
f 1564 1562 1563
f 1565 1560 1566
f 1566 1560 1559
f 1568 1569 1567
f 1567 1569 1565
f 1570 1568 1572
f 1572 1568 1571
f 1574 1575 1573
f 1573 1575 1576
f 1578 1579 1577
f 1577 1579 1580
f 1582 1583 1581
f 1581 1583 1584
f 1586 1587 1585
f 1585 1587 1588
f 1589 1590 1592
f 1592 1590 1591
f 1593 1594 1596
f 1596 1594 1595
f 1597 1598 1562
f 1562 1598 1599
f 1562 1599 1563
f 1563 1599 1600
f 1601 1590 1602
f 1602 1590 1589
f 1604 1605 1603
f 1603 1605 1606
f 1608 1609 1607
f 1607 1609 1610
f 1612 1608 1611
f 1611 1608 1607
f 1614 1615 1613
f 1613 1615 1616
f 1617 1618 1560
f 1560 1618 1557
f 1620 1621 1619
f 1619 1621 1622
f 1624 1625 1623
f 1623 1625 1626
f 1628 1629 1627
f 1627 1629 1630
f 1632 1633 1631
f 1631 1633 1634
f 1609 1635 1610
f 1610 1635 1636
f 1638 1639 1637
f 1637 1639 1640
f 1641 1642 1608
f 1608 1642 1609
f 1613 1616 1643
f 1643 1616 1644
f 1645 1646 1599
f 1599 1646 1600
f 1599 1598 1645
f 1645 1598 1647
f 1596 1595 1648
f 1648 1595 1649
f 1650 1626 1620
f 1620 1626 1625
f 1569 1617 1565
f 1565 1617 1560
f 1581 1584 1625
f 1625 1584 1651
f 1652 1581 1624
f 1624 1581 1625
f 1654 1655 1653
f 1653 1655 1656
f 1657 1658 1660
f 1660 1658 1659
f 1662 1586 1661
f 1661 1586 1585
f 1607 1610 1663
f 1663 1610 1664
f 1610 1636 1664
f 1664 1636 1665
f 1667 1668 1666
f 1666 1668 1669
f 1671 1561 1670
f 1670 1561 1672
f 1671 1597 1561
f 1561 1597 1562
f 1592 1591 1667
f 1667 1591 1673
f 1591 1674 1673
f 1673 1674 1675
f 1590 1676 1591
f 1591 1676 1674
f 1590 1601 1676
f 1676 1601 1677
f 1681 1682 1680
f 1680 1682 1683
f 1684 1685 1570
f 1570 1685 1686
f 1589 1687 1602
f 1602 1687 1688
f 1689 1650 1619
f 1619 1650 1620
f 1690 1691 1693
f 1693 1691 1692
f 1695 1696 1694
f 1694 1696 1697
f 1633 1698 1634
f 1634 1698 1699
f 1700 1701 1576
f 1576 1701 1702
f 1704 1705 1703
f 1703 1705 1628
f 1707 1708 1706
f 1706 1708 1709
f 1638 1657 1639
f 1639 1657 1660
f 1657 1638 1711
f 1711 1638 1710
f 1712 1713 1614
f 1614 1713 1615
f 1714 1624 1703
f 1703 1624 1623
f 1715 1702 1571
f 1571 1702 1572
f 1624 1714 1652
f 1652 1714 1716
f 1685 1622 1686
f 1686 1622 1621
f 1718 1719 1717
f 1717 1719 1720
f 1722 1723 1721
f 1721 1723 1724
f 1726 1727 1725
f 1725 1727 1728
f 1730 1727 1729
f 1729 1727 1726
f 1732 1733 1731
f 1731 1733 1734
f 1736 1737 1735
f 1735 1737 1580
f 1738 1739 1577
f 1577 1739 1740
f 1637 1741 1638
f 1638 1741 1710
f 1742 1743 1744
f 1744 1743 1700
f 1714 1627 1716
f 1716 1627 1745
f 1746 1691 1713
f 1713 1691 1615
f 1725 1728 1695
f 1695 1728 1696
f 1703 1628 1714
f 1714 1628 1627
f 1748 1749 1747
f 1747 1749 1750
f 1723 1722 1605
f 1605 1722 1751
f 1752 1746 1606
f 1606 1746 1713
f 1753 1754 1756
f 1756 1754 1755
f 1577 1580 1738
f 1738 1580 1737
f 1702 1715 1576
f 1576 1715 1573
f 1738 1737 1637
f 1637 1737 1741
f 1757 1741 1736
f 1736 1741 1737
f 1758 1759 1639
f 1639 1759 1640
f 1761 1762 1760
f 1760 1762 1641
f 1763 1578 1740
f 1740 1578 1577
f 1735 1580 1764
f 1764 1580 1579
f 1764 1765 1735
f 1735 1765 1761
f 1765 1766 1761
f 1761 1766 1762
f 1768 1762 1767
f 1767 1762 1766
f 1735 1761 1736
f 1736 1761 1760
f 1769 1732 1644
f 1644 1732 1770
f 1642 1641 1768
f 1768 1641 1762
f 1749 1773 1774
f 1773 1775 1774
f 1774 1775 1776
f 1775 1574 1776
f 1776 1574 1573
f 1575 1777 1576
f 1576 1777 1700
f 1778 1779 1781
f 1781 1779 1780
f 1731 1782 1732
f 1732 1782 1770
f 1783 1643 1770
f 1770 1643 1644
f 1776 1573 1784
f 1784 1573 1715
f 1690 1769 1616
f 1616 1769 1644
f 1694 1785 1707
f 1707 1785 1708
f 1749 1748 1766
f 1766 1748 1767
f 1786 1750 1774
f 1774 1750 1749
f 1787 1788 1784
f 1784 1788 1786
f 1789 1790 1647
f 1647 1790 1645
f 1791 1792 1649
f 1649 1792 1648
f 1786 1788 1790
f 1790 1788 1793
f 1603 1794 1604
f 1604 1794 1795
f 1796 1747 1791
f 1791 1747 1792
f 1561 1564 1672
f 1672 1564 1797
f 1798 1799 1745
f 1745 1799 1716
f 1800 1801 1654
f 1654 1801 1655
f 1712 1802 1603
f 1603 1802 1794
f 1632 1803 1633
f 1633 1803 1804
f 1806 1681 1805
f 1805 1681 1680
f 1808 1809 1807
f 1807 1809 1810
f 1667 1666 1592
f 1592 1666 1811
f 1812 1589 1811
f 1811 1589 1592
f 1813 1814 1710
f 1710 1814 1711
f 1619 1725 1689
f 1689 1725 1695
f 1622 1726 1619
f 1619 1726 1725
f 1729 1726 1685
f 1685 1726 1622
f 1685 1684 1729
f 1729 1684 1815
f 1684 1816 1815
f 1815 1816 1817
f 1769 1690 1818
f 1818 1690 1693
f 1819 1820 1742
f 1742 1820 1743
f 1668 1821 1669
f 1669 1821 1822
f 1567 1823 1824
f 1790 1789 1786
f 1786 1789 1750
f 1709 1825 1626
f 1626 1825 1623
f 1731 1734 1721
f 1721 1734 1697
f 1706 1709 1650
f 1650 1709 1626
f 1827 1777 1826
f 1826 1777 1763
f 1825 1709 1828
f 1828 1709 1708
f 1677 1601 1665
f 1665 1601 1664
f 1603 1606 1712
f 1712 1606 1713
f 1613 1829 1614
f 1614 1829 1830
f 1701 1831 1816
f 1816 1831 1817
f 1832 1705 1699
f 1699 1705 1634
f 1704 1825 1631
f 1631 1825 1828
f 1763 1833 1826
f 1826 1833 1834
f 1751 1752 1605
f 1605 1752 1606
f 1615 1691 1616
f 1616 1691 1690
f 1639 1660 1758
f 1758 1660 1835
f 1705 1704 1634
f 1634 1704 1631
f 1803 1834 1804
f 1804 1834 1833
f 1739 1738 1640
f 1640 1738 1637
f 1604 1795 1837
f 1837 1795 1838
f 1783 1779 1839
f 1839 1779 1778
f 1779 1782 1780
f 1780 1782 1724
f 1837 1838 1780
f 1780 1838 1781
f 1721 1724 1731
f 1731 1724 1782
f 1820 1819 1694
f 1694 1819 1785
f 1570 1572 1684
f 1684 1572 1816
f 1776 1784 1774
f 1774 1784 1786
f 1643 1783 1840
f 1840 1783 1839
f 1816 1572 1701
f 1701 1572 1702
f 1800 1654 1814
f 1814 1654 1711
f 1614 1830 1712
f 1712 1830 1802
f 1663 1841 1607
f 1607 1841 1611
f 1799 1842 1716
f 1716 1842 1652
f 1790 1793 1645
f 1645 1793 1646
f 1602 1688 1663
f 1663 1688 1841
f 1809 1808 1805
f 1805 1808 1806
f 1842 1582 1652
f 1652 1582 1581
f 1662 1661 1843
f 1843 1661 1844
f 1828 1708 1845
f 1845 1708 1785
f 1694 1707 1695
f 1695 1707 1689
f 1739 1846 1717
f 1717 1846 1718
f 1847 1848 1833
f 1833 1848 1849
f 1707 1706 1689
f 1689 1706 1650
f 1818 1831 1733
f 1733 1831 1743
f 1700 1743 1701
f 1701 1743 1831
f 1829 1613 1840
f 1840 1613 1643
f 1730 1692 1746
f 1746 1692 1691
f 1667 1673 1668
f 1668 1673 1594
f 1673 1675 1594
f 1594 1675 1679
f 1668 1594 1821
f 1821 1594 1593
f 1843 1844 1810
f 1810 1844 1807
f 1784 1715 1787
f 1787 1715 1571
f 1779 1783 1782
f 1782 1783 1770
f 1703 1623 1704
f 1704 1623 1825
f 1780 1724 1837
f 1837 1724 1723
f 1755 1719 1756
f 1756 1719 1718
f 1601 1602 1664
f 1664 1602 1663
f 1837 1723 1604
f 1604 1723 1605
f 1717 1720 1847
f 1847 1720 1848
f 1594 1679 1595
f 1849 1850 1833
f 1833 1850 1804
f 1840 1839 1852
f 1852 1839 1851
f 1840 1852 1829
f 1829 1852 1853
f 1830 1829 1854
f 1854 1829 1853
f 1802 1830 1855
f 1855 1830 1854
f 1839 1778 1851
f 1851 1778 1856
f 1778 1781 1856
f 1856 1781 1857
f 1857 1781 1858
f 1858 1781 1838
f 1859 1860 1856
f 1856 1860 1851
f 1862 1863 1861
f 1861 1863 1864
f 1865 1866 1864
f 1864 1866 1861
f 1864 1863 1868
f 1868 1863 1867
f 1869 1870 1868
f 1868 1870 1871
f 1867 1872 1868
f 1868 1872 1869
f 1873 1860 1867
f 1867 1860 1872
f 1871 1865 1868
f 1868 1865 1864
f 1874 1875 1877
f 1877 1875 1876
f 1875 1874 1865
f 1865 1874 1866
f 1867 1863 1873
f 1873 1863 1862
f 1862 1853 1873
f 1873 1853 1852
f 1862 1878 1853
f 1853 1878 1854
f 1861 1879 1862
f 1862 1879 1878
f 1879 1861 1880
f 1880 1861 1866
f 1860 1873 1851
f 1851 1873 1852
f 1874 1881 1866
f 1866 1881 1880
f 1879 1880 1882
f 1882 1880 1883
f 1880 1881 1883
f 1883 1881 1884
f 1882 1883 1885
f 1885 1883 1886
f 1885 1887 1882
f 1882 1887 1888
f 1889 1886 1884
f 1884 1886 1883
f 1879 1882 1878
f 1878 1882 1888
f 1878 1888 1854
f 1854 1888 1855
f 1881 1874 1890
f 1890 1874 1877
f 1869 1872 1891
f 1891 1872 1860
f 1891 1892 1869
f 1869 1892 1870
f 1860 1859 1891
f 1891 1859 1893
f 1892 1891 1894
f 1894 1891 1893
f 1892 1895 1870
f 1870 1895 1896
f 1802 1855 1794
f 1794 1855 1897
f 1795 1898 1838
f 1838 1898 1858
f 1898 1795 1897
f 1897 1795 1794
f 1897 1887 1898
f 1898 1887 1899
f 1887 1885 1899
f 1899 1885 1900
f 1898 1899 1858
f 1858 1899 1901
f 1897 1855 1887
f 1887 1855 1888
f 1902 1857 1901
f 1901 1857 1858
f 1902 1859 1857
f 1857 1859 1856
f 1903 1893 1902
f 1902 1893 1859
f 1903 1902 1904
f 1904 1902 1901
f 1905 1903 1906
f 1906 1903 1904
f 1899 1900 1901
f 1901 1900 1904
f 1900 1907 1904
f 1904 1907 1906
f 1893 1903 1894
f 1894 1903 1905
f 1909 1894 1908
f 1908 1894 1905
f 1908 1911 1910
f 1910 1911 1912
f 1908 1905 1911
f 1911 1905 1906
f 1908 1910 1909
f 1909 1910 1890
f 1909 1890 1895
f 1895 1890 1877
f 1895 1892 1909
f 1909 1892 1894
f 1885 1886 1900
f 1900 1886 1907
f 1912 1907 1889
f 1889 1907 1886
f 1912 1911 1907
f 1907 1911 1906
f 1910 1912 1884
f 1884 1912 1889
f 1884 1881 1910
f 1910 1881 1890
f 1865 1871 1875
f 1875 1871 1876
f 1876 1896 1877
f 1877 1896 1895
f 1876 1871 1896
f 1896 1871 1870
f 1693 1692 1817
f 1817 1692 1815
f 1696 1722 1697
f 1697 1722 1721
f 1728 1727 1751
f 1751 1727 1752
f 1727 1730 1752
f 1752 1730 1746
f 1734 1733 1820
f 1820 1733 1743
f 1728 1751 1696
f 1696 1751 1722
f 1693 1817 1818
f 1818 1817 1831
f 1734 1820 1697
f 1697 1820 1694
f 1818 1733 1769
f 1769 1733 1732
f 1692 1730 1815
f 1815 1730 1729
f 1914 1915 1913
f 1913 1915 1916
f 1918 1919 1917
f 1917 1919 1920
f 1917 1920 1921
f 1921 1920 1922
f 1923 1924 1926
f 1926 1924 1925
f 1632 1927 1803
f 1803 1927 1928
f 1929 1930 1918
f 1918 1930 1919
f 1932 1933 1931
f 1931 1933 1934
f 1845 1785 1936
f 1936 1785 1935
f 1937 1935 1819
f 1819 1935 1785
f 1939 1940 1938
f 1938 1940 1941
f 1942 1924 1930
f 1930 1924 1919
f 1632 1845 1927
f 1927 1845 1936
f 1933 1932 1915
f 1915 1932 1943
f 1944 1942 1916
f 1916 1942 1930
f 1945 1939 1922
f 1922 1939 1946
f 1948 1949 1947
f 1947 1949 1950
f 1939 1938 1946
f 1946 1938 1951
f 1952 1921 1946
f 1946 1921 1922
f 1945 1922 1923
f 1923 1922 1920
f 1913 1953 1914
f 1914 1953 1954
f 1929 1955 1913
f 1913 1955 1953
f 1945 1923 1956
f 1956 1923 1926
f 1938 1941 1931
f 1931 1941 1928
f 1913 1916 1929
f 1929 1916 1930
f 1917 1957 1918
f 1918 1957 1958
f 1943 1944 1915
f 1915 1944 1916
f 1919 1924 1920
f 1920 1924 1923
f 1914 1954 1959
f 1959 1954 1960
f 1952 1948 1961
f 1961 1948 1947
f 1948 1951 1949
f 1949 1951 1934
f 1949 1959 1950
f 1950 1959 1960
f 1931 1934 1938
f 1938 1934 1951
f 1921 1952 1962
f 1962 1952 1961
f 1918 1958 1929
f 1929 1958 1955
f 1827 1826 1956
f 1956 1826 1940
f 1957 1917 1962
f 1962 1917 1921
f 1937 1925 1942
f 1942 1925 1924
f 1948 1952 1951
f 1951 1952 1946
f 1949 1934 1959
f 1959 1934 1933
f 1959 1933 1914
f 1914 1933 1915
f 1962 1961 1964
f 1964 1961 1963
f 1962 1964 1957
f 1957 1964 1965
f 1957 1965 1958
f 1958 1965 1966
f 1958 1966 1955
f 1955 1966 1967
f 1961 1947 1963
f 1963 1947 1968
f 1947 1950 1968
f 1968 1950 1969
f 1950 1960 1969
f 1969 1960 1970
f 1971 1972 1968
f 1968 1972 1963
f 1974 1975 1973
f 1973 1975 1976
f 1977 1978 1974
f 1974 1978 1975
f 1975 1978 1980
f 1980 1978 1979
f 1981 1982 1980
f 1980 1982 1983
f 1979 1984 1980
f 1980 1984 1981
f 1983 1976 1980
f 1980 1976 1975
f 1976 1985 1973
f 1973 1985 1986
f 1979 1978 1987
f 1987 1978 1977
f 1977 1965 1987
f 1987 1965 1964
f 1977 1988 1965
f 1965 1988 1966
f 1974 1989 1977
f 1977 1989 1988
f 1990 1989 1973
f 1973 1989 1974
f 1987 1972 1979
f 1979 1972 1984
f 1972 1987 1963
f 1963 1987 1964
f 1991 1990 1986
f 1986 1990 1973
f 1989 1990 1992
f 1992 1990 1993
f 1990 1991 1993
f 1993 1991 1994
f 1992 1993 1995
f 1995 1993 1996
f 1995 1997 1992
f 1992 1997 1998
f 1994 1999 1993
f 1993 1999 1996
f 1992 1998 1989
f 1989 1998 1988
f 1988 1998 1966
f 1966 1998 1967
f 1991 1986 2001
f 2001 1986 2000
f 1986 1985 2000
f 2000 1985 2002
f 1981 1984 2003
f 2003 1984 1972
f 1982 1981 2004
f 2004 1981 2003
f 1972 1971 2003
f 2003 1971 2005
f 2003 2005 2004
f 2004 2005 2006
f 2007 2008 2004
f 2004 2008 1982
f 2002 2008 2000
f 2000 2008 2007
f 1955 1967 1953
f 1953 1967 2009
f 1954 2010 1960
f 1960 2010 1970
f 2010 1954 2009
f 2009 1954 1953
f 2009 1997 2010
f 2010 1997 2011
f 1997 1995 2011
f 2011 1995 2012
f 2010 2011 1970
f 1970 2011 2013
f 1997 2009 1998
f 1998 2009 1967
f 2014 1969 2013
f 2013 1969 1970
f 2014 1971 1969
f 1969 1971 1968
f 2014 2015 1971
f 1971 2015 2005
f 2015 2014 2016
f 2016 2014 2013
f 2017 2015 2018
f 2018 2015 2016
f 2011 2012 2013
f 2013 2012 2016
f 2012 2019 2016
f 2016 2019 2018
f 2015 2017 2005
f 2005 2017 2006
f 2021 2006 2020
f 2020 2006 2017
f 2020 2023 2022
f 2022 2023 2024
f 2020 2017 2023
f 2023 2017 2018
f 2020 2022 2021
f 2021 2022 2001
f 2021 2001 2007
f 2007 2001 2000
f 2007 2004 2021
f 2021 2004 2006
f 1995 1996 2012
f 2012 1996 2019
f 2024 2019 1999
f 1999 2019 1996
f 2024 2023 2019
f 2019 2023 2018
f 2022 2024 1994
f 1994 2024 1999
f 1994 1991 2022
f 2022 1991 2001
f 1976 1983 1985
f 1985 1983 2002
f 2002 1983 2008
f 2008 1983 1982
f 1926 1925 1744
f 1744 1925 1742
f 1927 1932 1928
f 1928 1932 1931
f 1936 1935 1943
f 1943 1935 1944
f 1935 1937 1944
f 1944 1937 1942
f 1941 1940 1834
f 1834 1940 1826
f 1936 1943 1927
f 1927 1943 1932
f 1956 1926 1827
f 1827 1926 1744
f 1941 1834 1928
f 1928 1834 1803
f 1956 1940 1945
f 1945 1940 1939
f 1925 1937 1742
f 1742 1937 1819
f 1777 1827 1700
f 1700 1827 1744
f 1777 1575 1763
f 1763 1575 1578
f 1575 1574 1578
f 1578 1574 1579
f 1574 1775 1579
f 1579 1775 1764
f 2025 2026 2028
f 2028 2026 2027
f 2030 2031 2029
f 2029 2031 2032
f 2029 2032 2033
f 2033 2032 2034
f 2036 2037 2035
f 2035 2037 2038
f 2039 2040 2030
f 2030 2040 2031
f 2042 2043 2041
f 2041 2043 2044
f 2045 2046 1633
f 1633 2046 1698
f 2047 2045 1804
f 1804 2045 1633
f 2049 2050 2048
f 2048 2050 2051
f 2052 2036 2040
f 2040 2036 2031
f 2042 2053 2043
f 2043 2053 2027
f 2054 2052 2028
f 2028 2052 2040
f 2055 2049 2034
f 2034 2049 2056
f 2057 2058 2060
f 2060 2058 2059
f 2049 2048 2056
f 2056 2048 2061
f 2062 2033 2056
f 2056 2033 2034
f 2055 2034 2035
f 2035 2034 2032
f 2025 2063 2026
f 2026 2063 2064
f 2039 2065 2025
f 2025 2065 2063
f 2035 2038 2055
f 2055 2038 2066
f 2048 2051 2041
f 2041 2051 2067
f 2039 2025 2040
f 2040 2025 2028
f 2029 2068 2030
f 2030 2068 2069
f 2053 2054 2027
f 2027 2054 2028
f 2031 2036 2032
f 2032 2036 2035
f 2026 2064 2070
f 2070 2064 2071
f 2062 2058 2072
f 2072 2058 2057
f 2059 2058 2044
f 2044 2058 2061
f 2070 2071 2059
f 2059 2071 2060
f 2041 2044 2048
f 2048 2044 2061
f 2033 2062 2073
f 2073 2062 2072
f 2030 2069 2039
f 2039 2069 2065
f 2066 1848 2050
f 2050 1848 1720
f 2068 2029 2073
f 2073 2029 2033
f 2047 2037 2052
f 2052 2037 2036
f 2058 2062 2061
f 2061 2062 2056
f 2059 2044 2070
f 2070 2044 2043
f 2070 2043 2026
f 2026 2043 2027
f 2073 2072 2075
f 2075 2072 2074
f 2073 2075 2068
f 2068 2075 2076
f 2068 2076 2069
f 2069 2076 2077
f 2069 2077 2065
f 2065 2077 2078
f 2072 2057 2074
f 2074 2057 2079
f 2057 2060 2079
f 2079 2060 2080
f 2080 2060 2081
f 2081 2060 2071
f 2082 2083 2079
f 2079 2083 2074
f 2085 2086 2084
f 2084 2086 2087
f 2088 2089 2085
f 2085 2089 2086
f 2086 2089 2091
f 2091 2089 2090
f 2092 2093 2091
f 2091 2093 2094
f 2090 2095 2091
f 2091 2095 2092
f 2094 2087 2091
f 2091 2087 2086
f 2096 2097 2087
f 2087 2097 2084
f 2089 2088 2090
f 2090 2088 2098
f 2088 2076 2098
f 2098 2076 2075
f 2088 2099 2076
f 2076 2099 2077
f 2085 2100 2088
f 2088 2100 2099
f 2100 2085 2101
f 2101 2085 2084
f 2090 2098 2095
f 2095 2098 2083
f 2083 2098 2074
f 2074 2098 2075
f 2097 2102 2084
f 2084 2102 2101
f 2103 2100 2104
f 2104 2100 2101
f 2102 2105 2101
f 2101 2105 2104
f 2106 2103 2107
f 2107 2103 2104
f 2103 2106 2109
f 2109 2106 2108
f 2105 2110 2104
f 2104 2110 2107
f 2100 2103 2099
f 2099 2103 2109
f 2099 2109 2077
f 2077 2109 2078
f 2102 2097 2112
f 2112 2097 2111
f 2097 2096 2111
f 2111 2096 2113
f 2092 2095 2114
f 2114 2095 2083
f 2093 2092 2115
f 2115 2092 2114
f 2083 2082 2114
f 2114 2082 2116
f 2115 2114 2117
f 2117 2114 2116
f 2115 2118 2093
f 2093 2118 2119
f 2113 2119 2111
f 2111 2119 2118
f 2065 2078 2063
f 2063 2078 2120
f 2064 2121 2071
f 2071 2121 2081
f 2121 2064 2120
f 2120 2064 2063
f 2120 2108 2121
f 2121 2108 2122
f 2108 2106 2122
f 2122 2106 2123
f 2121 2122 2081
f 2081 2122 2124
f 2120 2078 2108
f 2108 2078 2109
f 2125 2080 2124
f 2124 2080 2081
f 2125 2082 2080
f 2080 2082 2079
f 2126 2116 2125
f 2125 2116 2082
f 2126 2125 2127
f 2127 2125 2124
f 2128 2126 2129
f 2129 2126 2127
f 2122 2123 2124
f 2124 2123 2127
f 2123 2130 2127
f 2127 2130 2129
f 2126 2128 2116
f 2116 2128 2117
f 2132 2117 2131
f 2131 2117 2128
f 2131 2134 2133
f 2133 2134 2135
f 2131 2128 2134
f 2134 2128 2129
f 2131 2133 2132
f 2132 2133 2112
f 2132 2112 2118
f 2118 2112 2111
f 2118 2115 2132
f 2132 2115 2117
f 2106 2107 2123
f 2123 2107 2130
f 2135 2130 2110
f 2110 2130 2107
f 2135 2134 2130
f 2130 2134 2129
f 2135 2110 2133
f 2133 2110 2105
f 2105 2102 2133
f 2133 2102 2112
f 2087 2094 2096
f 2096 2094 2113
f 2113 2094 2119
f 2119 2094 2093
f 2037 1850 2038
f 2038 1850 1849
f 2136 2042 2067
f 2067 2042 2041
f 2046 2045 2053
f 2053 2045 2054
f 2045 2047 2054
f 2054 2047 2052
f 1719 2051 1720
f 1720 2051 2050
f 2136 2046 2042
f 2042 2046 2053
f 2038 1849 2066
f 2066 1849 1848
f 2051 1719 2067
f 2067 1719 1755
f 2050 2049 2066
f 2066 2049 2055
f 2037 2047 1850
f 1850 2047 1804
f 2138 2139 2137
f 2137 2139 2140
f 2142 2143 2141
f 2141 2143 2144
f 2141 2144 2145
f 2145 2144 2146
f 2148 2149 2147
f 2147 2149 2150
f 2151 2152 2154
f 2154 2152 2153
f 2155 2156 2142
f 2142 2156 2143
f 2157 2158 2160
f 2160 2158 2159
f 2161 2162 2164
f 2164 2162 2163
f 2165 2163 1756
f 1756 2163 2162
f 2166 2167 2169
f 2169 2167 2168
f 2156 2170 2143
f 2143 2170 2148
f 2152 2161 2153
f 2153 2161 2164
f 2158 2171 2159
f 2159 2171 2139
f 2172 2170 2140
f 2140 2170 2156
f 2167 2174 2173
f 2173 2174 2146
f 2176 2177 2175
f 2175 2177 2178
f 2166 2179 2167
f 2167 2179 2174
f 2180 2145 2174
f 2174 2145 2146
f 2173 2146 2147
f 2147 2146 2144
f 2137 2181 2138
f 2138 2181 2182
f 2155 2183 2137
f 2137 2183 2181
f 2147 2150 2173
f 2173 2150 2184
f 2157 2166 2154
f 2154 2166 2169
f 2137 2140 2155
f 2155 2140 2156
f 2141 2185 2142
f 2142 2185 2186
f 2171 2172 2139
f 2139 2172 2140
f 2143 2148 2144
f 2144 2148 2147
f 2138 2182 2187
f 2187 2182 2188
f 2180 2176 2189
f 2189 2176 2175
f 2177 2176 2160
f 2160 2176 2179
f 2187 2188 2177
f 2177 2188 2178
f 2166 2157 2179
f 2179 2157 2160
f 2145 2180 2190
f 2190 2180 2189
f 2142 2186 2155
f 2155 2186 2183
f 1759 1758 2184
f 2184 1758 2168
f 2185 2141 2190
f 2190 2141 2145
f 2165 2149 2170
f 2170 2149 2148
f 2176 2180 2179
f 2179 2180 2174
f 2187 2177 2159
f 2159 2177 2160
f 2138 2187 2139
f 2139 2187 2159
f 2190 2189 2192
f 2192 2189 2191
f 2190 2192 2185
f 2185 2192 2193
f 2185 2193 2186
f 2186 2193 2194
f 2186 2194 2183
f 2183 2194 2195
f 2189 2175 2191
f 2191 2175 2196
f 2175 2178 2196
f 2196 2178 2197
f 2197 2178 2198
f 2198 2178 2188
f 2200 2191 2199
f 2199 2191 2196
f 2201 2202 2204
f 2204 2202 2203
f 2205 2206 2202
f 2202 2206 2203
f 2203 2206 2208
f 2208 2206 2207
f 2208 2209 2211
f 2211 2209 2210
f 2207 2212 2208
f 2208 2212 2209
f 2211 2204 2208
f 2208 2204 2203
f 2204 2213 2201
f 2201 2213 2214
f 2206 2205 2207
f 2207 2205 2215
f 2205 2193 2215
f 2215 2193 2192
f 2205 2216 2193
f 2193 2216 2194
f 2217 2216 2202
f 2202 2216 2205
f 2218 2217 2201
f 2201 2217 2202
f 2207 2215 2212
f 2212 2215 2200
f 2200 2215 2191
f 2191 2215 2192
f 2219 2218 2214
f 2214 2218 2201
f 2220 2217 2221
f 2221 2217 2218
f 2219 2222 2218
f 2218 2222 2221
f 2223 2220 2224
f 2224 2220 2221
f 2220 2223 2226
f 2226 2223 2225
f 2222 2227 2221
f 2221 2227 2224
f 2217 2220 2216
f 2216 2220 2226
f 2216 2226 2194
f 2194 2226 2195
f 2214 2228 2219
f 2219 2228 2229
f 2214 2213 2228
f 2228 2213 2230
f 2209 2212 2231
f 2231 2212 2200
f 2209 2231 2210
f 2210 2231 2232
f 2231 2200 2233
f 2233 2200 2199
f 2232 2231 2234
f 2234 2231 2233
f 2235 2236 2232
f 2232 2236 2210
f 2230 2236 2228
f 2228 2236 2235
f 2183 2195 2181
f 2181 2195 2237
f 2182 2238 2188
f 2188 2238 2198
f 2237 2238 2181
f 2181 2238 2182
f 2225 2239 2237
f 2237 2239 2238
f 2223 2240 2225
f 2225 2240 2239
f 2238 2239 2198
f 2198 2239 2241
f 2237 2195 2225
f 2225 2195 2226
f 2242 2197 2241
f 2241 2197 2198
f 2197 2242 2196
f 2196 2242 2199
f 2242 2243 2199
f 2199 2243 2233
f 2243 2242 2244
f 2244 2242 2241
f 2245 2243 2246
f 2246 2243 2244
f 2239 2240 2241
f 2241 2240 2244
f 2240 2247 2244
f 2244 2247 2246
f 2243 2245 2233
f 2233 2245 2234
f 2249 2234 2248
f 2248 2234 2245
f 2248 2251 2250
f 2250 2251 2252
f 2248 2245 2251
f 2251 2245 2246
f 2248 2250 2249
f 2249 2250 2229
f 2249 2229 2235
f 2235 2229 2228
f 2235 2232 2249
f 2249 2232 2234
f 2240 2223 2247
f 2247 2223 2224
f 2252 2247 2227
f 2227 2247 2224
f 2252 2251 2247
f 2247 2251 2246
f 2250 2252 2222
f 2222 2252 2227
f 2222 2219 2250
f 2250 2219 2229
f 2204 2211 2213
f 2213 2211 2230
f 2230 2211 2236
f 2236 2211 2210
f 2149 1718 2150
f 2150 1718 1846
f 2154 2153 2157
f 2157 2153 2158
f 2171 2164 2172
f 2172 2164 2163
f 2163 2165 2172
f 2172 2165 2170
f 2253 2151 2169
f 2169 2151 2154
f 2153 2164 2158
f 2158 2164 2171
f 2150 1846 2184
f 2184 1846 1759
f 2184 2168 2173
f 2173 2168 2167
f 2149 2165 1718
f 1718 2165 1756
f 1661 1585 2254
f 2254 1585 2255
f 1824 1682 2257
f 2257 1682 2256
f 1682 1681 2256
f 2256 1681 2258
f 1808 2259 1806
f 1806 2259 2260
f 1588 1824 2261
f 2261 1824 2257
f 1844 1661 2262
f 2262 1661 2254
f 1585 1588 2255
f 2255 1588 2261
f 2263 1807 2262
f 2262 1807 1844
f 1806 2260 1681
f 1681 2260 2258
f 2259 1808 2263
f 2263 1808 1807
f 2262 2264 2263
f 2263 2264 2265
f 2263 2265 2259
f 2259 2265 2266
f 2259 2266 2260
f 2260 2266 2267
f 2260 2267 2258
f 2258 2267 2268
f 2262 2254 2264
f 2264 2254 2269
f 2254 2255 2269
f 2269 2255 2270
f 2255 2261 2270
f 2270 2261 2271
f 2273 2264 2272
f 2272 2264 2269
f 2275 2276 2274
f 2274 2276 2277
f 2278 2279 2275
f 2275 2279 2276
f 2280 2281 2279
f 2279 2281 2276
f 2280 2282 2281
f 2281 2282 2283
f 2284 2277 2281
f 2281 2277 2276
f 2277 2284 2285
f 2285 2284 2286
f 2285 2287 2277
f 2277 2287 2274
f 2280 2279 2288
f 2288 2279 2278
f 2278 2266 2288
f 2288 2266 2265
f 2278 2289 2266
f 2266 2289 2267
f 2275 2290 2278
f 2278 2290 2289
f 2290 2275 2291
f 2291 2275 2274
f 2280 2288 2282
f 2282 2288 2273
f 2273 2288 2264
f 2264 2288 2265
f 2287 2292 2274
f 2274 2292 2291
f 2293 2290 2294
f 2294 2290 2291
f 2292 2295 2291
f 2291 2295 2294
f 2296 2293 2297
f 2297 2293 2294
f 2293 2296 2299
f 2299 2296 2298
f 2295 2300 2294
f 2294 2300 2297
f 2290 2293 2289
f 2289 2293 2299
f 2289 2299 2267
f 2267 2299 2268
f 2292 2287 2302
f 2302 2287 2301
f 2287 2285 2301
f 2301 2285 2286
f 2283 2282 2303
f 2303 2282 2273
f 2304 2283 2305
f 2305 2283 2303
f 2303 2273 2306
f 2306 2273 2272
f 2305 2303 2307
f 2307 2303 2306
f 2305 2308 2304
f 2304 2308 2309
f 2286 2309 2301
f 2301 2309 2308
f 2284 2281 2304
f 2304 2281 2283
f 2286 2284 2309
f 2309 2284 2304
f 2256 2258 2310
f 2310 2258 2268
f 2261 2257 2271
f 2271 2257 2311
f 2310 2311 2256
f 2256 2311 2257
f 2298 2312 2310
f 2310 2312 2311
f 2296 2313 2298
f 2298 2313 2312
f 2311 2312 2271
f 2271 2312 2314
f 2310 2268 2298
f 2298 2268 2299
f 2315 2270 2314
f 2314 2270 2271
f 2270 2315 2269
f 2269 2315 2272
f 2315 2316 2272
f 2272 2316 2306
f 2316 2315 2317
f 2317 2315 2314
f 2318 2316 2319
f 2319 2316 2317
f 2312 2313 2314
f 2314 2313 2317
f 2313 2320 2317
f 2317 2320 2319
f 2316 2318 2306
f 2306 2318 2307
f 2322 2307 2321
f 2321 2307 2318
f 2323 2321 2325
f 2325 2321 2324
f 2321 2318 2324
f 2324 2318 2319
f 2321 2323 2322
f 2322 2323 2302
f 2322 2302 2308
f 2308 2302 2301
f 2308 2305 2322
f 2322 2305 2307
f 2313 2296 2320
f 2320 2296 2297
f 2325 2320 2300
f 2300 2320 2297
f 2325 2324 2320
f 2320 2324 2319
f 2323 2325 2295
f 2295 2325 2300
f 2295 2292 2323
f 2323 2292 2302
f 1775 1773 1764
f 1764 1773 1765
f 1765 1773 1766
f 1766 1773 1749
f 1754 2136 1755
f 1755 2136 2067
f 1632 1631 1845
f 1845 1631 1828
f 1833 1763 1847
f 1847 1763 1740
f 1846 1739 1759
f 1759 1739 1640
f 2046 2136 1698
f 1698 2136 1754
f 1698 1754 1699
f 1699 1754 1753
f 1705 1832 1628
f 1628 1832 1629
f 1660 1659 1835
f 1835 1659 2326
f 2326 2152 1835
f 1835 2152 2151
f 2161 2152 2327
f 2327 2152 2326
f 2327 2326 2328
f 2328 2326 1659
f 2328 1659 2329
f 2329 1659 1658
f 1711 2330 1657
f 1657 2330 1658
f 2329 1658 1653
f 1653 1658 2330
f 2331 2329 1656
f 1656 2329 1653
f 2329 2331 2328
f 2328 2331 2332
f 2328 2332 2327
f 2327 2332 2333
f 1756 2162 1753
f 1753 2162 2333
f 1745 1627 2334
f 2334 1627 1630
f 1653 2330 1654
f 1654 2330 1711
f 1739 1717 1740
f 1740 1717 1847
f 2333 1832 1753
f 1753 1832 1699
f 2333 2162 2327
f 2327 2162 2161
f 2169 2168 2253
f 2253 2168 1758
f 2151 2253 1835
f 1835 2253 1758
f 1629 1832 2332
f 2332 1832 2333
f 2332 2331 1629
f 1629 2331 1630
f 1656 2334 2331
f 2331 2334 1630
f 2334 1656 1745
f 1745 1656 1655
f 1801 1798 1655
f 1655 1798 1745
f 1687 1589 1812
f 1584 1557 1651
f 1651 1557 1618
f 1583 1558 1584
f 1584 1558 1557
f 1821 1671 1822
f 1822 1671 1670
f 1651 1618 1625
f 1625 1618 1620
f 1618 1617 1620
f 1620 1617 1621
f 1617 1569 1621
f 1621 1569 1686
f 1569 1568 1686
f 1686 1568 1570
f 1587 1567 1588
f 1588 1567 1824
f 1571 1568 1587
f 1587 1568 1567
f 1587 1586 1571
f 1571 1586 1787
f 1586 1662 1787
f 1787 1662 1788
f 1843 1793 1662
f 1662 1793 1788
f 1810 1646 1843
f 1843 1646 1793
f 1809 1600 1810
f 1810 1600 1646
f 1809 1805 1600
f 1600 1805 1563
f 1823 1683 1824
f 1824 1683 1682
f 1566 1559 1797
f 1797 1559 1672
f 1559 1558 1672
f 1672 1558 1670
f 1558 1583 1670
f 1670 1583 1822
f 1583 1582 1822
f 1822 1582 1669
f 1582 1842 1669
f 1669 1842 1666
f 1842 1799 1666
f 1666 1799 1811
f 1799 1798 1811
f 1811 1798 1812
f 1798 1801 1812
f 1812 1801 1687
f 1801 1800 1687
f 1687 1800 1688
f 1821 1593 1671
f 1671 1593 1597
f 1597 1593 1598
f 1598 1593 1596
f 1648 1647 1596
f 1596 1647 1598
f 1792 1789 1648
f 1648 1789 1647
f 1747 1750 1792
f 1792 1750 1789
f 1814 1841 1800
f 1800 1841 1688
f 1813 1611 1814
f 1814 1611 1841
f 1813 1710 1757
f 1757 1710 1741
f 1612 1757 1760
f 1760 1757 1736
f 1611 1813 1612
f 1612 1813 1757
f 1760 1641 1612
f 1612 1641 1608
f 1642 1678 1609
f 1609 1678 1635
f 1768 1771 1642
f 1642 1771 1678
f 1767 1772 1768
f 1768 1772 1771
f 1748 1836 1767
f 1767 1836 1772
f 1747 1796 1748
f 1748 1796 1836
f 1805 1680 1563
f 1563 1680 1564
f 1680 1683 1564
f 1564 1683 1797
f 1683 1823 1797
f 1797 1823 1566
f 1566 1823 1565
f 1565 1823 1567
