o hand_left
v -0.177569 0.457728 0.762110
v -0.170798 0.466389 0.764516
v -0.169333 0.457555 0.759962
v -0.175860 0.450440 0.756709
v -0.150776 0.468625 0.759949
v -0.144719 0.473516 0.749996
v -0.147884 0.457459 0.746008
v -0.151864 0.456375 0.756146
v -0.176529 0.444965 0.751585
v -0.168730 0.450405 0.756364
v -0.178715 0.444586 0.747553
v -0.189757 0.442774 0.740904
v -0.184998 0.441269 0.746444
v -0.197007 0.438788 0.739456
v -0.194005 0.452297 0.736951
v -0.205913 0.442839 0.739390
v -0.208535 0.468577 0.754530
v -0.211319 0.473407 0.766733
v -0.220712 0.457995 0.767976
v -0.216041 0.454066 0.755660
v -0.217520 0.467731 0.786492
v -0.219689 0.461697 0.776402
v -0.211652 0.477538 0.774755
v -0.209996 0.482038 0.783842
v -0.179801 0.467781 0.773760
v -0.173766 0.476901 0.775526
v -0.173312 0.474131 0.770922
v -0.178946 0.465236 0.769147
v -0.172906 0.442661 0.740062
v -0.178373 0.453666 0.735133
v -0.181071 0.448412 0.740420
v -0.172092 0.441071 0.745321
v -0.157702 0.497344 0.787463
v -0.156190 0.510298 0.783975
v -0.155129 0.509298 0.778248
v -0.157122 0.497851 0.782581
v -0.147230 0.496492 0.759217
v -0.150798 0.507081 0.760347
v -0.153254 0.514013 0.748758
v -0.152902 0.503766 0.745612
v -0.144620 0.484391 0.754959
v -0.147958 0.490886 0.743105
v -0.147512 0.477168 0.739128
v -0.149379 0.458582 0.736651
v -0.160941 0.513877 0.795339
v -0.162234 0.504761 0.799725
v -0.184837 0.400429 0.761350
v -0.184248 0.403529 0.766397
v -0.186032 0.406695 0.764233
v -0.186577 0.403070 0.759513
v -0.179791 0.516055 0.802251
v -0.188349 0.519327 0.798067
v -0.184087 0.525170 0.798981
v -0.175437 0.522125 0.801074
v -0.185481 0.507979 0.803735
v -0.193660 0.510834 0.796525
v -0.193593 0.391216 0.762923
v -0.189680 0.393010 0.760033
v -0.193635 0.395488 0.757751
v -0.197994 0.394317 0.760839
v -0.182147 0.443686 0.753000
v -0.182153 0.449022 0.760588
v -0.191932 0.431602 0.752396
v -0.189520 0.438011 0.756611
v -0.188405 0.437764 0.749625
v -0.191620 0.432366 0.746853
v -0.192805 0.449448 0.777082
v -0.186926 0.459452 0.776531
v -0.186504 0.456113 0.770891
v -0.191842 0.444443 0.770120
v -0.186678 0.463482 0.790113
v -0.192897 0.453549 0.789401
v -0.192079 0.457051 0.797201
v -0.186952 0.463019 0.796621
v -0.203535 0.437149 0.784647
v -0.206558 0.433178 0.783784
v -0.205530 0.433528 0.787236
v -0.203266 0.438790 0.788090
v -0.180637 0.531380 0.799097
v -0.171459 0.527876 0.798986
v -0.211977 0.475194 0.806237
v -0.203754 0.478122 0.813384
v -0.210100 0.466475 0.817240
v -0.217890 0.466564 0.808430
v -0.194138 0.519401 0.789461
v -0.191244 0.526247 0.792005
v -0.196580 0.391880 0.768370
v -0.200571 0.395052 0.766533
v -0.157387 0.483087 0.732847
v -0.156385 0.461071 0.730199
v -0.159573 0.498891 0.737468
v -0.162493 0.509482 0.741144
v -0.162590 0.518508 0.742559
v -0.192625 0.436363 0.761908
v -0.182704 0.456253 0.766403
v -0.180143 0.469631 0.778400
v -0.180696 0.473686 0.808952
v -0.174759 0.482341 0.808094
v -0.174435 0.476285 0.799255
v -0.180242 0.470238 0.801672
v -0.195393 0.474485 0.817362
v -0.189996 0.468982 0.814851
v -0.195396 0.461744 0.816115
v -0.201411 0.465240 0.819397
v -0.169608 0.443514 0.733189
v -0.174335 0.458304 0.730565
v -0.170192 0.511655 0.802958
v -0.166541 0.517539 0.799377
v -0.164464 0.525349 0.796744
v -0.164549 0.486753 0.780527
v -0.156460 0.498141 0.779175
v -0.155028 0.496307 0.775169
v -0.164833 0.486203 0.777485
v -0.161415 0.473586 0.767530
v -0.151068 0.481796 0.765967
v -0.160812 0.462569 0.763852
v -0.152817 0.509465 0.770313
v -0.151638 0.518737 0.776208
v -0.150491 0.518093 0.767375
v -0.154837 0.520979 0.785199
v -0.159112 0.523216 0.792690
v -0.190375 0.534671 0.793006
v -0.151215 0.517261 0.759020
v -0.153058 0.447881 0.752850
v -0.152836 0.440294 0.750330
v -0.160144 0.440185 0.753509
v -0.161121 0.447558 0.756647
v -0.202295 0.431396 0.740562
v -0.194995 0.431111 0.742561
v -0.190350 0.438121 0.742840
v -0.163440 0.489113 0.793295
v -0.166812 0.495717 0.803535
v -0.194456 0.430416 0.757737
v -0.201233 0.399207 0.758289
v -0.196345 0.400214 0.754872
v -0.200980 0.417932 0.745104
v -0.207066 0.416377 0.748470
v -0.200467 0.426705 0.762547
v -0.194617 0.428742 0.758464
v -0.194939 0.427742 0.759886
v -0.198355 0.425877 0.765405
v -0.204336 0.438399 0.795158
v -0.202171 0.443164 0.795659
v -0.219376 0.438583 0.759112
v -0.218445 0.437955 0.746136
v -0.212477 0.450152 0.744670
v -0.192797 0.452620 0.783845
v -0.198206 0.443975 0.785043
v -0.198442 0.445502 0.788927
v -0.195489 0.434301 0.764932
v -0.198088 0.429567 0.762925
v -0.199749 0.431428 0.767389
v -0.196302 0.436847 0.769710
v -0.197925 0.489732 0.810170
v -0.188322 0.485390 0.815240
v -0.186677 0.396505 0.759273
v -0.189443 0.398978 0.757106
v -0.186989 0.462347 0.783162
v -0.204022 0.463314 0.745606
v -0.180148 0.471413 0.783580
v -0.219804 0.449559 0.799291
v -0.214090 0.446665 0.803706
v -0.212716 0.440749 0.803616
v -0.217762 0.440451 0.800846
v -0.194551 0.412132 0.772116
v -0.189666 0.412419 0.768824
v -0.188205 0.408425 0.769928
v -0.192582 0.407499 0.773802
v -0.192234 0.428838 0.753078
v -0.192319 0.427868 0.747231
v -0.191561 0.424107 0.749768
v -0.192434 0.426029 0.755535
v -0.196178 0.426022 0.743330
v -0.195423 0.421081 0.745678
v -0.200313 0.408984 0.772604
v -0.204546 0.403762 0.769130
v -0.210887 0.419891 0.761736
v -0.204692 0.421804 0.766694
v -0.204424 0.496053 0.781188
v -0.202454 0.498657 0.791835
v -0.208140 0.484854 0.794793
v -0.215116 0.471671 0.798175
v -0.220714 0.458738 0.800337
v -0.224743 0.455914 0.789035
v -0.205466 0.487736 0.802041
v -0.210039 0.429161 0.763345
v -0.214957 0.429641 0.757567
v -0.215497 0.431697 0.761411
v -0.179214 0.472297 0.790925
v -0.191570 0.403261 0.754429
v -0.183881 0.516901 0.748073
v -0.191107 0.520261 0.758877
v -0.192958 0.511756 0.757504
v -0.184213 0.507575 0.745713
v -0.186833 0.410671 0.762813
v -0.187280 0.407376 0.757154
v -0.202439 0.443754 0.802192
v -0.204711 0.439090 0.800802
v -0.206602 0.438937 0.803284
v -0.203943 0.442304 0.806777
v -0.200101 0.500834 0.796879
v -0.211034 0.456886 0.819053
v -0.218695 0.458447 0.811216
v -0.197680 0.510558 0.788859
v -0.199899 0.508701 0.779532
v -0.196744 0.517932 0.778937
v -0.223965 0.445237 0.778366
v -0.205777 0.491887 0.773686
v -0.200325 0.505383 0.772642
v -0.196552 0.516265 0.771624
v -0.194549 0.524396 0.771450
v -0.194822 0.525341 0.779524
v -0.203865 0.400440 0.764134
v -0.201024 0.398372 0.772475
v -0.194144 0.534394 0.780238
v -0.193232 0.532731 0.771165
v -0.199449 0.501828 0.764180
v -0.196874 0.497265 0.754201
v -0.204594 0.488827 0.765589
v -0.202760 0.483280 0.755761
v -0.227501 0.445566 0.767685
v -0.186604 0.392831 0.781064
v -0.194150 0.399506 0.777298
v -0.190164 0.403624 0.776011
v -0.184081 0.396184 0.781499
v -0.197373 0.403993 0.774960
v -0.196908 0.395319 0.774311
v -0.195953 0.477148 0.744630
v -0.202687 0.427870 0.766221
v -0.185924 0.490940 0.741808
v -0.189297 0.464923 0.734742
v -0.179868 0.474171 0.733153
v -0.173807 0.503498 0.738056
v -0.170324 0.487391 0.732052
v -0.173229 0.521404 0.743195
v -0.174708 0.512702 0.741593
v -0.167243 0.469885 0.728558
v -0.177976 0.396187 0.767992
v -0.178578 0.399260 0.772915
v -0.182508 0.525148 0.748703
v -0.161374 0.454276 0.759937
v -0.171716 0.480004 0.789004
v -0.172861 0.479078 0.783564
v -0.171455 0.487619 0.806629
v -0.169620 0.481937 0.796464
v -0.179573 0.391886 0.765075
v -0.209562 0.431508 0.784661
v -0.208988 0.432886 0.784884
v -0.148312 0.448252 0.745051
v -0.148796 0.441918 0.743951
v -0.155599 0.441326 0.732468
v -0.150069 0.441382 0.737037
v -0.149376 0.449165 0.736532
v -0.155105 0.449795 0.731338
v -0.164404 0.486785 0.783208
v -0.164458 0.487057 0.787154
v -0.191200 0.499471 0.807116
v -0.181987 0.494350 0.811908
v -0.202456 0.425163 0.742658
v -0.210467 0.432201 0.742185
v -0.209097 0.425108 0.745186
v -0.211537 0.418842 0.753737
v -0.205331 0.426920 0.765211
v -0.206671 0.427172 0.763204
v -0.153138 0.489565 0.771140
v -0.163716 0.482021 0.772668
v -0.168678 0.446300 0.754197
v -0.167799 0.440339 0.751944
v -0.196840 0.441477 0.776320
v -0.220541 0.433852 0.778935
v -0.222604 0.434496 0.769957
v -0.201803 0.434381 0.775449
v -0.184902 0.386000 0.768109
v -0.181620 0.388564 0.765359
v -0.214209 0.427388 0.749986
v -0.197297 0.448426 0.796816
v -0.220465 0.438860 0.783169
v -0.216102 0.431843 0.783881
v -0.202984 0.458911 0.820125
v -0.188778 0.528867 0.759068
v -0.185951 0.405156 0.772498
v -0.180604 0.400134 0.777555
v -0.188460 0.389990 0.778378
v -0.188558 0.386906 0.772934
v -0.175555 0.501917 0.807252
v -0.173714 0.478073 0.780025
v -0.164718 0.454771 0.728630
v -0.163134 0.442730 0.731334
v -0.204730 0.431522 0.774612
v -0.218350 0.452777 0.805142
v -0.223723 0.445894 0.791660
v -0.221596 0.436219 0.793966
v -0.219143 0.432278 0.787970
v -0.213074 0.430175 0.785112
v -0.183728 0.387195 0.780100
v -0.184517 0.384875 0.774742
v -0.181886 0.384365 0.769298
v -0.179209 0.386719 0.766759
v -0.177346 0.390698 0.766772
v -0.181341 0.389865 0.783068
v -0.178906 0.393045 0.783074
v -0.177742 0.397937 0.779401
v -0.175724 0.388606 0.783723
v -0.175104 0.383561 0.781102
v -0.168240 0.383624 0.768147
v -0.174055 0.382600 0.769451
v -0.171982 0.381649 0.771185
v -0.166860 0.382120 0.770755
v -0.161605 0.381818 0.771615
v -0.162438 0.383323 0.768545
v -0.174534 0.381634 0.775343
v -0.167463 0.382047 0.775448
v -0.167350 0.383579 0.779436
v -0.161574 0.383191 0.779079
v -0.161565 0.381608 0.775728
v -0.172195 0.382774 0.779337
v -0.177323 0.381582 0.775432
v -0.158251 0.383205 0.770728
v -0.158765 0.381542 0.772545
v -0.158357 0.381872 0.775820
v -0.155802 0.383452 0.775150
v -0.175784 0.386967 0.766430
v -0.167822 0.385846 0.766597
v -0.161873 0.386502 0.768214
v -0.157787 0.386016 0.770514
v -0.166038 0.389603 0.767598
v -0.161558 0.389274 0.769270
v -0.158236 0.389106 0.771676
v -0.164789 0.392768 0.770396
v -0.161151 0.391521 0.771606
v -0.174999 0.394300 0.769545
v -0.176400 0.391403 0.766469
v -0.158693 0.391123 0.772409
v -0.155146 0.385590 0.775312
v -0.168759 0.385897 0.782159
v -0.161474 0.385925 0.780632
v -0.168394 0.388342 0.782949
v -0.161241 0.387989 0.781808
v -0.157067 0.384750 0.779684
v -0.158607 0.383168 0.778440
v -0.176728 0.395108 0.769545
v -0.176974 0.398101 0.774982
v -0.175032 0.397203 0.775261
v -0.164689 0.394889 0.774961
v -0.174732 0.396683 0.779653
v -0.173724 0.392254 0.783202
v -0.166706 0.391056 0.782349
v -0.165602 0.393713 0.780136
v -0.161208 0.390483 0.780966
v -0.161216 0.392101 0.778989
v -0.160705 0.392943 0.775075
v -0.157612 0.389648 0.778832
v -0.157030 0.386916 0.779743
v -0.156394 0.388756 0.775248
v -0.158506 0.391184 0.778109
v -0.158199 0.390691 0.775036
v -0.192795 0.405235 0.782993
v -0.193455 0.407834 0.788797
v -0.196557 0.409988 0.786069
v -0.195872 0.407632 0.781255
v -0.201686 0.394529 0.781681
v -0.196933 0.398020 0.779714
v -0.201226 0.400150 0.777156
v -0.206853 0.397570 0.780109
v -0.205980 0.394848 0.787489
v -0.210689 0.398788 0.785737
v -0.210348 0.402036 0.777294
v -0.204249 0.404585 0.774535
v -0.209768 0.423049 0.766544
v -0.216103 0.422002 0.768343
v -0.205163 0.429992 0.782191
v -0.207878 0.429211 0.784566
v -0.194018 0.402116 0.780690
v -0.197672 0.404146 0.778353
v -0.202486 0.414180 0.792368
v -0.198488 0.414703 0.788598
v -0.197726 0.411254 0.790684
v -0.201571 0.409764 0.794418
v -0.203274 0.426636 0.770159
v -0.204468 0.428536 0.776168
v -0.205489 0.424813 0.767710
v -0.208262 0.411083 0.793610
v -0.213189 0.407034 0.791068
v -0.219981 0.424401 0.782347
v -0.215451 0.426077 0.786255
v -0.199734 0.407514 0.775266
v -0.196432 0.412920 0.783481
v -0.196568 0.410811 0.778611
v -0.213949 0.404107 0.783486
v -0.209626 0.401831 0.793252
v -0.192604 0.395532 0.802073
v -0.201937 0.402308 0.797900
v -0.198355 0.406021 0.797059
v -0.189514 0.399381 0.802637
v -0.205784 0.406160 0.795737
v -0.204958 0.398226 0.794769
v -0.181717 0.399832 0.790938
v -0.182915 0.402574 0.796786
v -0.182326 0.396307 0.787910
v -0.220157 0.423109 0.774241
v -0.189910 0.389423 0.787708
v -0.184738 0.393155 0.786443
v -0.195291 0.408558 0.793715
v -0.185755 0.402119 0.801082
v -0.194113 0.392269 0.799252
v -0.194630 0.389425 0.792359
v -0.188316 0.389274 0.800498
v -0.188477 0.387130 0.794713
v -0.185081 0.387616 0.789816
v -0.182046 0.391871 0.788219
v -0.180774 0.395560 0.789392
v -0.186970 0.392066 0.803330
v -0.185060 0.396273 0.804260
v -0.183382 0.400271 0.801859
v -0.178826 0.392889 0.804558
v -0.178559 0.388531 0.802148
v -0.165378 0.392212 0.788991
v -0.171312 0.390580 0.789016
v -0.170764 0.389025 0.791081
v -0.165380 0.390657 0.791339
v -0.176684 0.387547 0.790179
v -0.175020 0.387221 0.791944
v -0.176653 0.386637 0.796484
v -0.170802 0.389254 0.795960
v -0.171634 0.390513 0.800601
v -0.165834 0.391608 0.800568
v -0.164750 0.390051 0.796184
v -0.175535 0.388107 0.799969
v -0.161932 0.391564 0.792350
v -0.160378 0.393472 0.791573
v -0.179608 0.385328 0.796344
v -0.179460 0.391520 0.787789
v -0.171136 0.393516 0.787692
v -0.164813 0.395499 0.788600
v -0.159912 0.396377 0.792474
v -0.170479 0.397643 0.788696
v -0.164668 0.398501 0.789974
v -0.161014 0.398621 0.793530
v -0.170314 0.401361 0.791774
v -0.164771 0.401317 0.793179
v -0.180210 0.399714 0.791913
v -0.179711 0.396219 0.788356
v -0.162573 0.400350 0.794198
v -0.159101 0.392830 0.796106
v -0.158638 0.396134 0.796391
v -0.160628 0.391764 0.796022
v -0.172002 0.391838 0.802357
v -0.165576 0.393568 0.801606
v -0.171801 0.394553 0.803626
v -0.164798 0.395826 0.802263
v -0.160882 0.393884 0.800278
v -0.161303 0.392552 0.799378
v -0.181128 0.398618 0.792722
v -0.182038 0.400910 0.797992
v -0.181019 0.401649 0.797343
v -0.170775 0.402449 0.797178
v -0.181317 0.400483 0.801907
v -0.179418 0.396784 0.804382
v -0.171994 0.397497 0.803743
v -0.171204 0.400875 0.801571
v -0.164933 0.397845 0.803100
v -0.166351 0.400296 0.801567
v -0.165531 0.402285 0.797191
v -0.160554 0.397825 0.801050
v -0.160363 0.395514 0.800706
v -0.159645 0.398074 0.796649
v -0.162525 0.399958 0.800452
v -0.161816 0.400397 0.796852
v -0.194379 0.415673 0.796733
v -0.194630 0.418098 0.802039
v -0.197194 0.420266 0.800687
v -0.197243 0.417652 0.795643
v -0.202735 0.405970 0.796067
v -0.198826 0.408238 0.793987
v -0.202522 0.410615 0.792341
v -0.207518 0.409099 0.793979
v -0.204248 0.404824 0.801465
v -0.210867 0.409035 0.799180
v -0.211384 0.412886 0.792178
v -0.205512 0.413565 0.790774
v -0.211315 0.426565 0.786521
v -0.217215 0.425584 0.789107
v -0.196099 0.412027 0.794522
v -0.199015 0.414067 0.793251
v -0.201844 0.422271 0.807451
v -0.198506 0.422899 0.803853
v -0.198981 0.420384 0.805766
v -0.201929 0.418621 0.808631
v -0.203648 0.432803 0.789422
v -0.204020 0.435426 0.794819
v -0.206144 0.429178 0.787167
v -0.207739 0.419302 0.808430
v -0.213406 0.416083 0.805115
v -0.216824 0.430369 0.802586
v -0.211770 0.433220 0.804323
v -0.201095 0.416115 0.791572
v -0.196983 0.422502 0.798747
v -0.197634 0.419678 0.793964
v -0.214209 0.414164 0.797819
v -0.209989 0.411080 0.806122
v -0.189924 0.402390 0.814067
v -0.203068 0.411610 0.810650
v -0.199116 0.416064 0.809946
v -0.187640 0.406186 0.814703
v -0.206076 0.414719 0.809676
v -0.205354 0.407407 0.807454
v -0.182596 0.409023 0.802019
v -0.183324 0.410627 0.807259
v -0.184974 0.406263 0.799162
v -0.220063 0.427154 0.795497
v -0.206347 0.435741 0.802199
v -0.189160 0.399833 0.799679
v -0.186719 0.403352 0.798474
v -0.196644 0.418108 0.806996
v -0.185330 0.409488 0.812519
v -0.192400 0.399360 0.810766
v -0.192791 0.398200 0.804320
v -0.187027 0.397450 0.811502
v -0.187690 0.396353 0.804995
v -0.185207 0.398506 0.800010
v -0.183508 0.402959 0.798903
v -0.182188 0.406121 0.799774
v -0.184742 0.401287 0.814580
v -0.183221 0.405063 0.814956
v -0.183919 0.409138 0.812061
v -0.180339 0.401319 0.815084
v -0.179688 0.396828 0.811874
v -0.165643 0.400911 0.801944
v -0.171774 0.400384 0.801430
v -0.171781 0.399654 0.802410
v -0.165646 0.399546 0.803072
v -0.178352 0.398029 0.801498
v -0.176746 0.397800 0.802617
v -0.178018 0.396308 0.806099
v -0.171371 0.396928 0.806991
v -0.172592 0.398825 0.812699
v -0.166935 0.399028 0.812381
v -0.165401 0.397109 0.807272
v -0.177754 0.396985 0.810640
v -0.162403 0.399447 0.804223
v -0.161411 0.400156 0.802757
v -0.180592 0.395520 0.806003
v -0.179140 0.402397 0.799297
v -0.171697 0.403131 0.800092
v -0.165560 0.403768 0.800584
v -0.161552 0.403849 0.802798
v -0.171689 0.406845 0.801186
v -0.166200 0.406561 0.801929
v -0.162612 0.406455 0.803977
v -0.171655 0.409221 0.803614
v -0.166903 0.408570 0.804393
v -0.180444 0.409184 0.802839
v -0.179892 0.406354 0.800052
v -0.163993 0.407747 0.805411
v -0.160187 0.399304 0.807313
v -0.159799 0.403439 0.808243
v -0.161802 0.398639 0.807293
v -0.173358 0.399605 0.814210
v -0.166262 0.400314 0.814229
v -0.173511 0.402198 0.815452
v -0.166560 0.402753 0.815313
v -0.162071 0.399874 0.812195
v -0.162787 0.399215 0.811447
v -0.181731 0.408818 0.802590
v -0.182699 0.410248 0.807511
v -0.181484 0.410553 0.807495
v -0.171858 0.410649 0.808385
v -0.182159 0.409417 0.812066
v -0.179248 0.405107 0.815216
v -0.173127 0.405540 0.814868
v -0.172239 0.408839 0.812785
v -0.167014 0.405484 0.814682
v -0.168000 0.407611 0.812958
v -0.167133 0.409788 0.808516
v -0.163320 0.405232 0.812492
v -0.162148 0.402470 0.813040
v -0.161413 0.406240 0.808363
v -0.164620 0.407293 0.811662
v -0.163340 0.407958 0.808462
v -0.204605 0.436328 0.799206
v -0.200220 0.423643 0.808444
v -0.198999 0.424545 0.812493
v -0.199829 0.425566 0.812775
v -0.200911 0.425745 0.808458
v -0.211148 0.420379 0.807710
v -0.206845 0.420855 0.805675
v -0.209245 0.424246 0.805092
v -0.213395 0.424072 0.807209
v -0.213221 0.420686 0.812637
v -0.214778 0.424132 0.812715
v -0.214051 0.427905 0.807355
v -0.209948 0.428109 0.804944
v -0.212375 0.443485 0.803973
v -0.216551 0.445667 0.806870
v -0.202950 0.451844 0.820287
v -0.198920 0.452016 0.817081
v -0.200073 0.443012 0.817950
v -0.203613 0.444002 0.820955
v -0.203130 0.422235 0.806227
v -0.204321 0.425229 0.805460
v -0.203728 0.427850 0.821530
v -0.200424 0.427985 0.817892
v -0.199954 0.425804 0.817005
v -0.202156 0.425042 0.821158
v -0.198341 0.449123 0.812730
v -0.200621 0.446634 0.809210
v -0.200192 0.442699 0.809379
v -0.199383 0.441426 0.813464
v -0.204771 0.441346 0.805692
v -0.208140 0.427619 0.822038
v -0.213549 0.427498 0.819178
v -0.213344 0.446899 0.820603
v -0.208458 0.446161 0.821853
v -0.205409 0.427275 0.805564
v -0.199892 0.428111 0.813106
v -0.201253 0.427176 0.809243
v -0.215976 0.428097 0.812917
v -0.211925 0.423794 0.818816
v -0.202071 0.415495 0.822360
v -0.205799 0.421991 0.822172
v -0.201344 0.423699 0.821140
v -0.199296 0.417440 0.822165
v -0.206590 0.424135 0.821819
v -0.210237 0.420293 0.818961
v -0.196289 0.419016 0.809685
v -0.195794 0.419940 0.815106
v -0.198339 0.417508 0.807343
v -0.217409 0.447420 0.813200
v -0.204788 0.413597 0.808250
v -0.200880 0.415206 0.806724
v -0.199245 0.424373 0.816821
v -0.196821 0.419253 0.819609
v -0.205493 0.413385 0.819519
v -0.207745 0.413223 0.813430
v -0.201891 0.409931 0.819125
v -0.203923 0.409930 0.813170
v -0.200312 0.411676 0.808028
v -0.197923 0.414807 0.807382
v -0.196067 0.417246 0.808379
v -0.199111 0.412911 0.822269
v -0.197252 0.415347 0.822336
v -0.195804 0.418104 0.819835
v -0.195906 0.410472 0.822076
v -0.195772 0.407440 0.818308
v -0.184338 0.409627 0.811664
v -0.188284 0.410691 0.810394
v -0.188597 0.409710 0.811046
v -0.184632 0.408564 0.811694
v -0.193839 0.410430 0.809359
v -0.192769 0.409443 0.810564
v -0.195286 0.408092 0.812974
v -0.190020 0.406866 0.813990
v -0.190308 0.406721 0.819401
v -0.186211 0.405731 0.819538
v -0.186395 0.405629 0.814733
v -0.194360 0.406983 0.817158
v -0.182513 0.406944 0.812700
v -0.181140 0.407364 0.812653
v -0.197779 0.407975 0.812487
v -0.193250 0.414399 0.808425
v -0.186693 0.412796 0.810174
v -0.182136 0.410843 0.811787
v -0.179746 0.408701 0.814081
v -0.186676 0.415126 0.811182
v -0.181446 0.412795 0.812854
v -0.179335 0.410721 0.815167
v -0.186722 0.417171 0.813862
v -0.181957 0.414297 0.814929
v -0.192554 0.419302 0.812846
v -0.192489 0.417336 0.809884
v -0.180169 0.412009 0.816071
v -0.181315 0.405093 0.815914
v -0.179828 0.407401 0.817193
v -0.182898 0.404597 0.815618
v -0.190477 0.407212 0.820728
v -0.185464 0.406177 0.821001
v -0.190216 0.408940 0.822447
v -0.184639 0.407913 0.822041
v -0.182375 0.405301 0.819419
v -0.183872 0.404836 0.818266
v -0.194320 0.419070 0.811513
v -0.194699 0.419374 0.815356
v -0.193171 0.419129 0.817067
v -0.187491 0.417248 0.818012
v -0.194473 0.417057 0.821180
v -0.195376 0.413568 0.822815
v -0.189432 0.411534 0.822982
v -0.188349 0.414618 0.821913
v -0.183715 0.409905 0.822055
v -0.183328 0.412765 0.821064
v -0.182603 0.414620 0.818302
v -0.180715 0.409071 0.819809
v -0.180995 0.407189 0.819902
v -0.179611 0.409409 0.817792
v -0.180828 0.410999 0.819576
v -0.180366 0.411604 0.818067
v -0.207044 0.450966 0.820664
v -0.167524 0.428840 0.736888
v -0.169438 0.429056 0.742230
v -0.155948 0.428374 0.751400
v -0.162966 0.427766 0.751325
v -0.150470 0.428259 0.747308
v -0.150228 0.429116 0.736377
v -0.148866 0.429626 0.741853
v -0.167830 0.428116 0.747889
v -0.163035 0.429287 0.732786
v -0.155730 0.429655 0.731991
v -0.164471 0.420524 0.732361
v -0.156324 0.420843 0.731674
v -0.150406 0.420420 0.735469
v -0.148881 0.422729 0.742360
v -0.149833 0.423254 0.747397
v -0.168445 0.422576 0.738481
v -0.169589 0.423444 0.743883
v -0.166674 0.424122 0.749814
v -0.169649 0.415659 0.742569
v -0.165282 0.406704 0.742591
v -0.150445 0.396894 0.750856
v -0.150006 0.403320 0.748361
v -0.152084 0.402014 0.746892
v -0.152016 0.396121 0.748868
v -0.151360 0.407037 0.744174
v -0.153187 0.405500 0.744451
v -0.158112 0.406108 0.742480
v -0.157990 0.400719 0.744696
v -0.163075 0.405240 0.743702
v -0.163918 0.401804 0.746150
v -0.158093 0.395426 0.746755
v -0.153584 0.392382 0.748979
v -0.158084 0.391089 0.748767
v -0.152741 0.392131 0.752059
v -0.158102 0.406127 0.739334
v -0.148561 0.413311 0.745329
v -0.148726 0.406029 0.750505
v -0.150065 0.398874 0.754022
v -0.153139 0.393441 0.755039
v -0.149767 0.408450 0.754061
v -0.151972 0.401803 0.756708
v -0.155420 0.397123 0.757516
v -0.153464 0.410209 0.756789
v -0.155328 0.403568 0.758046
v -0.154039 0.421539 0.752498
v -0.149242 0.418607 0.749261
v -0.156867 0.399576 0.757893
v -0.158424 0.389662 0.751254
v -0.158984 0.391263 0.754520
v -0.166873 0.403390 0.746974
v -0.164239 0.396610 0.747662
v -0.166243 0.397710 0.749671
v -0.168830 0.406330 0.748959
v -0.167323 0.399102 0.751965
v -0.163912 0.392565 0.750847
v -0.162366 0.392940 0.748459
v -0.154304 0.424653 0.751563
v -0.160861 0.425159 0.752110
v -0.160699 0.422352 0.752886
v -0.160052 0.411588 0.757186
v -0.166561 0.420776 0.751555
v -0.169780 0.418088 0.747035
v -0.168819 0.408460 0.752091
v -0.165891 0.410697 0.755242
v -0.166359 0.401234 0.754764
v -0.164338 0.402904 0.756398
v -0.159802 0.403664 0.758236
v -0.163638 0.396806 0.755837
v -0.164609 0.394171 0.753582
v -0.159651 0.395240 0.756924
v -0.162760 0.399332 0.756670
v -0.159810 0.398852 0.757607
v -0.197475 0.457233 0.816136
v -0.196132 0.453829 0.810750
v -0.193082 0.459094 0.811121
v -0.187034 0.465898 0.810279
v -0.184625 0.475670 0.813390
v -0.186538 0.463815 0.803612
v -0.192793 0.456787 0.804916
v -0.197753 0.449488 0.804343
v -0.182165 0.468846 0.795825
f 2 3 1
f 1 3 4
f 5 6 8
f 8 6 7
f 9 4 10
f 10 4 3
f 12 13 11
f 11 13 9
f 14 12 16
f 16 12 15
f 18 19 17
f 17 19 20
f 22 23 21
f 21 23 24
f 26 27 25
f 25 27 28
f 30 31 29
f 29 31 32
f 33 34 36
f 36 34 35
f 37 38 40
f 40 38 39
f 41 42 6
f 6 42 43
f 6 43 7
f 7 43 44
f 45 34 46
f 46 34 33
f 48 49 47
f 47 49 50
f 52 53 51
f 51 53 54
f 56 52 55
f 55 52 51
f 58 59 57
f 57 59 60
f 61 62 4
f 4 62 1
f 64 65 63
f 63 65 66
f 68 69 67
f 67 69 70
f 72 73 71
f 71 73 74
f 76 77 75
f 75 77 78
f 53 79 54
f 54 79 80
f 82 83 81
f 81 83 84
f 85 86 52
f 52 86 53
f 57 60 87
f 87 60 88
f 89 90 43
f 43 90 44
f 43 42 89
f 89 42 91
f 40 39 92
f 92 39 93
f 94 70 64
f 64 70 69
f 13 61 9
f 9 61 4
f 25 28 69
f 69 28 95
f 96 25 68
f 68 25 69
f 98 99 97
f 97 99 100
f 101 102 104
f 104 102 103
f 106 30 105
f 105 30 29
f 51 54 107
f 107 54 108
f 54 80 108
f 108 80 109
f 111 112 110
f 110 112 113
f 115 5 114
f 114 5 116
f 115 41 5
f 5 41 6
f 36 35 111
f 111 35 117
f 35 118 117
f 117 118 119
f 34 120 35
f 35 120 118
f 34 45 120
f 120 45 121
f 125 126 124
f 124 126 127
f 128 129 14
f 14 129 130
f 33 131 46
f 46 131 132
f 133 94 63
f 63 94 64
f 134 135 137
f 137 135 136
f 139 140 138
f 138 140 141
f 77 142 78
f 78 142 143
f 144 145 20
f 20 145 146
f 148 149 147
f 147 149 72
f 151 152 150
f 150 152 153
f 82 101 83
f 83 101 104
f 101 82 155
f 155 82 154
f 156 157 58
f 58 157 59
f 158 68 147
f 147 68 67
f 159 146 15
f 15 146 16
f 68 158 96
f 96 158 160
f 129 66 130
f 130 66 65
f 162 163 161
f 161 163 164
f 166 167 165
f 165 167 168
f 170 171 169
f 169 171 172
f 174 171 173
f 173 171 170
f 176 177 175
f 175 177 178
f 180 181 179
f 179 181 24
f 182 183 21
f 21 183 184
f 81 185 82
f 82 185 154
f 186 187 188
f 188 187 144
f 158 71 160
f 160 71 189
f 190 135 157
f 157 135 59
f 169 172 139
f 139 172 140
f 147 72 158
f 158 72 71
f 192 193 191
f 191 193 194
f 167 166 49
f 49 166 195
f 196 190 50
f 50 190 157
f 197 198 200
f 200 198 199
f 21 24 182
f 182 24 181
f 146 159 20
f 20 159 17
f 182 181 81
f 81 181 185
f 201 185 180
f 180 185 181
f 202 203 83
f 83 203 84
f 205 206 204
f 204 206 85
f 207 22 184
f 184 22 21
f 179 24 208
f 208 24 23
f 208 209 179
f 179 209 205
f 209 210 205
f 205 210 206
f 212 206 211
f 211 206 210
f 179 205 180
f 180 205 204
f 213 176 88
f 88 176 214
f 86 85 212
f 212 85 206
f 193 217 218
f 217 219 218
f 218 219 220
f 219 18 220
f 220 18 17
f 19 221 20
f 20 221 144
f 222 223 225
f 225 223 224
f 175 226 176
f 176 226 214
f 227 87 214
f 214 87 88
f 220 17 228
f 228 17 159
f 134 213 60
f 60 213 88
f 138 229 151
f 151 229 152
f 193 192 210
f 210 192 211
f 230 194 218
f 218 194 193
f 231 232 228
f 228 232 230
f 233 234 91
f 91 234 89
f 235 236 93
f 93 236 92
f 230 232 234
f 234 232 237
f 47 238 48
f 48 238 239
f 240 191 235
f 235 191 236
f 5 8 116
f 116 8 241
f 242 243 189
f 189 243 160
f 244 245 98
f 98 245 99
f 156 246 47
f 47 246 238
f 76 247 77
f 77 247 248
f 250 125 249
f 249 125 124
f 252 253 251
f 251 253 254
f 111 110 36
f 36 110 255
f 256 33 255
f 255 33 36
f 257 258 154
f 154 258 155
f 63 169 133
f 133 169 139
f 66 170 63
f 63 170 169
f 173 170 129
f 129 170 66
f 129 128 173
f 173 128 259
f 128 260 259
f 259 260 261
f 213 134 262
f 262 134 137
f 263 264 186
f 186 264 187
f 112 265 113
f 113 265 266
f 11 267 268
f 234 233 230
f 230 233 194
f 153 269 70
f 70 269 67
f 175 178 165
f 165 178 141
f 150 153 94
f 94 153 70
f 271 221 270
f 270 221 207
f 269 153 272
f 272 153 152
f 121 45 109
f 109 45 108
f 47 50 156
f 156 50 157
f 57 273 58
f 58 273 274
f 145 275 260
f 260 275 261
f 276 149 143
f 143 149 78
f 148 269 75
f 75 269 272
f 207 277 270
f 270 277 278
f 195 196 49
f 49 196 50
f 59 135 60
f 60 135 134
f 83 104 202
f 202 104 279
f 149 148 78
f 78 148 75
f 247 278 248
f 248 278 277
f 183 182 84
f 84 182 81
f 48 239 281
f 281 239 282
f 227 223 283
f 283 223 222
f 223 226 224
f 224 226 168
f 281 282 224
f 224 282 225
f 165 168 175
f 175 168 226
f 264 263 138
f 138 263 229
f 14 16 128
f 128 16 260
f 220 228 218
f 218 228 230
f 87 227 284
f 284 227 283
f 260 16 145
f 145 16 146
f 244 98 258
f 258 98 155
f 58 274 156
f 156 274 246
f 107 285 51
f 51 285 55
f 243 286 160
f 160 286 96
f 234 237 89
f 89 237 90
f 46 132 107
f 107 132 285
f 253 252 249
f 249 252 250
f 286 26 96
f 96 26 25
f 106 105 287
f 287 105 288
f 272 152 289
f 289 152 229
f 138 151 139
f 139 151 133
f 183 290 161
f 161 290 162
f 291 292 277
f 277 292 293
f 151 150 133
f 133 150 94
f 262 275 177
f 177 275 187
f 144 187 145
f 145 187 275
f 273 57 284
f 284 57 87
f 174 136 190
f 190 136 135
f 111 117 112
f 112 117 38
f 117 119 38
f 38 119 123
f 112 38 265
f 265 38 37
f 287 288 254
f 254 288 251
f 228 159 231
f 231 159 15
f 223 227 226
f 226 227 214
f 147 67 148
f 148 67 269
f 224 168 281
f 281 168 167
f 199 163 200
f 200 163 162
f 45 46 108
f 108 46 107
f 281 167 48
f 48 167 49
f 161 164 291
f 291 164 292
f 38 123 39
f 293 294 277
f 277 294 248
f 284 283 296
f 296 283 295
f 284 296 273
f 273 296 297
f 274 273 298
f 298 273 297
f 246 274 299
f 299 274 298
f 283 222 295
f 295 222 300
f 222 225 300
f 300 225 301
f 301 225 302
f 302 225 282
f 303 304 300
f 300 304 295
f 306 307 305
f 305 307 308
f 309 310 308
f 308 310 305
f 308 307 312
f 312 307 311
f 313 314 312
f 312 314 315
f 311 316 312
f 312 316 313
f 317 304 311
f 311 304 316
f 315 309 312
f 312 309 308
f 318 319 321
f 321 319 320
f 319 318 309
f 309 318 310
f 311 307 317
f 317 307 306
f 306 297 317
f 317 297 296
f 306 322 297
f 297 322 298
f 305 323 306
f 306 323 322
f 323 305 324
f 324 305 310
f 304 317 295
f 295 317 296
f 318 325 310
f 310 325 324
f 323 324 326
f 326 324 327
f 324 325 327
f 327 325 328
f 326 327 329
f 329 327 330
f 329 331 326
f 326 331 332
f 333 330 328
f 328 330 327
f 323 326 322
f 322 326 332
f 322 332 298
f 298 332 299
f 325 318 334
f 334 318 321
f 313 316 335
f 335 316 304
f 335 336 313
f 313 336 314
f 304 303 335
f 335 303 337
f 336 335 338
f 338 335 337
f 336 339 314
f 314 339 340
f 246 299 238
f 238 299 341
f 239 342 282
f 282 342 302
f 342 239 341
f 341 239 238
f 341 331 342
f 342 331 343
f 331 329 343
f 343 329 344
f 342 343 302
f 302 343 345
f 341 299 331
f 331 299 332
f 346 301 345
f 345 301 302
f 346 303 301
f 301 303 300
f 347 337 346
f 346 337 303
f 347 346 348
f 348 346 345
f 349 347 350
f 350 347 348
f 343 344 345
f 345 344 348
f 344 351 348
f 348 351 350
f 337 347 338
f 338 347 349
f 353 338 352
f 352 338 349
f 352 355 354
f 354 355 356
f 352 349 355
f 355 349 350
f 352 354 353
f 353 354 334
f 353 334 339
f 339 334 321
f 339 336 353
f 353 336 338
f 329 330 344
f 344 330 351
f 356 351 333
f 333 351 330
f 356 355 351
f 351 355 350
f 354 356 328
f 328 356 333
f 328 325 354
f 354 325 334
f 309 315 319
f 319 315 320
f 320 340 321
f 321 340 339
f 320 315 340
f 340 315 314
f 137 136 261
f 261 136 259
f 140 166 141
f 141 166 165
f 172 171 195
f 195 171 196
f 171 174 196
f 196 174 190
f 178 177 264
f 264 177 187
f 172 195 140
f 140 195 166
f 137 261 262
f 262 261 275
f 178 264 141
f 141 264 138
f 262 177 213
f 213 177 176
f 136 174 259
f 259 174 173
f 358 359 357
f 357 359 360
f 362 363 361
f 361 363 364
f 361 364 365
f 365 364 366
f 367 368 370
f 370 368 369
f 76 371 247
f 247 371 372
f 373 374 362
f 362 374 363
f 376 377 375
f 375 377 378
f 289 229 380
f 380 229 379
f 381 379 263
f 263 379 229
f 383 384 382
f 382 384 385
f 386 368 374
f 374 368 363
f 76 289 371
f 371 289 380
f 377 376 359
f 359 376 387
f 388 386 360
f 360 386 374
f 389 383 366
f 366 383 390
f 392 393 391
f 391 393 394
f 383 382 390
f 390 382 395
f 396 365 390
f 390 365 366
f 389 366 367
f 367 366 364
f 357 397 358
f 358 397 398
f 373 399 357
f 357 399 397
f 389 367 400
f 400 367 370
f 382 385 375
f 375 385 372
f 357 360 373
f 373 360 374
f 361 401 362
f 362 401 402
f 387 388 359
f 359 388 360
f 363 368 364
f 364 368 367
f 358 398 403
f 403 398 404
f 396 392 405
f 405 392 391
f 392 395 393
f 393 395 378
f 393 403 394
f 394 403 404
f 375 378 382
f 382 378 395
f 365 396 406
f 406 396 405
f 362 402 373
f 373 402 399
f 271 270 400
f 400 270 384
f 401 361 406
f 406 361 365
f 381 369 386
f 386 369 368
f 392 396 395
f 395 396 390
f 393 378 403
f 403 378 377
f 403 377 358
f 358 377 359
f 406 405 408
f 408 405 407
f 406 408 401
f 401 408 409
f 401 409 402
f 402 409 410
f 402 410 399
f 399 410 411
f 405 391 407
f 407 391 412
f 391 394 412
f 412 394 413
f 394 404 413
f 413 404 414
f 415 416 412
f 412 416 407
f 418 419 417
f 417 419 420
f 421 422 418
f 418 422 419
f 419 422 424
f 424 422 423
f 425 426 424
f 424 426 427
f 423 428 424
f 424 428 425
f 427 420 424
f 424 420 419
f 420 429 417
f 417 429 430
f 423 422 431
f 431 422 421
f 421 409 431
f 431 409 408
f 421 432 409
f 409 432 410
f 418 433 421
f 421 433 432
f 434 433 417
f 417 433 418
f 431 416 423
f 423 416 428
f 416 431 407
f 407 431 408
f 435 434 430
f 430 434 417
f 433 434 436
f 436 434 437
f 434 435 437
f 437 435 438
f 436 437 439
f 439 437 440
f 439 441 436
f 436 441 442
f 438 443 437
f 437 443 440
f 436 442 433
f 433 442 432
f 432 442 410
f 410 442 411
f 435 430 445
f 445 430 444
f 430 429 444
f 444 429 446
f 425 428 447
f 447 428 416
f 426 425 448
f 448 425 447
f 416 415 447
f 447 415 449
f 447 449 448
f 448 449 450
f 451 452 448
f 448 452 426
f 446 452 444
f 444 452 451
f 399 411 397
f 397 411 453
f 398 454 404
f 404 454 414
f 454 398 453
f 453 398 397
f 453 441 454
f 454 441 455
f 441 439 455
f 455 439 456
f 454 455 414
f 414 455 457
f 441 453 442
f 442 453 411
f 458 413 457
f 457 413 414
f 458 415 413
f 413 415 412
f 458 459 415
f 415 459 449
f 459 458 460
f 460 458 457
f 461 459 462
f 462 459 460
f 455 456 457
f 457 456 460
f 456 463 460
f 460 463 462
f 459 461 449
f 449 461 450
f 465 450 464
f 464 450 461
f 464 467 466
f 466 467 468
f 464 461 467
f 467 461 462
f 464 466 465
f 465 466 445
f 465 445 451
f 451 445 444
f 451 448 465
f 465 448 450
f 439 440 456
f 456 440 463
f 468 463 443
f 443 463 440
f 468 467 463
f 463 467 462
f 466 468 438
f 438 468 443
f 438 435 466
f 466 435 445
f 420 427 429
f 429 427 446
f 446 427 452
f 452 427 426
f 370 369 188
f 188 369 186
f 371 376 372
f 372 376 375
f 380 379 387
f 387 379 388
f 379 381 388
f 388 381 386
f 385 384 278
f 278 384 270
f 380 387 371
f 371 387 376
f 400 370 271
f 271 370 188
f 385 278 372
f 372 278 247
f 400 384 389
f 389 384 383
f 369 381 186
f 186 381 263
f 221 271 144
f 144 271 188
f 221 19 207
f 207 19 22
f 19 18 22
f 22 18 23
f 18 219 23
f 23 219 208
f 469 470 472
f 472 470 471
f 474 475 473
f 473 475 476
f 473 476 477
f 477 476 478
f 480 481 479
f 479 481 482
f 483 484 474
f 474 484 475
f 486 487 485
f 485 487 488
f 489 490 77
f 77 490 142
f 491 489 248
f 248 489 77
f 493 494 492
f 492 494 495
f 496 480 484
f 484 480 475
f 486 497 487
f 487 497 471
f 498 496 472
f 472 496 484
f 499 493 478
f 478 493 500
f 501 502 504
f 504 502 503
f 493 492 500
f 500 492 505
f 506 477 500
f 500 477 478
f 499 478 479
f 479 478 476
f 469 507 470
f 470 507 508
f 483 509 469
f 469 509 507
f 479 482 499
f 499 482 510
f 492 495 485
f 485 495 511
f 483 469 484
f 484 469 472
f 473 512 474
f 474 512 513
f 497 498 471
f 471 498 472
f 475 480 476
f 476 480 479
f 470 508 514
f 514 508 515
f 506 502 516
f 516 502 501
f 503 502 488
f 488 502 505
f 514 515 503
f 503 515 504
f 485 488 492
f 492 488 505
f 477 506 517
f 517 506 516
f 474 513 483
f 483 513 509
f 510 292 494
f 494 292 164
f 512 473 517
f 517 473 477
f 491 481 496
f 496 481 480
f 502 506 505
f 505 506 500
f 503 488 514
f 514 488 487
f 514 487 470
f 470 487 471
f 517 516 519
f 519 516 518
f 517 519 512
f 512 519 520
f 512 520 513
f 513 520 521
f 513 521 509
f 509 521 522
f 516 501 518
f 518 501 523
f 501 504 523
f 523 504 524
f 524 504 525
f 525 504 515
f 526 527 523
f 523 527 518
f 529 530 528
f 528 530 531
f 532 533 529
f 529 533 530
f 530 533 535
f 535 533 534
f 536 537 535
f 535 537 538
f 534 539 535
f 535 539 536
f 538 531 535
f 535 531 530
f 540 541 531
f 531 541 528
f 533 532 534
f 534 532 542
f 532 520 542
f 542 520 519
f 532 543 520
f 520 543 521
f 529 544 532
f 532 544 543
f 544 529 545
f 545 529 528
f 534 542 539
f 539 542 527
f 527 542 518
f 518 542 519
f 541 546 528
f 528 546 545
f 547 544 548
f 548 544 545
f 546 549 545
f 545 549 548
f 550 547 551
f 551 547 548
f 547 550 553
f 553 550 552
f 549 554 548
f 548 554 551
f 544 547 543
f 543 547 553
f 543 553 521
f 521 553 522
f 546 541 556
f 556 541 555
f 541 540 555
f 555 540 557
f 536 539 558
f 558 539 527
f 537 536 559
f 559 536 558
f 527 526 558
f 558 526 560
f 559 558 561
f 561 558 560
f 559 562 537
f 537 562 563
f 557 563 555
f 555 563 562
f 509 522 507
f 507 522 564
f 508 565 515
f 515 565 525
f 565 508 564
f 564 508 507
f 564 552 565
f 565 552 566
f 552 550 566
f 566 550 567
f 565 566 525
f 525 566 568
f 564 522 552
f 552 522 553
f 569 524 568
f 568 524 525
f 569 526 524
f 524 526 523
f 570 560 569
f 569 560 526
f 570 569 571
f 571 569 568
f 572 570 573
f 573 570 571
f 566 567 568
f 568 567 571
f 567 574 571
f 571 574 573
f 570 572 560
f 560 572 561
f 576 561 575
f 575 561 572
f 575 578 577
f 577 578 579
f 575 572 578
f 578 572 573
f 575 577 576
f 576 577 556
f 576 556 562
f 562 556 555
f 562 559 576
f 576 559 561
f 550 551 567
f 567 551 574
f 579 574 554
f 554 574 551
f 579 578 574
f 574 578 573
f 579 554 577
f 577 554 549
f 549 546 577
f 577 546 556
f 531 538 540
f 540 538 557
f 557 538 563
f 563 538 537
f 481 294 482
f 482 294 293
f 580 486 511
f 511 486 485
f 490 489 497
f 497 489 498
f 489 491 498
f 498 491 496
f 163 495 164
f 164 495 494
f 580 490 486
f 486 490 497
f 482 293 510
f 510 293 292
f 495 163 511
f 511 163 199
f 494 493 510
f 510 493 499
f 481 491 294
f 294 491 248
f 582 583 581
f 581 583 584
f 586 587 585
f 585 587 588
f 585 588 589
f 589 588 590
f 592 593 591
f 591 593 594
f 595 596 598
f 598 596 597
f 599 600 586
f 586 600 587
f 601 602 604
f 604 602 603
f 605 606 608
f 608 606 607
f 609 607 200
f 200 607 606
f 610 611 613
f 613 611 612
f 600 614 587
f 587 614 592
f 596 605 597
f 597 605 608
f 602 615 603
f 603 615 583
f 616 614 584
f 584 614 600
f 611 618 617
f 617 618 590
f 620 621 619
f 619 621 622
f 610 623 611
f 611 623 618
f 624 589 618
f 618 589 590
f 617 590 591
f 591 590 588
f 581 625 582
f 582 625 626
f 599 627 581
f 581 627 625
f 591 594 617
f 617 594 628
f 601 610 598
f 598 610 613
f 581 584 599
f 599 584 600
f 585 629 586
f 586 629 630
f 615 616 583
f 583 616 584
f 587 592 588
f 588 592 591
f 582 626 631
f 631 626 632
f 624 620 633
f 633 620 619
f 621 620 604
f 604 620 623
f 631 632 621
f 621 632 622
f 610 601 623
f 623 601 604
f 589 624 634
f 634 624 633
f 586 630 599
f 599 630 627
f 203 202 628
f 628 202 612
f 629 585 634
f 634 585 589
f 609 593 614
f 614 593 592
f 620 624 623
f 623 624 618
f 631 621 603
f 603 621 604
f 582 631 583
f 583 631 603
f 634 633 636
f 636 633 635
f 634 636 629
f 629 636 637
f 629 637 630
f 630 637 638
f 630 638 627
f 627 638 639
f 633 619 635
f 635 619 640
f 619 622 640
f 640 622 641
f 641 622 642
f 642 622 632
f 644 635 643
f 643 635 640
f 645 646 648
f 648 646 647
f 649 650 646
f 646 650 647
f 647 650 652
f 652 650 651
f 652 653 655
f 655 653 654
f 651 656 652
f 652 656 653
f 655 648 652
f 652 648 647
f 648 657 645
f 645 657 658
f 650 649 651
f 651 649 659
f 649 637 659
f 659 637 636
f 649 660 637
f 637 660 638
f 661 660 646
f 646 660 649
f 662 661 645
f 645 661 646
f 651 659 656
f 656 659 644
f 644 659 635
f 635 659 636
f 663 662 658
f 658 662 645
f 664 661 665
f 665 661 662
f 663 666 662
f 662 666 665
f 667 664 668
f 668 664 665
f 664 667 670
f 670 667 669
f 666 671 665
f 665 671 668
f 661 664 660
f 660 664 670
f 660 670 638
f 638 670 639
f 658 672 663
f 663 672 673
f 658 657 672
f 672 657 674
f 653 656 675
f 675 656 644
f 653 675 654
f 654 675 676
f 675 644 677
f 677 644 643
f 676 675 678
f 678 675 677
f 679 680 676
f 676 680 654
f 674 680 672
f 672 680 679
f 627 639 625
f 625 639 681
f 626 682 632
f 632 682 642
f 681 682 625
f 625 682 626
f 669 683 681
f 681 683 682
f 667 684 669
f 669 684 683
f 682 683 642
f 642 683 685
f 681 639 669
f 669 639 670
f 686 641 685
f 685 641 642
f 641 686 640
f 640 686 643
f 686 687 643
f 643 687 677
f 687 686 688
f 688 686 685
f 689 687 690
f 690 687 688
f 683 684 685
f 685 684 688
f 684 691 688
f 688 691 690
f 687 689 677
f 677 689 678
f 693 678 692
f 692 678 689
f 692 695 694
f 694 695 696
f 692 689 695
f 695 689 690
f 692 694 693
f 693 694 673
f 693 673 679
f 679 673 672
f 679 676 693
f 693 676 678
f 684 667 691
f 691 667 668
f 696 691 671
f 671 691 668
f 696 695 691
f 691 695 690
f 694 696 666
f 666 696 671
f 666 663 694
f 694 663 673
f 648 655 657
f 657 655 674
f 674 655 680
f 680 655 654
f 593 162 594
f 594 162 290
f 598 597 601
f 601 597 602
f 615 608 616
f 616 608 607
f 607 609 616
f 616 609 614
f 697 595 613
f 613 595 598
f 597 608 602
f 602 608 615
f 594 290 628
f 628 290 203
f 628 612 617
f 617 612 611
f 593 609 162
f 162 609 200
f 105 29 698
f 698 29 699
f 268 126 701
f 701 126 700
f 126 125 700
f 700 125 702
f 252 703 250
f 250 703 704
f 32 268 705
f 705 268 701
f 288 105 706
f 706 105 698
f 29 32 699
f 699 32 705
f 707 251 706
f 706 251 288
f 250 704 125
f 125 704 702
f 703 252 707
f 707 252 251
f 706 708 707
f 707 708 709
f 707 709 703
f 703 709 710
f 703 710 704
f 704 710 711
f 704 711 702
f 702 711 712
f 706 698 708
f 708 698 713
f 698 699 713
f 713 699 714
f 699 705 714
f 714 705 715
f 717 708 716
f 716 708 713
f 719 720 718
f 718 720 721
f 722 723 719
f 719 723 720
f 724 725 723
f 723 725 720
f 724 726 725
f 725 726 727
f 728 721 725
f 725 721 720
f 721 728 729
f 729 728 730
f 729 731 721
f 721 731 718
f 724 723 732
f 732 723 722
f 722 710 732
f 732 710 709
f 722 733 710
f 710 733 711
f 719 734 722
f 722 734 733
f 734 719 735
f 735 719 718
f 724 732 726
f 726 732 717
f 717 732 708
f 708 732 709
f 731 736 718
f 718 736 735
f 737 734 738
f 738 734 735
f 736 739 735
f 735 739 738
f 740 737 741
f 741 737 738
f 737 740 743
f 743 740 742
f 739 744 738
f 738 744 741
f 734 737 733
f 733 737 743
f 733 743 711
f 711 743 712
f 736 731 746
f 746 731 745
f 731 729 745
f 745 729 730
f 727 726 747
f 747 726 717
f 748 727 749
f 749 727 747
f 747 717 750
f 750 717 716
f 749 747 751
f 751 747 750
f 749 752 748
f 748 752 753
f 730 753 745
f 745 753 752
f 728 725 748
f 748 725 727
f 730 728 753
f 753 728 748
f 700 702 754
f 754 702 712
f 705 701 715
f 715 701 755
f 754 755 700
f 700 755 701
f 742 756 754
f 754 756 755
f 740 757 742
f 742 757 756
f 755 756 715
f 715 756 758
f 754 712 742
f 742 712 743
f 759 714 758
f 758 714 715
f 714 759 713
f 713 759 716
f 759 760 716
f 716 760 750
f 760 759 761
f 761 759 758
f 762 760 763
f 763 760 761
f 756 757 758
f 758 757 761
f 757 764 761
f 761 764 763
f 760 762 750
f 750 762 751
f 766 751 765
f 765 751 762
f 767 765 769
f 769 765 768
f 765 762 768
f 768 762 763
f 765 767 766
f 766 767 746
f 766 746 752
f 752 746 745
f 752 749 766
f 766 749 751
f 757 740 764
f 764 740 741
f 769 764 744
f 744 764 741
f 769 768 764
f 764 768 763
f 767 769 739
f 739 769 744
f 739 736 767
f 767 736 746
f 219 217 208
f 208 217 209
f 209 217 210
f 210 217 193
f 198 580 199
f 199 580 511
f 76 75 289
f 289 75 272
f 277 207 291
f 291 207 184
f 290 183 203
f 203 183 84
f 490 580 142
f 142 580 198
f 142 198 143
f 143 198 197
f 149 276 72
f 72 276 73
f 104 103 279
f 279 103 770
f 770 596 279
f 279 596 595
f 605 596 771
f 771 596 770
f 771 770 772
f 772 770 103
f 772 103 773
f 773 103 102
f 155 774 101
f 101 774 102
f 773 102 97
f 97 102 774
f 775 773 100
f 100 773 97
f 773 775 772
f 772 775 776
f 772 776 771
f 771 776 777
f 200 606 197
f 197 606 777
f 189 71 778
f 778 71 74
f 97 774 98
f 98 774 155
f 183 161 184
f 184 161 291
f 777 276 197
f 197 276 143
f 777 606 771
f 771 606 605
f 613 612 697
f 697 612 202
f 595 697 279
f 279 697 202
f 73 276 776
f 776 276 777
f 776 775 73
f 73 775 74
f 100 778 775
f 775 778 74
f 778 100 189
f 189 100 99
f 245 242 99
f 99 242 189
f 131 33 256
f 28 1 95
f 95 1 62
f 27 2 28
f 28 2 1
f 265 115 266
f 266 115 114
f 95 62 69
f 69 62 64
f 62 61 64
f 64 61 65
f 61 13 65
f 65 13 130
f 13 12 130
f 130 12 14
f 31 11 32
f 32 11 268
f 15 12 31
f 31 12 11
f 31 30 15
f 15 30 231
f 30 106 231
f 231 106 232
f 287 237 106
f 106 237 232
f 254 90 287
f 287 90 237
f 253 44 254
f 254 44 90
f 253 249 44
f 44 249 7
f 267 127 268
f 268 127 126
f 10 3 241
f 241 3 116
f 3 2 116
f 116 2 114
f 2 27 114
f 114 27 266
f 27 26 266
f 266 26 113
f 26 286 113
f 113 286 110
f 286 243 110
f 110 243 255
f 243 242 255
f 255 242 256
f 242 245 256
f 256 245 131
f 245 244 131
f 131 244 132
f 265 37 115
f 115 37 41
f 41 37 42
f 42 37 40
f 92 91 40
f 40 91 42
f 236 233 92
f 92 233 91
f 191 194 236
f 236 194 233
f 258 285 244
f 244 285 132
f 257 55 258
f 258 55 285
f 257 154 201
f 201 154 185
f 56 201 204
f 204 201 180
f 55 257 56
f 56 257 201
f 204 85 56
f 56 85 52
f 86 122 53
f 53 122 79
f 212 215 86
f 86 215 122
f 211 216 212
f 212 216 215
f 192 280 211
f 211 280 216
f 191 240 192
f 192 240 280
f 249 124 7
f 7 124 8
f 124 127 8
f 8 127 241
f 127 267 241
f 241 267 10
f 10 267 9
f 9 267 11
o hand_right
v 0.223827 0.127602 0.843395
v 0.231889 0.134642 0.845951
v 0.228391 0.125099 0.848041
v 0.221237 0.119462 0.846895
v 0.246863 0.128647 0.855996
v 0.250361 0.129820 0.867918
v 0.240997 0.116151 0.866029
v 0.239690 0.117472 0.855674
v 0.216091 0.113910 0.850009
v 0.224668 0.117448 0.849483
v 0.210225 0.114505 0.854077
v 0.200431 0.113476 0.855023
v 0.207298 0.111265 0.850666
v 0.193887 0.110563 0.852233
v 0.197007 0.122940 0.860039
v 0.186933 0.116889 0.850497
v 0.194536 0.144032 0.842252
v 0.197763 0.151488 0.831547
v 0.187715 0.139407 0.823010
v 0.186233 0.132318 0.834740
v 0.199688 0.151465 0.810170
v 0.192537 0.144355 0.816776
v 0.201400 0.157069 0.825299
v 0.207337 0.162698 0.818971
v 0.228538 0.139440 0.834880
v 0.236243 0.147023 0.837972
v 0.234268 0.143693 0.841512
v 0.226954 0.136152 0.838665
v 0.210295 0.112281 0.864166
v 0.209129 0.121459 0.868622
v 0.206783 0.118145 0.861627
v 0.211456 0.110882 0.858734
v 0.258494 0.164667 0.838613
v 0.260306 0.176021 0.845910
v 0.258766 0.173664 0.851123
v 0.257201 0.163990 0.843334
v 0.256837 0.154856 0.866950
v 0.255442 0.166624 0.867982
v 0.249264 0.171757 0.879402
v 0.247154 0.161075 0.879276
v 0.255095 0.141192 0.867408
v 0.248802 0.146688 0.879046
v 0.245398 0.132818 0.878121
v 0.237507 0.117365 0.874655
v 0.261067 0.182773 0.834981
v 0.260417 0.175323 0.828011
v 0.201885 0.075864 0.825447
v 0.204024 0.079698 0.821238
v 0.202907 0.081782 0.822644
v 0.200811 0.077710 0.826571
v 0.247229 0.191001 0.822520
v 0.238185 0.195399 0.824160
v 0.243284 0.200009 0.826471
v 0.251542 0.195430 0.826817
v 0.241536 0.185048 0.816924
v 0.231501 0.188390 0.821289
v 0.193197 0.068307 0.820063
v 0.196387 0.069063 0.824084
v 0.192575 0.071377 0.825363
v 0.188772 0.071507 0.821242
v 0.213639 0.113609 0.846150
v 0.217887 0.119906 0.840747
v 0.203361 0.103490 0.838582
v 0.208000 0.110243 0.838566
v 0.206175 0.108528 0.845168
v 0.201542 0.103312 0.844519
v 0.215217 0.125782 0.822231
v 0.221923 0.133694 0.827545
v 0.219412 0.129464 0.831859
v 0.212453 0.119461 0.827414
v 0.228312 0.140051 0.816568
v 0.220839 0.132046 0.812269
v 0.225352 0.136622 0.806520
v 0.230634 0.140968 0.810483
v 0.206419 0.118166 0.807741
v 0.202104 0.114950 0.805162
v 0.204529 0.115187 0.803503
v 0.208324 0.120193 0.805546
v 0.247314 0.205063 0.829261
v 0.255033 0.199478 0.831701
v 0.214152 0.160817 0.796774
v 0.224939 0.162784 0.794018
v 0.219399 0.154583 0.785448
v 0.208869 0.154744 0.790539
v 0.229320 0.195247 0.829794
v 0.234005 0.201442 0.830447
v 0.191666 0.070331 0.814279
v 0.187388 0.073256 0.815096
v 0.235362 0.140891 0.882982
v 0.230024 0.121843 0.879878
v 0.237411 0.156677 0.882897
v 0.237297 0.168269 0.881777
v 0.238726 0.177170 0.882962
v 0.207176 0.110285 0.832011
v 0.221016 0.127917 0.837307
v 0.230400 0.142072 0.831068
v 0.243034 0.151982 0.804582
v 0.249356 0.158698 0.809834
v 0.245081 0.151084 0.816217
v 0.239898 0.147174 0.810295
v 0.233472 0.157981 0.792297
v 0.236342 0.150867 0.794835
v 0.230985 0.145502 0.789995
v 0.227731 0.151326 0.786156
v 0.212259 0.111113 0.871258
v 0.212651 0.123991 0.874734
v 0.255501 0.184534 0.824148
v 0.258160 0.188480 0.830318
v 0.259998 0.194949 0.835570
v 0.248137 0.154914 0.839438
v 0.256586 0.163369 0.846655
v 0.256179 0.160340 0.850153
v 0.246747 0.153854 0.841890
v 0.242439 0.138765 0.847991
v 0.253116 0.142827 0.854906
v 0.237462 0.127272 0.848259
v 0.257776 0.171615 0.859046
v 0.262326 0.181491 0.856828
v 0.259690 0.178831 0.864948
v 0.263471 0.186164 0.848252
v 0.262827 0.190772 0.840606
v 0.236409 0.209328 0.832066
v 0.255576 0.176515 0.871955
v 0.233770 0.110170 0.855628
v 0.228920 0.103300 0.856114
v 0.222892 0.106441 0.852000
v 0.227235 0.113093 0.850449
v 0.188658 0.104606 0.847621
v 0.196311 0.102478 0.847303
v 0.201306 0.108459 0.850970
v 0.254435 0.159457 0.829043
v 0.256554 0.168673 0.820399
v 0.202445 0.103819 0.832082
v 0.185983 0.076185 0.823984
v 0.190326 0.075574 0.828362
v 0.188805 0.091284 0.839550
v 0.183165 0.092135 0.835203
v 0.196467 0.102582 0.824279
v 0.201047 0.101823 0.829538
v 0.200126 0.101060 0.827737
v 0.197322 0.101193 0.821583
v 0.209872 0.121253 0.798867
v 0.213078 0.125545 0.800593
v 0.182101 0.118987 0.826301
v 0.177796 0.116023 0.839122
v 0.184561 0.126180 0.845025
v 0.218537 0.130052 0.817032
v 0.212729 0.123375 0.811607
v 0.214283 0.125645 0.808468
v 0.205311 0.109600 0.827659
v 0.200875 0.105106 0.826220
v 0.202033 0.108664 0.823071
v 0.206944 0.113296 0.824027
v 0.230366 0.171905 0.801923
v 0.240415 0.166333 0.799539
v 0.199317 0.071925 0.826218
v 0.197002 0.073841 0.827544
v 0.225007 0.137733 0.822382
v 0.194215 0.136656 0.850789
v 0.232778 0.144724 0.826913
v 0.199960 0.137359 0.792739
v 0.206373 0.133525 0.789456
v 0.206277 0.128103 0.788594
v 0.200491 0.128897 0.789225
v 0.198024 0.089134 0.813511
v 0.202173 0.087567 0.817460
v 0.202243 0.084812 0.817028
v 0.198762 0.085367 0.812081
v 0.201987 0.100365 0.835244
v 0.200123 0.098717 0.841177
v 0.200290 0.095109 0.837285
v 0.201083 0.098039 0.831957
v 0.194781 0.097362 0.843685
v 0.195077 0.092745 0.840293
v 0.191857 0.087656 0.811467
v 0.186062 0.082856 0.813253
v 0.183233 0.098716 0.822367
v 0.190281 0.099605 0.818822
v 0.213262 0.174043 0.827161
v 0.219786 0.178099 0.819032
v 0.213881 0.167037 0.810635
v 0.207342 0.156876 0.801758
v 0.201605 0.146255 0.794367
v 0.192568 0.142575 0.802060
v 0.219828 0.170375 0.805950
v 0.191201 0.108689 0.822094
v 0.182674 0.108943 0.827330
v 0.185965 0.112248 0.823466
v 0.236750 0.146763 0.820892
v 0.195606 0.077210 0.830040
v 0.221298 0.182141 0.869928
v 0.219431 0.189297 0.858534
v 0.216170 0.181410 0.856792
v 0.218943 0.173009 0.869465
v 0.203446 0.084039 0.823463
v 0.201139 0.080419 0.828610
v 0.215446 0.127495 0.794693
v 0.211989 0.123370 0.793897
v 0.211247 0.124439 0.790587
v 0.215760 0.127503 0.789172
v 0.224386 0.180537 0.815960
v 0.217547 0.147803 0.780530
v 0.207935 0.148561 0.785088
v 0.224600 0.187627 0.826646
v 0.218499 0.184560 0.833701
v 0.222327 0.192457 0.837845
v 0.186543 0.129834 0.808783
v 0.208417 0.168948 0.832265
v 0.214853 0.180135 0.838825
v 0.219277 0.189366 0.844042
v 0.222032 0.196561 0.847136
v 0.225340 0.199067 0.840028
v 0.184840 0.078724 0.817925
v 0.189069 0.077576 0.809674
v 0.227506 0.207485 0.842039
v 0.224225 0.203939 0.850047
v 0.211643 0.174855 0.845764
v 0.209365 0.168103 0.854426
v 0.205625 0.164148 0.839138
v 0.202449 0.156645 0.847118
v 0.179794 0.128999 0.817587
v 0.205194 0.071933 0.804975
v 0.197251 0.078890 0.807439
v 0.200979 0.082194 0.810540
v 0.207751 0.075309 0.805880
v 0.194088 0.082999 0.809250
v 0.193435 0.074709 0.808841
v 0.203262 0.147459 0.858286
v 0.198545 0.106355 0.821101
v 0.213599 0.157400 0.868206
v 0.202849 0.133342 0.867062
v 0.212593 0.139184 0.874028
v 0.225183 0.165103 0.879062
v 0.223689 0.148395 0.881318
v 0.229611 0.182720 0.879468
v 0.226673 0.174551 0.878075
v 0.221950 0.132206 0.880968
v 0.210015 0.073145 0.820659
v 0.210784 0.077068 0.816163
v 0.223830 0.189678 0.872094
v 0.231882 0.119052 0.849410
v 0.243880 0.151932 0.827417
v 0.240542 0.150257 0.831649
v 0.252496 0.162759 0.813698
v 0.249075 0.154775 0.822011
v 0.207580 0.068514 0.822244
v 0.198714 0.113800 0.802604
v 0.199908 0.114809 0.803811
v 0.236126 0.108310 0.864101
v 0.231942 0.102402 0.863206
v 0.223653 0.103666 0.873562
v 0.229428 0.101756 0.869726
v 0.233345 0.108991 0.872271
v 0.227327 0.111666 0.876592
v 0.249223 0.155429 0.837108
v 0.250761 0.156492 0.833622
v 0.236533 0.178990 0.809600
v 0.246038 0.172739 0.807211
v 0.188326 0.098257 0.843162
v 0.182100 0.107805 0.844173
v 0.182755 0.100480 0.839474
v 0.180734 0.096611 0.829900
v 0.195373 0.105780 0.820815
v 0.190785 0.104920 0.822787
v 0.255179 0.152347 0.852356
v 0.245013 0.148629 0.845324
v 0.220514 0.113849 0.850969
v 0.216162 0.109228 0.852638
v 0.209942 0.119093 0.819236
v 0.187329 0.117698 0.806105
v 0.183104 0.117422 0.814152
v 0.203913 0.113516 0.816032
v 0.203525 0.063398 0.817065
v 0.205803 0.065462 0.820890
v 0.179749 0.105057 0.834548
v 0.219030 0.129570 0.802612
v 0.190006 0.123509 0.803402
v 0.192189 0.115353 0.801692
v 0.225501 0.146609 0.783180
v 0.222774 0.196851 0.861490
v 0.204224 0.082662 0.815270
v 0.210075 0.078723 0.811212
v 0.202620 0.068801 0.806512
v 0.201136 0.065113 0.811439
v 0.251094 0.177466 0.815661
v 0.238228 0.148875 0.834260
v 0.219923 0.119429 0.878410
v 0.217301 0.107924 0.873985
v 0.200502 0.111784 0.813883
v 0.204716 0.141108 0.788621
v 0.192495 0.133451 0.796983
v 0.193349 0.124442 0.792461
v 0.192130 0.118290 0.797119
v 0.195846 0.113584 0.801053
v 0.208013 0.066233 0.805578
v 0.206582 0.062958 0.810260
v 0.208423 0.061874 0.816095
v 0.209990 0.063991 0.819633
v 0.211109 0.067976 0.820782
v 0.210769 0.069317 0.803774
v 0.212825 0.072455 0.804726
v 0.213026 0.076797 0.809496
v 0.215874 0.068338 0.803579
v 0.216435 0.063168 0.805069
v 0.222514 0.060075 0.817222
v 0.216848 0.059717 0.815613
v 0.218885 0.059067 0.813932
v 0.223877 0.059045 0.814466
v 0.228973 0.058565 0.813573
v 0.228146 0.059560 0.816825
v 0.216537 0.060112 0.810004
v 0.223306 0.059977 0.810008
v 0.223608 0.062234 0.806432
v 0.229074 0.061292 0.806495
v 0.228959 0.059085 0.809534
v 0.218935 0.061878 0.806505
v 0.214163 0.060293 0.809771
v 0.232211 0.059689 0.814630
v 0.231708 0.058361 0.812583
v 0.232041 0.059261 0.809467
v 0.234624 0.060631 0.810342
v 0.214564 0.063464 0.819533
v 0.222790 0.061959 0.819072
v 0.228660 0.062601 0.817641
v 0.232637 0.062409 0.815299
v 0.224451 0.065775 0.818823
v 0.228944 0.065494 0.817101
v 0.232240 0.065664 0.814775
v 0.225725 0.069344 0.816809
v 0.229404 0.068155 0.815360
v 0.214746 0.071469 0.818403
v 0.213410 0.067952 0.820503
v 0.231841 0.067808 0.814498
v 0.235167 0.062782 0.810555
v 0.222417 0.065156 0.804432
v 0.229370 0.064358 0.805600
v 0.222778 0.067568 0.804178
v 0.229650 0.066641 0.804941
v 0.233494 0.062802 0.806174
v 0.231902 0.061008 0.807115
v 0.211912 0.072752 0.819022
v 0.212788 0.076457 0.814062
v 0.215311 0.075179 0.813311
v 0.226034 0.072282 0.812918
v 0.216150 0.075459 0.808948
v 0.217569 0.071628 0.804701
v 0.224354 0.069981 0.805169
v 0.225357 0.072108 0.807764
v 0.229582 0.068902 0.806201
v 0.229513 0.070110 0.808454
v 0.229891 0.070228 0.812323
v 0.232999 0.067516 0.808012
v 0.233571 0.064973 0.806586
v 0.234068 0.065947 0.811274
v 0.232079 0.068932 0.809029
v 0.232311 0.067889 0.811871
v 0.208497 0.084329 0.804266
v 0.209672 0.086885 0.798466
v 0.206032 0.089243 0.800444
v 0.205234 0.086667 0.805198
v 0.197642 0.075551 0.803183
v 0.202306 0.078065 0.806312
v 0.198080 0.080414 0.807549
v 0.193303 0.079235 0.803205
v 0.195346 0.076354 0.796827
v 0.191391 0.081071 0.797320
v 0.190193 0.084016 0.805665
v 0.195897 0.085195 0.809833
v 0.192084 0.103639 0.818321
v 0.186182 0.103946 0.815107
v 0.201500 0.111144 0.804995
v 0.199154 0.110877 0.802074
v 0.206198 0.081468 0.806257
v 0.202510 0.083539 0.807469
v 0.203270 0.095241 0.793826
v 0.206347 0.094867 0.798354
v 0.206470 0.090841 0.795802
v 0.203357 0.089904 0.791309
v 0.199656 0.106453 0.816675
v 0.200366 0.109185 0.810772
v 0.196793 0.104700 0.818342
v 0.197483 0.093430 0.791059
v 0.191489 0.090335 0.792155
v 0.186332 0.108333 0.800972
v 0.191755 0.109429 0.798364
v 0.200980 0.087208 0.810413
v 0.206810 0.092487 0.803604
v 0.205274 0.090054 0.808108
v 0.188585 0.087056 0.799079
v 0.194305 0.083942 0.790558
v 0.210907 0.074055 0.786381
v 0.202364 0.082875 0.787949
v 0.206450 0.085682 0.789614
v 0.215077 0.076885 0.786779
v 0.198837 0.087215 0.789003
v 0.198036 0.079558 0.790337
v 0.219956 0.075831 0.799596
v 0.220851 0.078326 0.793829
v 0.217746 0.072816 0.802285
v 0.184025 0.106309 0.808603
v 0.208682 0.068141 0.800547
v 0.214220 0.070554 0.803071
v 0.209266 0.087724 0.793361
v 0.219024 0.078387 0.789213
v 0.207838 0.071289 0.788430
v 0.205214 0.068940 0.794811
v 0.212614 0.067742 0.787878
v 0.210888 0.065219 0.793438
v 0.213922 0.064603 0.799241
v 0.218135 0.067705 0.801695
v 0.220627 0.070769 0.801153
v 0.215412 0.070280 0.785846
v 0.219050 0.073352 0.785971
v 0.221358 0.076300 0.789252
v 0.222360 0.067924 0.784928
v 0.220863 0.063969 0.786510
v 0.233890 0.057935 0.797507
v 0.228239 0.059593 0.798206
v 0.227831 0.058434 0.795890
v 0.232969 0.056835 0.795071
v 0.222082 0.060032 0.797510
v 0.223386 0.059298 0.795472
v 0.221649 0.060467 0.791348
v 0.227554 0.059246 0.791141
v 0.227267 0.061746 0.787003
v 0.232331 0.059447 0.786061
v 0.232703 0.056650 0.790023
v 0.223087 0.061784 0.787991
v 0.236111 0.055973 0.793590
v 0.238388 0.056921 0.794332
v 0.218663 0.060876 0.791835
v 0.221330 0.064870 0.801072
v 0.229716 0.061825 0.799764
v 0.235905 0.060436 0.798121
v 0.240091 0.059376 0.793703
v 0.232057 0.065250 0.799128
v 0.237337 0.063150 0.797074
v 0.240225 0.062034 0.793102
v 0.233845 0.068868 0.796643
v 0.238464 0.066207 0.794376
v 0.224160 0.073166 0.798510
v 0.223037 0.069403 0.801257
v 0.239751 0.064394 0.792904
v 0.238789 0.056362 0.789522
v 0.240711 0.059147 0.789574
v 0.236944 0.056060 0.789710
v 0.227562 0.063307 0.785556
v 0.233495 0.061196 0.785176
v 0.228791 0.065664 0.784602
v 0.235129 0.062899 0.784648
v 0.237487 0.058880 0.785733
v 0.236526 0.057689 0.786505
v 0.221784 0.073946 0.798353
v 0.222219 0.076400 0.793282
v 0.224320 0.075817 0.793538
v 0.233763 0.070966 0.791815
v 0.223571 0.075395 0.788895
v 0.223568 0.071381 0.785513
v 0.229949 0.068258 0.784947
v 0.232302 0.070432 0.787346
v 0.235947 0.064931 0.784324
v 0.236028 0.067474 0.786395
v 0.237978 0.068039 0.790769
v 0.239592 0.062383 0.785570
v 0.238678 0.060174 0.785472
v 0.240829 0.061383 0.789729
v 0.239046 0.065078 0.786763
v 0.240158 0.064509 0.790199
v 0.214497 0.097027 0.791899
v 0.217031 0.100632 0.788123
v 0.214687 0.103208 0.789189
v 0.211850 0.099521 0.792570
v 0.204546 0.091281 0.785978
v 0.207546 0.091396 0.789929
v 0.204280 0.094393 0.790887
v 0.200421 0.095271 0.787152
v 0.205316 0.092132 0.780373
v 0.199844 0.097724 0.781641
v 0.197051 0.099537 0.788779
v 0.201693 0.097671 0.792268
v 0.197407 0.110210 0.798946
v 0.193068 0.112016 0.794260
v 0.211156 0.093911 0.791836
v 0.208465 0.096373 0.792663
v 0.214189 0.108729 0.782475
v 0.215670 0.107246 0.787021
v 0.215426 0.105332 0.784232
v 0.213733 0.105536 0.780065
v 0.206733 0.114119 0.801618
v 0.209225 0.118236 0.797745
v 0.202827 0.110960 0.801277
v 0.208808 0.108329 0.778483
v 0.201700 0.106628 0.778226
v 0.200211 0.120033 0.784469
v 0.206050 0.121397 0.785816
v 0.206467 0.098504 0.794161
v 0.214563 0.104920 0.791759
v 0.211334 0.101168 0.794649
v 0.197364 0.103160 0.783477
v 0.203980 0.101003 0.776777
v 0.221843 0.087872 0.772732
v 0.211935 0.100328 0.775536
v 0.216209 0.102521 0.779108
v 0.225244 0.090212 0.774349
v 0.209730 0.103760 0.776356
v 0.207596 0.096452 0.775902
v 0.226086 0.086859 0.787811
v 0.227654 0.090324 0.783829
v 0.222307 0.084698 0.788496
v 0.193624 0.116195 0.788293
v 0.210401 0.121298 0.790554
v 0.217349 0.081007 0.784307
v 0.219867 0.082629 0.787438
v 0.217510 0.102708 0.783180
v 0.227591 0.091486 0.778297
v 0.217934 0.085216 0.773911
v 0.215258 0.082298 0.778706
v 0.222065 0.082216 0.772786
v 0.219844 0.079291 0.777652
v 0.221795 0.077787 0.783007
v 0.224277 0.079670 0.785982
v 0.226554 0.081990 0.787020
v 0.225699 0.084804 0.771456
v 0.228561 0.086926 0.772951
v 0.228978 0.089793 0.777706
v 0.229336 0.082523 0.770548
v 0.227357 0.077624 0.771453
v 0.238665 0.068107 0.779431
v 0.233935 0.071138 0.780882
v 0.233671 0.070999 0.779661
v 0.238013 0.067607 0.777887
v 0.227578 0.073569 0.780792
v 0.228974 0.072832 0.779478
v 0.227566 0.074028 0.775988
v 0.232930 0.070885 0.774372
v 0.233850 0.075384 0.770452
v 0.237833 0.072321 0.769812
v 0.237181 0.067807 0.773111
v 0.228755 0.076164 0.772235
v 0.240376 0.066352 0.776102
v 0.241409 0.065558 0.777481
v 0.225344 0.075108 0.776153
v 0.228642 0.076082 0.784853
v 0.235283 0.072438 0.783135
v 0.240286 0.069435 0.781845
v 0.243435 0.068245 0.778994
v 0.237395 0.075624 0.783615
v 0.241551 0.072386 0.781884
v 0.244354 0.071171 0.779364
v 0.238781 0.078404 0.782598
v 0.242417 0.075357 0.780799
v 0.230629 0.083857 0.785349
v 0.229754 0.079865 0.786045
v 0.244300 0.073463 0.779013
v 0.242280 0.066500 0.772858
v 0.245080 0.069535 0.773802
v 0.240647 0.067000 0.773035
v 0.233814 0.077050 0.769612
v 0.239362 0.073709 0.768604
v 0.235091 0.079531 0.769704
v 0.240688 0.076093 0.768858
v 0.241727 0.070308 0.769333
v 0.240748 0.069835 0.769890
v 0.228124 0.085543 0.786232
v 0.229234 0.088854 0.782553
v 0.231499 0.087142 0.781834
v 0.240016 0.081163 0.779102
v 0.231171 0.088147 0.777153
v 0.231931 0.084575 0.772052
v 0.237068 0.081285 0.771590
v 0.239192 0.081909 0.774635
v 0.241837 0.077850 0.770664
v 0.242010 0.078888 0.773310
v 0.243471 0.077981 0.777860
v 0.244100 0.074642 0.771716
v 0.243371 0.072500 0.769802
v 0.245655 0.072309 0.775270
v 0.244230 0.076294 0.773612
v 0.245261 0.074580 0.776386
v 0.210768 0.120482 0.794063
v 0.218353 0.111503 0.773065
v 0.221455 0.113765 0.771220
v 0.220912 0.115704 0.771691
v 0.218084 0.113930 0.774482
v 0.208184 0.113440 0.768251
v 0.210901 0.110954 0.771226
v 0.209206 0.114183 0.773380
v 0.206647 0.116726 0.770562
v 0.208891 0.116841 0.764407
v 0.208006 0.120067 0.766398
v 0.206261 0.119829 0.772655
v 0.208866 0.117282 0.775792
v 0.207956 0.129784 0.785921
v 0.205805 0.134590 0.783365
v 0.223989 0.141203 0.780453
v 0.226114 0.138216 0.784965
v 0.224309 0.131840 0.778854
v 0.222842 0.135611 0.775674
v 0.214569 0.110603 0.772838
v 0.213746 0.113185 0.775223
v 0.221785 0.124007 0.766015
v 0.223014 0.120911 0.769594
v 0.222817 0.118248 0.768902
v 0.222605 0.120756 0.764935
v 0.224103 0.133840 0.787864
v 0.220300 0.131301 0.789532
v 0.220138 0.127387 0.786702
v 0.222758 0.128055 0.781937
v 0.214623 0.125925 0.787166
v 0.218242 0.125630 0.764116
v 0.212202 0.125799 0.764321
v 0.214367 0.141160 0.774128
v 0.219223 0.139603 0.774546
v 0.213026 0.115214 0.776526
v 0.221367 0.118158 0.773066
v 0.218252 0.115628 0.775193
v 0.207215 0.123467 0.768087
v 0.213042 0.122223 0.762830
v 0.221979 0.113328 0.757391
v 0.219730 0.120220 0.761201
v 0.223350 0.118795 0.764224
v 0.224504 0.112991 0.759407
v 0.218997 0.122206 0.762562
v 0.214058 0.119087 0.760850
v 0.221403 0.105899 0.769358
v 0.224627 0.109219 0.766587
v 0.218214 0.104742 0.769365
v 0.207711 0.139223 0.778635
v 0.212502 0.105815 0.764463
v 0.215238 0.104120 0.767597
v 0.223279 0.116091 0.768127
v 0.225662 0.111636 0.762863
v 0.217453 0.112164 0.756931
v 0.212558 0.109600 0.759966
v 0.219332 0.108010 0.755541
v 0.214715 0.105569 0.758884
v 0.215354 0.102043 0.764002
v 0.217601 0.102208 0.767125
v 0.220268 0.103142 0.768673
v 0.223712 0.109795 0.756100
v 0.225919 0.110161 0.758254
v 0.226660 0.109861 0.762056
v 0.225630 0.106209 0.755000
v 0.222570 0.102506 0.754775
v 0.227587 0.092205 0.761882
v 0.224568 0.094829 0.763027
v 0.224267 0.094888 0.761851
v 0.226956 0.091828 0.761043
v 0.220049 0.097965 0.762831
v 0.220966 0.097432 0.761442
v 0.220195 0.099622 0.758630
v 0.223889 0.095886 0.757654
v 0.226823 0.098754 0.754149
v 0.229368 0.095437 0.753767
v 0.226346 0.093090 0.756659
v 0.222723 0.100599 0.755272
v 0.228373 0.090048 0.759419
v 0.229447 0.089313 0.759942
v 0.218372 0.100768 0.758608
v 0.221176 0.099239 0.766583
v 0.226250 0.094733 0.764955
v 0.229587 0.091418 0.762967
v 0.231720 0.089823 0.760212
v 0.227617 0.096576 0.766155
v 0.231428 0.092540 0.763902
v 0.233450 0.091160 0.761137
v 0.229817 0.099143 0.766180
v 0.232784 0.094819 0.763733
v 0.225638 0.104063 0.767901
v 0.223388 0.101259 0.768052
v 0.233806 0.092909 0.761450
v 0.230341 0.089941 0.756166
v 0.233023 0.090724 0.757276
v 0.228938 0.090583 0.755778
v 0.227654 0.099844 0.753735
v 0.230901 0.095923 0.753320
v 0.229488 0.101530 0.754124
v 0.232753 0.096782 0.754135
v 0.231764 0.092528 0.753997
v 0.229897 0.092706 0.754195
v 0.223792 0.104996 0.768421
v 0.225606 0.107782 0.766036
v 0.227467 0.106775 0.765106
v 0.231624 0.101844 0.763725
v 0.228168 0.108464 0.760913
v 0.227308 0.107925 0.757133
v 0.231146 0.102627 0.756045
v 0.232293 0.102959 0.759275
v 0.234122 0.097223 0.755817
v 0.234793 0.097939 0.758725
v 0.234378 0.097105 0.761905
v 0.234566 0.093558 0.756839
v 0.233733 0.092813 0.755286
v 0.234246 0.091982 0.758477
v 0.235037 0.094535 0.758487
v 0.234686 0.093816 0.759929
v 0.220602 0.142065 0.778054
v 0.208419 0.097763 0.866139
v 0.207442 0.099566 0.860789
v 0.220057 0.093597 0.852061
v 0.213492 0.096465 0.851671
v 0.224377 0.090459 0.856367
v 0.223660 0.089716 0.867337
v 0.225803 0.090186 0.862085
v 0.208992 0.098710 0.854978
v 0.212061 0.095429 0.870419
v 0.218574 0.092135 0.871500
v 0.206339 0.088445 0.869368
v 0.213491 0.084363 0.870199
v 0.218779 0.081487 0.866458
v 0.222047 0.083584 0.860078
v 0.222012 0.085226 0.855197
v 0.204576 0.093017 0.863593
v 0.204564 0.095101 0.858368
v 0.208030 0.094988 0.852650
v 0.200503 0.088392 0.858416
v 0.199640 0.078625 0.856889
v 0.207945 0.063816 0.847432
v 0.211415 0.068595 0.850924
v 0.208846 0.068382 0.852142
v 0.206040 0.063700 0.849249
v 0.211781 0.071832 0.855615
v 0.209463 0.071550 0.855054
v 0.205392 0.074350 0.857016
v 0.202946 0.070079 0.854040
v 0.200866 0.076402 0.855607
v 0.198631 0.074323 0.852673
v 0.200343 0.066026 0.851153
v 0.202781 0.061426 0.848506
v 0.198294 0.062679 0.848441
v 0.203644 0.061234 0.845467
v 0.205115 0.073913 0.860054
v 0.217568 0.075795 0.855579
v 0.214107 0.070504 0.849276
v 0.209577 0.065732 0.844657
v 0.204257 0.062954 0.842768
v 0.214799 0.073587 0.846163
v 0.209731 0.069548 0.842463
v 0.204461 0.067553 0.840892
v 0.212812 0.077370 0.843728
v 0.207925 0.072965 0.841376
v 0.217839 0.086554 0.849856
v 0.220114 0.081137 0.852601
v 0.204537 0.070408 0.840873
v 0.197490 0.062015 0.845827
v 0.198141 0.064119 0.842875
v 0.196994 0.077312 0.852060
v 0.195815 0.070368 0.850377
v 0.194885 0.072616 0.848531
v 0.196997 0.081090 0.850592
v 0.194864 0.074669 0.846492
v 0.194324 0.067266 0.846613
v 0.195612 0.066447 0.849022
v 0.219244 0.089265 0.851268
v 0.213887 0.093139 0.850652
v 0.212575 0.090786 0.849515
v 0.207971 0.082024 0.843481
v 0.206598 0.092344 0.850483
v 0.202060 0.091115 0.854457
v 0.198393 0.083298 0.847856
v 0.202342 0.084076 0.845156
v 0.197025 0.076335 0.844085
v 0.199756 0.076899 0.842760
v 0.204189 0.075414 0.841130
v 0.197162 0.071349 0.842375
v 0.194797 0.069345 0.844172
v 0.199845 0.068113 0.841129
v 0.199290 0.073114 0.841955
v 0.201636 0.071303 0.841010
v 0.228310 0.141891 0.787875
v 0.226518 0.137056 0.792100
v 0.230442 0.141350 0.794286
v 0.236580 0.146343 0.799031
v 0.241618 0.155722 0.799782
v 0.233965 0.142970 0.804575
v 0.227792 0.137924 0.799265
v 0.221598 0.132181 0.795885
v 0.235533 0.145174 0.814495
f 780 781 779
f 779 781 782
f 783 784 786
f 786 784 785
f 787 782 788
f 788 782 781
f 790 791 789
f 789 791 787
f 792 790 794
f 794 790 793
f 796 797 795
f 795 797 798
f 800 801 799
f 799 801 802
f 804 805 803
f 803 805 806
f 808 809 807
f 807 809 810
f 811 812 814
f 814 812 813
f 815 816 818
f 818 816 817
f 819 820 784
f 784 820 821
f 784 821 785
f 785 821 822
f 823 812 824
f 824 812 811
f 826 827 825
f 825 827 828
f 830 831 829
f 829 831 832
f 834 830 833
f 833 830 829
f 836 837 835
f 835 837 838
f 839 840 782
f 782 840 779
f 842 843 841
f 841 843 844
f 846 847 845
f 845 847 848
f 850 851 849
f 849 851 852
f 854 855 853
f 853 855 856
f 831 857 832
f 832 857 858
f 860 861 859
f 859 861 862
f 863 864 830
f 830 864 831
f 835 838 865
f 865 838 866
f 867 868 821
f 821 868 822
f 821 820 867
f 867 820 869
f 818 817 870
f 870 817 871
f 872 848 842
f 842 848 847
f 791 839 787
f 787 839 782
f 803 806 847
f 847 806 873
f 874 803 846
f 846 803 847
f 876 877 875
f 875 877 878
f 879 880 882
f 882 880 881
f 884 808 883
f 883 808 807
f 829 832 885
f 885 832 886
f 832 858 886
f 886 858 887
f 889 890 888
f 888 890 891
f 893 783 892
f 892 783 894
f 893 819 783
f 783 819 784
f 814 813 889
f 889 813 895
f 813 896 895
f 895 896 897
f 812 898 813
f 813 898 896
f 812 823 898
f 898 823 899
f 903 904 902
f 902 904 905
f 906 907 792
f 792 907 908
f 811 909 824
f 824 909 910
f 911 872 841
f 841 872 842
f 912 913 915
f 915 913 914
f 917 918 916
f 916 918 919
f 855 920 856
f 856 920 921
f 922 923 798
f 798 923 924
f 926 927 925
f 925 927 850
f 929 930 928
f 928 930 931
f 860 879 861
f 861 879 882
f 879 860 933
f 933 860 932
f 934 935 836
f 836 935 837
f 936 846 925
f 925 846 845
f 937 924 793
f 793 924 794
f 846 936 874
f 874 936 938
f 907 844 908
f 908 844 843
f 940 941 939
f 939 941 942
f 944 945 943
f 943 945 946
f 948 949 947
f 947 949 950
f 952 949 951
f 951 949 948
f 954 955 953
f 953 955 956
f 958 959 957
f 957 959 802
f 960 961 799
f 799 961 962
f 859 963 860
f 860 963 932
f 964 965 966
f 966 965 922
f 936 849 938
f 938 849 967
f 968 913 935
f 935 913 837
f 947 950 917
f 917 950 918
f 925 850 936
f 936 850 849
f 970 971 969
f 969 971 972
f 945 944 827
f 827 944 973
f 974 968 828
f 828 968 935
f 975 976 978
f 978 976 977
f 799 802 960
f 960 802 959
f 924 937 798
f 798 937 795
f 960 959 859
f 859 959 963
f 979 963 958
f 958 963 959
f 980 981 861
f 861 981 862
f 983 984 982
f 982 984 863
f 985 800 962
f 962 800 799
f 957 802 986
f 986 802 801
f 986 987 957
f 957 987 983
f 987 988 983
f 983 988 984
f 990 984 989
f 989 984 988
f 957 983 958
f 958 983 982
f 991 954 866
f 866 954 992
f 864 863 990
f 990 863 984
f 971 995 996
f 995 997 996
f 996 997 998
f 997 796 998
f 998 796 795
f 797 999 798
f 798 999 922
f 1000 1001 1003
f 1003 1001 1002
f 953 1004 954
f 954 1004 992
f 1005 865 992
f 992 865 866
f 998 795 1006
f 1006 795 937
f 912 991 838
f 838 991 866
f 916 1007 929
f 929 1007 930
f 971 970 988
f 988 970 989
f 1008 972 996
f 996 972 971
f 1009 1010 1006
f 1006 1010 1008
f 1011 1012 869
f 869 1012 867
f 1013 1014 871
f 871 1014 870
f 1008 1010 1012
f 1012 1010 1015
f 825 1016 826
f 826 1016 1017
f 1018 969 1013
f 1013 969 1014
f 783 786 894
f 894 786 1019
f 1020 1021 967
f 967 1021 938
f 1022 1023 876
f 876 1023 877
f 934 1024 825
f 825 1024 1016
f 854 1025 855
f 855 1025 1026
f 1028 903 1027
f 1027 903 902
f 1030 1031 1029
f 1029 1031 1032
f 889 888 814
f 814 888 1033
f 1034 811 1033
f 1033 811 814
f 1035 1036 932
f 932 1036 933
f 841 947 911
f 911 947 917
f 844 948 841
f 841 948 947
f 951 948 907
f 907 948 844
f 907 906 951
f 951 906 1037
f 906 1038 1037
f 1037 1038 1039
f 991 912 1040
f 1040 912 915
f 1041 1042 964
f 964 1042 965
f 890 1043 891
f 891 1043 1044
f 789 1045 1046
f 1012 1011 1008
f 1008 1011 972
f 931 1047 848
f 848 1047 845
f 953 956 943
f 943 956 919
f 928 931 872
f 872 931 848
f 1049 999 1048
f 1048 999 985
f 1047 931 1050
f 1050 931 930
f 899 823 887
f 887 823 886
f 825 828 934
f 934 828 935
f 835 1051 836
f 836 1051 1052
f 923 1053 1038
f 1038 1053 1039
f 1054 927 921
f 921 927 856
f 926 1047 853
f 853 1047 1050
f 985 1055 1048
f 1048 1055 1056
f 973 974 827
f 827 974 828
f 837 913 838
f 838 913 912
f 861 882 980
f 980 882 1057
f 927 926 856
f 856 926 853
f 1025 1056 1026
f 1026 1056 1055
f 961 960 862
f 862 960 859
f 826 1017 1059
f 1059 1017 1060
f 1005 1001 1061
f 1061 1001 1000
f 1001 1004 1002
f 1002 1004 946
f 1059 1060 1002
f 1002 1060 1003
f 943 946 953
f 953 946 1004
f 1042 1041 916
f 916 1041 1007
f 792 794 906
f 906 794 1038
f 998 1006 996
f 996 1006 1008
f 865 1005 1062
f 1062 1005 1061
f 1038 794 923
f 923 794 924
f 1022 876 1036
f 1036 876 933
f 836 1052 934
f 934 1052 1024
f 885 1063 829
f 829 1063 833
f 1021 1064 938
f 938 1064 874
f 1012 1015 867
f 867 1015 868
f 824 910 885
f 885 910 1063
f 1031 1030 1027
f 1027 1030 1028
f 1064 804 874
f 874 804 803
f 884 883 1065
f 1065 883 1066
f 1050 930 1067
f 1067 930 1007
f 916 929 917
f 917 929 911
f 961 1068 939
f 939 1068 940
f 1069 1070 1055
f 1055 1070 1071
f 929 928 911
f 911 928 872
f 1040 1053 955
f 955 1053 965
f 922 965 923
f 923 965 1053
f 1051 835 1062
f 1062 835 865
f 952 914 968
f 968 914 913
f 889 895 890
f 890 895 816
f 895 897 816
f 816 897 901
f 890 816 1043
f 1043 816 815
f 1065 1066 1032
f 1032 1066 1029
f 1006 937 1009
f 1009 937 793
f 1001 1005 1004
f 1004 1005 992
f 925 845 926
f 926 845 1047
f 1002 946 1059
f 1059 946 945
f 977 941 978
f 978 941 940
f 823 824 886
f 886 824 885
f 1059 945 826
f 826 945 827
f 939 942 1069
f 1069 942 1070
f 816 901 817
f 1071 1072 1055
f 1055 1072 1026
f 1062 1061 1074
f 1074 1061 1073
f 1062 1074 1051
f 1051 1074 1075
f 1052 1051 1076
f 1076 1051 1075
f 1024 1052 1077
f 1077 1052 1076
f 1061 1000 1073
f 1073 1000 1078
f 1000 1003 1078
f 1078 1003 1079
f 1079 1003 1080
f 1080 1003 1060
f 1081 1082 1078
f 1078 1082 1073
f 1084 1085 1083
f 1083 1085 1086
f 1087 1088 1086
f 1086 1088 1083
f 1086 1085 1090
f 1090 1085 1089
f 1091 1092 1090
f 1090 1092 1093
f 1089 1094 1090
f 1090 1094 1091
f 1095 1082 1089
f 1089 1082 1094
f 1093 1087 1090
f 1090 1087 1086
f 1096 1097 1099
f 1099 1097 1098
f 1097 1096 1087
f 1087 1096 1088
f 1089 1085 1095
f 1095 1085 1084
f 1084 1075 1095
f 1095 1075 1074
f 1084 1100 1075
f 1075 1100 1076
f 1083 1101 1084
f 1084 1101 1100
f 1101 1083 1102
f 1102 1083 1088
f 1082 1095 1073
f 1073 1095 1074
f 1096 1103 1088
f 1088 1103 1102
f 1101 1102 1104
f 1104 1102 1105
f 1102 1103 1105
f 1105 1103 1106
f 1104 1105 1107
f 1107 1105 1108
f 1107 1109 1104
f 1104 1109 1110
f 1111 1108 1106
f 1106 1108 1105
f 1101 1104 1100
f 1100 1104 1110
f 1100 1110 1076
f 1076 1110 1077
f 1103 1096 1112
f 1112 1096 1099
f 1091 1094 1113
f 1113 1094 1082
f 1113 1114 1091
f 1091 1114 1092
f 1082 1081 1113
f 1113 1081 1115
f 1114 1113 1116
f 1116 1113 1115
f 1114 1117 1092
f 1092 1117 1118
f 1024 1077 1016
f 1016 1077 1119
f 1017 1120 1060
f 1060 1120 1080
f 1120 1017 1119
f 1119 1017 1016
f 1119 1109 1120
f 1120 1109 1121
f 1109 1107 1121
f 1121 1107 1122
f 1120 1121 1080
f 1080 1121 1123
f 1119 1077 1109
f 1109 1077 1110
f 1124 1079 1123
f 1123 1079 1080
f 1124 1081 1079
f 1079 1081 1078
f 1125 1115 1124
f 1124 1115 1081
f 1125 1124 1126
f 1126 1124 1123
f 1127 1125 1128
f 1128 1125 1126
f 1121 1122 1123
f 1123 1122 1126
f 1122 1129 1126
f 1126 1129 1128
f 1115 1125 1116
f 1116 1125 1127
f 1131 1116 1130
f 1130 1116 1127
f 1130 1133 1132
f 1132 1133 1134
f 1130 1127 1133
f 1133 1127 1128
f 1130 1132 1131
f 1131 1132 1112
f 1131 1112 1117
f 1117 1112 1099
f 1117 1114 1131
f 1131 1114 1116
f 1107 1108 1122
f 1122 1108 1129
f 1134 1129 1111
f 1111 1129 1108
f 1134 1133 1129
f 1129 1133 1128
f 1132 1134 1106
f 1106 1134 1111
f 1106 1103 1132
f 1132 1103 1112
f 1087 1093 1097
f 1097 1093 1098
f 1098 1118 1099
f 1099 1118 1117
f 1098 1093 1118
f 1118 1093 1092
f 915 914 1039
f 1039 914 1037
f 918 944 919
f 919 944 943
f 950 949 973
f 973 949 974
f 949 952 974
f 974 952 968
f 956 955 1042
f 1042 955 965
f 950 973 918
f 918 973 944
f 915 1039 1040
f 1040 1039 1053
f 956 1042 919
f 919 1042 916
f 1040 955 991
f 991 955 954
f 914 952 1037
f 1037 952 951
f 1136 1137 1135
f 1135 1137 1138
f 1140 1141 1139
f 1139 1141 1142
f 1139 1142 1143
f 1143 1142 1144
f 1145 1146 1148
f 1148 1146 1147
f 854 1149 1025
f 1025 1149 1150
f 1151 1152 1140
f 1140 1152 1141
f 1154 1155 1153
f 1153 1155 1156
f 1067 1007 1158
f 1158 1007 1157
f 1159 1157 1041
f 1041 1157 1007
f 1161 1162 1160
f 1160 1162 1163
f 1164 1146 1152
f 1152 1146 1141
f 854 1067 1149
f 1149 1067 1158
f 1155 1154 1137
f 1137 1154 1165
f 1166 1164 1138
f 1138 1164 1152
f 1167 1161 1144
f 1144 1161 1168
f 1170 1171 1169
f 1169 1171 1172
f 1161 1160 1168
f 1168 1160 1173
f 1174 1143 1168
f 1168 1143 1144
f 1167 1144 1145
f 1145 1144 1142
f 1135 1175 1136
f 1136 1175 1176
f 1151 1177 1135
f 1135 1177 1175
f 1167 1145 1178
f 1178 1145 1148
f 1160 1163 1153
f 1153 1163 1150
f 1135 1138 1151
f 1151 1138 1152
f 1139 1179 1140
f 1140 1179 1180
f 1165 1166 1137
f 1137 1166 1138
f 1141 1146 1142
f 1142 1146 1145
f 1136 1176 1181
f 1181 1176 1182
f 1174 1170 1183
f 1183 1170 1169
f 1170 1173 1171
f 1171 1173 1156
f 1171 1181 1172
f 1172 1181 1182
f 1153 1156 1160
f 1160 1156 1173
f 1143 1174 1184
f 1184 1174 1183
f 1140 1180 1151
f 1151 1180 1177
f 1049 1048 1178
f 1178 1048 1162
f 1179 1139 1184
f 1184 1139 1143
f 1159 1147 1164
f 1164 1147 1146
f 1170 1174 1173
f 1173 1174 1168
f 1171 1156 1181
f 1181 1156 1155
f 1181 1155 1136
f 1136 1155 1137
f 1184 1183 1186
f 1186 1183 1185
f 1184 1186 1179
f 1179 1186 1187
f 1179 1187 1180
f 1180 1187 1188
f 1180 1188 1177
f 1177 1188 1189
f 1183 1169 1185
f 1185 1169 1190
f 1169 1172 1190
f 1190 1172 1191
f 1172 1182 1191
f 1191 1182 1192
f 1193 1194 1190
f 1190 1194 1185
f 1196 1197 1195
f 1195 1197 1198
f 1199 1200 1196
f 1196 1200 1197
f 1197 1200 1202
f 1202 1200 1201
f 1203 1204 1202
f 1202 1204 1205
f 1201 1206 1202
f 1202 1206 1203
f 1205 1198 1202
f 1202 1198 1197
f 1198 1207 1195
f 1195 1207 1208
f 1201 1200 1209
f 1209 1200 1199
f 1199 1187 1209
f 1209 1187 1186
f 1199 1210 1187
f 1187 1210 1188
f 1196 1211 1199
f 1199 1211 1210
f 1212 1211 1195
f 1195 1211 1196
f 1209 1194 1201
f 1201 1194 1206
f 1194 1209 1185
f 1185 1209 1186
f 1213 1212 1208
f 1208 1212 1195
f 1211 1212 1214
f 1214 1212 1215
f 1212 1213 1215
f 1215 1213 1216
f 1214 1215 1217
f 1217 1215 1218
f 1217 1219 1214
f 1214 1219 1220
f 1216 1221 1215
f 1215 1221 1218
f 1214 1220 1211
f 1211 1220 1210
f 1210 1220 1188
f 1188 1220 1189
f 1213 1208 1223
f 1223 1208 1222
f 1208 1207 1222
f 1222 1207 1224
f 1203 1206 1225
f 1225 1206 1194
f 1204 1203 1226
f 1226 1203 1225
f 1194 1193 1225
f 1225 1193 1227
f 1225 1227 1226
f 1226 1227 1228
f 1229 1230 1226
f 1226 1230 1204
f 1224 1230 1222
f 1222 1230 1229
f 1177 1189 1175
f 1175 1189 1231
f 1176 1232 1182
f 1182 1232 1192
f 1232 1176 1231
f 1231 1176 1175
f 1231 1219 1232
f 1232 1219 1233
f 1219 1217 1233
f 1233 1217 1234
f 1232 1233 1192
f 1192 1233 1235
f 1219 1231 1220
f 1220 1231 1189
f 1236 1191 1235
f 1235 1191 1192
f 1236 1193 1191
f 1191 1193 1190
f 1236 1237 1193
f 1193 1237 1227
f 1237 1236 1238
f 1238 1236 1235
f 1239 1237 1240
f 1240 1237 1238
f 1233 1234 1235
f 1235 1234 1238
f 1234 1241 1238
f 1238 1241 1240
f 1237 1239 1227
f 1227 1239 1228
f 1243 1228 1242
f 1242 1228 1239
f 1242 1245 1244
f 1244 1245 1246
f 1242 1239 1245
f 1245 1239 1240
f 1242 1244 1243
f 1243 1244 1223
f 1243 1223 1229
f 1229 1223 1222
f 1229 1226 1243
f 1243 1226 1228
f 1217 1218 1234
f 1234 1218 1241
f 1246 1241 1221
f 1221 1241 1218
f 1246 1245 1241
f 1241 1245 1240
f 1244 1246 1216
f 1216 1246 1221
f 1216 1213 1244
f 1244 1213 1223
f 1198 1205 1207
f 1207 1205 1224
f 1224 1205 1230
f 1230 1205 1204
f 1148 1147 966
f 966 1147 964
f 1149 1154 1150
f 1150 1154 1153
f 1158 1157 1165
f 1165 1157 1166
f 1157 1159 1166
f 1166 1159 1164
f 1163 1162 1056
f 1056 1162 1048
f 1158 1165 1149
f 1149 1165 1154
f 1178 1148 1049
f 1049 1148 966
f 1163 1056 1150
f 1150 1056 1025
f 1178 1162 1167
f 1167 1162 1161
f 1147 1159 964
f 964 1159 1041
f 999 1049 922
f 922 1049 966
f 999 797 985
f 985 797 800
f 797 796 800
f 800 796 801
f 796 997 801
f 801 997 986
f 1247 1248 1250
f 1250 1248 1249
f 1252 1253 1251
f 1251 1253 1254
f 1251 1254 1255
f 1255 1254 1256
f 1258 1259 1257
f 1257 1259 1260
f 1261 1262 1252
f 1252 1262 1253
f 1264 1265 1263
f 1263 1265 1266
f 1267 1268 855
f 855 1268 920
f 1269 1267 1026
f 1026 1267 855
f 1271 1272 1270
f 1270 1272 1273
f 1274 1258 1262
f 1262 1258 1253
f 1264 1275 1265
f 1265 1275 1249
f 1276 1274 1250
f 1250 1274 1262
f 1277 1271 1256
f 1256 1271 1278
f 1279 1280 1282
f 1282 1280 1281
f 1271 1270 1278
f 1278 1270 1283
f 1284 1255 1278
f 1278 1255 1256
f 1277 1256 1257
f 1257 1256 1254
f 1247 1285 1248
f 1248 1285 1286
f 1261 1287 1247
f 1247 1287 1285
f 1257 1260 1277
f 1277 1260 1288
f 1270 1273 1263
f 1263 1273 1289
f 1261 1247 1262
f 1262 1247 1250
f 1251 1290 1252
f 1252 1290 1291
f 1275 1276 1249
f 1249 1276 1250
f 1253 1258 1254
f 1254 1258 1257
f 1248 1286 1292
f 1292 1286 1293
f 1284 1280 1294
f 1294 1280 1279
f 1281 1280 1266
f 1266 1280 1283
f 1292 1293 1281
f 1281 1293 1282
f 1263 1266 1270
f 1270 1266 1283
f 1255 1284 1295
f 1295 1284 1294
f 1252 1291 1261
f 1261 1291 1287
f 1288 1070 1272
f 1272 1070 942
f 1290 1251 1295
f 1295 1251 1255
f 1269 1259 1274
f 1274 1259 1258
f 1280 1284 1283
f 1283 1284 1278
f 1281 1266 1292
f 1292 1266 1265
f 1292 1265 1248
f 1248 1265 1249
f 1295 1294 1297
f 1297 1294 1296
f 1295 1297 1290
f 1290 1297 1298
f 1290 1298 1291
f 1291 1298 1299
f 1291 1299 1287
f 1287 1299 1300
f 1294 1279 1296
f 1296 1279 1301
f 1279 1282 1301
f 1301 1282 1302
f 1302 1282 1303
f 1303 1282 1293
f 1304 1305 1301
f 1301 1305 1296
f 1307 1308 1306
f 1306 1308 1309
f 1310 1311 1307
f 1307 1311 1308
f 1308 1311 1313
f 1313 1311 1312
f 1314 1315 1313
f 1313 1315 1316
f 1312 1317 1313
f 1313 1317 1314
f 1316 1309 1313
f 1313 1309 1308
f 1318 1319 1309
f 1309 1319 1306
f 1311 1310 1312
f 1312 1310 1320
f 1310 1298 1320
f 1320 1298 1297
f 1310 1321 1298
f 1298 1321 1299
f 1307 1322 1310
f 1310 1322 1321
f 1322 1307 1323
f 1323 1307 1306
f 1312 1320 1317
f 1317 1320 1305
f 1305 1320 1296
f 1296 1320 1297
f 1319 1324 1306
f 1306 1324 1323
f 1325 1322 1326
f 1326 1322 1323
f 1324 1327 1323
f 1323 1327 1326
f 1328 1325 1329
f 1329 1325 1326
f 1325 1328 1331
f 1331 1328 1330
f 1327 1332 1326
f 1326 1332 1329
f 1322 1325 1321
f 1321 1325 1331
f 1321 1331 1299
f 1299 1331 1300
f 1324 1319 1334
f 1334 1319 1333
f 1319 1318 1333
f 1333 1318 1335
f 1314 1317 1336
f 1336 1317 1305
f 1315 1314 1337
f 1337 1314 1336
f 1305 1304 1336
f 1336 1304 1338
f 1337 1336 1339
f 1339 1336 1338
f 1337 1340 1315
f 1315 1340 1341
f 1335 1341 1333
f 1333 1341 1340
f 1287 1300 1285
f 1285 1300 1342
f 1286 1343 1293
f 1293 1343 1303
f 1343 1286 1342
f 1342 1286 1285
f 1342 1330 1343
f 1343 1330 1344
f 1330 1328 1344
f 1344 1328 1345
f 1343 1344 1303
f 1303 1344 1346
f 1342 1300 1330
f 1330 1300 1331
f 1347 1302 1346
f 1346 1302 1303
f 1347 1304 1302
f 1302 1304 1301
f 1348 1338 1347
f 1347 1338 1304
f 1348 1347 1349
f 1349 1347 1346
f 1350 1348 1351
f 1351 1348 1349
f 1344 1345 1346
f 1346 1345 1349
f 1345 1352 1349
f 1349 1352 1351
f 1348 1350 1338
f 1338 1350 1339
f 1354 1339 1353
f 1353 1339 1350
f 1353 1356 1355
f 1355 1356 1357
f 1353 1350 1356
f 1356 1350 1351
f 1353 1355 1354
f 1354 1355 1334
f 1354 1334 1340
f 1340 1334 1333
f 1340 1337 1354
f 1354 1337 1339
f 1328 1329 1345
f 1345 1329 1352
f 1357 1352 1332
f 1332 1352 1329
f 1357 1356 1352
f 1352 1356 1351
f 1357 1332 1355
f 1355 1332 1327
f 1327 1324 1355
f 1355 1324 1334
f 1309 1316 1318
f 1318 1316 1335
f 1335 1316 1341
f 1341 1316 1315
f 1259 1072 1260
f 1260 1072 1071
f 1358 1264 1289
f 1289 1264 1263
f 1268 1267 1275
f 1275 1267 1276
f 1267 1269 1276
f 1276 1269 1274
f 941 1273 942
f 942 1273 1272
f 1358 1268 1264
f 1264 1268 1275
f 1260 1071 1288
f 1288 1071 1070
f 1273 941 1289
f 1289 941 977
f 1272 1271 1288
f 1288 1271 1277
f 1259 1269 1072
f 1072 1269 1026
f 1360 1361 1359
f 1359 1361 1362
f 1364 1365 1363
f 1363 1365 1366
f 1363 1366 1367
f 1367 1366 1368
f 1370 1371 1369
f 1369 1371 1372
f 1373 1374 1376
f 1376 1374 1375
f 1377 1378 1364
f 1364 1378 1365
f 1379 1380 1382
f 1382 1380 1381
f 1383 1384 1386
f 1386 1384 1385
f 1387 1385 978
f 978 1385 1384
f 1388 1389 1391
f 1391 1389 1390
f 1378 1392 1365
f 1365 1392 1370
f 1374 1383 1375
f 1375 1383 1386
f 1380 1393 1381
f 1381 1393 1361
f 1394 1392 1362
f 1362 1392 1378
f 1389 1396 1395
f 1395 1396 1368
f 1398 1399 1397
f 1397 1399 1400
f 1388 1401 1389
f 1389 1401 1396
f 1402 1367 1396
f 1396 1367 1368
f 1395 1368 1369
f 1369 1368 1366
f 1359 1403 1360
f 1360 1403 1404
f 1377 1405 1359
f 1359 1405 1403
f 1369 1372 1395
f 1395 1372 1406
f 1379 1388 1376
f 1376 1388 1391
f 1359 1362 1377
f 1377 1362 1378
f 1363 1407 1364
f 1364 1407 1408
f 1393 1394 1361
f 1361 1394 1362
f 1365 1370 1366
f 1366 1370 1369
f 1360 1404 1409
f 1409 1404 1410
f 1402 1398 1411
f 1411 1398 1397
f 1399 1398 1382
f 1382 1398 1401
f 1409 1410 1399
f 1399 1410 1400
f 1388 1379 1401
f 1401 1379 1382
f 1367 1402 1412
f 1412 1402 1411
f 1364 1408 1377
f 1377 1408 1405
f 981 980 1406
f 1406 980 1390
f 1407 1363 1412
f 1412 1363 1367
f 1387 1371 1392
f 1392 1371 1370
f 1398 1402 1401
f 1401 1402 1396
f 1409 1399 1381
f 1381 1399 1382
f 1360 1409 1361
f 1361 1409 1381
f 1412 1411 1414
f 1414 1411 1413
f 1412 1414 1407
f 1407 1414 1415
f 1407 1415 1408
f 1408 1415 1416
f 1408 1416 1405
f 1405 1416 1417
f 1411 1397 1413
f 1413 1397 1418
f 1397 1400 1418
f 1418 1400 1419
f 1419 1400 1420
f 1420 1400 1410
f 1422 1413 1421
f 1421 1413 1418
f 1423 1424 1426
f 1426 1424 1425
f 1427 1428 1424
f 1424 1428 1425
f 1425 1428 1430
f 1430 1428 1429
f 1430 1431 1433
f 1433 1431 1432
f 1429 1434 1430
f 1430 1434 1431
f 1433 1426 1430
f 1430 1426 1425
f 1426 1435 1423
f 1423 1435 1436
f 1428 1427 1429
f 1429 1427 1437
f 1427 1415 1437
f 1437 1415 1414
f 1427 1438 1415
f 1415 1438 1416
f 1439 1438 1424
f 1424 1438 1427
f 1440 1439 1423
f 1423 1439 1424
f 1429 1437 1434
f 1434 1437 1422
f 1422 1437 1413
f 1413 1437 1414
f 1441 1440 1436
f 1436 1440 1423
f 1442 1439 1443
f 1443 1439 1440
f 1441 1444 1440
f 1440 1444 1443
f 1445 1442 1446
f 1446 1442 1443
f 1442 1445 1448
f 1448 1445 1447
f 1444 1449 1443
f 1443 1449 1446
f 1439 1442 1438
f 1438 1442 1448
f 1438 1448 1416
f 1416 1448 1417
f 1436 1450 1441
f 1441 1450 1451
f 1436 1435 1450
f 1450 1435 1452
f 1431 1434 1453
f 1453 1434 1422
f 1431 1453 1432
f 1432 1453 1454
f 1453 1422 1455
f 1455 1422 1421
f 1454 1453 1456
f 1456 1453 1455
f 1457 1458 1454
f 1454 1458 1432
f 1452 1458 1450
f 1450 1458 1457
f 1405 1417 1403
f 1403 1417 1459
f 1404 1460 1410
f 1410 1460 1420
f 1459 1460 1403
f 1403 1460 1404
f 1447 1461 1459
f 1459 1461 1460
f 1445 1462 1447
f 1447 1462 1461
f 1460 1461 1420
f 1420 1461 1463
f 1459 1417 1447
f 1447 1417 1448
f 1464 1419 1463
f 1463 1419 1420
f 1419 1464 1418
f 1418 1464 1421
f 1464 1465 1421
f 1421 1465 1455
f 1465 1464 1466
f 1466 1464 1463
f 1467 1465 1468
f 1468 1465 1466
f 1461 1462 1463
f 1463 1462 1466
f 1462 1469 1466
f 1466 1469 1468
f 1465 1467 1455
f 1455 1467 1456
f 1471 1456 1470
f 1470 1456 1467
f 1470 1473 1472
f 1472 1473 1474
f 1470 1467 1473
f 1473 1467 1468
f 1470 1472 1471
f 1471 1472 1451
f 1471 1451 1457
f 1457 1451 1450
f 1457 1454 1471
f 1471 1454 1456
f 1462 1445 1469
f 1469 1445 1446
f 1474 1469 1449
f 1449 1469 1446
f 1474 1473 1469
f 1469 1473 1468
f 1472 1474 1444
f 1444 1474 1449
f 1444 1441 1472
f 1472 1441 1451
f 1426 1433 1435
f 1435 1433 1452
f 1452 1433 1458
f 1458 1433 1432
f 1371 940 1372
f 1372 940 1068
f 1376 1375 1379
f 1379 1375 1380
f 1393 1386 1394
f 1394 1386 1385
f 1385 1387 1394
f 1394 1387 1392
f 1475 1373 1391
f 1391 1373 1376
f 1375 1386 1380
f 1380 1386 1393
f 1372 1068 1406
f 1406 1068 981
f 1406 1390 1395
f 1395 1390 1389
f 1371 1387 940
f 940 1387 978
f 883 807 1476
f 1476 807 1477
f 1046 904 1479
f 1479 904 1478
f 904 903 1478
f 1478 903 1480
f 1030 1481 1028
f 1028 1481 1482
f 810 1046 1483
f 1483 1046 1479
f 1066 883 1484
f 1484 883 1476
f 807 810 1477
f 1477 810 1483
f 1485 1029 1484
f 1484 1029 1066
f 1028 1482 903
f 903 1482 1480
f 1481 1030 1485
f 1485 1030 1029
f 1484 1486 1485
f 1485 1486 1487
f 1485 1487 1481
f 1481 1487 1488
f 1481 1488 1482
f 1482 1488 1489
f 1482 1489 1480
f 1480 1489 1490
f 1484 1476 1486
f 1486 1476 1491
f 1476 1477 1491
f 1491 1477 1492
f 1477 1483 1492
f 1492 1483 1493
f 1495 1486 1494
f 1494 1486 1491
f 1497 1498 1496
f 1496 1498 1499
f 1500 1501 1497
f 1497 1501 1498
f 1502 1503 1501
f 1501 1503 1498
f 1502 1504 1503
f 1503 1504 1505
f 1506 1499 1503
f 1503 1499 1498
f 1499 1506 1507
f 1507 1506 1508
f 1507 1509 1499
f 1499 1509 1496
f 1502 1501 1510
f 1510 1501 1500
f 1500 1488 1510
f 1510 1488 1487
f 1500 1511 1488
f 1488 1511 1489
f 1497 1512 1500
f 1500 1512 1511
f 1512 1497 1513
f 1513 1497 1496
f 1502 1510 1504
f 1504 1510 1495
f 1495 1510 1486
f 1486 1510 1487
f 1509 1514 1496
f 1496 1514 1513
f 1515 1512 1516
f 1516 1512 1513
f 1514 1517 1513
f 1513 1517 1516
f 1518 1515 1519
f 1519 1515 1516
f 1515 1518 1521
f 1521 1518 1520
f 1517 1522 1516
f 1516 1522 1519
f 1512 1515 1511
f 1511 1515 1521
f 1511 1521 1489
f 1489 1521 1490
f 1514 1509 1524
f 1524 1509 1523
f 1509 1507 1523
f 1523 1507 1508
f 1505 1504 1525
f 1525 1504 1495
f 1526 1505 1527
f 1527 1505 1525
f 1525 1495 1528
f 1528 1495 1494
f 1527 1525 1529
f 1529 1525 1528
f 1527 1530 1526
f 1526 1530 1531
f 1508 1531 1523
f 1523 1531 1530
f 1506 1503 1526
f 1526 1503 1505
f 1508 1506 1531
f 1531 1506 1526
f 1478 1480 1532
f 1532 1480 1490
f 1483 1479 1493
f 1493 1479 1533
f 1532 1533 1478
f 1478 1533 1479
f 1520 1534 1532
f 1532 1534 1533
f 1518 1535 1520
f 1520 1535 1534
f 1533 1534 1493
f 1493 1534 1536
f 1532 1490 1520
f 1520 1490 1521
f 1537 1492 1536
f 1536 1492 1493
f 1492 1537 1491
f 1491 1537 1494
f 1537 1538 1494
f 1494 1538 1528
f 1538 1537 1539
f 1539 1537 1536
f 1540 1538 1541
f 1541 1538 1539
f 1534 1535 1536
f 1536 1535 1539
f 1535 1542 1539
f 1539 1542 1541
f 1538 1540 1528
f 1528 1540 1529
f 1544 1529 1543
f 1543 1529 1540
f 1545 1543 1547
f 1547 1543 1546
f 1543 1540 1546
f 1546 1540 1541
f 1543 1545 1544
f 1544 1545 1524
f 1544 1524 1530
f 1530 1524 1523
f 1530 1527 1544
f 1544 1527 1529
f 1535 1518 1542
f 1542 1518 1519
f 1547 1542 1522
f 1522 1542 1519
f 1547 1546 1542
f 1542 1546 1541
f 1545 1547 1517
f 1517 1547 1522
f 1517 1514 1545
f 1545 1514 1524
f 997 995 986
f 986 995 987
f 987 995 988
f 988 995 971
f 976 1358 977
f 977 1358 1289
f 854 853 1067
f 1067 853 1050
f 1055 985 1069
f 1069 985 962
f 1068 961 981
f 981 961 862
f 1268 1358 920
f 920 1358 976
f 920 976 921
f 921 976 975
f 927 1054 850
f 850 1054 851
f 882 881 1057
f 1057 881 1548
f 1548 1374 1057
f 1057 1374 1373
f 1383 1374 1549
f 1549 1374 1548
f 1549 1548 1550
f 1550 1548 881
f 1550 881 1551
f 1551 881 880
f 933 1552 879
f 879 1552 880
f 1551 880 875
f 875 880 1552
f 1553 1551 878
f 878 1551 875
f 1551 1553 1550
f 1550 1553 1554
f 1550 1554 1549
f 1549 1554 1555
f 978 1384 975
f 975 1384 1555
f 967 849 1556
f 1556 849 852
f 875 1552 876
f 876 1552 933
f 961 939 962
f 962 939 1069
f 1555 1054 975
f 975 1054 921
f 1555 1384 1549
f 1549 1384 1383
f 1391 1390 1475
f 1475 1390 980
f 1373 1475 1057
f 1057 1475 980
f 851 1054 1554
f 1554 1054 1555
f 1554 1553 851
f 851 1553 852
f 878 1556 1553
f 1553 1556 852
f 1556 878 967
f 967 878 877
f 1023 1020 877
f 877 1020 967
f 909 811 1034
f 806 779 873
f 873 779 840
f 805 780 806
f 806 780 779
f 1043 893 1044
f 1044 893 892
f 873 840 847
f 847 840 842
f 840 839 842
f 842 839 843
f 839 791 843
f 843 791 908
f 791 790 908
f 908 790 792
f 809 789 810
f 810 789 1046
f 793 790 809
f 809 790 789
f 809 808 793
f 793 808 1009
f 808 884 1009
f 1009 884 1010
f 1065 1015 884
f 884 1015 1010
f 1032 868 1065
f 1065 868 1015
f 1031 822 1032
f 1032 822 868
f 1031 1027 822
f 822 1027 785
f 1045 905 1046
f 1046 905 904
f 788 781 1019
f 1019 781 894
f 781 780 894
f 894 780 892
f 780 805 892
f 892 805 1044
f 805 804 1044
f 1044 804 891
f 804 1064 891
f 891 1064 888
f 1064 1021 888
f 888 1021 1033
f 1021 1020 1033
f 1033 1020 1034
f 1020 1023 1034
f 1034 1023 909
f 1023 1022 909
f 909 1022 910
f 1043 815 893
f 893 815 819
f 819 815 820
f 820 815 818
f 870 869 818
f 818 869 820
f 1014 1011 870
f 870 1011 869
f 969 972 1014
f 1014 972 1011
f 1036 1063 1022
f 1022 1063 910
f 1035 833 1036
f 1036 833 1063
f 1035 932 979
f 979 932 963
f 834 979 982
f 982 979 958
f 833 1035 834
f 834 1035 979
f 982 863 834
f 834 863 830
f 864 900 831
f 831 900 857
f 990 993 864
f 864 993 900
f 989 994 990
f 990 994 993
f 970 1058 989
f 989 1058 994
f 969 1018 970
f 970 1018 1058
f 1027 902 785
f 785 902 786
f 902 905 786
f 786 905 1019
f 905 1045 1019
f 1019 1045 788
f 788 1045 787
f 787 1045 789
o hand_right
v 0.143099 0.324170 0.879103
v 0.147277 0.330589 0.871734
v 0.140715 0.323401 0.866559
v 0.137565 0.316455 0.874963
v 0.151464 0.336332 0.849722
v 0.160052 0.332440 0.841009
v 0.148183 0.322451 0.838237
v 0.142889 0.328804 0.845544
v 0.134650 0.309548 0.871905
v 0.136147 0.318035 0.862876
v 0.136473 0.305677 0.869472
v 0.140243 0.296620 0.882691
v 0.135974 0.302082 0.881748
v 0.139890 0.292528 0.891804
v 0.151347 0.296112 0.884218
v 0.146342 0.292574 0.899427
v 0.165366 0.315862 0.904749
v 0.166525 0.328148 0.910707
v 0.154903 0.320803 0.922433
v 0.154295 0.309452 0.914344
v 0.156255 0.341769 0.924306
v 0.154931 0.329910 0.923816
v 0.167541 0.336848 0.912977
v 0.167954 0.347088 0.913688
v 0.149931 0.339061 0.884505
v 0.155270 0.345313 0.878317
v 0.153341 0.339424 0.876862
v 0.148513 0.333722 0.882484
v 0.136650 0.301515 0.856008
v 0.149557 0.299036 0.863909
v 0.143010 0.300512 0.868514
v 0.133354 0.305761 0.857284
v 0.165701 0.368516 0.863321
v 0.178127 0.371068 0.858584
v 0.178925 0.365805 0.856071
v 0.167635 0.364434 0.861506
v 0.174047 0.346408 0.846639
v 0.182801 0.350284 0.847717
v 0.193774 0.342412 0.844572
v 0.186677 0.336027 0.845352
v 0.166213 0.339837 0.843959
v 0.176787 0.331089 0.841824
v 0.168151 0.323805 0.839349
v 0.153035 0.314499 0.835509
v 0.178755 0.381520 0.866041
v 0.169424 0.381399 0.870169
v 0.094391 0.287592 0.906226
v 0.094111 0.293516 0.906902
v 0.098421 0.293493 0.905939
v 0.098320 0.287662 0.905606
v 0.183667 0.384294 0.885489
v 0.190446 0.379953 0.891552
v 0.194164 0.384117 0.886859
v 0.188272 0.386718 0.879997
v 0.177561 0.381024 0.892701
v 0.184874 0.373924 0.897490
v 0.093211 0.282093 0.917636
v 0.093074 0.281400 0.912491
v 0.098281 0.280645 0.913481
v 0.098979 0.281637 0.918992
v 0.135452 0.309760 0.882500
v 0.137939 0.318907 0.884974
v 0.127066 0.302484 0.895432
v 0.131731 0.309639 0.892851
v 0.133368 0.303455 0.889097
v 0.130285 0.297799 0.892906
v 0.136306 0.331721 0.900783
v 0.143796 0.336688 0.893437
v 0.142482 0.330324 0.891740
v 0.133864 0.323722 0.898491
v 0.142763 0.350419 0.896853
v 0.135957 0.344282 0.904101
v 0.136361 0.352816 0.905162
v 0.140261 0.355927 0.899223
v 0.125663 0.330898 0.915095
v 0.123025 0.327738 0.918155
v 0.122491 0.330899 0.918251
v 0.126074 0.334428 0.915633
v 0.198712 0.387554 0.882619
v 0.193017 0.388144 0.874635
v 0.154747 0.363776 0.924485
v 0.152887 0.373034 0.918297
v 0.142995 0.370280 0.927303
v 0.147870 0.360630 0.932706
v 0.195093 0.371062 0.894170
v 0.199535 0.376761 0.891105
v 0.093384 0.286334 0.922314
v 0.098637 0.286096 0.923492
v 0.176107 0.316935 0.846313
v 0.157573 0.306847 0.840037
v 0.187606 0.325948 0.849820
v 0.195447 0.332100 0.851929
v 0.202415 0.336709 0.850498
v 0.129100 0.313131 0.897873
v 0.142800 0.327045 0.886543
v 0.150281 0.344013 0.885999
v 0.143822 0.372663 0.895584
v 0.150070 0.376785 0.888358
v 0.147564 0.366562 0.886185
v 0.143052 0.364901 0.893360
v 0.146027 0.377070 0.912134
v 0.140568 0.373906 0.906950
v 0.135811 0.370959 0.913085
v 0.139270 0.373830 0.919690
v 0.139830 0.297417 0.850071
v 0.155325 0.298430 0.858403
v 0.176760 0.385286 0.877507
v 0.182230 0.385350 0.871949
v 0.189547 0.386712 0.867823
v 0.160102 0.356087 0.870013
v 0.168890 0.361614 0.860206
v 0.168366 0.357575 0.858688
v 0.160332 0.352708 0.870099
v 0.151475 0.339206 0.863986
v 0.159229 0.345263 0.854546
v 0.143705 0.332499 0.858915
v 0.181366 0.359402 0.851797
v 0.187079 0.368707 0.850400
v 0.189337 0.360901 0.846720
v 0.186877 0.376869 0.855873
v 0.187510 0.383450 0.861889
v 0.206492 0.381301 0.889174
v 0.191861 0.353017 0.844943
v 0.136885 0.322665 0.843078
v 0.130966 0.318734 0.840808
v 0.129662 0.318037 0.848516
v 0.134948 0.321853 0.851780
v 0.136150 0.288988 0.900274
v 0.132222 0.292304 0.894634
v 0.136354 0.296795 0.887520
v 0.157947 0.369045 0.871847
v 0.161302 0.380043 0.877187
v 0.124162 0.305796 0.900090
v 0.105297 0.282494 0.918655
v 0.104679 0.281078 0.912817
v 0.123456 0.285096 0.907229
v 0.123886 0.286053 0.914115
v 0.120493 0.305255 0.909239
v 0.121106 0.303860 0.902275
v 0.119432 0.303353 0.904048
v 0.117020 0.305855 0.909673
v 0.124433 0.340084 0.918280
v 0.127383 0.342996 0.915890
v 0.140602 0.305461 0.921484
v 0.145078 0.294337 0.915458
v 0.152961 0.298952 0.907001
v 0.136899 0.339005 0.902403
v 0.130276 0.335263 0.909234
v 0.130501 0.339223 0.910377
v 0.127008 0.314169 0.901990
v 0.123006 0.309306 0.905134
v 0.125182 0.314037 0.907376
v 0.128414 0.319185 0.903852
v 0.162607 0.376365 0.909704
v 0.154308 0.381252 0.902984
v 0.093768 0.283368 0.908350
v 0.098362 0.282910 0.908391
v 0.144174 0.343727 0.895127
v 0.161807 0.306487 0.897637
v 0.150145 0.349364 0.887346
v 0.135870 0.345454 0.932627
v 0.129812 0.349921 0.928100
v 0.125587 0.348145 0.927438
v 0.127318 0.344507 0.931791
v 0.102906 0.301978 0.914409
v 0.101970 0.300145 0.908900
v 0.098297 0.298616 0.909567
v 0.098600 0.300556 0.915069
v 0.122868 0.299871 0.898329
v 0.125601 0.294698 0.896332
v 0.120514 0.293521 0.898884
v 0.119283 0.299060 0.901037
v 0.127786 0.289416 0.899278
v 0.122457 0.288026 0.901648
v 0.104050 0.299679 0.920489
v 0.104946 0.293248 0.924465
v 0.121496 0.297855 0.921085
v 0.117071 0.303307 0.916942
v 0.179902 0.351809 0.905151
v 0.178052 0.362740 0.906345
v 0.166240 0.358349 0.915139
v 0.155057 0.354263 0.925291
v 0.144058 0.349439 0.933411
v 0.146599 0.337545 0.933969
v 0.165621 0.366602 0.914492
v 0.127551 0.306720 0.916583
v 0.132370 0.300444 0.919336
v 0.132436 0.305315 0.920386
v 0.148186 0.356461 0.888661
v 0.104293 0.283268 0.907619
v 0.204386 0.335899 0.872025
v 0.205604 0.345097 0.881460
v 0.198946 0.339960 0.884235
v 0.196959 0.329906 0.873360
v 0.102315 0.294822 0.904610
v 0.103243 0.288399 0.903764
v 0.125901 0.349227 0.917417
v 0.123348 0.345719 0.919637
v 0.123150 0.348275 0.921611
v 0.123685 0.353142 0.919702
v 0.177610 0.368664 0.905417
v 0.133558 0.368987 0.928811
v 0.138742 0.359716 0.934384
v 0.188369 0.366095 0.898810
v 0.190536 0.356584 0.898196
v 0.198135 0.360570 0.893481
v 0.140490 0.324056 0.931109
v 0.179137 0.343165 0.904681
v 0.190060 0.349041 0.896936
v 0.199113 0.353465 0.891243
v 0.205902 0.357107 0.887944
v 0.204029 0.364564 0.890609
v 0.104822 0.287392 0.922959
v 0.098357 0.292735 0.924973
v 0.211699 0.369068 0.888668
v 0.213086 0.360592 0.885206
v 0.189556 0.340314 0.894017
v 0.188043 0.330078 0.889332
v 0.178845 0.335029 0.901465
v 0.176606 0.324374 0.897494
v 0.145861 0.314061 0.930773
v 0.082677 0.298274 0.920658
v 0.093140 0.298175 0.921329
v 0.093942 0.300317 0.915905
v 0.083248 0.300995 0.917448
v 0.098715 0.298670 0.920810
v 0.093252 0.293032 0.923893
v 0.172470 0.313155 0.887971
v 0.122856 0.310409 0.910708
v 0.183487 0.318930 0.876095
v 0.162555 0.300546 0.877583
v 0.169831 0.305800 0.867438
v 0.193863 0.324288 0.862369
v 0.181238 0.313613 0.858119
v 0.207337 0.335932 0.859838
v 0.200766 0.330709 0.862527
v 0.166390 0.304286 0.851790
v 0.084501 0.291715 0.906177
v 0.085123 0.297266 0.907774
v 0.211131 0.340149 0.869390
v 0.138631 0.326305 0.855337
v 0.153558 0.359584 0.879795
v 0.154794 0.354028 0.879378
v 0.154311 0.378407 0.883915
v 0.152186 0.367504 0.879854
v 0.083750 0.286628 0.907807
v 0.121993 0.327102 0.921531
v 0.123280 0.328066 0.921004
v 0.140239 0.318551 0.835711
v 0.134760 0.315705 0.834884
v 0.138097 0.302904 0.836042
v 0.136663 0.309203 0.833018
v 0.144161 0.311379 0.833240
v 0.146454 0.304669 0.836472
v 0.159443 0.358767 0.870221
v 0.158476 0.362493 0.871239
v 0.170440 0.379229 0.900680
v 0.161595 0.383428 0.894450
v 0.130502 0.287402 0.904872
v 0.139867 0.289610 0.908563
v 0.132357 0.288655 0.911761
v 0.125096 0.291180 0.919025
v 0.122919 0.308026 0.913474
v 0.123526 0.304643 0.914889
v 0.163618 0.351682 0.857322
v 0.157495 0.346445 0.868559
v 0.134261 0.315448 0.859296
v 0.130281 0.312945 0.855358
v 0.130537 0.326863 0.905628
v 0.129390 0.320655 0.930082
v 0.133943 0.312479 0.929200
v 0.125826 0.322039 0.911180
v 0.081983 0.284595 0.915771
v 0.082729 0.284544 0.910845
v 0.134102 0.292966 0.917058
v 0.130361 0.347619 0.911053
v 0.131526 0.326543 0.930535
v 0.124389 0.325206 0.927499
v 0.134091 0.371962 0.921352
v 0.212587 0.349344 0.877869
v 0.093746 0.299034 0.910422
v 0.085257 0.301055 0.911196
v 0.082873 0.294234 0.922157
v 0.083044 0.288268 0.920720
v 0.168101 0.383868 0.885574
v 0.155169 0.350138 0.879318
v 0.151908 0.299527 0.845723
v 0.139658 0.298803 0.842468
v 0.124199 0.319364 0.914076
v 0.135009 0.352509 0.932198
v 0.135932 0.336491 0.934775
v 0.125862 0.336127 0.934397
v 0.123033 0.329639 0.931367
v 0.120787 0.327239 0.925208
v 0.077546 0.295260 0.920843
v 0.077893 0.289403 0.919543
v 0.077270 0.285578 0.914580
v 0.078312 0.285462 0.910177
v 0.080368 0.287946 0.907236
v 0.077115 0.299482 0.919271
v 0.077761 0.301723 0.916090
v 0.081503 0.301711 0.911013
v 0.072716 0.300766 0.916676
v 0.069362 0.296540 0.917466
v 0.066022 0.288440 0.906356
v 0.069573 0.287294 0.911021
v 0.067197 0.288790 0.911237
v 0.063634 0.290116 0.907903
v 0.059334 0.292142 0.905691
v 0.061438 0.290327 0.903472
v 0.068575 0.291273 0.915029
v 0.063469 0.293559 0.911042
v 0.063835 0.297553 0.912463
v 0.059188 0.298782 0.909517
v 0.058593 0.295238 0.908356
v 0.067057 0.295630 0.915370
v 0.070467 0.290549 0.916659
v 0.057917 0.293281 0.902524
v 0.056907 0.293612 0.904830
v 0.056353 0.296459 0.906497
v 0.055619 0.297652 0.903745
v 0.074546 0.286480 0.907936
v 0.067481 0.288586 0.904124
v 0.063199 0.291989 0.901363
v 0.059522 0.294799 0.900707
v 0.068551 0.291859 0.901763
v 0.064665 0.294389 0.900404
v 0.061728 0.297205 0.900001
v 0.069370 0.296046 0.900957
v 0.065543 0.297496 0.900289
v 0.079184 0.292796 0.905319
v 0.078400 0.288615 0.906032
v 0.063281 0.298670 0.899631
v 0.056657 0.299124 0.902392
v 0.066063 0.300407 0.913465
v 0.060694 0.301535 0.908808
v 0.067296 0.302288 0.912417
v 0.061792 0.303566 0.908181
v 0.056777 0.301518 0.906521
v 0.057003 0.299165 0.907541
v 0.082271 0.292681 0.906357
v 0.082642 0.298499 0.908077
v 0.079875 0.298825 0.907135
v 0.069985 0.300690 0.902383
v 0.078359 0.302141 0.909705
v 0.073810 0.302812 0.913443
v 0.067900 0.303780 0.909773
v 0.069149 0.303837 0.906473
v 0.063583 0.304195 0.906372
v 0.064957 0.303502 0.904309
v 0.065674 0.301070 0.901302
v 0.060619 0.303257 0.903611
v 0.058226 0.302736 0.905311
v 0.059647 0.300373 0.901282
v 0.062437 0.303170 0.902865
v 0.062311 0.300661 0.901121
v 0.093714 0.316238 0.911027
v 0.094033 0.322364 0.912760
v 0.098034 0.320452 0.914297
v 0.097579 0.315288 0.912773
v 0.088145 0.308811 0.921499
v 0.090252 0.309424 0.915642
v 0.094518 0.307399 0.918282
v 0.093055 0.307847 0.925048
v 0.087767 0.313339 0.927125
v 0.093300 0.312718 0.930036
v 0.098991 0.306797 0.926535
v 0.100257 0.306528 0.919489
v 0.121113 0.306799 0.918505
v 0.121497 0.306802 0.925140
v 0.119810 0.324756 0.917027
v 0.119074 0.325971 0.920393
v 0.092355 0.312624 0.912233
v 0.096299 0.310849 0.914424
v 0.101182 0.326846 0.920850
v 0.101766 0.324425 0.915911
v 0.097776 0.324860 0.916498
v 0.096461 0.326811 0.921510
v 0.120857 0.312821 0.912717
v 0.120614 0.318900 0.914986
v 0.120867 0.309388 0.914524
v 0.099936 0.325539 0.927281
v 0.099000 0.320683 0.932059
v 0.119488 0.319611 0.932266
v 0.118045 0.324646 0.928670
v 0.101045 0.309254 0.914831
v 0.101538 0.319460 0.912901
v 0.101609 0.314201 0.912090
v 0.099568 0.312575 0.931235
v 0.092757 0.320871 0.930547
v 0.078330 0.328515 0.919253
v 0.088984 0.326413 0.924690
v 0.091220 0.327940 0.920212
v 0.080200 0.331239 0.915478
v 0.094312 0.325642 0.926633
v 0.087633 0.321371 0.927580
v 0.081894 0.322629 0.904628
v 0.082455 0.328683 0.906801
v 0.080283 0.318325 0.905224
v 0.121496 0.311775 0.930440
v 0.077415 0.313762 0.914025
v 0.079123 0.315220 0.907880
v 0.093489 0.326703 0.915744
v 0.081573 0.331710 0.910800
v 0.077119 0.324384 0.920775
v 0.077405 0.317084 0.919856
v 0.072087 0.325159 0.917031
v 0.072277 0.319075 0.915805
v 0.073050 0.315603 0.910637
v 0.075943 0.316794 0.905922
v 0.078081 0.319667 0.904045
v 0.072992 0.329150 0.915778
v 0.075308 0.332120 0.912862
v 0.078818 0.331992 0.909262
v 0.069395 0.332070 0.909265
v 0.066551 0.328185 0.909605
v 0.066172 0.321739 0.892056
v 0.068094 0.319658 0.897449
v 0.065971 0.320832 0.898484
v 0.064179 0.322948 0.893642
v 0.068243 0.317982 0.903510
v 0.066607 0.319761 0.902981
v 0.065710 0.322960 0.906396
v 0.064623 0.325029 0.900539
v 0.064794 0.329388 0.902695
v 0.062380 0.331171 0.897690
v 0.061814 0.326915 0.895529
v 0.065263 0.326850 0.906443
v 0.062684 0.325008 0.890992
v 0.063677 0.325641 0.888689
v 0.066259 0.321568 0.909234
v 0.073856 0.317092 0.903388
v 0.070734 0.319971 0.895719
v 0.068598 0.323117 0.890238
v 0.065473 0.327897 0.887624
v 0.073373 0.322929 0.894136
v 0.070472 0.325738 0.889610
v 0.067533 0.329623 0.888112
v 0.075328 0.327300 0.893906
v 0.071832 0.329751 0.889983
v 0.079744 0.324118 0.902739
v 0.077720 0.319668 0.902179
v 0.069542 0.330659 0.888994
v 0.061045 0.329474 0.889886
v 0.063372 0.331402 0.888400
v 0.060979 0.328523 0.891495
v 0.065502 0.331392 0.903225
v 0.063475 0.333071 0.897180
v 0.067141 0.333769 0.902653
v 0.064650 0.334902 0.896022
v 0.061554 0.333161 0.892757
v 0.060962 0.331642 0.893220
v 0.079727 0.323800 0.904507
v 0.080168 0.329150 0.906527
v 0.079993 0.329422 0.904923
v 0.074880 0.332231 0.896127
v 0.077711 0.332727 0.907461
v 0.072804 0.333625 0.908290
v 0.069546 0.335182 0.901792
v 0.072480 0.335115 0.898985
v 0.066157 0.336467 0.895700
v 0.069344 0.335986 0.895260
v 0.071797 0.333398 0.891966
v 0.064374 0.335713 0.891331
v 0.062482 0.334413 0.891904
v 0.065398 0.332323 0.888577
v 0.067320 0.335761 0.891846
v 0.068373 0.333092 0.889534
v 0.101392 0.338688 0.910812
v 0.102746 0.344214 0.911971
v 0.105470 0.342900 0.913956
v 0.103994 0.337442 0.913189
v 0.093402 0.334321 0.919937
v 0.095412 0.333567 0.915424
v 0.098567 0.331787 0.918333
v 0.097501 0.332103 0.923699
v 0.091442 0.338919 0.922688
v 0.096909 0.336483 0.928039
v 0.102067 0.330502 0.926718
v 0.102198 0.330334 0.920636
v 0.116441 0.328235 0.924191
v 0.115821 0.329507 0.930526
v 0.098559 0.335451 0.912435
v 0.101245 0.334036 0.914769
v 0.106582 0.349066 0.919722
v 0.107438 0.346365 0.915621
v 0.104817 0.347471 0.916790
v 0.103026 0.349251 0.920452
v 0.120824 0.333733 0.916708
v 0.122010 0.339594 0.917807
v 0.118195 0.330300 0.919035
v 0.104419 0.348181 0.925956
v 0.102830 0.343244 0.931078
v 0.117606 0.343826 0.932241
v 0.119081 0.347143 0.927308
v 0.103898 0.332460 0.916264
v 0.107922 0.341619 0.913113
v 0.106332 0.336229 0.913047
v 0.102575 0.335713 0.930531
v 0.097399 0.343668 0.928490
v 0.084392 0.352963 0.911920
v 0.096157 0.349406 0.922764
v 0.099945 0.350489 0.918251
v 0.087408 0.354885 0.909205
v 0.099655 0.348607 0.925108
v 0.092991 0.344995 0.924769
v 0.091552 0.344576 0.901155
v 0.092343 0.349742 0.902831
v 0.089944 0.340822 0.903250
v 0.116498 0.335611 0.934365
v 0.120950 0.346736 0.921302
v 0.084474 0.339167 0.908388
v 0.087602 0.339176 0.905224
v 0.102092 0.348581 0.915003
v 0.090557 0.354048 0.906023
v 0.082629 0.348759 0.913953
v 0.082679 0.342469 0.913105
v 0.079788 0.350142 0.909426
v 0.080023 0.343802 0.908818
v 0.082161 0.340035 0.904856
v 0.085937 0.340112 0.902089
v 0.088508 0.341846 0.900369
v 0.081984 0.354214 0.907219
v 0.085004 0.355709 0.904981
v 0.089661 0.353797 0.904195
v 0.080568 0.355598 0.903073
v 0.076730 0.351694 0.902852
v 0.076833 0.345427 0.886764
v 0.078715 0.343889 0.892246
v 0.077843 0.344633 0.892714
v 0.075376 0.346148 0.887412
v 0.079000 0.342442 0.898888
v 0.077961 0.343676 0.897800
v 0.076542 0.346458 0.900163
v 0.074501 0.348453 0.894239
v 0.075800 0.354087 0.896067
v 0.073953 0.354702 0.890887
v 0.072414 0.349662 0.888950
v 0.076346 0.350927 0.900771
v 0.073950 0.347775 0.884837
v 0.074483 0.346658 0.883342
v 0.076914 0.345808 0.902589
v 0.083597 0.341061 0.897931
v 0.081408 0.343244 0.891064
v 0.079687 0.344770 0.885436
v 0.077926 0.347569 0.882359
v 0.084681 0.345099 0.890242
v 0.082286 0.346611 0.885487
v 0.080558 0.349111 0.882761
v 0.086543 0.347909 0.890150
v 0.084032 0.349289 0.886121
v 0.090071 0.345634 0.898451
v 0.087468 0.342484 0.897849
v 0.082036 0.350525 0.883921
v 0.072552 0.351033 0.883620
v 0.076080 0.352924 0.882175
v 0.072563 0.350593 0.885315
v 0.076625 0.355561 0.896873
v 0.074632 0.356902 0.890298
v 0.078921 0.357255 0.896597
v 0.076894 0.358405 0.890072
v 0.073013 0.355520 0.886258
v 0.072778 0.354512 0.886936
v 0.090642 0.345229 0.900191
v 0.091365 0.350013 0.901845
v 0.090853 0.350169 0.900043
v 0.087072 0.352633 0.890971
v 0.089148 0.354138 0.901993
v 0.083668 0.356678 0.901086
v 0.081923 0.357478 0.895145
v 0.084885 0.356317 0.892886
v 0.079669 0.358336 0.889508
v 0.082184 0.356921 0.889351
v 0.084572 0.353377 0.886865
v 0.078381 0.356770 0.885745
v 0.075350 0.356888 0.885681
v 0.079228 0.353406 0.882735
v 0.080864 0.356202 0.886101
v 0.081515 0.353554 0.883965
v 0.121888 0.344060 0.919055
v 0.104513 0.357501 0.914114
v 0.105163 0.361696 0.913995
v 0.106283 0.361838 0.915269
v 0.106724 0.357432 0.915207
v 0.100770 0.354077 0.924334
v 0.101629 0.353167 0.919756
v 0.105047 0.352042 0.922157
v 0.104502 0.353029 0.926596
v 0.100459 0.358244 0.927396
v 0.104039 0.357853 0.929287
v 0.108356 0.352964 0.927607
v 0.108814 0.351771 0.923080
v 0.124285 0.351442 0.925439
v 0.126100 0.353651 0.930248
v 0.127724 0.371142 0.921519
v 0.128447 0.368034 0.916522
v 0.120203 0.368446 0.917921
v 0.120889 0.370684 0.922282
v 0.103130 0.354623 0.916337
v 0.106254 0.353650 0.917630
v 0.107323 0.369521 0.921551
v 0.107823 0.366934 0.917370
v 0.106237 0.365913 0.916538
v 0.105074 0.369220 0.919758
v 0.126969 0.362862 0.914910
v 0.125925 0.357727 0.916633
v 0.122182 0.358662 0.915845
v 0.119417 0.363846 0.915857
v 0.121999 0.354048 0.919063
v 0.106892 0.368755 0.925918
v 0.106831 0.364431 0.930279
v 0.124300 0.367724 0.931738
v 0.123137 0.370315 0.927401
v 0.108096 0.353352 0.918827
v 0.108269 0.362453 0.915517
v 0.107697 0.357979 0.915826
v 0.107953 0.357733 0.930929
v 0.103455 0.364364 0.928318
v 0.094929 0.369792 0.918312
v 0.101836 0.369109 0.922859
v 0.103695 0.369285 0.918311
v 0.096642 0.370250 0.915578
v 0.103908 0.368655 0.924135
v 0.100042 0.364868 0.926283
v 0.098864 0.359260 0.909931
v 0.099520 0.364569 0.910685
v 0.097550 0.356524 0.911497
v 0.126542 0.359630 0.933079
v 0.093690 0.355860 0.918022
v 0.095338 0.355204 0.913880
v 0.104720 0.365773 0.915269
v 0.098532 0.368493 0.912707
v 0.093076 0.366373 0.920993
v 0.092921 0.360110 0.921891
v 0.089656 0.366515 0.917448
v 0.089840 0.360215 0.918325
v 0.091597 0.356085 0.914200
v 0.094441 0.355906 0.911508
v 0.096659 0.357304 0.909592
v 0.091886 0.369983 0.915127
v 0.094078 0.370429 0.913041
v 0.096903 0.368668 0.911125
v 0.089206 0.370027 0.911813
v 0.086200 0.366244 0.912100
v 0.085958 0.359636 0.900301
v 0.087969 0.358498 0.903854
v 0.087030 0.359041 0.904459
v 0.084951 0.359543 0.900810
v 0.089021 0.357551 0.909195
v 0.087749 0.358624 0.908618
v 0.086877 0.360958 0.911272
v 0.084390 0.361803 0.906509
v 0.083992 0.367169 0.906879
v 0.081998 0.367185 0.903073
v 0.082224 0.362391 0.903248
v 0.085357 0.364990 0.910792
v 0.082831 0.360423 0.899119
v 0.083002 0.360383 0.897714
v 0.087345 0.360502 0.913232
v 0.092893 0.356763 0.907876
v 0.089697 0.358365 0.901958
v 0.086684 0.359826 0.897995
v 0.083933 0.361901 0.896164
v 0.092028 0.359492 0.901579
v 0.088445 0.361029 0.896965
v 0.085803 0.363165 0.895376
v 0.094020 0.362224 0.901319
v 0.089966 0.363191 0.897256
v 0.097681 0.361428 0.906739
v 0.095673 0.358389 0.906816
v 0.087196 0.364147 0.895991
v 0.080600 0.363454 0.898420
v 0.082444 0.364895 0.896493
v 0.080432 0.363148 0.900023
v 0.084518 0.368530 0.906969
v 0.082240 0.368675 0.902289
v 0.086186 0.370372 0.906405
v 0.083738 0.369818 0.901121
v 0.080772 0.366995 0.899425
v 0.080703 0.365802 0.900951
v 0.098191 0.360737 0.908257
v 0.098397 0.364766 0.909313
v 0.097501 0.365735 0.907719
v 0.094132 0.366279 0.902146
v 0.095511 0.369391 0.909432
v 0.092160 0.370760 0.910880
v 0.088650 0.370878 0.905193
v 0.091543 0.369874 0.903560
v 0.085565 0.369936 0.899838
v 0.088374 0.369044 0.898900
v 0.090235 0.366486 0.897821
v 0.084138 0.367638 0.897067
v 0.082322 0.367606 0.897718
v 0.084376 0.365639 0.895939
v 0.086111 0.367506 0.896803
v 0.086721 0.366068 0.896254
v 0.127139 0.370409 0.925562
v 0.124642 0.297409 0.846284
v 0.122751 0.300978 0.850410
v 0.119342 0.314873 0.842287
v 0.118565 0.311382 0.848298
v 0.120789 0.313953 0.835750
v 0.125639 0.305273 0.831328
v 0.124076 0.310546 0.832396
v 0.119878 0.306304 0.851251
v 0.126714 0.296255 0.840684
v 0.127560 0.299237 0.834203
v 0.119020 0.293402 0.839848
v 0.119986 0.296745 0.832837
v 0.118395 0.302528 0.829302
v 0.117693 0.309198 0.831029
v 0.116180 0.312998 0.834018
v 0.118089 0.296581 0.846219
v 0.116628 0.300713 0.849877
v 0.115279 0.307228 0.850151
v 0.109902 0.297016 0.847134
v 0.101961 0.295828 0.840989
v 0.090541 0.305665 0.828914
v 0.097311 0.306440 0.829200
v 0.096678 0.303700 0.830008
v 0.090667 0.302964 0.829169
v 0.102337 0.303990 0.829681
v 0.100691 0.302641 0.830898
v 0.101774 0.298882 0.834542
v 0.096220 0.298472 0.833830
v 0.100229 0.297012 0.839123
v 0.096188 0.297093 0.839941
v 0.090721 0.297939 0.833316
v 0.087291 0.300816 0.829557
v 0.086023 0.297859 0.832982
v 0.085699 0.303599 0.830144
v 0.103092 0.296841 0.833429
v 0.107749 0.308644 0.829546
v 0.098932 0.309820 0.829882
v 0.090943 0.309070 0.830604
v 0.085475 0.306204 0.832165
v 0.099555 0.313001 0.833041
v 0.092287 0.311328 0.834259
v 0.087555 0.308402 0.836261
v 0.099790 0.313958 0.837882
v 0.093120 0.311406 0.838206
v 0.112249 0.314496 0.839423
v 0.110975 0.313213 0.833107
v 0.089510 0.308941 0.838362
v 0.083579 0.299098 0.833974
v 0.083423 0.301996 0.836358
v 0.097046 0.296934 0.843332
v 0.090974 0.296008 0.839400
v 0.090908 0.297060 0.842368
v 0.098721 0.298649 0.846678
v 0.091062 0.298879 0.844704
v 0.085992 0.297124 0.839389
v 0.087521 0.296155 0.837083
v 0.115816 0.314685 0.840078
v 0.115820 0.312203 0.846262
v 0.112463 0.311878 0.845726
v 0.100556 0.311581 0.844149
v 0.111126 0.307333 0.849890
v 0.110239 0.301174 0.849945
v 0.099311 0.301940 0.848629
v 0.100193 0.306760 0.848110
v 0.091756 0.302395 0.845687
v 0.092642 0.305332 0.845114
v 0.092836 0.309370 0.842183
v 0.087498 0.302848 0.842561
v 0.086126 0.299560 0.841654
v 0.085844 0.305074 0.839120
v 0.089440 0.304943 0.842881
v 0.088783 0.306943 0.840583
v 0.132494 0.368815 0.914998
v 0.130816 0.362697 0.912504
v 0.134314 0.365826 0.909693
v 0.138415 0.369235 0.903117
v 0.145287 0.376485 0.900404
v 0.138584 0.362541 0.900875
v 0.134040 0.359358 0.907994
v 0.129090 0.354677 0.912878
v 0.144315 0.358716 0.893540
f 1558 1559 1557
f 1557 1559 1560
f 1561 1562 1564
f 1564 1562 1563
f 1565 1560 1566
f 1566 1560 1559
f 1568 1569 1567
f 1567 1569 1565
f 1570 1568 1572
f 1572 1568 1571
f 1574 1575 1573
f 1573 1575 1576
f 1578 1579 1577
f 1577 1579 1580
f 1582 1583 1581
f 1581 1583 1584
f 1586 1587 1585
f 1585 1587 1588
f 1589 1590 1592
f 1592 1590 1591
f 1593 1594 1596
f 1596 1594 1595
f 1597 1598 1562
f 1562 1598 1599
f 1562 1599 1563
f 1563 1599 1600
f 1601 1590 1602
f 1602 1590 1589
f 1604 1605 1603
f 1603 1605 1606
f 1608 1609 1607
f 1607 1609 1610
f 1612 1608 1611
f 1611 1608 1607
f 1614 1615 1613
f 1613 1615 1616
f 1617 1618 1560
f 1560 1618 1557
f 1620 1621 1619
f 1619 1621 1622
f 1624 1625 1623
f 1623 1625 1626
f 1628 1629 1627
f 1627 1629 1630
f 1632 1633 1631
f 1631 1633 1634
f 1609 1635 1610
f 1610 1635 1636
f 1638 1639 1637
f 1637 1639 1640
f 1641 1642 1608
f 1608 1642 1609
f 1613 1616 1643
f 1643 1616 1644
f 1645 1646 1599
f 1599 1646 1600
f 1599 1598 1645
f 1645 1598 1647
f 1596 1595 1648
f 1648 1595 1649
f 1650 1626 1620
f 1620 1626 1625
f 1569 1617 1565
f 1565 1617 1560
f 1581 1584 1625
f 1625 1584 1651
f 1652 1581 1624
f 1624 1581 1625
f 1654 1655 1653
f 1653 1655 1656
f 1657 1658 1660
f 1660 1658 1659
f 1662 1586 1661
f 1661 1586 1585
f 1607 1610 1663
f 1663 1610 1664
f 1610 1636 1664
f 1664 1636 1665
f 1667 1668 1666
f 1666 1668 1669
f 1671 1561 1670
f 1670 1561 1672
f 1671 1597 1561
f 1561 1597 1562
f 1592 1591 1667
f 1667 1591 1673
f 1591 1674 1673
f 1673 1674 1675
f 1590 1676 1591
f 1591 1676 1674
f 1590 1601 1676
f 1676 1601 1677
f 1681 1682 1680
f 1680 1682 1683
f 1684 1685 1570
f 1570 1685 1686
f 1589 1687 1602
f 1602 1687 1688
f 1689 1650 1619
f 1619 1650 1620
f 1690 1691 1693
f 1693 1691 1692
f 1695 1696 1694
f 1694 1696 1697
f 1633 1698 1634
f 1634 1698 1699
f 1700 1701 1576
f 1576 1701 1702
f 1704 1705 1703
f 1703 1705 1628
f 1707 1708 1706
f 1706 1708 1709
f 1638 1657 1639
f 1639 1657 1660
f 1657 1638 1711
f 1711 1638 1710
f 1712 1713 1614
f 1614 1713 1615
f 1714 1624 1703
f 1703 1624 1623
f 1715 1702 1571
f 1571 1702 1572
f 1624 1714 1652
f 1652 1714 1716
f 1685 1622 1686
f 1686 1622 1621
f 1718 1719 1717
f 1717 1719 1720
f 1722 1723 1721
f 1721 1723 1724
f 1726 1727 1725
f 1725 1727 1728
f 1730 1727 1729
f 1729 1727 1726
f 1732 1733 1731
f 1731 1733 1734
f 1736 1737 1735
f 1735 1737 1580
f 1738 1739 1577
f 1577 1739 1740
f 1637 1741 1638
f 1638 1741 1710
f 1742 1743 1744
f 1744 1743 1700
f 1714 1627 1716
f 1716 1627 1745
f 1746 1691 1713
f 1713 1691 1615
f 1725 1728 1695
f 1695 1728 1696
f 1703 1628 1714
f 1714 1628 1627
f 1748 1749 1747
f 1747 1749 1750
f 1723 1722 1605
f 1605 1722 1751
f 1752 1746 1606
f 1606 1746 1713
f 1753 1754 1756
f 1756 1754 1755
f 1577 1580 1738
f 1738 1580 1737
f 1702 1715 1576
f 1576 1715 1573
f 1738 1737 1637
f 1637 1737 1741
f 1757 1741 1736
f 1736 1741 1737
f 1758 1759 1639
f 1639 1759 1640
f 1761 1762 1760
f 1760 1762 1641
f 1763 1578 1740
f 1740 1578 1577
f 1735 1580 1764
f 1764 1580 1579
f 1764 1765 1735
f 1735 1765 1761
f 1765 1766 1761
f 1761 1766 1762
f 1768 1762 1767
f 1767 1762 1766
f 1735 1761 1736
f 1736 1761 1760
f 1769 1732 1644
f 1644 1732 1770
f 1642 1641 1768
f 1768 1641 1762
f 1749 1773 1774
f 1773 1775 1774
f 1774 1775 1776
f 1775 1574 1776
f 1776 1574 1573
f 1575 1777 1576
f 1576 1777 1700
f 1778 1779 1781
f 1781 1779 1780
f 1731 1782 1732
f 1732 1782 1770
f 1783 1643 1770
f 1770 1643 1644
f 1776 1573 1784
f 1784 1573 1715
f 1690 1769 1616
f 1616 1769 1644
f 1694 1785 1707
f 1707 1785 1708
f 1749 1748 1766
f 1766 1748 1767
f 1786 1750 1774
f 1774 1750 1749
f 1787 1788 1784
f 1784 1788 1786
f 1789 1790 1647
f 1647 1790 1645
f 1791 1792 1649
f 1649 1792 1648
f 1786 1788 1790
f 1790 1788 1793
f 1603 1794 1604
f 1604 1794 1795
f 1796 1747 1791
f 1791 1747 1792
f 1561 1564 1672
f 1672 1564 1797
f 1798 1799 1745
f 1745 1799 1716
f 1800 1801 1654
f 1654 1801 1655
f 1712 1802 1603
f 1603 1802 1794
f 1632 1803 1633
f 1633 1803 1804
f 1806 1681 1805
f 1805 1681 1680
f 1808 1809 1807
f 1807 1809 1810
f 1667 1666 1592
f 1592 1666 1811
f 1812 1589 1811
f 1811 1589 1592
f 1813 1814 1710
f 1710 1814 1711
f 1619 1725 1689
f 1689 1725 1695
f 1622 1726 1619
f 1619 1726 1725
f 1729 1726 1685
f 1685 1726 1622
f 1685 1684 1729
f 1729 1684 1815
f 1684 1816 1815
f 1815 1816 1817
f 1769 1690 1818
f 1818 1690 1693
f 1819 1820 1742
f 1742 1820 1743
f 1668 1821 1669
f 1669 1821 1822
f 1567 1823 1824
f 1790 1789 1786
f 1786 1789 1750
f 1709 1825 1626
f 1626 1825 1623
f 1731 1734 1721
f 1721 1734 1697
f 1706 1709 1650
f 1650 1709 1626
f 1827 1777 1826
f 1826 1777 1763
f 1825 1709 1828
f 1828 1709 1708
f 1677 1601 1665
f 1665 1601 1664
f 1603 1606 1712
f 1712 1606 1713
f 1613 1829 1614
f 1614 1829 1830
f 1701 1831 1816
f 1816 1831 1817
f 1832 1705 1699
f 1699 1705 1634
f 1704 1825 1631
f 1631 1825 1828
f 1763 1833 1826
f 1826 1833 1834
f 1751 1752 1605
f 1605 1752 1606
f 1615 1691 1616
f 1616 1691 1690
f 1639 1660 1758
f 1758 1660 1835
f 1705 1704 1634
f 1634 1704 1631
f 1803 1834 1804
f 1804 1834 1833
f 1739 1738 1640
f 1640 1738 1637
f 1604 1795 1837
f 1837 1795 1838
f 1783 1779 1839
f 1839 1779 1778
f 1779 1782 1780
f 1780 1782 1724
f 1837 1838 1780
f 1780 1838 1781
f 1721 1724 1731
f 1731 1724 1782
f 1820 1819 1694
f 1694 1819 1785
f 1570 1572 1684
f 1684 1572 1816
f 1776 1784 1774
f 1774 1784 1786
f 1643 1783 1840
f 1840 1783 1839
f 1816 1572 1701
f 1701 1572 1702
f 1800 1654 1814
f 1814 1654 1711
f 1614 1830 1712
f 1712 1830 1802
f 1663 1841 1607
f 1607 1841 1611
f 1799 1842 1716
f 1716 1842 1652
f 1790 1793 1645
f 1645 1793 1646
f 1602 1688 1663
f 1663 1688 1841
f 1809 1808 1805
f 1805 1808 1806
f 1842 1582 1652
f 1652 1582 1581
f 1662 1661 1843
f 1843 1661 1844
f 1828 1708 1845
f 1845 1708 1785
f 1694 1707 1695
f 1695 1707 1689
f 1739 1846 1717
f 1717 1846 1718
f 1847 1848 1833
f 1833 1848 1849
f 1707 1706 1689
f 1689 1706 1650
f 1818 1831 1733
f 1733 1831 1743
f 1700 1743 1701
f 1701 1743 1831
f 1829 1613 1840
f 1840 1613 1643
f 1730 1692 1746
f 1746 1692 1691
f 1667 1673 1668
f 1668 1673 1594
f 1673 1675 1594
f 1594 1675 1679
f 1668 1594 1821
f 1821 1594 1593
f 1843 1844 1810
f 1810 1844 1807
f 1784 1715 1787
f 1787 1715 1571
f 1779 1783 1782
f 1782 1783 1770
f 1703 1623 1704
f 1704 1623 1825
f 1780 1724 1837
f 1837 1724 1723
f 1755 1719 1756
f 1756 1719 1718
f 1601 1602 1664
f 1664 1602 1663
f 1837 1723 1604
f 1604 1723 1605
f 1717 1720 1847
f 1847 1720 1848
f 1594 1679 1595
f 1849 1850 1833
f 1833 1850 1804
f 1840 1839 1852
f 1852 1839 1851
f 1840 1852 1829
f 1829 1852 1853
f 1830 1829 1854
f 1854 1829 1853
f 1802 1830 1855
f 1855 1830 1854
f 1839 1778 1851
f 1851 1778 1856
f 1778 1781 1856
f 1856 1781 1857
f 1857 1781 1858
f 1858 1781 1838
f 1859 1860 1856
f 1856 1860 1851
f 1862 1863 1861
f 1861 1863 1864
f 1865 1866 1864
f 1864 1866 1861
f 1864 1863 1868
f 1868 1863 1867
f 1869 1870 1868
f 1868 1870 1871
f 1867 1872 1868
f 1868 1872 1869
f 1873 1860 1867
f 1867 1860 1872
f 1871 1865 1868
f 1868 1865 1864
f 1874 1875 1877
f 1877 1875 1876
f 1875 1874 1865
f 1865 1874 1866
f 1867 1863 1873
f 1873 1863 1862
f 1862 1853 1873
f 1873 1853 1852
f 1862 1878 1853
f 1853 1878 1854
f 1861 1879 1862
f 1862 1879 1878
f 1879 1861 1880
f 1880 1861 1866
f 1860 1873 1851
f 1851 1873 1852
f 1874 1881 1866
f 1866 1881 1880
f 1879 1880 1882
f 1882 1880 1883
f 1880 1881 1883
f 1883 1881 1884
f 1882 1883 1885
f 1885 1883 1886
f 1885 1887 1882
f 1882 1887 1888
f 1889 1886 1884
f 1884 1886 1883
f 1879 1882 1878
f 1878 1882 1888
f 1878 1888 1854
f 1854 1888 1855
f 1881 1874 1890
f 1890 1874 1877
f 1869 1872 1891
f 1891 1872 1860
f 1891 1892 1869
f 1869 1892 1870
f 1860 1859 1891
f 1891 1859 1893
f 1892 1891 1894
f 1894 1891 1893
f 1892 1895 1870
f 1870 1895 1896
f 1802 1855 1794
f 1794 1855 1897
f 1795 1898 1838
f 1838 1898 1858
f 1898 1795 1897
f 1897 1795 1794
f 1897 1887 1898
f 1898 1887 1899
f 1887 1885 1899
f 1899 1885 1900
f 1898 1899 1858
f 1858 1899 1901
f 1897 1855 1887
f 1887 1855 1888
f 1902 1857 1901
f 1901 1857 1858
f 1902 1859 1857
f 1857 1859 1856
f 1903 1893 1902
f 1902 1893 1859
f 1903 1902 1904
f 1904 1902 1901
f 1905 1903 1906
f 1906 1903 1904
f 1899 1900 1901
f 1901 1900 1904
f 1900 1907 1904
f 1904 1907 1906
f 1893 1903 1894
f 1894 1903 1905
f 1909 1894 1908
f 1908 1894 1905
f 1908 1911 1910
f 1910 1911 1912
f 1908 1905 1911
f 1911 1905 1906
f 1908 1910 1909
f 1909 1910 1890
f 1909 1890 1895
f 1895 1890 1877
f 1895 1892 1909
f 1909 1892 1894
f 1885 1886 1900
f 1900 1886 1907
f 1912 1907 1889
f 1889 1907 1886
f 1912 1911 1907
f 1907 1911 1906
f 1910 1912 1884
f 1884 1912 1889
f 1884 1881 1910
f 1910 1881 1890
f 1865 1871 1875
f 1875 1871 1876
f 1876 1896 1877
f 1877 1896 1895
f 1876 1871 1896
f 1896 1871 1870
f 1693 1692 1817
f 1817 1692 1815
f 1696 1722 1697
f 1697 1722 1721
f 1728 1727 1751
f 1751 1727 1752
f 1727 1730 1752
f 1752 1730 1746
f 1734 1733 1820
f 1820 1733 1743
f 1728 1751 1696
f 1696 1751 1722
f 1693 1817 1818
f 1818 1817 1831
f 1734 1820 1697
f 1697 1820 1694
f 1818 1733 1769
f 1769 1733 1732
f 1692 1730 1815
f 1815 1730 1729
f 1914 1915 1913
f 1913 1915 1916
f 1918 1919 1917
f 1917 1919 1920
f 1917 1920 1921
f 1921 1920 1922
f 1923 1924 1926
f 1926 1924 1925
f 1632 1927 1803
f 1803 1927 1928
f 1929 1930 1918
f 1918 1930 1919
f 1932 1933 1931
f 1931 1933 1934
f 1845 1785 1936
f 1936 1785 1935
f 1937 1935 1819
f 1819 1935 1785
f 1939 1940 1938
f 1938 1940 1941
f 1942 1924 1930
f 1930 1924 1919
f 1632 1845 1927
f 1927 1845 1936
f 1933 1932 1915
f 1915 1932 1943
f 1944 1942 1916
f 1916 1942 1930
f 1945 1939 1922
f 1922 1939 1946
f 1948 1949 1947
f 1947 1949 1950
f 1939 1938 1946
f 1946 1938 1951
f 1952 1921 1946
f 1946 1921 1922
f 1945 1922 1923
f 1923 1922 1920
f 1913 1953 1914
f 1914 1953 1954
f 1929 1955 1913
f 1913 1955 1953
f 1945 1923 1956
f 1956 1923 1926
f 1938 1941 1931
f 1931 1941 1928
f 1913 1916 1929
f 1929 1916 1930
f 1917 1957 1918
f 1918 1957 1958
f 1943 1944 1915
f 1915 1944 1916
f 1919 1924 1920
f 1920 1924 1923
f 1914 1954 1959
f 1959 1954 1960
f 1952 1948 1961
f 1961 1948 1947
f 1948 1951 1949
f 1949 1951 1934
f 1949 1959 1950
f 1950 1959 1960
f 1931 1934 1938
f 1938 1934 1951
f 1921 1952 1962
f 1962 1952 1961
f 1918 1958 1929
f 1929 1958 1955
f 1827 1826 1956
f 1956 1826 1940
f 1957 1917 1962
f 1962 1917 1921
f 1937 1925 1942
f 1942 1925 1924
f 1948 1952 1951
f 1951 1952 1946
f 1949 1934 1959
f 1959 1934 1933
f 1959 1933 1914
f 1914 1933 1915
f 1962 1961 1964
f 1964 1961 1963
f 1962 1964 1957
f 1957 1964 1965
f 1957 1965 1958
f 1958 1965 1966
f 1958 1966 1955
f 1955 1966 1967
f 1961 1947 1963
f 1963 1947 1968
f 1947 1950 1968
f 1968 1950 1969
f 1950 1960 1969
f 1969 1960 1970
f 1971 1972 1968
f 1968 1972 1963
f 1974 1975 1973
f 1973 1975 1976
f 1977 1978 1974
f 1974 1978 1975
f 1975 1978 1980
f 1980 1978 1979
f 1981 1982 1980
f 1980 1982 1983
f 1979 1984 1980
f 1980 1984 1981
f 1983 1976 1980
f 1980 1976 1975
f 1976 1985 1973
f 1973 1985 1986
f 1979 1978 1987
f 1987 1978 1977
f 1977 1965 1987
f 1987 1965 1964
f 1977 1988 1965
f 1965 1988 1966
f 1974 1989 1977
f 1977 1989 1988
f 1990 1989 1973
f 1973 1989 1974
f 1987 1972 1979
f 1979 1972 1984
f 1972 1987 1963
f 1963 1987 1964
f 1991 1990 1986
f 1986 1990 1973
f 1989 1990 1992
f 1992 1990 1993
f 1990 1991 1993
f 1993 1991 1994
f 1992 1993 1995
f 1995 1993 1996
f 1995 1997 1992
f 1992 1997 1998
f 1994 1999 1993
f 1993 1999 1996
f 1992 1998 1989
f 1989 1998 1988
f 1988 1998 1966
f 1966 1998 1967
f 1991 1986 2001
f 2001 1986 2000
f 1986 1985 2000
f 2000 1985 2002
f 1981 1984 2003
f 2003 1984 1972
f 1982 1981 2004
f 2004 1981 2003
f 1972 1971 2003
f 2003 1971 2005
f 2003 2005 2004
f 2004 2005 2006
f 2007 2008 2004
f 2004 2008 1982
f 2002 2008 2000
f 2000 2008 2007
f 1955 1967 1953
f 1953 1967 2009
f 1954 2010 1960
f 1960 2010 1970
f 2010 1954 2009
f 2009 1954 1953
f 2009 1997 2010
f 2010 1997 2011
f 1997 1995 2011
f 2011 1995 2012
f 2010 2011 1970
f 1970 2011 2013
f 1997 2009 1998
f 1998 2009 1967
f 2014 1969 2013
f 2013 1969 1970
f 2014 1971 1969
f 1969 1971 1968
f 2014 2015 1971
f 1971 2015 2005
f 2015 2014 2016
f 2016 2014 2013
f 2017 2015 2018
f 2018 2015 2016
f 2011 2012 2013
f 2013 2012 2016
f 2012 2019 2016
f 2016 2019 2018
f 2015 2017 2005
f 2005 2017 2006
f 2021 2006 2020
f 2020 2006 2017
f 2020 2023 2022
f 2022 2023 2024
f 2020 2017 2023
f 2023 2017 2018
f 2020 2022 2021
f 2021 2022 2001
f 2021 2001 2007
f 2007 2001 2000
f 2007 2004 2021
f 2021 2004 2006
f 1995 1996 2012
f 2012 1996 2019
f 2024 2019 1999
f 1999 2019 1996
f 2024 2023 2019
f 2019 2023 2018
f 2022 2024 1994
f 1994 2024 1999
f 1994 1991 2022
f 2022 1991 2001
f 1976 1983 1985
f 1985 1983 2002
f 2002 1983 2008
f 2008 1983 1982
f 1926 1925 1744
f 1744 1925 1742
f 1927 1932 1928
f 1928 1932 1931
f 1936 1935 1943
f 1943 1935 1944
f 1935 1937 1944
f 1944 1937 1942
f 1941 1940 1834
f 1834 1940 1826
f 1936 1943 1927
f 1927 1943 1932
f 1956 1926 1827
f 1827 1926 1744
f 1941 1834 1928
f 1928 1834 1803
f 1956 1940 1945
f 1945 1940 1939
f 1925 1937 1742
f 1742 1937 1819
f 1777 1827 1700
f 1700 1827 1744
f 1777 1575 1763
f 1763 1575 1578
f 1575 1574 1578
f 1578 1574 1579
f 1574 1775 1579
f 1579 1775 1764
f 2025 2026 2028
f 2028 2026 2027
f 2030 2031 2029
f 2029 2031 2032
f 2029 2032 2033
f 2033 2032 2034
f 2036 2037 2035
f 2035 2037 2038
f 2039 2040 2030
f 2030 2040 2031
f 2042 2043 2041
f 2041 2043 2044
f 2045 2046 1633
f 1633 2046 1698
f 2047 2045 1804
f 1804 2045 1633
f 2049 2050 2048
f 2048 2050 2051
f 2052 2036 2040
f 2040 2036 2031
f 2042 2053 2043
f 2043 2053 2027
f 2054 2052 2028
f 2028 2052 2040
f 2055 2049 2034
f 2034 2049 2056
f 2057 2058 2060
f 2060 2058 2059
f 2049 2048 2056
f 2056 2048 2061
f 2062 2033 2056
f 2056 2033 2034
f 2055 2034 2035
f 2035 2034 2032
f 2025 2063 2026
f 2026 2063 2064
f 2039 2065 2025
f 2025 2065 2063
f 2035 2038 2055
f 2055 2038 2066
f 2048 2051 2041
f 2041 2051 2067
f 2039 2025 2040
f 2040 2025 2028
f 2029 2068 2030
f 2030 2068 2069
f 2053 2054 2027
f 2027 2054 2028
f 2031 2036 2032
f 2032 2036 2035
f 2026 2064 2070
f 2070 2064 2071
f 2062 2058 2072
f 2072 2058 2057
f 2059 2058 2044
f 2044 2058 2061
f 2070 2071 2059
f 2059 2071 2060
f 2041 2044 2048
f 2048 2044 2061
f 2033 2062 2073
f 2073 2062 2072
f 2030 2069 2039
f 2039 2069 2065
f 2066 1848 2050
f 2050 1848 1720
f 2068 2029 2073
f 2073 2029 2033
f 2047 2037 2052
f 2052 2037 2036
f 2058 2062 2061
f 2061 2062 2056
f 2059 2044 2070
f 2070 2044 2043
f 2070 2043 2026
f 2026 2043 2027
f 2073 2072 2075
f 2075 2072 2074
f 2073 2075 2068
f 2068 2075 2076
f 2068 2076 2069
f 2069 2076 2077
f 2069 2077 2065
f 2065 2077 2078
f 2072 2057 2074
f 2074 2057 2079
f 2057 2060 2079
f 2079 2060 2080
f 2080 2060 2081
f 2081 2060 2071
f 2082 2083 2079
f 2079 2083 2074
f 2085 2086 2084
f 2084 2086 2087
f 2088 2089 2085
f 2085 2089 2086
f 2086 2089 2091
f 2091 2089 2090
f 2092 2093 2091
f 2091 2093 2094
f 2090 2095 2091
f 2091 2095 2092
f 2094 2087 2091
f 2091 2087 2086
f 2096 2097 2087
f 2087 2097 2084
f 2089 2088 2090
f 2090 2088 2098
f 2088 2076 2098
f 2098 2076 2075
f 2088 2099 2076
f 2076 2099 2077
f 2085 2100 2088
f 2088 2100 2099
f 2100 2085 2101
f 2101 2085 2084
f 2090 2098 2095
f 2095 2098 2083
f 2083 2098 2074
f 2074 2098 2075
f 2097 2102 2084
f 2084 2102 2101
f 2103 2100 2104
f 2104 2100 2101
f 2102 2105 2101
f 2101 2105 2104
f 2106 2103 2107
f 2107 2103 2104
f 2103 2106 2109
f 2109 2106 2108
f 2105 2110 2104
f 2104 2110 2107
f 2100 2103 2099
f 2099 2103 2109
f 2099 2109 2077
f 2077 2109 2078
f 2102 2097 2112
f 2112 2097 2111
f 2097 2096 2111
f 2111 2096 2113
f 2092 2095 2114
f 2114 2095 2083
f 2093 2092 2115
f 2115 2092 2114
f 2083 2082 2114
f 2114 2082 2116
f 2115 2114 2117
f 2117 2114 2116
f 2115 2118 2093
f 2093 2118 2119
f 2113 2119 2111
f 2111 2119 2118
f 2065 2078 2063
f 2063 2078 2120
f 2064 2121 2071
f 2071 2121 2081
f 2121 2064 2120
f 2120 2064 2063
f 2120 2108 2121
f 2121 2108 2122
f 2108 2106 2122
f 2122 2106 2123
f 2121 2122 2081
f 2081 2122 2124
f 2120 2078 2108
f 2108 2078 2109
f 2125 2080 2124
f 2124 2080 2081
f 2125 2082 2080
f 2080 2082 2079
f 2126 2116 2125
f 2125 2116 2082
f 2126 2125 2127
f 2127 2125 2124
f 2128 2126 2129
f 2129 2126 2127
f 2122 2123 2124
f 2124 2123 2127
f 2123 2130 2127
f 2127 2130 2129
f 2126 2128 2116
f 2116 2128 2117
f 2132 2117 2131
f 2131 2117 2128
f 2131 2134 2133
f 2133 2134 2135
f 2131 2128 2134
f 2134 2128 2129
f 2131 2133 2132
f 2132 2133 2112
f 2132 2112 2118
f 2118 2112 2111
f 2118 2115 2132
f 2132 2115 2117
f 2106 2107 2123
f 2123 2107 2130
f 2135 2130 2110
f 2110 2130 2107
f 2135 2134 2130
f 2130 2134 2129
f 2135 2110 2133
f 2133 2110 2105
f 2105 2102 2133
f 2133 2102 2112
f 2087 2094 2096
f 2096 2094 2113
f 2113 2094 2119
f 2119 2094 2093
f 2037 1850 2038
f 2038 1850 1849
f 2136 2042 2067
f 2067 2042 2041
f 2046 2045 2053
f 2053 2045 2054
f 2045 2047 2054
f 2054 2047 2052
f 1719 2051 1720
f 1720 2051 2050
f 2136 2046 2042
f 2042 2046 2053
f 2038 1849 2066
f 2066 1849 1848
f 2051 1719 2067
f 2067 1719 1755
f 2050 2049 2066
f 2066 2049 2055
f 2037 2047 1850
f 1850 2047 1804
f 2138 2139 2137
f 2137 2139 2140
f 2142 2143 2141
f 2141 2143 2144
f 2141 2144 2145
f 2145 2144 2146
f 2148 2149 2147
f 2147 2149 2150
f 2151 2152 2154
f 2154 2152 2153
f 2155 2156 2142
f 2142 2156 2143
f 2157 2158 2160
f 2160 2158 2159
f 2161 2162 2164
f 2164 2162 2163
f 2165 2163 1756
f 1756 2163 2162
f 2166 2167 2169
f 2169 2167 2168
f 2156 2170 2143
f 2143 2170 2148
f 2152 2161 2153
f 2153 2161 2164
f 2158 2171 2159
f 2159 2171 2139
f 2172 2170 2140
f 2140 2170 2156
f 2167 2174 2173
f 2173 2174 2146
f 2176 2177 2175
f 2175 2177 2178
f 2166 2179 2167
f 2167 2179 2174
f 2180 2145 2174
f 2174 2145 2146
f 2173 2146 2147
f 2147 2146 2144
f 2137 2181 2138
f 2138 2181 2182
f 2155 2183 2137
f 2137 2183 2181
f 2147 2150 2173
f 2173 2150 2184
f 2157 2166 2154
f 2154 2166 2169
f 2137 2140 2155
f 2155 2140 2156
f 2141 2185 2142
f 2142 2185 2186
f 2171 2172 2139
f 2139 2172 2140
f 2143 2148 2144
f 2144 2148 2147
f 2138 2182 2187
f 2187 2182 2188
f 2180 2176 2189
f 2189 2176 2175
f 2177 2176 2160
f 2160 2176 2179
f 2187 2188 2177
f 2177 2188 2178
f 2166 2157 2179
f 2179 2157 2160
f 2145 2180 2190
f 2190 2180 2189
f 2142 2186 2155
f 2155 2186 2183
f 1759 1758 2184
f 2184 1758 2168
f 2185 2141 2190
f 2190 2141 2145
f 2165 2149 2170
f 2170 2149 2148
f 2176 2180 2179
f 2179 2180 2174
f 2187 2177 2159
f 2159 2177 2160
f 2138 2187 2139
f 2139 2187 2159
f 2190 2189 2192
f 2192 2189 2191
f 2190 2192 2185
f 2185 2192 2193
f 2185 2193 2186
f 2186 2193 2194
f 2186 2194 2183
f 2183 2194 2195
f 2189 2175 2191
f 2191 2175 2196
f 2175 2178 2196
f 2196 2178 2197
f 2197 2178 2198
f 2198 2178 2188
f 2200 2191 2199
f 2199 2191 2196
f 2201 2202 2204
f 2204 2202 2203
f 2205 2206 2202
f 2202 2206 2203
f 2203 2206 2208
f 2208 2206 2207
f 2208 2209 2211
f 2211 2209 2210
f 2207 2212 2208
f 2208 2212 2209
f 2211 2204 2208
f 2208 2204 2203
f 2204 2213 2201
f 2201 2213 2214
f 2206 2205 2207
f 2207 2205 2215
f 2205 2193 2215
f 2215 2193 2192
f 2205 2216 2193
f 2193 2216 2194
f 2217 2216 2202
f 2202 2216 2205
f 2218 2217 2201
f 2201 2217 2202
f 2207 2215 2212
f 2212 2215 2200
f 2200 2215 2191
f 2191 2215 2192
f 2219 2218 2214
f 2214 2218 2201
f 2220 2217 2221
f 2221 2217 2218
f 2219 2222 2218
f 2218 2222 2221
f 2223 2220 2224
f 2224 2220 2221
f 2220 2223 2226
f 2226 2223 2225
f 2222 2227 2221
f 2221 2227 2224
f 2217 2220 2216
f 2216 2220 2226
f 2216 2226 2194
f 2194 2226 2195
f 2214 2228 2219
f 2219 2228 2229
f 2214 2213 2228
f 2228 2213 2230
f 2209 2212 2231
f 2231 2212 2200
f 2209 2231 2210
f 2210 2231 2232
f 2231 2200 2233
f 2233 2200 2199
f 2232 2231 2234
f 2234 2231 2233
f 2235 2236 2232
f 2232 2236 2210
f 2230 2236 2228
f 2228 2236 2235
f 2183 2195 2181
f 2181 2195 2237
f 2182 2238 2188
f 2188 2238 2198
f 2237 2238 2181
f 2181 2238 2182
f 2225 2239 2237
f 2237 2239 2238
f 2223 2240 2225
f 2225 2240 2239
f 2238 2239 2198
f 2198 2239 2241
f 2237 2195 2225
f 2225 2195 2226
f 2242 2197 2241
f 2241 2197 2198
f 2197 2242 2196
f 2196 2242 2199
f 2242 2243 2199
f 2199 2243 2233
f 2243 2242 2244
f 2244 2242 2241
f 2245 2243 2246
f 2246 2243 2244
f 2239 2240 2241
f 2241 2240 2244
f 2240 2247 2244
f 2244 2247 2246
f 2243 2245 2233
f 2233 2245 2234
f 2249 2234 2248
f 2248 2234 2245
f 2248 2251 2250
f 2250 2251 2252
f 2248 2245 2251
f 2251 2245 2246
f 2248 2250 2249
f 2249 2250 2229
f 2249 2229 2235
f 2235 2229 2228
f 2235 2232 2249
f 2249 2232 2234
f 2240 2223 2247
f 2247 2223 2224
f 2252 2247 2227
f 2227 2247 2224
f 2252 2251 2247
f 2247 2251 2246
f 2250 2252 2222
f 2222 2252 2227
f 2222 2219 2250
f 2250 2219 2229
f 2204 2211 2213
f 2213 2211 2230
f 2230 2211 2236
f 2236 2211 2210
f 2149 1718 2150
f 2150 1718 1846
f 2154 2153 2157
f 2157 2153 2158
f 2171 2164 2172
f 2172 2164 2163
f 2163 2165 2172
f 2172 2165 2170
f 2253 2151 2169
f 2169 2151 2154
f 2153 2164 2158
f 2158 2164 2171
f 2150 1846 2184
f 2184 1846 1759
f 2184 2168 2173
f 2173 2168 2167
f 2149 2165 1718
f 1718 2165 1756
f 1661 1585 2254
f 2254 1585 2255
f 1824 1682 2257
f 2257 1682 2256
f 1682 1681 2256
f 2256 1681 2258
f 1808 2259 1806
f 1806 2259 2260
f 1588 1824 2261
f 2261 1824 2257
f 1844 1661 2262
f 2262 1661 2254
f 1585 1588 2255
f 2255 1588 2261
f 2263 1807 2262
f 2262 1807 1844
f 1806 2260 1681
f 1681 2260 2258
f 2259 1808 2263
f 2263 1808 1807
f 2262 2264 2263
f 2263 2264 2265
f 2263 2265 2259
f 2259 2265 2266
f 2259 2266 2260
f 2260 2266 2267
f 2260 2267 2258
f 2258 2267 2268
f 2262 2254 2264
f 2264 2254 2269
f 2254 2255 2269
f 2269 2255 2270
f 2255 2261 2270
f 2270 2261 2271
f 2273 2264 2272
f 2272 2264 2269
f 2275 2276 2274
f 2274 2276 2277
f 2278 2279 2275
f 2275 2279 2276
f 2280 2281 2279
f 2279 2281 2276
f 2280 2282 2281
f 2281 2282 2283
f 2284 2277 2281
f 2281 2277 2276
f 2277 2284 2285
f 2285 2284 2286
f 2285 2287 2277
f 2277 2287 2274
f 2280 2279 2288
f 2288 2279 2278
f 2278 2266 2288
f 2288 2266 2265
f 2278 2289 2266
f 2266 2289 2267
f 2275 2290 2278
f 2278 2290 2289
f 2290 2275 2291
f 2291 2275 2274
f 2280 2288 2282
f 2282 2288 2273
f 2273 2288 2264
f 2264 2288 2265
f 2287 2292 2274
f 2274 2292 2291
f 2293 2290 2294
f 2294 2290 2291
f 2292 2295 2291
f 2291 2295 2294
f 2296 2293 2297
f 2297 2293 2294
f 2293 2296 2299
f 2299 2296 2298
f 2295 2300 2294
f 2294 2300 2297
f 2290 2293 2289
f 2289 2293 2299
f 2289 2299 2267
f 2267 2299 2268
f 2292 2287 2302
f 2302 2287 2301
f 2287 2285 2301
f 2301 2285 2286
f 2283 2282 2303
f 2303 2282 2273
f 2304 2283 2305
f 2305 2283 2303
f 2303 2273 2306
f 2306 2273 2272
f 2305 2303 2307
f 2307 2303 2306
f 2305 2308 2304
f 2304 2308 2309
f 2286 2309 2301
f 2301 2309 2308
f 2284 2281 2304
f 2304 2281 2283
f 2286 2284 2309
f 2309 2284 2304
f 2256 2258 2310
f 2310 2258 2268
f 2261 2257 2271
f 2271 2257 2311
f 2310 2311 2256
f 2256 2311 2257
f 2298 2312 2310
f 2310 2312 2311
f 2296 2313 2298
f 2298 2313 2312
f 2311 2312 2271
f 2271 2312 2314
f 2310 2268 2298
f 2298 2268 2299
f 2315 2270 2314
f 2314 2270 2271
f 2270 2315 2269
f 2269 2315 2272
f 2315 2316 2272
f 2272 2316 2306
f 2316 2315 2317
f 2317 2315 2314
f 2318 2316 2319
f 2319 2316 2317
f 2312 2313 2314
f 2314 2313 2317
f 2313 2320 2317
f 2317 2320 2319
f 2316 2318 2306
f 2306 2318 2307
f 2322 2307 2321
f 2321 2307 2318
f 2323 2321 2325
f 2325 2321 2324
f 2321 2318 2324
f 2324 2318 2319
f 2321 2323 2322
f 2322 2323 2302
f 2322 2302 2308
f 2308 2302 2301
f 2308 2305 2322
f 2322 2305 2307
f 2313 2296 2320
f 2320 2296 2297
f 2325 2320 2300
f 2300 2320 2297
f 2325 2324 2320
f 2320 2324 2319
f 2323 2325 2295
f 2295 2325 2300
f 2295 2292 2323
f 2323 2292 2302
f 1775 1773 1764
f 1764 1773 1765
f 1765 1773 1766
f 1766 1773 1749
f 1754 2136 1755
f 1755 2136 2067
f 1632 1631 1845
f 1845 1631 1828
f 1833 1763 1847
f 1847 1763 1740
f 1846 1739 1759
f 1759 1739 1640
f 2046 2136 1698
f 1698 2136 1754
f 1698 1754 1699
f 1699 1754 1753
f 1705 1832 1628
f 1628 1832 1629
f 1660 1659 1835
f 1835 1659 2326
f 2326 2152 1835
f 1835 2152 2151
f 2161 2152 2327
f 2327 2152 2326
f 2327 2326 2328
f 2328 2326 1659
f 2328 1659 2329
f 2329 1659 1658
f 1711 2330 1657
f 1657 2330 1658
f 2329 1658 1653
f 1653 1658 2330
f 2331 2329 1656
f 1656 2329 1653
f 2329 2331 2328
f 2328 2331 2332
f 2328 2332 2327
f 2327 2332 2333
f 1756 2162 1753
f 1753 2162 2333
f 1745 1627 2334
f 2334 1627 1630
f 1653 2330 1654
f 1654 2330 1711
f 1739 1717 1740
f 1740 1717 1847
f 2333 1832 1753
f 1753 1832 1699
f 2333 2162 2327
f 2327 2162 2161
f 2169 2168 2253
f 2253 2168 1758
f 2151 2253 1835
f 1835 2253 1758
f 1629 1832 2332
f 2332 1832 2333
f 2332 2331 1629
f 1629 2331 1630
f 1656 2334 2331
f 2331 2334 1630
f 2334 1656 1745
f 1745 1656 1655
f 1801 1798 1655
f 1655 1798 1745
f 1687 1589 1812
f 1584 1557 1651
f 1651 1557 1618
f 1583 1558 1584
f 1584 1558 1557
f 1821 1671 1822
f 1822 1671 1670
f 1651 1618 1625
f 1625 1618 1620
f 1618 1617 1620
f 1620 1617 1621
f 1617 1569 1621
f 1621 1569 1686
f 1569 1568 1686
f 1686 1568 1570
f 1587 1567 1588
f 1588 1567 1824
f 1571 1568 1587
f 1587 1568 1567
f 1587 1586 1571
f 1571 1586 1787
f 1586 1662 1787
f 1787 1662 1788
f 1843 1793 1662
f 1662 1793 1788
f 1810 1646 1843
f 1843 1646 1793
f 1809 1600 1810
f 1810 1600 1646
f 1809 1805 1600
f 1600 1805 1563
f 1823 1683 1824
f 1824 1683 1682
f 1566 1559 1797
f 1797 1559 1672
f 1559 1558 1672
f 1672 1558 1670
f 1558 1583 1670
f 1670 1583 1822
f 1583 1582 1822
f 1822 1582 1669
f 1582 1842 1669
f 1669 1842 1666
f 1842 1799 1666
f 1666 1799 1811
f 1799 1798 1811
f 1811 1798 1812
f 1798 1801 1812
f 1812 1801 1687
f 1801 1800 1687
f 1687 1800 1688
f 1821 1593 1671
f 1671 1593 1597
f 1597 1593 1598
f 1598 1593 1596
f 1648 1647 1596
f 1596 1647 1598
f 1792 1789 1648
f 1648 1789 1647
f 1747 1750 1792
f 1792 1750 1789
f 1814 1841 1800
f 1800 1841 1688
f 1813 1611 1814
f 1814 1611 1841
f 1813 1710 1757
f 1757 1710 1741
f 1612 1757 1760
f 1760 1757 1736
f 1611 1813 1612
f 1612 1813 1757
f 1760 1641 1612
f 1612 1641 1608
f 1642 1678 1609
f 1609 1678 1635
f 1768 1771 1642
f 1642 1771 1678
f 1767 1772 1768
f 1768 1772 1771
f 1748 1836 1767
f 1767 1836 1772
f 1747 1796 1748
f 1748 1796 1836
f 1805 1680 1563
f 1563 1680 1564
f 1680 1683 1564
f 1564 1683 1797
f 1683 1823 1797
f 1797 1823 1566
f 1566 1823 1565
f 1565 1823 1567
