o hand_left
v -0.250921 0.565406 0.864616
v -0.242478 0.570734 0.861688
v -0.242107 0.559632 0.860172
v -0.251271 0.555344 0.862380
v -0.222347 0.568770 0.853297
v -0.217579 0.569928 0.841997
v -0.220936 0.554625 0.843349
v -0.223757 0.555864 0.853186
v -0.253053 0.547406 0.859194
v -0.242314 0.551024 0.858943
v -0.254934 0.544904 0.853728
v -0.269005 0.546062 0.852948
v -0.264110 0.546328 0.858818
v -0.277709 0.545445 0.855707
v -0.272154 0.554228 0.845603
v -0.285414 0.551732 0.854916
v -0.280214 0.581899 0.857271
v -0.278906 0.592288 0.866025
v -0.290660 0.582344 0.875777
v -0.289923 0.572248 0.866218
v -0.281121 0.597649 0.886828
v -0.286810 0.588813 0.881179
v -0.276402 0.599358 0.871084
v -0.271694 0.606611 0.876636
v -0.248399 0.581084 0.870670
v -0.240844 0.587505 0.867295
v -0.242443 0.582114 0.864643
v -0.249313 0.576185 0.867734
v -0.247934 0.539928 0.842667
v -0.254648 0.550157 0.838203
v -0.257532 0.547011 0.845424
v -0.246907 0.539170 0.848186
v -0.218172 0.606054 0.865587
v -0.215030 0.615218 0.856140
v -0.215745 0.611635 0.851550
v -0.218997 0.604245 0.861182
v -0.216408 0.592143 0.840453
v -0.217072 0.601632 0.836671
v -0.220608 0.603323 0.823316
v -0.223091 0.594056 0.825405
v -0.216475 0.580678 0.841962
v -0.220798 0.582365 0.828732
v -0.221298 0.570694 0.830910
v -0.223330 0.554371 0.834221
v -0.215956 0.624524 0.864933
v -0.217873 0.618971 0.873275
v -0.273612 0.517608 0.886524
v -0.271784 0.521909 0.890398
v -0.272699 0.523818 0.888422
v -0.274619 0.519377 0.884940
v -0.231658 0.634838 0.872378
v -0.240172 0.638338 0.868297
v -0.234753 0.642494 0.865735
v -0.226628 0.638264 0.867878
v -0.238281 0.630236 0.878286
v -0.247267 0.631956 0.871720
v -0.282620 0.510413 0.892198
v -0.279156 0.510808 0.888270
v -0.282993 0.513120 0.886356
v -0.287078 0.513624 0.890224
v -0.259976 0.551269 0.863842
v -0.257396 0.559610 0.868251
v -0.272135 0.544908 0.871882
v -0.267574 0.551211 0.871322
v -0.268066 0.547506 0.865093
v -0.272925 0.543109 0.866012
v -0.263406 0.570848 0.883977
v -0.256006 0.577458 0.877961
v -0.257689 0.571936 0.874593
v -0.265226 0.563287 0.880201
v -0.251580 0.586677 0.887799
v -0.259610 0.579707 0.892709
v -0.256222 0.585888 0.897684
v -0.250313 0.589187 0.893699
v -0.274117 0.566907 0.898033
v -0.277835 0.564363 0.899594
v -0.275246 0.566217 0.902251
v -0.272460 0.569782 0.900137
v -0.230228 0.646859 0.862416
v -0.222243 0.641140 0.862794
v -0.269808 0.611187 0.899870
v -0.259586 0.614487 0.903534
v -0.267696 0.608130 0.913383
v -0.277371 0.606489 0.906759
v -0.247799 0.636408 0.861543
v -0.243073 0.642517 0.860097
v -0.284629 0.513018 0.897682
v -0.288776 0.516063 0.896053
v -0.231823 0.574774 0.823854
v -0.231229 0.555445 0.828084
v -0.231871 0.589293 0.821606
v -0.232114 0.599564 0.820223
v -0.230048 0.607196 0.817085
v -0.269531 0.553119 0.877423
v -0.255178 0.568726 0.870072
v -0.247133 0.584939 0.873852
v -0.239256 0.601824 0.898548
v -0.232117 0.607080 0.892917
v -0.235177 0.597980 0.888051
v -0.241276 0.595570 0.893785
v -0.251324 0.610682 0.907562
v -0.247741 0.603284 0.907171
v -0.254199 0.599607 0.912421
v -0.258924 0.605766 0.914608
v -0.244816 0.539275 0.835569
v -0.250557 0.552887 0.831966
v -0.223248 0.628579 0.873839
v -0.219526 0.631022 0.867432
v -0.216669 0.635981 0.861140
v -0.229054 0.595751 0.865870
v -0.219457 0.602904 0.858177
v -0.219960 0.599361 0.855664
v -0.230764 0.593771 0.863862
v -0.232110 0.576494 0.860192
v -0.221539 0.582708 0.854113
v -0.231816 0.564287 0.859944
v -0.215739 0.607923 0.844401
v -0.210973 0.617800 0.844768
v -0.212288 0.613226 0.837250
v -0.211301 0.624489 0.851936
v -0.213032 0.630859 0.857938
v -0.240340 0.649910 0.856830
v -0.215299 0.609275 0.830425
v -0.225799 0.546687 0.852578
v -0.226735 0.538423 0.851560
v -0.233806 0.539040 0.855083
v -0.233500 0.546962 0.856918
v -0.284527 0.542143 0.860703
v -0.277263 0.540910 0.862539
v -0.271065 0.544763 0.858593
v -0.223706 0.603178 0.875310
v -0.223044 0.614204 0.881513
v -0.273745 0.546426 0.877831
v -0.289670 0.518251 0.886785
v -0.285149 0.517256 0.882705
v -0.286333 0.532265 0.869761
v -0.292099 0.533461 0.873747
v -0.280143 0.545732 0.884300
v -0.274910 0.544190 0.879626
v -0.275658 0.543232 0.881099
v -0.278699 0.543887 0.887042
v -0.271478 0.573330 0.907111
v -0.268701 0.576496 0.904657
v -0.295354 0.561566 0.877142
v -0.297518 0.555105 0.865114
v -0.289477 0.562559 0.857529
v -0.261083 0.576473 0.888326
v -0.267601 0.571200 0.894211
v -0.266511 0.574274 0.896871
v -0.271975 0.553419 0.881391
v -0.276202 0.548864 0.883011
v -0.276134 0.553463 0.885212
v -0.271080 0.557938 0.884064
v -0.252241 0.621128 0.894312
v -0.242694 0.616780 0.899503
v -0.276108 0.513543 0.886041
v -0.278402 0.515400 0.884179
v -0.253834 0.582803 0.882346
v -0.278802 0.571603 0.850976
v -0.245470 0.588724 0.877501
v -0.283651 0.587798 0.906922
v -0.277251 0.585675 0.911657
v -0.277141 0.580164 0.914405
v -0.282732 0.579838 0.912326
v -0.278096 0.532121 0.896281
v -0.273796 0.530273 0.892643
v -0.273666 0.527339 0.893602
v -0.277369 0.528360 0.898298
v -0.273531 0.542047 0.874283
v -0.274812 0.539486 0.868832
v -0.274984 0.536341 0.872217
v -0.274433 0.539817 0.877237
v -0.279816 0.537473 0.865705
v -0.280086 0.533652 0.869176
v -0.284289 0.530763 0.898274
v -0.290032 0.525851 0.896796
v -0.292680 0.541134 0.885822
v -0.285793 0.542335 0.889618
v -0.264257 0.615871 0.866872
v -0.259216 0.622087 0.874630
v -0.266701 0.613207 0.884589
v -0.275364 0.605413 0.894882
v -0.283066 0.596725 0.903643
v -0.289687 0.590520 0.895523
v -0.261800 0.618053 0.889185
v -0.287342 0.553317 0.883760
v -0.294018 0.551202 0.879096
v -0.292348 0.556001 0.881779
v -0.242563 0.592375 0.883339
v -0.279846 0.518810 0.881094
v -0.249036 0.613817 0.825485
v -0.252454 0.623239 0.834163
v -0.256252 0.615910 0.837297
v -0.251817 0.605048 0.827983
v -0.272281 0.526303 0.887115
v -0.274403 0.522200 0.882365
v -0.267176 0.579870 0.910149
v -0.270458 0.576082 0.911925
v -0.271639 0.577227 0.914372
v -0.267592 0.581059 0.915443
v -0.255293 0.625437 0.877676
v -0.269889 0.600059 0.919579
v -0.278988 0.599953 0.912864
v -0.253053 0.629604 0.865716
v -0.257862 0.624676 0.858787
v -0.253200 0.631415 0.853442
v -0.293259 0.576741 0.891308
v -0.268236 0.609491 0.862515
v -0.260651 0.619020 0.854438
v -0.255184 0.626812 0.847858
v -0.251731 0.633123 0.843560
v -0.249776 0.637457 0.850158
v -0.291066 0.521349 0.892493
v -0.287301 0.520860 0.901092
v -0.247174 0.645322 0.846367
v -0.248916 0.639761 0.839160
v -0.262650 0.612113 0.848665
v -0.263683 0.603156 0.841879
v -0.269749 0.603065 0.856778
v -0.271573 0.593481 0.850624
v -0.299623 0.573388 0.882568
v -0.271495 0.515789 0.907742
v -0.279389 0.522073 0.903961
v -0.275608 0.525257 0.900709
v -0.269245 0.519285 0.906430
v -0.282214 0.526278 0.901196
v -0.283063 0.517817 0.902810
v -0.268795 0.581006 0.842621
v -0.280151 0.551276 0.886127
v -0.257397 0.589418 0.832497
v -0.265691 0.563529 0.837225
v -0.255226 0.569390 0.830588
v -0.244545 0.596274 0.821904
v -0.244433 0.579588 0.822935
v -0.239296 0.612669 0.817671
v -0.242873 0.605336 0.820704
v -0.242469 0.562895 0.825437
v -0.266039 0.515840 0.891987
v -0.265756 0.520224 0.896112
v -0.245904 0.620656 0.821868
v -0.232926 0.554565 0.858516
v -0.234463 0.595920 0.877037
v -0.237186 0.593044 0.872952
v -0.228290 0.609972 0.888686
v -0.230191 0.600200 0.882302
v -0.268229 0.510893 0.890875
v -0.280115 0.564048 0.901262
v -0.278732 0.565624 0.900535
v -0.221917 0.545750 0.844550
v -0.223014 0.538787 0.844785
v -0.230304 0.536592 0.833848
v -0.224567 0.537143 0.838170
v -0.223776 0.545257 0.836047
v -0.229909 0.545212 0.831137
v -0.227849 0.597053 0.867918
v -0.226663 0.599068 0.871107
v -0.244587 0.626112 0.886070
v -0.235661 0.621087 0.891473
v -0.286261 0.538285 0.865455
v -0.292043 0.546395 0.862617
v -0.292255 0.541146 0.868323
v -0.294804 0.538401 0.878449
v -0.283033 0.550603 0.885710
v -0.285984 0.547982 0.884940
v -0.220976 0.591506 0.855257
v -0.232287 0.587231 0.861715
v -0.242172 0.545703 0.856650
v -0.241785 0.539239 0.854269
v -0.269015 0.564911 0.887668
v -0.291317 0.566094 0.896914
v -0.295833 0.563520 0.888936
v -0.275379 0.560028 0.891002
v -0.272315 0.506018 0.896533
v -0.269979 0.507846 0.892520
v -0.295666 0.546053 0.872430
v -0.262884 0.579909 0.902166
v -0.289338 0.572483 0.897814
v -0.286179 0.565329 0.901532
v -0.261472 0.600982 0.918372
v -0.248495 0.630011 0.829909
v -0.272075 0.525374 0.896075
v -0.266886 0.522375 0.900854
v -0.273829 0.512327 0.906472
v -0.275058 0.508260 0.901792
v -0.229187 0.623652 0.882939
v -0.239194 0.590778 0.870524
v -0.239895 0.549542 0.828601
v -0.237873 0.538049 0.832880
v -0.279130 0.558640 0.891991
v -0.280399 0.592318 0.910402
v -0.289612 0.582487 0.902219
v -0.288407 0.574307 0.908022
v -0.287644 0.568194 0.903713
v -0.282525 0.564183 0.901398
v -0.268136 0.510565 0.908370
v -0.269316 0.506363 0.903774
v -0.267088 0.504587 0.898070
v -0.265834 0.506624 0.893990
v -0.265168 0.510587 0.892246
v -0.265838 0.514571 0.909296
v -0.264254 0.517933 0.907514
v -0.264434 0.521322 0.902176
v -0.260814 0.514973 0.909151
v -0.259248 0.509718 0.908956
v -0.252731 0.505679 0.896705
v -0.258295 0.504246 0.898855
v -0.255950 0.504657 0.900555
v -0.251048 0.505741 0.899521
v -0.245872 0.506707 0.900000
v -0.246983 0.506687 0.896639
v -0.258511 0.505840 0.904479
v -0.251711 0.507445 0.903853
v -0.251919 0.510467 0.906847
v -0.246249 0.510888 0.906412
v -0.245860 0.508092 0.903911
v -0.256447 0.508925 0.907373
v -0.261240 0.505093 0.904889
v -0.242919 0.508292 0.898390
v -0.243040 0.507389 0.900745
v -0.242784 0.509002 0.903660
v -0.240690 0.510750 0.902234
v -0.261110 0.506653 0.894238
v -0.252854 0.507162 0.894495
v -0.247183 0.509505 0.895193
v -0.243200 0.510830 0.897162
v -0.251915 0.511184 0.893814
v -0.247528 0.512467 0.895096
v -0.244319 0.513974 0.897070
v -0.251386 0.515401 0.894878
v -0.247636 0.515517 0.896238
v -0.262063 0.514765 0.893620
v -0.262838 0.510721 0.892435
v -0.245233 0.515951 0.897006
v -0.240704 0.512853 0.901549
v -0.253772 0.513325 0.908406
v -0.246758 0.514031 0.906754
v -0.253963 0.515777 0.908037
v -0.247021 0.516365 0.906893
v -0.242279 0.513431 0.906044
v -0.243341 0.511150 0.905652
v -0.264682 0.515701 0.893365
v -0.264471 0.520168 0.897702
v -0.262288 0.519513 0.897959
v -0.251795 0.519100 0.898156
v -0.261696 0.520831 0.902222
v -0.259753 0.518316 0.907023
v -0.252937 0.518227 0.906375
v -0.252398 0.519955 0.903312
v -0.247581 0.518218 0.905169
v -0.247910 0.518925 0.902717
v -0.247602 0.518252 0.898812
v -0.243966 0.517367 0.903368
v -0.242765 0.515421 0.905237
v -0.242562 0.515432 0.900340
v -0.245166 0.518255 0.902151
v -0.244713 0.516726 0.899516
v -0.266957 0.535981 0.904543
v -0.265669 0.540526 0.908831
v -0.269224 0.542080 0.906447
v -0.270244 0.538156 0.902873
v -0.276513 0.527214 0.909911
v -0.272319 0.528888 0.905491
v -0.277182 0.530742 0.903474
v -0.281904 0.530379 0.908647
v -0.278915 0.530429 0.916140
v -0.283763 0.534247 0.914270
v -0.285774 0.534212 0.905401
v -0.280656 0.534416 0.900377
v -0.286473 0.549580 0.887840
v -0.291917 0.550668 0.891237
v -0.276838 0.560639 0.898358
v -0.278528 0.561243 0.901304
v -0.269015 0.532537 0.904032
v -0.273160 0.534242 0.902075
v -0.272581 0.548977 0.912260
v -0.269936 0.547375 0.907668
v -0.268887 0.545069 0.910356
v -0.271495 0.545764 0.915197
v -0.278938 0.552821 0.888380
v -0.278228 0.556953 0.893476
v -0.281928 0.550747 0.887252
v -0.277942 0.547640 0.916017
v -0.283737 0.543987 0.916559
v -0.290994 0.558560 0.903725
v -0.285444 0.560454 0.905712
v -0.275937 0.536489 0.898775
v -0.269714 0.543569 0.903243
v -0.271578 0.540027 0.899702
v -0.287096 0.538946 0.911061
v -0.280089 0.539453 0.919489
v -0.261484 0.534268 0.925405
v -0.271241 0.540269 0.921282
v -0.267916 0.542782 0.918094
v -0.258138 0.537546 0.923338
v -0.275318 0.543665 0.918838
v -0.275312 0.535916 0.921033
v -0.254302 0.532142 0.910727
v -0.253630 0.536930 0.915055
v -0.255956 0.527884 0.909782
v -0.293700 0.554601 0.896867
v -0.263626 0.522754 0.914548
v -0.258901 0.524868 0.910518
v -0.265881 0.543334 0.913355
v -0.254957 0.538745 0.919670
v -0.264074 0.530470 0.924921
v -0.266831 0.525423 0.920020
v -0.258454 0.527913 0.926197
v -0.259978 0.523307 0.921881
v -0.257499 0.521112 0.916080
v -0.254683 0.523970 0.911857
v -0.253180 0.527523 0.910869
v -0.256217 0.531761 0.926789
v -0.253855 0.535482 0.924777
v -0.252740 0.537409 0.920132
v -0.248815 0.532087 0.926375
v -0.249186 0.527275 0.926643
v -0.236642 0.523042 0.912727
v -0.242621 0.522074 0.913733
v -0.242008 0.521798 0.916302
v -0.236542 0.522731 0.915539
v -0.248235 0.520386 0.916384
v -0.246387 0.520942 0.918089
v -0.247741 0.522705 0.922361
v -0.241700 0.524034 0.920613
v -0.242183 0.527545 0.924010
v -0.236390 0.527882 0.923318
v -0.235641 0.524296 0.920193
v -0.246307 0.525585 0.924702
v -0.232997 0.523644 0.915929
v -0.231453 0.524930 0.914262
v -0.250998 0.521657 0.923021
v -0.251131 0.523071 0.912068
v -0.242409 0.523974 0.911183
v -0.235970 0.525690 0.910827
v -0.230854 0.527893 0.913697
v -0.241497 0.528040 0.910076
v -0.235610 0.528956 0.910663
v -0.231772 0.530475 0.913618
v -0.240944 0.532769 0.910932
v -0.235372 0.532968 0.912138
v -0.251071 0.532145 0.911522
v -0.251179 0.527486 0.910234
v -0.233193 0.532437 0.913453
v -0.229912 0.526351 0.918605
v -0.229357 0.529397 0.917305
v -0.231464 0.525397 0.919131
v -0.242396 0.529504 0.924980
v -0.235960 0.530064 0.923366
v -0.241927 0.532428 0.924781
v -0.235041 0.532323 0.922965
v -0.231389 0.529349 0.921948
v -0.231929 0.527753 0.921801
v -0.252618 0.531702 0.912192
v -0.252383 0.536013 0.916057
v -0.251153 0.536425 0.915433
v -0.240953 0.536307 0.915131
v -0.251023 0.537633 0.920122
v -0.249089 0.535346 0.924357
v -0.242008 0.535021 0.923446
v -0.241209 0.536914 0.919899
v -0.235086 0.534474 0.922595
v -0.236508 0.536043 0.920106
v -0.235871 0.535696 0.915272
v -0.230952 0.533174 0.920694
v -0.230806 0.530972 0.921528
v -0.230256 0.531324 0.916634
v -0.232845 0.534923 0.919215
v -0.232310 0.533633 0.915775
v -0.264191 0.551607 0.915571
v -0.263403 0.555827 0.919499
v -0.265749 0.557816 0.917587
v -0.266853 0.553674 0.913942
v -0.273867 0.544025 0.919304
v -0.269959 0.544582 0.916247
v -0.273493 0.546921 0.914008
v -0.278427 0.547048 0.916446
v -0.274815 0.545278 0.924847
v -0.281002 0.549510 0.921583
v -0.281986 0.550487 0.913650
v -0.276317 0.549611 0.911633
v -0.280947 0.561075 0.903504
v -0.286447 0.562104 0.906815
v -0.266678 0.547734 0.915094
v -0.269443 0.549822 0.913267
v -0.269159 0.562710 0.923599
v -0.266308 0.561377 0.919747
v -0.266788 0.560060 0.922380
v -0.269524 0.560094 0.925890
v -0.272229 0.566351 0.903525
v -0.271288 0.570617 0.907543
v -0.275473 0.562755 0.902828
v -0.275201 0.561437 0.926084
v -0.281682 0.558265 0.924670
v -0.283203 0.570991 0.917611
v -0.277554 0.573275 0.917767
v -0.271546 0.551506 0.911077
v -0.265591 0.559011 0.914994
v -0.267317 0.554954 0.911671
v -0.283795 0.554104 0.918672
v -0.278830 0.553748 0.927136
v -0.259783 0.545229 0.936768
v -0.271548 0.554630 0.930511
v -0.267142 0.557728 0.927868
v -0.256985 0.548559 0.935709
v -0.274018 0.557687 0.928689
v -0.274788 0.550014 0.929402
v -0.252825 0.545420 0.922652
v -0.252840 0.549031 0.926861
v -0.255773 0.542184 0.921255
v -0.287988 0.566221 0.912475
v -0.272238 0.573824 0.914438
v -0.260602 0.537194 0.924470
v -0.257887 0.539533 0.921864
v -0.264770 0.558019 0.924198
v -0.254449 0.550345 0.932248
v -0.262874 0.541574 0.935017
v -0.263978 0.538106 0.929555
v -0.257660 0.539277 0.936495
v -0.258828 0.535827 0.930948
v -0.256371 0.535379 0.925390
v -0.254279 0.538712 0.922541
v -0.252618 0.541743 0.921993
v -0.254800 0.543649 0.937777
v -0.252825 0.546968 0.936480
v -0.253217 0.549609 0.932097
v -0.250375 0.543264 0.938202
v -0.250411 0.537809 0.937055
v -0.236450 0.535750 0.926500
v -0.242578 0.535838 0.926107
v -0.242630 0.535579 0.927302
v -0.236589 0.534977 0.928082
v -0.249380 0.534553 0.927019
v -0.247749 0.534603 0.928172
v -0.249076 0.534809 0.931952
v -0.242404 0.534935 0.932606
v -0.243175 0.539107 0.937039
v -0.237642 0.538493 0.936750
v -0.236531 0.534477 0.932909
v -0.248540 0.537221 0.935857
v -0.233382 0.534951 0.929259
v -0.232350 0.534856 0.927665
v -0.251738 0.534387 0.932159
v -0.249732 0.537693 0.923162
v -0.242206 0.537753 0.923765
v -0.236052 0.537755 0.924085
v -0.232024 0.538227 0.926187
v -0.241699 0.541560 0.923293
v -0.236289 0.540910 0.924174
v -0.232698 0.541197 0.926168
v -0.241293 0.544678 0.924554
v -0.236652 0.543820 0.925599
v -0.250167 0.545444 0.923600
v -0.249995 0.541681 0.922266
v -0.233852 0.543124 0.926919
v -0.231120 0.535810 0.932203
v -0.230195 0.539873 0.931370
v -0.232803 0.535419 0.932404
v -0.243783 0.540513 0.938106
v -0.236754 0.540306 0.937946
v -0.243570 0.543384 0.938199
v -0.236704 0.542994 0.937952
v -0.232783 0.538571 0.936372
v -0.233583 0.537764 0.935929
v -0.251780 0.545274 0.923439
v -0.252201 0.548660 0.927399
v -0.250769 0.548704 0.927348
v -0.241125 0.547917 0.928320
v -0.251350 0.549591 0.932037
v -0.248843 0.546588 0.936734
v -0.242792 0.546119 0.936304
v -0.241561 0.548104 0.933068
v -0.236810 0.545267 0.936254
v -0.237569 0.546590 0.933781
v -0.236581 0.546633 0.928856
v -0.233300 0.543676 0.934427
v -0.232496 0.541266 0.936087
v -0.231414 0.542652 0.930291
v -0.234329 0.545358 0.932797
v -0.233080 0.544485 0.929630
v -0.270974 0.573025 0.911331
v -0.261523 0.564901 0.924585
v -0.260143 0.567770 0.927600
v -0.260635 0.568600 0.927280
v -0.261852 0.566534 0.923482
v -0.272528 0.562276 0.925639
v -0.268339 0.561377 0.923612
v -0.270452 0.564041 0.921454
v -0.274404 0.565063 0.923492
v -0.274344 0.565213 0.929702
v -0.275346 0.567903 0.928151
v -0.274868 0.568790 0.921727
v -0.271004 0.567687 0.919273
v -0.274064 0.582121 0.912148
v -0.277734 0.585676 0.914253
v -0.262008 0.594917 0.922179
v -0.258810 0.592930 0.918509
v -0.259679 0.586131 0.923967
v -0.262779 0.588618 0.926492
v -0.264564 0.562674 0.923371
v -0.265504 0.564841 0.921140
v -0.263802 0.574684 0.933994
v -0.260749 0.572978 0.930527
v -0.260546 0.571003 0.930746
v -0.262513 0.572602 0.934705
v -0.259468 0.588511 0.915944
v -0.263045 0.585138 0.914479
v -0.261968 0.582225 0.916681
v -0.259793 0.582755 0.920655
v -0.266909 0.580229 0.914497
v -0.268234 0.574921 0.934655
v -0.273710 0.573743 0.932233
v -0.272552 0.591928 0.925578
v -0.267553 0.591369 0.926694
v -0.266478 0.566915 0.920082
v -0.260542 0.570896 0.926186
v -0.262074 0.568287 0.923310
v -0.276335 0.571382 0.926625
v -0.272333 0.570689 0.933407
v -0.263294 0.565545 0.940760
v -0.266518 0.570939 0.937252
v -0.262043 0.571713 0.935461
v -0.260486 0.567115 0.939600
v -0.266890 0.572213 0.935804
v -0.271125 0.568001 0.935351
v -0.258021 0.562003 0.927853
v -0.257286 0.565551 0.932141
v -0.260168 0.559540 0.926558
v -0.277413 0.589849 0.919055
v -0.266674 0.556866 0.929311
v -0.262771 0.557351 0.927211
v -0.260183 0.569908 0.931388
v -0.258085 0.567347 0.936448
v -0.266910 0.562344 0.939304
v -0.269467 0.559381 0.933964
v -0.263265 0.558878 0.940805
v -0.265791 0.556332 0.935539
v -0.262275 0.555233 0.929955
v -0.259875 0.557767 0.927886
v -0.258041 0.560384 0.927591
v -0.260363 0.563235 0.942091
v -0.258665 0.565403 0.941049
v -0.257312 0.566514 0.937335
v -0.257234 0.560890 0.943034
v -0.256781 0.556602 0.940778
v -0.245802 0.557271 0.933236
v -0.249901 0.557110 0.931829
v -0.250036 0.556481 0.932869
v -0.245951 0.556312 0.933760
v -0.255415 0.555620 0.931264
v -0.254110 0.555459 0.932758
v -0.256517 0.554942 0.935650
v -0.251055 0.554998 0.936822
v -0.251370 0.557157 0.941807
v -0.247167 0.556923 0.942155
v -0.247282 0.554737 0.937850
v -0.255369 0.555925 0.939873
v -0.243602 0.555592 0.935249
v -0.242280 0.556158 0.934975
v -0.259224 0.554204 0.935351
v -0.255179 0.558893 0.928768
v -0.248554 0.559182 0.930678
v -0.243736 0.558764 0.932724
v -0.241045 0.558185 0.935610
v -0.248735 0.561700 0.930605
v -0.243296 0.561043 0.932825
v -0.240926 0.560487 0.935712
v -0.248976 0.564644 0.932234
v -0.243937 0.563193 0.934095
v -0.254747 0.565153 0.930750
v -0.254553 0.562226 0.928809
v -0.241883 0.561936 0.936021
v -0.242134 0.555497 0.938923
v -0.241013 0.558351 0.939000
v -0.243674 0.554663 0.938939
v -0.251585 0.558161 0.942864
v -0.246472 0.558077 0.943280
v -0.251527 0.560430 0.943704
v -0.245907 0.560192 0.943467
v -0.243271 0.557059 0.942044
v -0.244701 0.555900 0.941297
v -0.256253 0.563418 0.929530
v -0.256342 0.565359 0.932644
v -0.255181 0.566625 0.934633
v -0.249736 0.566390 0.936108
v -0.256387 0.566577 0.939460
v -0.256970 0.564083 0.942500
v -0.251021 0.563130 0.943174
v -0.250282 0.565624 0.940906
v -0.245238 0.562098 0.942594
v -0.245208 0.564326 0.940511
v -0.244661 0.564869 0.937118
v -0.242127 0.560842 0.940712
v -0.242149 0.559156 0.941609
v -0.241029 0.560435 0.938679
v -0.242481 0.562456 0.939713
v -0.242060 0.562401 0.938043
v -0.265997 0.594909 0.923339
v -0.242510 0.525361 0.840612
v -0.244342 0.526736 0.845824
v -0.230800 0.526398 0.854983
v -0.237884 0.526401 0.854984
v -0.225383 0.525176 0.850939
v -0.225121 0.523963 0.840023
v -0.223686 0.525390 0.845321
v -0.242745 0.526640 0.851511
v -0.237971 0.524611 0.836481
v -0.230619 0.524152 0.835637
v -0.240541 0.515718 0.837481
v -0.232237 0.514868 0.836891
v -0.226336 0.514468 0.840808
v -0.224510 0.518109 0.847274
v -0.225393 0.519742 0.852103
v -0.244139 0.519566 0.843155
v -0.245092 0.521611 0.848198
v -0.242057 0.522983 0.853941
v -0.246218 0.513900 0.848454
v -0.243039 0.504735 0.850441
v -0.229496 0.495099 0.861053
v -0.228264 0.500714 0.857169
v -0.230507 0.499428 0.856000
v -0.231186 0.494148 0.859286
v -0.229157 0.503568 0.852185
v -0.231176 0.502425 0.852772
v -0.235981 0.503249 0.850609
v -0.236547 0.498495 0.854080
v -0.240994 0.503329 0.851934
v -0.242241 0.500634 0.855147
v -0.237324 0.493827 0.857318
v -0.233229 0.490751 0.860228
v -0.237865 0.490055 0.860264
v -0.232364 0.491051 0.863278
v -0.236001 0.502518 0.847377
v -0.225492 0.509444 0.852045
v -0.226577 0.503558 0.858695
v -0.228769 0.497609 0.863719
v -0.232517 0.493019 0.865886
v -0.227230 0.506752 0.861649
v -0.230223 0.501241 0.865677
v -0.234241 0.497387 0.867463
v -0.230640 0.509502 0.863893
v -0.233316 0.503659 0.866550
v -0.229832 0.519515 0.857382
v -0.225441 0.515464 0.854858
v -0.235353 0.500009 0.867263
v -0.238341 0.489267 0.863003
v -0.238607 0.491608 0.865795
v -0.244945 0.502722 0.855526
v -0.243217 0.495996 0.857840
v -0.245015 0.497748 0.859493
v -0.246479 0.506223 0.856791
v -0.245863 0.499713 0.861394
v -0.243381 0.492727 0.861860
v -0.241852 0.492366 0.859483
v -0.229682 0.522353 0.855872
v -0.236133 0.523681 0.856175
v -0.236306 0.521228 0.857421
v -0.237002 0.511756 0.863867
v -0.242312 0.520222 0.856299
v -0.245904 0.517185 0.852348
v -0.246144 0.508909 0.859396
v -0.242913 0.511294 0.862049
v -0.244583 0.502231 0.863661
v -0.242335 0.503911 0.864921
v -0.237733 0.504398 0.866630
v -0.242444 0.497841 0.865756
v -0.243803 0.494954 0.864143
v -0.238689 0.496040 0.867237
v -0.241231 0.500319 0.866015
v -0.238359 0.499663 0.867096
v -0.256968 0.596451 0.914785
v -0.257423 0.590700 0.911496
v -0.253467 0.594276 0.908909
v -0.246522 0.597705 0.904226
v -0.241562 0.606631 0.901996
v -0.248052 0.592821 0.899329
v -0.255076 0.589355 0.904555
v -0.261150 0.584355 0.908220
v -0.244817 0.592408 0.889620
f 2 3 1
f 1 3 4
f 5 6 8
f 8 6 7
f 9 4 10
f 10 4 3
f 12 13 11
f 11 13 9
f 14 12 16
f 16 12 15
f 18 19 17
f 17 19 20
f 22 23 21
f 21 23 24
f 26 27 25
f 25 27 28
f 30 31 29
f 29 31 32
f 33 34 36
f 36 34 35
f 37 38 40
f 40 38 39
f 41 42 6
f 6 42 43
f 6 43 7
f 7 43 44
f 45 34 46
f 46 34 33
f 48 49 47
f 47 49 50
f 52 53 51
f 51 53 54
f 56 52 55
f 55 52 51
f 58 59 57
f 57 59 60
f 61 62 4
f 4 62 1
f 64 65 63
f 63 65 66
f 68 69 67
f 67 69 70
f 72 73 71
f 71 73 74
f 76 77 75
f 75 77 78
f 53 79 54
f 54 79 80
f 82 83 81
f 81 83 84
f 85 86 52
f 52 86 53
f 57 60 87
f 87 60 88
f 89 90 43
f 43 90 44
f 43 42 89
f 89 42 91
f 40 39 92
f 92 39 93
f 94 70 64
f 64 70 69
f 13 61 9
f 9 61 4
f 25 28 69
f 69 28 95
f 96 25 68
f 68 25 69
f 98 99 97
f 97 99 100
f 101 102 104
f 104 102 103
f 106 30 105
f 105 30 29
f 51 54 107
f 107 54 108
f 54 80 108
f 108 80 109
f 111 112 110
f 110 112 113
f 115 5 114
f 114 5 116
f 115 41 5
f 5 41 6
f 36 35 111
f 111 35 117
f 35 118 117
f 117 118 119
f 34 120 35
f 35 120 118
f 34 45 120
f 120 45 121
f 125 126 124
f 124 126 127
f 128 129 14
f 14 129 130
f 33 131 46
f 46 131 132
f 133 94 63
f 63 94 64
f 134 135 137
f 137 135 136
f 139 140 138
f 138 140 141
f 77 142 78
f 78 142 143
f 144 145 20
f 20 145 146
f 148 149 147
f 147 149 72
f 151 152 150
f 150 152 153
f 82 101 83
f 83 101 104
f 101 82 155
f 155 82 154
f 156 157 58
f 58 157 59
f 158 68 147
f 147 68 67
f 159 146 15
f 15 146 16
f 68 158 96
f 96 158 160
f 129 66 130
f 130 66 65
f 162 163 161
f 161 163 164
f 166 167 165
f 165 167 168
f 170 171 169
f 169 171 172
f 174 171 173
f 173 171 170
f 176 177 175
f 175 177 178
f 180 181 179
f 179 181 24
f 182 183 21
f 21 183 184
f 81 185 82
f 82 185 154
f 186 187 188
f 188 187 144
f 158 71 160
f 160 71 189
f 190 135 157
f 157 135 59
f 169 172 139
f 139 172 140
f 147 72 158
f 158 72 71
f 192 193 191
f 191 193 194
f 167 166 49
f 49 166 195
f 196 190 50
f 50 190 157
f 197 198 200
f 200 198 199
f 21 24 182
f 182 24 181
f 146 159 20
f 20 159 17
f 182 181 81
f 81 181 185
f 201 185 180
f 180 185 181
f 202 203 83
f 83 203 84
f 205 206 204
f 204 206 85
f 207 22 184
f 184 22 21
f 179 24 208
f 208 24 23
f 208 209 179
f 179 209 205
f 209 210 205
f 205 210 206
f 212 206 211
f 211 206 210
f 179 205 180
f 180 205 204
f 213 176 88
f 88 176 214
f 86 85 212
f 212 85 206
f 193 217 218
f 217 219 218
f 218 219 220
f 219 18 220
f 220 18 17
f 19 221 20
f 20 221 144
f 222 223 225
f 225 223 224
f 175 226 176
f 176 226 214
f 227 87 214
f 214 87 88
f 220 17 228
f 228 17 159
f 134 213 60
f 60 213 88
f 138 229 151
f 151 229 152
f 193 192 210
f 210 192 211
f 230 194 218
f 218 194 193
f 231 232 228
f 228 232 230
f 233 234 91
f 91 234 89
f 235 236 93
f 93 236 92
f 230 232 234
f 234 232 237
f 47 238 48
f 48 238 239
f 240 191 235
f 235 191 236
f 5 8 116
f 116 8 241
f 242 243 189
f 189 243 160
f 244 245 98
f 98 245 99
f 156 246 47
f 47 246 238
f 76 247 77
f 77 247 248
f 250 125 249
f 249 125 124
f 252 253 251
f 251 253 254
f 111 110 36
f 36 110 255
f 256 33 255
f 255 33 36
f 257 258 154
f 154 258 155
f 63 169 133
f 133 169 139
f 66 170 63
f 63 170 169
f 173 170 129
f 129 170 66
f 129 128 173
f 173 128 259
f 128 260 259
f 259 260 261
f 213 134 262
f 262 134 137
f 263 264 186
f 186 264 187
f 112 265 113
f 113 265 266
f 11 267 268
f 234 233 230
f 230 233 194
f 153 269 70
f 70 269 67
f 175 178 165
f 165 178 141
f 150 153 94
f 94 153 70
f 271 221 270
f 270 221 207
f 269 153 272
f 272 153 152
f 121 45 109
f 109 45 108
f 47 50 156
f 156 50 157
f 57 273 58
f 58 273 274
f 145 275 260
f 260 275 261
f 276 149 143
f 143 149 78
f 148 269 75
f 75 269 272
f 207 277 270
f 270 277 278
f 195 196 49
f 49 196 50
f 59 135 60
f 60 135 134
f 83 104 202
f 202 104 279
f 149 148 78
f 78 148 75
f 247 278 248
f 248 278 277
f 183 182 84
f 84 182 81
f 48 239 281
f 281 239 282
f 227 223 283
f 283 223 222
f 223 226 224
f 224 226 168
f 281 282 224
f 224 282 225
f 165 168 175
f 175 168 226
f 264 263 138
f 138 263 229
f 14 16 128
f 128 16 260
f 220 228 218
f 218 228 230
f 87 227 284
f 284 227 283
f 260 16 145
f 145 16 146
f 244 98 258
f 258 98 155
f 58 274 156
f 156 274 246
f 107 285 51
f 51 285 55
f 243 286 160
f 160 286 96
f 234 237 89
f 89 237 90
f 46 132 107
f 107 132 285
f 253 252 249
f 249 252 250
f 286 26 96
f 96 26 25
f 106 105 287
f 287 105 288
f 272 152 289
f 289 152 229
f 138 151 139
f 139 151 133
f 183 290 161
f 161 290 162
f 291 292 277
f 277 292 293
f 151 150 133
f 133 150 94
f 262 275 177
f 177 275 187
f 144 187 145
f 145 187 275
f 273 57 284
f 284 57 87
f 174 136 190
f 190 136 135
f 111 117 112
f 112 117 38
f 117 119 38
f 38 119 123
f 112 38 265
f 265 38 37
f 287 288 254
f 254 288 251
f 228 159 231
f 231 159 15
f 223 227 226
f 226 227 214
f 147 67 148
f 148 67 269
f 224 168 281
f 281 168 167
f 199 163 200
f 200 163 162
f 45 46 108
f 108 46 107
f 281 167 48
f 48 167 49
f 161 164 291
f 291 164 292
f 38 123 39
f 293 294 277
f 277 294 248
f 284 283 296
f 296 283 295
f 284 296 273
f 273 296 297
f 274 273 298
f 298 273 297
f 246 274 299
f 299 274 298
f 283 222 295
f 295 222 300
f 222 225 300
f 300 225 301
f 301 225 302
f 302 225 282
f 303 304 300
f 300 304 295
f 306 307 305
f 305 307 308
f 309 310 308
f 308 310 305
f 308 307 312
f 312 307 311
f 313 314 312
f 312 314 315
f 311 316 312
f 312 316 313
f 317 304 311
f 311 304 316
f 315 309 312
f 312 309 308
f 318 319 321
f 321 319 320
f 319 318 309
f 309 318 310
f 311 307 317
f 317 307 306
f 306 297 317
f 317 297 296
f 306 322 297
f 297 322 298
f 305 323 306
f 306 323 322
f 323 305 324
f 324 305 310
f 304 317 295
f 295 317 296
f 318 325 310
f 310 325 324
f 323 324 326
f 326 324 327
f 324 325 327
f 327 325 328
f 326 327 329
f 329 327 330
f 329 331 326
f 326 331 332
f 333 330 328
f 328 330 327
f 323 326 322
f 322 326 332
f 322 332 298
f 298 332 299
f 325 318 334
f 334 318 321
f 313 316 335
f 335 316 304
f 335 336 313
f 313 336 314
f 304 303 335
f 335 303 337
f 336 335 338
f 338 335 337
f 336 339 314
f 314 339 340
f 246 299 238
f 238 299 341
f 239 342 282
f 282 342 302
f 342 239 341
f 341 239 238
f 341 331 342
f 342 331 343
f 331 329 343
f 343 329 344
f 342 343 302
f 302 343 345
f 341 299 331
f 331 299 332
f 346 301 345
f 345 301 302
f 346 303 301
f 301 303 300
f 347 337 346
f 346 337 303
f 347 346 348
f 348 346 345
f 349 347 350
f 350 347 348
f 343 344 345
f 345 344 348
f 344 351 348
f 348 351 350
f 337 347 338
f 338 347 349
f 353 338 352
f 352 338 349
f 352 355 354
f 354 355 356
f 352 349 355
f 355 349 350
f 352 354 353
f 353 354 334
f 353 334 339
f 339 334 321
f 339 336 353
f 353 336 338
f 329 330 344
f 344 330 351
f 356 351 333
f 333 351 330
f 356 355 351
f 351 355 350
f 354 356 328
f 328 356 333
f 328 325 354
f 354 325 334
f 309 315 319
f 319 315 320
f 320 340 321
f 321 340 339
f 320 315 340
f 340 315 314
f 137 136 261
f 261 136 259
f 140 166 141
f 141 166 165
f 172 171 195
f 195 171 196
f 171 174 196
f 196 174 190
f 178 177 264
f 264 177 187
f 172 195 140
f 140 195 166
f 137 261 262
f 262 261 275
f 178 264 141
f 141 264 138
f 262 177 213
f 213 177 176
f 136 174 259
f 259 174 173
f 358 359 357
f 357 359 360
f 362 363 361
f 361 363 364
f 361 364 365
f 365 364 366
f 367 368 370
f 370 368 369
f 76 371 247
f 247 371 372
f 373 374 362
f 362 374 363
f 376 377 375
f 375 377 378
f 289 229 380
f 380 229 379
f 381 379 263
f 263 379 229
f 383 384 382
f 382 384 385
f 386 368 374
f 374 368 363
f 76 289 371
f 371 289 380
f 377 376 359
f 359 376 387
f 388 386 360
f 360 386 374
f 389 383 366
f 366 383 390
f 392 393 391
f 391 393 394
f 383 382 390
f 390 382 395
f 396 365 390
f 390 365 366
f 389 366 367
f 367 366 364
f 357 397 358
f 358 397 398
f 373 399 357
f 357 399 397
f 389 367 400
f 400 367 370
f 382 385 375
f 375 385 372
f 357 360 373
f 373 360 374
f 361 401 362
f 362 401 402
f 387 388 359
f 359 388 360
f 363 368 364
f 364 368 367
f 358 398 403
f 403 398 404
f 396 392 405
f 405 392 391
f 392 395 393
f 393 395 378
f 393 403 394
f 394 403 404
f 375 378 382
f 382 378 395
f 365 396 406
f 406 396 405
f 362 402 373
f 373 402 399
f 271 270 400
f 400 270 384
f 401 361 406
f 406 361 365
f 381 369 386
f 386 369 368
f 392 396 395
f 395 396 390
f 393 378 403
f 403 378 377
f 403 377 358
f 358 377 359
f 406 405 408
f 408 405 407
f 406 408 401
f 401 408 409
f 401 409 402
f 402 409 410
f 402 410 399
f 399 410 411
f 405 391 407
f 407 391 412
f 391 394 412
f 412 394 413
f 394 404 413
f 413 404 414
f 415 416 412
f 412 416 407
f 418 419 417
f 417 419 420
f 421 422 418
f 418 422 419
f 419 422 424
f 424 422 423
f 425 426 424
f 424 426 427
f 423 428 424
f 424 428 425
f 427 420 424
f 424 420 419
f 420 429 417
f 417 429 430
f 423 422 431
f 431 422 421
f 421 409 431
f 431 409 408
f 421 432 409
f 409 432 410
f 418 433 421
f 421 433 432
f 434 433 417
f 417 433 418
f 431 416 423
f 423 416 428
f 416 431 407
f 407 431 408
f 435 434 430
f 430 434 417
f 433 434 436
f 436 434 437
f 434 435 437
f 437 435 438
f 436 437 439
f 439 437 440
f 439 441 436
f 436 441 442
f 438 443 437
f 437 443 440
f 436 442 433
f 433 442 432
f 432 442 410
f 410 442 411
f 435 430 445
f 445 430 444
f 430 429 444
f 444 429 446
f 425 428 447
f 447 428 416
f 426 425 448
f 448 425 447
f 416 415 447
f 447 415 449
f 447 449 448
f 448 449 450
f 451 452 448
f 448 452 426
f 446 452 444
f 444 452 451
f 399 411 397
f 397 411 453
f 398 454 404
f 404 454 414
f 454 398 453
f 453 398 397
f 453 441 454
f 454 441 455
f 441 439 455
f 455 439 456
f 454 455 414
f 414 455 457
f 441 453 442
f 442 453 411
f 458 413 457
f 457 413 414
f 458 415 413
f 413 415 412
f 458 459 415
f 415 459 449
f 459 458 460
f 460 458 457
f 461 459 462
f 462 459 460
f 455 456 457
f 457 456 460
f 456 463 460
f 460 463 462
f 459 461 449
f 449 461 450
f 465 450 464
f 464 450 461
f 464 467 466
f 466 467 468
f 464 461 467
f 467 461 462
f 464 466 465
f 465 466 445
f 465 445 451
f 451 445 444
f 451 448 465
f 465 448 450
f 439 440 456
f 456 440 463
f 468 463 443
f 443 463 440
f 468 467 463
f 463 467 462
f 466 468 438
f 438 468 443
f 438 435 466
f 466 435 445
f 420 427 429
f 429 427 446
f 446 427 452
f 452 427 426
f 370 369 188
f 188 369 186
f 371 376 372
f 372 376 375
f 380 379 387
f 387 379 388
f 379 381 388
f 388 381 386
f 385 384 278
f 278 384 270
f 380 387 371
f 371 387 376
f 400 370 271
f 271 370 188
f 385 278 372
f 372 278 247
f 400 384 389
f 389 384 383
f 369 381 186
f 186 381 263
f 221 271 144
f 144 271 188
f 221 19 207
f 207 19 22
f 19 18 22
f 22 18 23
f 18 219 23
f 23 219 208
f 469 470 472
f 472 470 471
f 474 475 473
f 473 475 476
f 473 476 477
f 477 476 478
f 480 481 479
f 479 481 482
f 483 484 474
f 474 484 475
f 486 487 485
f 485 487 488
f 489 490 77
f 77 490 142
f 491 489 248
f 248 489 77
f 493 494 492
f 492 494 495
f 496 480 484
f 484 480 475
f 486 497 487
f 487 497 471
f 498 496 472
f 472 496 484
f 499 493 478
f 478 493 500
f 501 502 504
f 504 502 503
f 493 492 500
f 500 492 505
f 506 477 500
f 500 477 478
f 499 478 479
f 479 478 476
f 469 507 470
f 470 507 508
f 483 509 469
f 469 509 507
f 479 482 499
f 499 482 510
f 492 495 485
f 485 495 511
f 483 469 484
f 484 469 472
f 473 512 474
f 474 512 513
f 497 498 471
f 471 498 472
f 475 480 476
f 476 480 479
f 470 508 514
f 514 508 515
f 506 502 516
f 516 502 501
f 503 502 488
f 488 502 505
f 514 515 503
f 503 515 504
f 485 488 492
f 492 488 505
f 477 506 517
f 517 506 516
f 474 513 483
f 483 513 509
f 510 292 494
f 494 292 164
f 512 473 517
f 517 473 477
f 491 481 496
f 496 481 480
f 502 506 505
f 505 506 500
f 503 488 514
f 514 488 487
f 514 487 470
f 470 487 471
f 517 516 519
f 519 516 518
f 517 519 512
f 512 519 520
f 512 520 513
f 513 520 521
f 513 521 509
f 509 521 522
f 516 501 518
f 518 501 523
f 501 504 523
f 523 504 524
f 524 504 525
f 525 504 515
f 526 527 523
f 523 527 518
f 529 530 528
f 528 530 531
f 532 533 529
f 529 533 530
f 530 533 535
f 535 533 534
f 536 537 535
f 535 537 538
f 534 539 535
f 535 539 536
f 538 531 535
f 535 531 530
f 540 541 531
f 531 541 528
f 533 532 534
f 534 532 542
f 532 520 542
f 542 520 519
f 532 543 520
f 520 543 521
f 529 544 532
f 532 544 543
f 544 529 545
f 545 529 528
f 534 542 539
f 539 542 527
f 527 542 518
f 518 542 519
f 541 546 528
f 528 546 545
f 547 544 548
f 548 544 545
f 546 549 545
f 545 549 548
f 550 547 551
f 551 547 548
f 547 550 553
f 553 550 552
f 549 554 548
f 548 554 551
f 544 547 543
f 543 547 553
f 543 553 521
f 521 553 522
f 546 541 556
f 556 541 555
f 541 540 555
f 555 540 557
f 536 539 558
f 558 539 527
f 537 536 559
f 559 536 558
f 527 526 558
f 558 526 560
f 559 558 561
f 561 558 560
f 559 562 537
f 537 562 563
f 557 563 555
f 555 563 562
f 509 522 507
f 507 522 564
f 508 565 515
f 515 565 525
f 565 508 564
f 564 508 507
f 564 552 565
f 565 552 566
f 552 550 566
f 566 550 567
f 565 566 525
f 525 566 568
f 564 522 552
f 552 522 553
f 569 524 568
f 568 524 525
f 569 526 524
f 524 526 523
f 570 560 569
f 569 560 526
f 570 569 571
f 571 569 568
f 572 570 573
f 573 570 571
f 566 567 568
f 568 567 571
f 567 574 571
f 571 574 573
f 570 572 560
f 560 572 561
f 576 561 575
f 575 561 572
f 575 578 577
f 577 578 579
f 575 572 578
f 578 572 573
f 575 577 576
f 576 577 556
f 576 556 562
f 562 556 555
f 562 559 576
f 576 559 561
f 550 551 567
f 567 551 574
f 579 574 554
f 554 574 551
f 579 578 574
f 574 578 573
f 579 554 577
f 577 554 549
f 549 546 577
f 577 546 556
f 531 538 540
f 540 538 557
f 557 538 563
f 563 538 537
f 481 294 482
f 482 294 293
f 580 486 511
f 511 486 485
f 490 489 497
f 497 489 498
f 489 491 498
f 498 491 496
f 163 495 164
f 164 495 494
f 580 490 486
f 486 490 497
f 482 293 510
f 510 293 292
f 495 163 511
f 511 163 199
f 494 493 510
f 510 493 499
f 481 491 294
f 294 491 248
f 582 583 581
f 581 583 584
f 586 587 585
f 585 587 588
f 585 588 589
f 589 588 590
f 592 593 591
f 591 593 594
f 595 596 598
f 598 596 597
f 599 600 586
f 586 600 587
f 601 602 604
f 604 602 603
f 605 606 608
f 608 606 607
f 609 607 200
f 200 607 606
f 610 611 613
f 613 611 612
f 600 614 587
f 587 614 592
f 596 605 597
f 597 605 608
f 602 615 603
f 603 615 583
f 616 614 584
f 584 614 600
f 611 618 617
f 617 618 590
f 620 621 619
f 619 621 622
f 610 623 611
f 611 623 618
f 624 589 618
f 618 589 590
f 617 590 591
f 591 590 588
f 581 625 582
f 582 625 626
f 599 627 581
f 581 627 625
f 591 594 617
f 617 594 628
f 601 610 598
f 598 610 613
f 581 584 599
f 599 584 600
f 585 629 586
f 586 629 630
f 615 616 583
f 583 616 584
f 587 592 588
f 588 592 591
f 582 626 631
f 631 626 632
f 624 620 633
f 633 620 619
f 621 620 604
f 604 620 623
f 631 632 621
f 621 632 622
f 610 601 623
f 623 601 604
f 589 624 634
f 634 624 633
f 586 630 599
f 599 630 627
f 203 202 628
f 628 202 612
f 629 585 634
f 634 585 589
f 609 593 614
f 614 593 592
f 620 624 623
f 623 624 618
f 631 621 603
f 603 621 604
f 582 631 583
f 583 631 603
f 634 633 636
f 636 633 635
f 634 636 629
f 629 636 637
f 629 637 630
f 630 637 638
f 630 638 627
f 627 638 639
f 633 619 635
f 635 619 640
f 619 622 640
f 640 622 641
f 641 622 642
f 642 622 632
f 644 635 643
f 643 635 640
f 645 646 648
f 648 646 647
f 649 650 646
f 646 650 647
f 647 650 652
f 652 650 651
f 652 653 655
f 655 653 654
f 651 656 652
f 652 656 653
f 655 648 652
f 652 648 647
f 648 657 645
f 645 657 658
f 650 649 651
f 651 649 659
f 649 637 659
f 659 637 636
f 649 660 637
f 637 660 638
f 661 660 646
f 646 660 649
f 662 661 645
f 645 661 646
f 651 659 656
f 656 659 644
f 644 659 635
f 635 659 636
f 663 662 658
f 658 662 645
f 664 661 665
f 665 661 662
f 663 666 662
f 662 666 665
f 667 664 668
f 668 664 665
f 664 667 670
f 670 667 669
f 666 671 665
f 665 671 668
f 661 664 660
f 660 664 670
f 660 670 638
f 638 670 639
f 658 672 663
f 663 672 673
f 658 657 672
f 672 657 674
f 653 656 675
f 675 656 644
f 653 675 654
f 654 675 676
f 675 644 677
f 677 644 643
f 676 675 678
f 678 675 677
f 679 680 676
f 676 680 654
f 674 680 672
f 672 680 679
f 627 639 625
f 625 639 681
f 626 682 632
f 632 682 642
f 681 682 625
f 625 682 626
f 669 683 681
f 681 683 682
f 667 684 669
f 669 684 683
f 682 683 642
f 642 683 685
f 681 639 669
f 669 639 670
f 686 641 685
f 685 641 642
f 641 686 640
f 640 686 643
f 686 687 643
f 643 687 677
f 687 686 688
f 688 686 685
f 689 687 690
f 690 687 688
f 683 684 685
f 685 684 688
f 684 691 688
f 688 691 690
f 687 689 677
f 677 689 678
f 693 678 692
f 692 678 689
f 692 695 694
f 694 695 696
f 692 689 695
f 695 689 690
f 692 694 693
f 693 694 673
f 693 673 679
f 679 673 672
f 679 676 693
f 693 676 678
f 684 667 691
f 691 667 668
f 696 691 671
f 671 691 668
f 696 695 691
f 691 695 690
f 694 696 666
f 666 696 671
f 666 663 694
f 694 663 673
f 648 655 657
f 657 655 674
f 674 655 680
f 680 655 654
f 593 162 594
f 594 162 290
f 598 597 601
f 601 597 602
f 615 608 616
f 616 608 607
f 607 609 616
f 616 609 614
f 697 595 613
f 613 595 598
f 597 608 602
f 602 608 615
f 594 290 628
f 628 290 203
f 628 612 617
f 617 612 611
f 593 609 162
f 162 609 200
f 105 29 698
f 698 29 699
f 268 126 701
f 701 126 700
f 126 125 700
f 700 125 702
f 252 703 250
f 250 703 704
f 32 268 705
f 705 268 701
f 288 105 706
f 706 105 698
f 29 32 699
f 699 32 705
f 707 251 706
f 706 251 288
f 250 704 125
f 125 704 702
f 703 252 707
f 707 252 251
f 706 708 707
f 707 708 709
f 707 709 703
f 703 709 710
f 703 710 704
f 704 710 711
f 704 711 702
f 702 711 712
f 706 698 708
f 708 698 713
f 698 699 713
f 713 699 714
f 699 705 714
f 714 705 715
f 717 708 716
f 716 708 713
f 719 720 718
f 718 720 721
f 722 723 719
f 719 723 720
f 724 725 723
f 723 725 720
f 724 726 725
f 725 726 727
f 728 721 725
f 725 721 720
f 721 728 729
f 729 728 730
f 729 731 721
f 721 731 718
f 724 723 732
f 732 723 722
f 722 710 732
f 732 710 709
f 722 733 710
f 710 733 711
f 719 734 722
f 722 734 733
f 734 719 735
f 735 719 718
f 724 732 726
f 726 732 717
f 717 732 708
f 708 732 709
f 731 736 718
f 718 736 735
f 737 734 738
f 738 734 735
f 736 739 735
f 735 739 738
f 740 737 741
f 741 737 738
f 737 740 743
f 743 740 742
f 739 744 738
f 738 744 741
f 734 737 733
f 733 737 743
f 733 743 711
f 711 743 712
f 736 731 746
f 746 731 745
f 731 729 745
f 745 729 730
f 727 726 747
f 747 726 717
f 748 727 749
f 749 727 747
f 747 717 750
f 750 717 716
f 749 747 751
f 751 747 750
f 749 752 748
f 748 752 753
f 730 753 745
f 745 753 752
f 728 725 748
f 748 725 727
f 730 728 753
f 753 728 748
f 700 702 754
f 754 702 712
f 705 701 715
f 715 701 755
f 754 755 700
f 700 755 701
f 742 756 754
f 754 756 755
f 740 757 742
f 742 757 756
f 755 756 715
f 715 756 758
f 754 712 742
f 742 712 743
f 759 714 758
f 758 714 715
f 714 759 713
f 713 759 716
f 759 760 716
f 716 760 750
f 760 759 761
f 761 759 758
f 762 760 763
f 763 760 761
f 756 757 758
f 758 757 761
f 757 764 761
f 761 764 763
f 760 762 750
f 750 762 751
f 766 751 765
f 765 751 762
f 767 765 769
f 769 765 768
f 765 762 768
f 768 762 763
f 765 767 766
f 766 767 746
f 766 746 752
f 752 746 745
f 752 749 766
f 766 749 751
f 757 740 764
f 764 740 741
f 769 764 744
f 744 764 741
f 769 768 764
f 764 768 763
f 767 769 739
f 739 769 744
f 739 736 767
f 767 736 746
f 219 217 208
f 208 217 209
f 209 217 210
f 210 217 193
f 198 580 199
f 199 580 511
f 76 75 289
f 289 75 272
f 277 207 291
f 291 207 184
f 290 183 203
f 203 183 84
f 490 580 142
f 142 580 198
f 142 198 143
f 143 198 197
f 149 276 72
f 72 276 73
f 104 103 279
f 279 103 770
f 770 596 279
f 279 596 595
f 605 596 771
f 771 596 770
f 771 770 772
f 772 770 103
f 772 103 773
f 773 103 102
f 155 774 101
f 101 774 102
f 773 102 97
f 97 102 774
f 775 773 100
f 100 773 97
f 773 775 772
f 772 775 776
f 772 776 771
f 771 776 777
f 200 606 197
f 197 606 777
f 189 71 778
f 778 71 74
f 97 774 98
f 98 774 155
f 183 161 184
f 184 161 291
f 777 276 197
f 197 276 143
f 777 606 771
f 771 606 605
f 613 612 697
f 697 612 202
f 595 697 279
f 279 697 202
f 73 276 776
f 776 276 777
f 776 775 73
f 73 775 74
f 100 778 775
f 775 778 74
f 778 100 189
f 189 100 99
f 245 242 99
f 99 242 189
f 131 33 256
f 28 1 95
f 95 1 62
f 27 2 28
f 28 2 1
f 265 115 266
f 266 115 114
f 95 62 69
f 69 62 64
f 62 61 64
f 64 61 65
f 61 13 65
f 65 13 130
f 13 12 130
f 130 12 14
f 31 11 32
f 32 11 268
f 15 12 31
f 31 12 11
f 31 30 15
f 15 30 231
f 30 106 231
f 231 106 232
f 287 237 106
f 106 237 232
f 254 90 287
f 287 90 237
f 253 44 254
f 254 44 90
f 253 249 44
f 44 249 7
f 267 127 268
f 268 127 126
f 10 3 241
f 241 3 116
f 3 2 116
f 116 2 114
f 2 27 114
f 114 27 266
f 27 26 266
f 266 26 113
f 26 286 113
f 113 286 110
f 286 243 110
f 110 243 255
f 243 242 255
f 255 242 256
f 242 245 256
f 256 245 131
f 245 244 131
f 131 244 132
f 265 37 115
f 115 37 41
f 41 37 42
f 42 37 40
f 92 91 40
f 40 91 42
f 236 233 92
f 92 233 91
f 191 194 236
f 236 194 233
f 258 285 244
f 244 285 132
f 257 55 258
f 258 55 285
f 257 154 201
f 201 154 185
f 56 201 204
f 204 201 180
f 55 257 56
f 56 257 201
f 204 85 56
f 56 85 52
f 86 122 53
f 53 122 79
f 212 215 86
f 86 215 122
f 211 216 212
f 212 216 215
f 192 280 211
f 211 280 216
f 191 240 192
f 192 240 280
f 249 124 7
f 7 124 8
f 124 127 8
f 8 127 241
f 127 267 241
f 241 267 10
f 10 267 9
f 9 267 11
o hand_right
v 0.123690 0.424127 0.905275
v 0.127780 0.433733 0.904806
v 0.116691 0.433189 0.906125
v 0.113497 0.423328 0.905414
v 0.122916 0.455168 0.905426
v 0.120827 0.463794 0.896822
v 0.106307 0.458025 0.900350
v 0.110389 0.452219 0.907785
v 0.105502 0.421890 0.903606
v 0.108287 0.432397 0.906829
v 0.102922 0.421766 0.898464
v 0.103343 0.409266 0.892098
v 0.104574 0.411600 0.899187
v 0.103392 0.400263 0.891298
v 0.109436 0.410325 0.882493
v 0.109819 0.394850 0.886134
v 0.139102 0.402627 0.883600
v 0.151312 0.402112 0.889652
v 0.144604 0.387720 0.895902
v 0.132469 0.389954 0.889846
v 0.161655 0.394371 0.906061
v 0.152089 0.389864 0.900738
v 0.159304 0.403550 0.893581
v 0.167464 0.406927 0.898820
v 0.140218 0.426337 0.908163
v 0.145252 0.435408 0.906675
v 0.139479 0.434193 0.904888
v 0.134795 0.425917 0.906254
v 0.095775 0.430012 0.892860
v 0.103353 0.428322 0.883497
v 0.102837 0.422655 0.889548
v 0.096854 0.429158 0.898288
v 0.161640 0.459475 0.910025
v 0.167951 0.467095 0.900829
v 0.163364 0.467604 0.897203
v 0.158818 0.460069 0.906140
v 0.141889 0.468421 0.891090
v 0.150051 0.470462 0.885434
v 0.148456 0.472384 0.871776
v 0.140189 0.468108 0.874602
v 0.131240 0.466268 0.894851
v 0.129600 0.467406 0.880910
v 0.118638 0.464541 0.885220
v 0.103459 0.458699 0.891283
v 0.179208 0.464327 0.906361
v 0.176052 0.458736 0.914226
v 0.083268 0.379459 0.927860
v 0.088056 0.379869 0.931382
v 0.089776 0.381137 0.928166
v 0.084912 0.380329 0.925019
v 0.191819 0.448659 0.904663
v 0.194612 0.442795 0.896913
v 0.197700 0.449313 0.895895
v 0.193751 0.455402 0.901909
v 0.189077 0.439797 0.908318
v 0.189622 0.434148 0.898539
v 0.080349 0.367128 0.926042
v 0.078738 0.372040 0.925717
v 0.080971 0.371392 0.921218
v 0.083347 0.366441 0.921212
v 0.110220 0.414148 0.904172
v 0.119244 0.416017 0.907244
v 0.106022 0.398382 0.908664
v 0.112216 0.404309 0.908005
v 0.107013 0.405716 0.903115
v 0.102893 0.399840 0.903264
v 0.134244 0.406155 0.916630
v 0.138843 0.416140 0.912583
v 0.132750 0.415077 0.910089
v 0.126072 0.404802 0.914184
v 0.150001 0.417822 0.921193
v 0.144740 0.407617 0.924174
v 0.151725 0.409673 0.928753
v 0.153799 0.417117 0.926512
v 0.133882 0.390178 0.926663
v 0.131403 0.383662 0.927884
v 0.133511 0.383682 0.930406
v 0.137089 0.390636 0.928425
v 0.200851 0.455287 0.893786
v 0.195024 0.461671 0.898479
v 0.177143 0.401584 0.919276
v 0.180747 0.409610 0.926207
v 0.178162 0.397945 0.932934
v 0.175011 0.392400 0.923500
v 0.191417 0.437974 0.888258
v 0.196718 0.443720 0.887554
v 0.084852 0.363408 0.928318
v 0.087848 0.362944 0.923918
v 0.121324 0.458042 0.873920
v 0.103358 0.453750 0.882678
v 0.134950 0.460765 0.868725
v 0.144555 0.462432 0.865196
v 0.151048 0.466532 0.861641
v 0.115577 0.400344 0.912434
v 0.128409 0.418639 0.907705
v 0.144679 0.426851 0.910674
v 0.166622 0.427400 0.932398
v 0.170004 0.436847 0.928871
v 0.160233 0.434444 0.925289
v 0.159577 0.426328 0.928670
v 0.177712 0.414764 0.933955
v 0.170309 0.416694 0.936726
v 0.168272 0.407843 0.940043
v 0.175291 0.404445 0.938453
v 0.092180 0.434678 0.887993
v 0.103605 0.434564 0.878829
v 0.185719 0.454965 0.910585
v 0.186282 0.461056 0.905812
v 0.189348 0.466661 0.900267
v 0.152289 0.447908 0.908217
v 0.156793 0.460556 0.903547
v 0.152806 0.460518 0.901838
v 0.149979 0.446808 0.906181
v 0.132545 0.444654 0.906191
v 0.136523 0.457431 0.903395
v 0.120718 0.443418 0.908819
v 0.157990 0.469701 0.891571
v 0.167375 0.475328 0.891694
v 0.161122 0.476256 0.885428
v 0.175667 0.473346 0.896557
v 0.183419 0.470446 0.899910
v 0.202881 0.448482 0.884140
v 0.155727 0.475458 0.878994
v 0.101939 0.449026 0.908527
v 0.094676 0.445941 0.909339
v 0.097768 0.438834 0.909742
v 0.104300 0.440798 0.909270
v 0.101614 0.391371 0.893334
v 0.100249 0.396828 0.898640
v 0.102979 0.405052 0.896687
v 0.161565 0.450411 0.917176
v 0.173724 0.450319 0.920601
v 0.109081 0.394312 0.912940
v 0.086939 0.367749 0.916482
v 0.084067 0.373005 0.916460
v 0.094497 0.382507 0.902896
v 0.097452 0.376193 0.902613
v 0.110143 0.384303 0.915929
v 0.107364 0.390773 0.914718
v 0.106781 0.388587 0.915850
v 0.109219 0.383242 0.918870
v 0.141421 0.386950 0.934055
v 0.144462 0.393191 0.932410
v 0.125197 0.379177 0.899308
v 0.116273 0.381195 0.889176
v 0.121124 0.391956 0.884743
v 0.140635 0.407467 0.920279
v 0.137162 0.398451 0.924416
v 0.140720 0.398710 0.926623
v 0.116932 0.396424 0.914974
v 0.112908 0.390462 0.915900
v 0.117888 0.391125 0.917109
v 0.122031 0.397086 0.916679
v 0.184657 0.420273 0.919258
v 0.181366 0.426310 0.928606
v 0.079895 0.376537 0.926120
v 0.081679 0.376716 0.922426
v 0.145010 0.417239 0.916232
v 0.127574 0.404773 0.880857
v 0.149191 0.427550 0.913767
v 0.158580 0.382055 0.924333
v 0.157431 0.384377 0.931488
v 0.152983 0.380482 0.934044
v 0.153468 0.376505 0.929407
v 0.100887 0.375439 0.928739
v 0.097516 0.380170 0.928887
v 0.094796 0.378608 0.930964
v 0.097784 0.373567 0.931686
v 0.103721 0.394006 0.911338
v 0.099970 0.395138 0.906304
v 0.097766 0.391658 0.910239
v 0.102370 0.390531 0.913972
v 0.097648 0.391516 0.901646
v 0.094868 0.388290 0.905590
v 0.101168 0.369272 0.926447
v 0.097215 0.364302 0.922279
v 0.108044 0.371703 0.910472
v 0.109213 0.375818 0.917202
v 0.173618 0.418258 0.891004
v 0.181347 0.420900 0.898582
v 0.175526 0.409591 0.906499
v 0.170900 0.397739 0.913842
v 0.165186 0.386995 0.920710
v 0.157779 0.383195 0.911858
v 0.181036 0.413009 0.911485
v 0.117158 0.379284 0.911480
v 0.115661 0.376919 0.903014
v 0.120694 0.377342 0.905797
v 0.154025 0.428574 0.919359
v 0.084276 0.378382 0.918194
v 0.160452 0.446958 0.860343
v 0.171937 0.441914 0.864717
v 0.165814 0.436281 0.867606
v 0.152727 0.442249 0.863345
v 0.092071 0.383225 0.926068
v 0.087018 0.382923 0.921930
v 0.149594 0.392282 0.936810
v 0.146216 0.386463 0.937174
v 0.148802 0.383778 0.937990
v 0.152779 0.388992 0.940553
v 0.185125 0.423845 0.902117
v 0.174104 0.390812 0.937482
v 0.172133 0.386502 0.928866
v 0.186147 0.430699 0.891373
v 0.179851 0.428136 0.884339
v 0.184802 0.435278 0.879936
v 0.143595 0.377657 0.909162
v 0.166558 0.415291 0.886902
v 0.173398 0.426401 0.880573
v 0.179013 0.434867 0.875132
v 0.183854 0.440496 0.871296
v 0.189630 0.440489 0.877072
v 0.091879 0.364549 0.919297
v 0.093584 0.362546 0.927721
v 0.196133 0.445393 0.873037
v 0.189017 0.445653 0.867076
v 0.165338 0.425728 0.876121
v 0.154957 0.426025 0.871572
v 0.158963 0.415099 0.882588
v 0.148189 0.414344 0.878474
v 0.138523 0.376895 0.899688
v 0.088074 0.366084 0.943920
v 0.094224 0.366426 0.934991
v 0.095246 0.372184 0.935362
v 0.090202 0.369794 0.944658
v 0.097658 0.367661 0.930595
v 0.090627 0.363029 0.932084
v 0.133999 0.418083 0.875139
v 0.115301 0.385168 0.917987
v 0.138979 0.433324 0.868617
v 0.115840 0.420588 0.875385
v 0.119097 0.433368 0.872161
v 0.142333 0.449952 0.862601
v 0.126452 0.447371 0.867217
v 0.156892 0.458612 0.857389
v 0.150712 0.453185 0.860234
v 0.110738 0.445900 0.873975
v 0.081592 0.379752 0.938215
v 0.086818 0.379086 0.940698
v 0.166004 0.452129 0.856877
v 0.111122 0.441776 0.909285
v 0.155507 0.438856 0.916083
v 0.151849 0.437440 0.911967
v 0.171617 0.442327 0.925907
v 0.160735 0.441475 0.921566
v 0.077272 0.377218 0.936219
v 0.131883 0.378021 0.927571
v 0.133182 0.379711 0.927201
v 0.098092 0.454467 0.903056
v 0.091824 0.451203 0.904526
v 0.087067 0.446977 0.892823
v 0.088027 0.451163 0.898696
v 0.094957 0.455021 0.894920
v 0.094084 0.450862 0.888348
v 0.154001 0.448446 0.910255
v 0.156691 0.448652 0.913142
v 0.187186 0.430755 0.913731
v 0.183308 0.436222 0.923118
v 0.098996 0.386257 0.897955
v 0.106821 0.384879 0.890689
v 0.103071 0.380514 0.896802
v 0.103677 0.372870 0.903999
v 0.114749 0.380775 0.916437
v 0.112824 0.379601 0.912823
v 0.145223 0.458675 0.902755
v 0.143248 0.445324 0.905105
v 0.103385 0.432704 0.905858
v 0.098472 0.432068 0.905634
v 0.129550 0.398804 0.919250
v 0.135385 0.371750 0.915307
v 0.130996 0.371521 0.907706
v 0.125727 0.390814 0.921128
v 0.075716 0.369017 0.937133
v 0.075465 0.373883 0.936183
v 0.109312 0.376996 0.897461
v 0.147283 0.400625 0.931785
v 0.141427 0.376115 0.916756
v 0.134787 0.373125 0.922597
v 0.172753 0.398866 0.941348
v 0.177225 0.448065 0.861029
v 0.093062 0.377435 0.934766
v 0.090533 0.376190 0.942722
v 0.085064 0.363913 0.941719
v 0.080052 0.364545 0.938333
v 0.183473 0.445533 0.917443
v 0.149136 0.436179 0.909501
v 0.098601 0.443896 0.881209
v 0.089279 0.441038 0.888579
v 0.123920 0.385935 0.922255
v 0.164032 0.384526 0.927689
v 0.153264 0.377166 0.918070
v 0.148374 0.371502 0.923943
v 0.140799 0.371358 0.922970
v 0.134574 0.374240 0.925707
v 0.083127 0.365178 0.947025
v 0.077942 0.365810 0.943957
v 0.073851 0.370386 0.942698
v 0.073823 0.374863 0.941261
v 0.076648 0.378122 0.940235
v 0.086308 0.367439 0.949220
v 0.088193 0.370905 0.949509
v 0.089300 0.376189 0.946030
v 0.085426 0.369695 0.953414
v 0.080567 0.368070 0.954633
v 0.070352 0.377329 0.954904
v 0.071584 0.373092 0.950936
v 0.071951 0.372834 0.953661
v 0.071068 0.375708 0.957645
v 0.070706 0.377446 0.962504
v 0.069670 0.379749 0.959991
v 0.075311 0.369643 0.953181
v 0.074539 0.372993 0.958972
v 0.078469 0.372074 0.960262
v 0.077164 0.374243 0.965171
v 0.073528 0.374976 0.964267
v 0.078571 0.369609 0.956341
v 0.075652 0.368239 0.951228
v 0.070747 0.380462 0.964447
v 0.070906 0.378095 0.965354
v 0.073456 0.376602 0.966904
v 0.073899 0.379328 0.968249
v 0.072492 0.376618 0.946044
v 0.070827 0.379644 0.953766
v 0.071654 0.382115 0.959242
v 0.072570 0.382534 0.963737
v 0.073862 0.382374 0.954275
v 0.074293 0.383428 0.958969
v 0.075545 0.383739 0.962809
v 0.077806 0.383716 0.955316
v 0.077413 0.383997 0.959465
v 0.079762 0.380505 0.944217
v 0.075849 0.379131 0.943306
v 0.077439 0.384444 0.962044
v 0.075500 0.380871 0.967936
v 0.082048 0.371777 0.959380
v 0.080181 0.375470 0.965039
v 0.084012 0.373128 0.959106
v 0.082353 0.376473 0.964911
v 0.078236 0.377100 0.968670
v 0.076311 0.375896 0.967422
v 0.081504 0.379726 0.940736
v 0.086819 0.378790 0.943337
v 0.085528 0.379440 0.946304
v 0.082366 0.382904 0.956632
v 0.088147 0.377160 0.949109
v 0.087263 0.373064 0.953409
v 0.085230 0.375839 0.959360
v 0.085358 0.379178 0.958482
v 0.083405 0.378482 0.963639
v 0.083065 0.380618 0.962231
v 0.080813 0.383381 0.960745
v 0.080991 0.380643 0.966091
v 0.079773 0.378615 0.967933
v 0.077705 0.382512 0.965890
v 0.081552 0.381600 0.964440
v 0.079042 0.383053 0.963621
v 0.107665 0.369790 0.943288
v 0.113331 0.369385 0.946387
v 0.113701 0.368460 0.942247
v 0.108980 0.368750 0.939630
v 0.103230 0.356380 0.940870
v 0.102353 0.362791 0.941046
v 0.103800 0.360762 0.935715
v 0.106324 0.354178 0.935505
v 0.108877 0.351924 0.942567
v 0.112314 0.350731 0.937160
v 0.108800 0.355220 0.930208
v 0.106095 0.361948 0.931062
v 0.115460 0.373549 0.916528
v 0.118605 0.367619 0.914389
v 0.127017 0.379298 0.928864
v 0.129057 0.375807 0.929019
v 0.104564 0.367481 0.941980
v 0.105593 0.365912 0.937444
v 0.122228 0.365648 0.942543
v 0.118420 0.369594 0.942186
v 0.117990 0.367533 0.944512
v 0.120894 0.362912 0.945491
v 0.117056 0.380296 0.921553
v 0.122355 0.380453 0.925034
v 0.115366 0.377628 0.919285
v 0.123848 0.359245 0.940904
v 0.122038 0.353568 0.937332
v 0.130607 0.363911 0.921795
v 0.131786 0.367803 0.926735
v 0.106440 0.366899 0.933477
v 0.113125 0.370895 0.940193
v 0.108948 0.370600 0.936947
v 0.115710 0.352654 0.932103
v 0.118489 0.352007 0.942576
v 0.113236 0.359607 0.960520
v 0.118528 0.357505 0.950267
v 0.119158 0.362732 0.950290
v 0.114853 0.364437 0.961106
v 0.121097 0.357204 0.945092
v 0.115143 0.353327 0.947692
v 0.104807 0.373154 0.956631
v 0.110621 0.372530 0.959185
v 0.100869 0.371066 0.955469
v 0.125038 0.363981 0.916133
v 0.099211 0.360753 0.953698
v 0.098903 0.367397 0.954221
v 0.117784 0.367418 0.948623
v 0.114085 0.369364 0.960954
v 0.110099 0.356597 0.958951
v 0.104188 0.355959 0.954591
v 0.107644 0.358457 0.964046
v 0.101933 0.358403 0.961063
v 0.097206 0.363205 0.959601
v 0.097758 0.369045 0.958806
v 0.100310 0.372130 0.958807
v 0.110950 0.361157 0.965453
v 0.113006 0.365615 0.965595
v 0.112646 0.370185 0.963201
v 0.109895 0.365279 0.971138
v 0.105952 0.363027 0.971611
v 0.094321 0.376584 0.976364
v 0.094829 0.372798 0.971710
v 0.095640 0.371041 0.973511
v 0.095176 0.374350 0.977897
v 0.095369 0.367515 0.968219
v 0.096375 0.367441 0.970620
v 0.100000 0.364606 0.971314
v 0.099431 0.368954 0.975661
v 0.104128 0.367900 0.976427
v 0.103243 0.370865 0.981265
v 0.098493 0.371831 0.980823
v 0.103344 0.364812 0.973333
v 0.095645 0.375979 0.981104
v 0.095915 0.378556 0.981417
v 0.099856 0.362325 0.968984
v 0.096334 0.370414 0.962873
v 0.095424 0.375538 0.970370
v 0.095799 0.379444 0.975713
v 0.098222 0.380580 0.981320
v 0.098431 0.378511 0.970109
v 0.098557 0.381163 0.975585
v 0.100602 0.381419 0.980218
v 0.102849 0.380271 0.970472
v 0.102687 0.382051 0.976045
v 0.104140 0.374907 0.961200
v 0.099523 0.373656 0.961142
v 0.102455 0.381814 0.978701
v 0.098845 0.376570 0.984784
v 0.100921 0.379195 0.984242
v 0.098396 0.374985 0.983849
v 0.106256 0.368021 0.976512
v 0.105165 0.372044 0.981448
v 0.108664 0.369548 0.976448
v 0.106883 0.373755 0.981767
v 0.103254 0.374729 0.984837
v 0.101803 0.373831 0.984500
v 0.104472 0.373352 0.959297
v 0.109763 0.372567 0.961127
v 0.109539 0.373934 0.962642
v 0.107735 0.378873 0.972018
v 0.112519 0.371135 0.965160
v 0.111994 0.367916 0.969540
v 0.110347 0.371615 0.975401
v 0.110370 0.375440 0.974100
v 0.108572 0.375069 0.981206
v 0.109021 0.377004 0.978564
v 0.106491 0.380730 0.976807
v 0.105993 0.377688 0.984048
v 0.104430 0.376082 0.984902
v 0.102465 0.380200 0.982922
v 0.107137 0.378757 0.981480
v 0.104407 0.380997 0.980443
v 0.126530 0.372616 0.950136
v 0.131671 0.373692 0.952570
v 0.132767 0.373872 0.949602
v 0.127923 0.372356 0.947136
v 0.125254 0.359866 0.948590
v 0.122986 0.364318 0.948657
v 0.124805 0.363836 0.944220
v 0.127688 0.359371 0.942826
v 0.129413 0.357503 0.951824
v 0.133036 0.356604 0.944373
v 0.130026 0.360235 0.937743
v 0.126444 0.364608 0.940230
v 0.132824 0.372092 0.928987
v 0.137154 0.367276 0.927299
v 0.123937 0.368936 0.949147
v 0.125397 0.368732 0.945720
v 0.140625 0.371811 0.950732
v 0.136799 0.374698 0.950116
v 0.137334 0.372313 0.951995
v 0.139919 0.368761 0.952849
v 0.134055 0.381765 0.933351
v 0.139640 0.382986 0.935509
v 0.131957 0.377325 0.931767
v 0.142807 0.365664 0.948851
v 0.141817 0.359883 0.944325
v 0.148923 0.369093 0.934902
v 0.149001 0.374381 0.937999
v 0.126091 0.369266 0.942620
v 0.132190 0.375983 0.947707
v 0.127722 0.373929 0.945085
v 0.136104 0.358775 0.939405
v 0.138424 0.358121 0.949093
v 0.131475 0.363084 0.969927
v 0.138808 0.362471 0.955681
v 0.138697 0.368467 0.955850
v 0.132745 0.367397 0.970143
v 0.140770 0.363016 0.952420
v 0.135513 0.358161 0.954030
v 0.121994 0.374652 0.964813
v 0.127315 0.374706 0.966464
v 0.119474 0.371468 0.963001
v 0.143878 0.365647 0.929230
v 0.146066 0.380402 0.938619
v 0.118633 0.363976 0.963781
v 0.118191 0.368269 0.962950
v 0.136357 0.371905 0.954610
v 0.131634 0.371854 0.968907
v 0.128310 0.360007 0.967882
v 0.122969 0.359844 0.964726
v 0.126864 0.361459 0.973343
v 0.121322 0.361573 0.970564
v 0.116979 0.365383 0.969477
v 0.116950 0.369687 0.968193
v 0.118447 0.372811 0.967781
v 0.130200 0.364644 0.974871
v 0.131294 0.368434 0.974469
v 0.130584 0.371968 0.970645
v 0.129616 0.366825 0.978691
v 0.124956 0.364153 0.979813
v 0.114150 0.375248 0.986516
v 0.114915 0.372656 0.981387
v 0.115541 0.371798 0.982049
v 0.114652 0.373849 0.987393
v 0.115911 0.367864 0.976638
v 0.116390 0.368164 0.978620
v 0.119357 0.365610 0.979265
v 0.118770 0.368736 0.984897
v 0.124773 0.368723 0.985167
v 0.123299 0.371148 0.989439
v 0.117740 0.371016 0.989724
v 0.123574 0.365400 0.980945
v 0.115083 0.374714 0.990472
v 0.113656 0.376036 0.990666
v 0.119671 0.364044 0.977260
v 0.115274 0.371499 0.973359
v 0.114551 0.375241 0.980024
v 0.113689 0.378141 0.985156
v 0.114986 0.379186 0.989277
v 0.116863 0.378138 0.979062
v 0.116057 0.380015 0.984102
v 0.117096 0.380901 0.987861
v 0.119814 0.379603 0.978889
v 0.119139 0.380953 0.983559
v 0.121283 0.375673 0.970031
v 0.117611 0.374147 0.971222
v 0.119081 0.381237 0.986710
v 0.117421 0.374809 0.993390
v 0.119485 0.378417 0.992592
v 0.117562 0.373669 0.992085
v 0.126575 0.368777 0.984694
v 0.125306 0.372129 0.990235
v 0.128599 0.370625 0.983937
v 0.127182 0.373967 0.989434
v 0.122503 0.373634 0.993066
v 0.121689 0.372991 0.992433
v 0.121994 0.374632 0.967490
v 0.126945 0.374523 0.968587
v 0.126129 0.375527 0.970734
v 0.124365 0.379746 0.980017
v 0.129881 0.373201 0.972664
v 0.130505 0.370432 0.978017
v 0.128994 0.373714 0.982857
v 0.127745 0.377144 0.981825
v 0.127573 0.376316 0.987935
v 0.126644 0.378003 0.985815
v 0.123179 0.381158 0.984360
v 0.124615 0.377872 0.990360
v 0.124095 0.375798 0.992405
v 0.120755 0.380313 0.990385
v 0.124710 0.379321 0.988324
v 0.121752 0.381105 0.988199
v 0.143517 0.382680 0.937568
v 0.143155 0.379826 0.956957
v 0.146560 0.380804 0.959351
v 0.147780 0.381058 0.958173
v 0.144604 0.381034 0.955211
v 0.144386 0.369916 0.951385
v 0.141641 0.373562 0.952708
v 0.143458 0.374450 0.949043
v 0.146227 0.370977 0.947772
v 0.149112 0.368000 0.952704
v 0.151041 0.369273 0.949917
v 0.148575 0.372834 0.945347
v 0.145718 0.376633 0.946268
v 0.155100 0.384349 0.934811
v 0.159863 0.381627 0.933171
v 0.169023 0.394272 0.943971
v 0.164841 0.397791 0.944135
v 0.161418 0.391835 0.949140
v 0.165523 0.389301 0.948907
v 0.141579 0.377084 0.954658
v 0.142854 0.378663 0.951754
v 0.157366 0.378581 0.958905
v 0.153621 0.381705 0.958814
v 0.151427 0.380584 0.960140
v 0.155056 0.377898 0.961296
v 0.159734 0.396892 0.942966
v 0.156295 0.394336 0.941104
v 0.154410 0.391994 0.943529
v 0.156897 0.391969 0.947561
v 0.152402 0.388341 0.940214
v 0.158797 0.375045 0.956772
v 0.157791 0.371292 0.952203
v 0.169743 0.383044 0.942304
v 0.168928 0.386539 0.945852
v 0.144528 0.379554 0.949762
v 0.149708 0.382924 0.956532
v 0.146346 0.382082 0.954211
v 0.153448 0.370485 0.947397
v 0.155256 0.370276 0.954853
v 0.151564 0.370832 0.967426
v 0.155584 0.373134 0.961256
v 0.154030 0.377577 0.962740
v 0.151196 0.374017 0.968179
v 0.156432 0.373954 0.959468
v 0.153490 0.369041 0.957745
v 0.140422 0.378543 0.963166
v 0.145193 0.378976 0.965715
v 0.138579 0.376348 0.961360
v 0.165656 0.380748 0.935731
v 0.139890 0.369115 0.959615
v 0.137922 0.373024 0.960512
v 0.150150 0.380033 0.961520
v 0.148977 0.377205 0.967594
v 0.149554 0.367356 0.964883
v 0.144997 0.366244 0.960628
v 0.146806 0.367056 0.968733
v 0.142271 0.366328 0.964634
v 0.137362 0.370333 0.963760
v 0.137074 0.374185 0.963445
v 0.138118 0.377157 0.964005
v 0.149525 0.370685 0.970683
v 0.149742 0.373805 0.970788
v 0.148194 0.377082 0.969251
v 0.147420 0.370728 0.974145
v 0.143228 0.368411 0.973921
v 0.133669 0.376792 0.978213
v 0.134452 0.375702 0.974256
v 0.134829 0.374651 0.974728
v 0.133446 0.375740 0.978462
v 0.135643 0.372623 0.969788
v 0.135983 0.372238 0.971516
v 0.138600 0.369639 0.971497
v 0.137042 0.371313 0.976358
v 0.141782 0.370703 0.978874
v 0.139975 0.372038 0.982367
v 0.135875 0.372158 0.979905
v 0.141511 0.368855 0.974647
v 0.132995 0.375428 0.981201
v 0.132534 0.376496 0.981995
v 0.139006 0.368326 0.969623
v 0.135830 0.376227 0.967833
v 0.134274 0.378278 0.974358
v 0.133277 0.378922 0.979341
v 0.133653 0.378228 0.983116
v 0.135902 0.380131 0.973738
v 0.134543 0.380868 0.979501
v 0.135052 0.380099 0.983083
v 0.138876 0.381664 0.973988
v 0.137039 0.381706 0.979401
v 0.141009 0.380371 0.967921
v 0.137790 0.378897 0.967584
v 0.136575 0.380636 0.982296
v 0.134728 0.374306 0.984416
v 0.135950 0.376924 0.985162
v 0.134945 0.373115 0.983359
v 0.143131 0.370952 0.979138
v 0.141067 0.372716 0.983404
v 0.145073 0.372498 0.979344
v 0.142156 0.374564 0.983752
v 0.138223 0.373695 0.985283
v 0.137673 0.372629 0.983821
v 0.140833 0.379481 0.965794
v 0.144558 0.379137 0.967151
v 0.144893 0.379646 0.969459
v 0.142726 0.381100 0.975299
v 0.148172 0.377018 0.971524
v 0.148775 0.373554 0.973318
v 0.145961 0.375057 0.978907
v 0.145538 0.378247 0.977727
v 0.142422 0.376725 0.983537
v 0.142265 0.379368 0.982027
v 0.140248 0.381435 0.980371
v 0.139065 0.377696 0.985035
v 0.138680 0.375966 0.985707
v 0.137013 0.378664 0.984699
v 0.139492 0.379267 0.983964
v 0.138227 0.380095 0.983289
v 0.170300 0.390476 0.943027
v 0.082271 0.430552 0.897568
v 0.085955 0.428140 0.901012
v 0.086889 0.438098 0.914411
v 0.088208 0.431567 0.911780
v 0.083004 0.443775 0.913038
v 0.077002 0.446314 0.903867
v 0.080354 0.446777 0.908625
v 0.087830 0.428153 0.906693
v 0.078928 0.435412 0.895879
v 0.076600 0.442304 0.897925
v 0.071603 0.429868 0.899473
v 0.068519 0.437642 0.901986
v 0.068522 0.442431 0.907602
v 0.074888 0.444054 0.912482
v 0.078791 0.442627 0.915688
v 0.078702 0.426935 0.901762
v 0.082887 0.425725 0.904945
v 0.085906 0.427605 0.910474
v 0.076242 0.422169 0.908256
v 0.068412 0.421773 0.914539
v 0.062314 0.429582 0.932019
v 0.064929 0.433059 0.926535
v 0.063838 0.430734 0.925429
v 0.061104 0.427933 0.930456
v 0.065120 0.433954 0.920718
v 0.064969 0.431612 0.921030
v 0.065683 0.427838 0.917393
v 0.063566 0.425162 0.922545
v 0.067583 0.423015 0.917142
v 0.067129 0.420432 0.920950
v 0.061308 0.422372 0.927263
v 0.059105 0.424776 0.932286
v 0.059591 0.420149 0.931387
v 0.060586 0.425326 0.935054
v 0.063375 0.428157 0.914628
v 0.069181 0.439369 0.919621
v 0.067560 0.435386 0.927360
v 0.065486 0.430803 0.933605
v 0.063569 0.425536 0.936430
v 0.071832 0.435361 0.928621
v 0.069808 0.430306 0.933476
v 0.068410 0.425092 0.935525
v 0.076053 0.432650 0.928528
v 0.073004 0.427981 0.932399
v 0.081538 0.437381 0.919214
v 0.075833 0.440869 0.919915
v 0.070762 0.424879 0.933942
v 0.060421 0.419119 0.934067
v 0.063836 0.419369 0.935345
v 0.069681 0.418577 0.919541
v 0.064795 0.417586 0.925200
v 0.067466 0.416271 0.925295
v 0.073589 0.418102 0.918759
v 0.070181 0.415866 0.925877
v 0.064000 0.415739 0.930115
v 0.062173 0.417328 0.928612
v 0.083571 0.438404 0.916764
v 0.086187 0.432664 0.914330
v 0.084534 0.432069 0.916394
v 0.079347 0.427346 0.925687
v 0.084410 0.426531 0.913880
v 0.080848 0.422999 0.910534
v 0.076980 0.418905 0.920069
v 0.079451 0.422149 0.922473
v 0.073102 0.417545 0.927147
v 0.074593 0.419997 0.928190
v 0.074674 0.424110 0.930840
v 0.069943 0.417833 0.931529
v 0.067057 0.415819 0.931011
v 0.068270 0.420555 0.934652
v 0.071829 0.419679 0.931037
v 0.071136 0.422004 0.933102
v 0.166418 0.403119 0.941734
v 0.159984 0.402739 0.940088
v 0.162326 0.408789 0.938477
v 0.164279 0.417907 0.935746
v 0.172142 0.424812 0.933623
v 0.158521 0.417583 0.931781
v 0.156641 0.408341 0.934957
v 0.153384 0.399659 0.936919
v 0.155679 0.424160 0.924191
f 780 781 779
f 779 781 782
f 783 784 786
f 786 784 785
f 787 782 788
f 788 782 781
f 790 791 789
f 789 791 787
f 792 790 794
f 794 790 793
f 796 797 795
f 795 797 798
f 800 801 799
f 799 801 802
f 804 805 803
f 803 805 806
f 808 809 807
f 807 809 810
f 811 812 814
f 814 812 813
f 815 816 818
f 818 816 817
f 819 820 784
f 784 820 821
f 784 821 785
f 785 821 822
f 823 812 824
f 824 812 811
f 826 827 825
f 825 827 828
f 830 831 829
f 829 831 832
f 834 830 833
f 833 830 829
f 836 837 835
f 835 837 838
f 839 840 782
f 782 840 779
f 842 843 841
f 841 843 844
f 846 847 845
f 845 847 848
f 850 851 849
f 849 851 852
f 854 855 853
f 853 855 856
f 831 857 832
f 832 857 858
f 860 861 859
f 859 861 862
f 863 864 830
f 830 864 831
f 835 838 865
f 865 838 866
f 867 868 821
f 821 868 822
f 821 820 867
f 867 820 869
f 818 817 870
f 870 817 871
f 872 848 842
f 842 848 847
f 791 839 787
f 787 839 782
f 803 806 847
f 847 806 873
f 874 803 846
f 846 803 847
f 876 877 875
f 875 877 878
f 879 880 882
f 882 880 881
f 884 808 883
f 883 808 807
f 829 832 885
f 885 832 886
f 832 858 886
f 886 858 887
f 889 890 888
f 888 890 891
f 893 783 892
f 892 783 894
f 893 819 783
f 783 819 784
f 814 813 889
f 889 813 895
f 813 896 895
f 895 896 897
f 812 898 813
f 813 898 896
f 812 823 898
f 898 823 899
f 903 904 902
f 902 904 905
f 906 907 792
f 792 907 908
f 811 909 824
f 824 909 910
f 911 872 841
f 841 872 842
f 912 913 915
f 915 913 914
f 917 918 916
f 916 918 919
f 855 920 856
f 856 920 921
f 922 923 798
f 798 923 924
f 926 927 925
f 925 927 850
f 929 930 928
f 928 930 931
f 860 879 861
f 861 879 882
f 879 860 933
f 933 860 932
f 934 935 836
f 836 935 837
f 936 846 925
f 925 846 845
f 937 924 793
f 793 924 794
f 846 936 874
f 874 936 938
f 907 844 908
f 908 844 843
f 940 941 939
f 939 941 942
f 944 945 943
f 943 945 946
f 948 949 947
f 947 949 950
f 952 949 951
f 951 949 948
f 954 955 953
f 953 955 956
f 958 959 957
f 957 959 802
f 960 961 799
f 799 961 962
f 859 963 860
f 860 963 932
f 964 965 966
f 966 965 922
f 936 849 938
f 938 849 967
f 968 913 935
f 935 913 837
f 947 950 917
f 917 950 918
f 925 850 936
f 936 850 849
f 970 971 969
f 969 971 972
f 945 944 827
f 827 944 973
f 974 968 828
f 828 968 935
f 975 976 978
f 978 976 977
f 799 802 960
f 960 802 959
f 924 937 798
f 798 937 795
f 960 959 859
f 859 959 963
f 979 963 958
f 958 963 959
f 980 981 861
f 861 981 862
f 983 984 982
f 982 984 863
f 985 800 962
f 962 800 799
f 957 802 986
f 986 802 801
f 986 987 957
f 957 987 983
f 987 988 983
f 983 988 984
f 990 984 989
f 989 984 988
f 957 983 958
f 958 983 982
f 991 954 866
f 866 954 992
f 864 863 990
f 990 863 984
f 971 995 996
f 995 997 996
f 996 997 998
f 997 796 998
f 998 796 795
f 797 999 798
f 798 999 922
f 1000 1001 1003
f 1003 1001 1002
f 953 1004 954
f 954 1004 992
f 1005 865 992
f 992 865 866
f 998 795 1006
f 1006 795 937
f 912 991 838
f 838 991 866
f 916 1007 929
f 929 1007 930
f 971 970 988
f 988 970 989
f 1008 972 996
f 996 972 971
f 1009 1010 1006
f 1006 1010 1008
f 1011 1012 869
f 869 1012 867
f 1013 1014 871
f 871 1014 870
f 1008 1010 1012
f 1012 1010 1015
f 825 1016 826
f 826 1016 1017
f 1018 969 1013
f 1013 969 1014
f 783 786 894
f 894 786 1019
f 1020 1021 967
f 967 1021 938
f 1022 1023 876
f 876 1023 877
f 934 1024 825
f 825 1024 1016
f 854 1025 855
f 855 1025 1026
f 1028 903 1027
f 1027 903 902
f 1030 1031 1029
f 1029 1031 1032
f 889 888 814
f 814 888 1033
f 1034 811 1033
f 1033 811 814
f 1035 1036 932
f 932 1036 933
f 841 947 911
f 911 947 917
f 844 948 841
f 841 948 947
f 951 948 907
f 907 948 844
f 907 906 951
f 951 906 1037
f 906 1038 1037
f 1037 1038 1039
f 991 912 1040
f 1040 912 915
f 1041 1042 964
f 964 1042 965
f 890 1043 891
f 891 1043 1044
f 789 1045 1046
f 1012 1011 1008
f 1008 1011 972
f 931 1047 848
f 848 1047 845
f 953 956 943
f 943 956 919
f 928 931 872
f 872 931 848
f 1049 999 1048
f 1048 999 985
f 1047 931 1050
f 1050 931 930
f 899 823 887
f 887 823 886
f 825 828 934
f 934 828 935
f 835 1051 836
f 836 1051 1052
f 923 1053 1038
f 1038 1053 1039
f 1054 927 921
f 921 927 856
f 926 1047 853
f 853 1047 1050
f 985 1055 1048
f 1048 1055 1056
f 973 974 827
f 827 974 828
f 837 913 838
f 838 913 912
f 861 882 980
f 980 882 1057
f 927 926 856
f 856 926 853
f 1025 1056 1026
f 1026 1056 1055
f 961 960 862
f 862 960 859
f 826 1017 1059
f 1059 1017 1060
f 1005 1001 1061
f 1061 1001 1000
f 1001 1004 1002
f 1002 1004 946
f 1059 1060 1002
f 1002 1060 1003
f 943 946 953
f 953 946 1004
f 1042 1041 916
f 916 1041 1007
f 792 794 906
f 906 794 1038
f 998 1006 996
f 996 1006 1008
f 865 1005 1062
f 1062 1005 1061
f 1038 794 923
f 923 794 924
f 1022 876 1036
f 1036 876 933
f 836 1052 934
f 934 1052 1024
f 885 1063 829
f 829 1063 833
f 1021 1064 938
f 938 1064 874
f 1012 1015 867
f 867 1015 868
f 824 910 885
f 885 910 1063
f 1031 1030 1027
f 1027 1030 1028
f 1064 804 874
f 874 804 803
f 884 883 1065
f 1065 883 1066
f 1050 930 1067
f 1067 930 1007
f 916 929 917
f 917 929 911
f 961 1068 939
f 939 1068 940
f 1069 1070 1055
f 1055 1070 1071
f 929 928 911
f 911 928 872
f 1040 1053 955
f 955 1053 965
f 922 965 923
f 923 965 1053
f 1051 835 1062
f 1062 835 865
f 952 914 968
f 968 914 913
f 889 895 890
f 890 895 816
f 895 897 816
f 816 897 901
f 890 816 1043
f 1043 816 815
f 1065 1066 1032
f 1032 1066 1029
f 1006 937 1009
f 1009 937 793
f 1001 1005 1004
f 1004 1005 992
f 925 845 926
f 926 845 1047
f 1002 946 1059
f 1059 946 945
f 977 941 978
f 978 941 940
f 823 824 886
f 886 824 885
f 1059 945 826
f 826 945 827
f 939 942 1069
f 1069 942 1070
f 816 901 817
f 1071 1072 1055
f 1055 1072 1026
f 1062 1061 1074
f 1074 1061 1073
f 1062 1074 1051
f 1051 1074 1075
f 1052 1051 1076
f 1076 1051 1075
f 1024 1052 1077
f 1077 1052 1076
f 1061 1000 1073
f 1073 1000 1078
f 1000 1003 1078
f 1078 1003 1079
f 1079 1003 1080
f 1080 1003 1060
f 1081 1082 1078
f 1078 1082 1073
f 1084 1085 1083
f 1083 1085 1086
f 1087 1088 1086
f 1086 1088 1083
f 1086 1085 1090
f 1090 1085 1089
f 1091 1092 1090
f 1090 1092 1093
f 1089 1094 1090
f 1090 1094 1091
f 1095 1082 1089
f 1089 1082 1094
f 1093 1087 1090
f 1090 1087 1086
f 1096 1097 1099
f 1099 1097 1098
f 1097 1096 1087
f 1087 1096 1088
f 1089 1085 1095
f 1095 1085 1084
f 1084 1075 1095
f 1095 1075 1074
f 1084 1100 1075
f 1075 1100 1076
f 1083 1101 1084
f 1084 1101 1100
f 1101 1083 1102
f 1102 1083 1088
f 1082 1095 1073
f 1073 1095 1074
f 1096 1103 1088
f 1088 1103 1102
f 1101 1102 1104
f 1104 1102 1105
f 1102 1103 1105
f 1105 1103 1106
f 1104 1105 1107
f 1107 1105 1108
f 1107 1109 1104
f 1104 1109 1110
f 1111 1108 1106
f 1106 1108 1105
f 1101 1104 1100
f 1100 1104 1110
f 1100 1110 1076
f 1076 1110 1077
f 1103 1096 1112
f 1112 1096 1099
f 1091 1094 1113
f 1113 1094 1082
f 1113 1114 1091
f 1091 1114 1092
f 1082 1081 1113
f 1113 1081 1115
f 1114 1113 1116
f 1116 1113 1115
f 1114 1117 1092
f 1092 1117 1118
f 1024 1077 1016
f 1016 1077 1119
f 1017 1120 1060
f 1060 1120 1080
f 1120 1017 1119
f 1119 1017 1016
f 1119 1109 1120
f 1120 1109 1121
f 1109 1107 1121
f 1121 1107 1122
f 1120 1121 1080
f 1080 1121 1123
f 1119 1077 1109
f 1109 1077 1110
f 1124 1079 1123
f 1123 1079 1080
f 1124 1081 1079
f 1079 1081 1078
f 1125 1115 1124
f 1124 1115 1081
f 1125 1124 1126
f 1126 1124 1123
f 1127 1125 1128
f 1128 1125 1126
f 1121 1122 1123
f 1123 1122 1126
f 1122 1129 1126
f 1126 1129 1128
f 1115 1125 1116
f 1116 1125 1127
f 1131 1116 1130
f 1130 1116 1127
f 1130 1133 1132
f 1132 1133 1134
f 1130 1127 1133
f 1133 1127 1128
f 1130 1132 1131
f 1131 1132 1112
f 1131 1112 1117
f 1117 1112 1099
f 1117 1114 1131
f 1131 1114 1116
f 1107 1108 1122
f 1122 1108 1129
f 1134 1129 1111
f 1111 1129 1108
f 1134 1133 1129
f 1129 1133 1128
f 1132 1134 1106
f 1106 1134 1111
f 1106 1103 1132
f 1132 1103 1112
f 1087 1093 1097
f 1097 1093 1098
f 1098 1118 1099
f 1099 1118 1117
f 1098 1093 1118
f 1118 1093 1092
f 915 914 1039
f 1039 914 1037
f 918 944 919
f 919 944 943
f 950 949 973
f 973 949 974
f 949 952 974
f 974 952 968
f 956 955 1042
f 1042 955 965
f 950 973 918
f 918 973 944
f 915 1039 1040
f 1040 1039 1053
f 956 1042 919
f 919 1042 916
f 1040 955 991
f 991 955 954
f 914 952 1037
f 1037 952 951
f 1136 1137 1135
f 1135 1137 1138
f 1140 1141 1139
f 1139 1141 1142
f 1139 1142 1143
f 1143 1142 1144
f 1145 1146 1148
f 1148 1146 1147
f 854 1149 1025
f 1025 1149 1150
f 1151 1152 1140
f 1140 1152 1141
f 1154 1155 1153
f 1153 1155 1156
f 1067 1007 1158
f 1158 1007 1157
f 1159 1157 1041
f 1041 1157 1007
f 1161 1162 1160
f 1160 1162 1163
f 1164 1146 1152
f 1152 1146 1141
f 854 1067 1149
f 1149 1067 1158
f 1155 1154 1137
f 1137 1154 1165
f 1166 1164 1138
f 1138 1164 1152
f 1167 1161 1144
f 1144 1161 1168
f 1170 1171 1169
f 1169 1171 1172
f 1161 1160 1168
f 1168 1160 1173
f 1174 1143 1168
f 1168 1143 1144
f 1167 1144 1145
f 1145 1144 1142
f 1135 1175 1136
f 1136 1175 1176
f 1151 1177 1135
f 1135 1177 1175
f 1167 1145 1178
f 1178 1145 1148
f 1160 1163 1153
f 1153 1163 1150
f 1135 1138 1151
f 1151 1138 1152
f 1139 1179 1140
f 1140 1179 1180
f 1165 1166 1137
f 1137 1166 1138
f 1141 1146 1142
f 1142 1146 1145
f 1136 1176 1181
f 1181 1176 1182
f 1174 1170 1183
f 1183 1170 1169
f 1170 1173 1171
f 1171 1173 1156
f 1171 1181 1172
f 1172 1181 1182
f 1153 1156 1160
f 1160 1156 1173
f 1143 1174 1184
f 1184 1174 1183
f 1140 1180 1151
f 1151 1180 1177
f 1049 1048 1178
f 1178 1048 1162
f 1179 1139 1184
f 1184 1139 1143
f 1159 1147 1164
f 1164 1147 1146
f 1170 1174 1173
f 1173 1174 1168
f 1171 1156 1181
f 1181 1156 1155
f 1181 1155 1136
f 1136 1155 1137
f 1184 1183 1186
f 1186 1183 1185
f 1184 1186 1179
f 1179 1186 1187
f 1179 1187 1180
f 1180 1187 1188
f 1180 1188 1177
f 1177 1188 1189
f 1183 1169 1185
f 1185 1169 1190
f 1169 1172 1190
f 1190 1172 1191
f 1172 1182 1191
f 1191 1182 1192
f 1193 1194 1190
f 1190 1194 1185
f 1196 1197 1195
f 1195 1197 1198
f 1199 1200 1196
f 1196 1200 1197
f 1197 1200 1202
f 1202 1200 1201
f 1203 1204 1202
f 1202 1204 1205
f 1201 1206 1202
f 1202 1206 1203
f 1205 1198 1202
f 1202 1198 1197
f 1198 1207 1195
f 1195 1207 1208
f 1201 1200 1209
f 1209 1200 1199
f 1199 1187 1209
f 1209 1187 1186
f 1199 1210 1187
f 1187 1210 1188
f 1196 1211 1199
f 1199 1211 1210
f 1212 1211 1195
f 1195 1211 1196
f 1209 1194 1201
f 1201 1194 1206
f 1194 1209 1185
f 1185 1209 1186
f 1213 1212 1208
f 1208 1212 1195
f 1211 1212 1214
f 1214 1212 1215
f 1212 1213 1215
f 1215 1213 1216
f 1214 1215 1217
f 1217 1215 1218
f 1217 1219 1214
f 1214 1219 1220
f 1216 1221 1215
f 1215 1221 1218
f 1214 1220 1211
f 1211 1220 1210
f 1210 1220 1188
f 1188 1220 1189
f 1213 1208 1223
f 1223 1208 1222
f 1208 1207 1222
f 1222 1207 1224
f 1203 1206 1225
f 1225 1206 1194
f 1204 1203 1226
f 1226 1203 1225
f 1194 1193 1225
f 1225 1193 1227
f 1225 1227 1226
f 1226 1227 1228
f 1229 1230 1226
f 1226 1230 1204
f 1224 1230 1222
f 1222 1230 1229
f 1177 1189 1175
f 1175 1189 1231
f 1176 1232 1182
f 1182 1232 1192
f 1232 1176 1231
f 1231 1176 1175
f 1231 1219 1232
f 1232 1219 1233
f 1219 1217 1233
f 1233 1217 1234
f 1232 1233 1192
f 1192 1233 1235
f 1219 1231 1220
f 1220 1231 1189
f 1236 1191 1235
f 1235 1191 1192
f 1236 1193 1191
f 1191 1193 1190
f 1236 1237 1193
f 1193 1237 1227
f 1237 1236 1238
f 1238 1236 1235
f 1239 1237 1240
f 1240 1237 1238
f 1233 1234 1235
f 1235 1234 1238
f 1234 1241 1238
f 1238 1241 1240
f 1237 1239 1227
f 1227 1239 1228
f 1243 1228 1242
f 1242 1228 1239
f 1242 1245 1244
f 1244 1245 1246
f 1242 1239 1245
f 1245 1239 1240
f 1242 1244 1243
f 1243 1244 1223
f 1243 1223 1229
f 1229 1223 1222
f 1229 1226 1243
f 1243 1226 1228
f 1217 1218 1234
f 1234 1218 1241
f 1246 1241 1221
f 1221 1241 1218
f 1246 1245 1241
f 1241 1245 1240
f 1244 1246 1216
f 1216 1246 1221
f 1216 1213 1244
f 1244 1213 1223
f 1198 1205 1207
f 1207 1205 1224
f 1224 1205 1230
f 1230 1205 1204
f 1148 1147 966
f 966 1147 964
f 1149 1154 1150
f 1150 1154 1153
f 1158 1157 1165
f 1165 1157 1166
f 1157 1159 1166
f 1166 1159 1164
f 1163 1162 1056
f 1056 1162 1048
f 1158 1165 1149
f 1149 1165 1154
f 1178 1148 1049
f 1049 1148 966
f 1163 1056 1150
f 1150 1056 1025
f 1178 1162 1167
f 1167 1162 1161
f 1147 1159 964
f 964 1159 1041
f 999 1049 922
f 922 1049 966
f 999 797 985
f 985 797 800
f 797 796 800
f 800 796 801
f 796 997 801
f 801 997 986
f 1247 1248 1250
f 1250 1248 1249
f 1252 1253 1251
f 1251 1253 1254
f 1251 1254 1255
f 1255 1254 1256
f 1258 1259 1257
f 1257 1259 1260
f 1261 1262 1252
f 1252 1262 1253
f 1264 1265 1263
f 1263 1265 1266
f 1267 1268 855
f 855 1268 920
f 1269 1267 1026
f 1026 1267 855
f 1271 1272 1270
f 1270 1272 1273
f 1274 1258 1262
f 1262 1258 1253
f 1264 1275 1265
f 1265 1275 1249
f 1276 1274 1250
f 1250 1274 1262
f 1277 1271 1256
f 1256 1271 1278
f 1279 1280 1282
f 1282 1280 1281
f 1271 1270 1278
f 1278 1270 1283
f 1284 1255 1278
f 1278 1255 1256
f 1277 1256 1257
f 1257 1256 1254
f 1247 1285 1248
f 1248 1285 1286
f 1261 1287 1247
f 1247 1287 1285
f 1257 1260 1277
f 1277 1260 1288
f 1270 1273 1263
f 1263 1273 1289
f 1261 1247 1262
f 1262 1247 1250
f 1251 1290 1252
f 1252 1290 1291
f 1275 1276 1249
f 1249 1276 1250
f 1253 1258 1254
f 1254 1258 1257
f 1248 1286 1292
f 1292 1286 1293
f 1284 1280 1294
f 1294 1280 1279
f 1281 1280 1266
f 1266 1280 1283
f 1292 1293 1281
f 1281 1293 1282
f 1263 1266 1270
f 1270 1266 1283
f 1255 1284 1295
f 1295 1284 1294
f 1252 1291 1261
f 1261 1291 1287
f 1288 1070 1272
f 1272 1070 942
f 1290 1251 1295
f 1295 1251 1255
f 1269 1259 1274
f 1274 1259 1258
f 1280 1284 1283
f 1283 1284 1278
f 1281 1266 1292
f 1292 1266 1265
f 1292 1265 1248
f 1248 1265 1249
f 1295 1294 1297
f 1297 1294 1296
f 1295 1297 1290
f 1290 1297 1298
f 1290 1298 1291
f 1291 1298 1299
f 1291 1299 1287
f 1287 1299 1300
f 1294 1279 1296
f 1296 1279 1301
f 1279 1282 1301
f 1301 1282 1302
f 1302 1282 1303
f 1303 1282 1293
f 1304 1305 1301
f 1301 1305 1296
f 1307 1308 1306
f 1306 1308 1309
f 1310 1311 1307
f 1307 1311 1308
f 1308 1311 1313
f 1313 1311 1312
f 1314 1315 1313
f 1313 1315 1316
f 1312 1317 1313
f 1313 1317 1314
f 1316 1309 1313
f 1313 1309 1308
f 1318 1319 1309
f 1309 1319 1306
f 1311 1310 1312
f 1312 1310 1320
f 1310 1298 1320
f 1320 1298 1297
f 1310 1321 1298
f 1298 1321 1299
f 1307 1322 1310
f 1310 1322 1321
f 1322 1307 1323
f 1323 1307 1306
f 1312 1320 1317
f 1317 1320 1305
f 1305 1320 1296
f 1296 1320 1297
f 1319 1324 1306
f 1306 1324 1323
f 1325 1322 1326
f 1326 1322 1323
f 1324 1327 1323
f 1323 1327 1326
f 1328 1325 1329
f 1329 1325 1326
f 1325 1328 1331
f 1331 1328 1330
f 1327 1332 1326
f 1326 1332 1329
f 1322 1325 1321
f 1321 1325 1331
f 1321 1331 1299
f 1299 1331 1300
f 1324 1319 1334
f 1334 1319 1333
f 1319 1318 1333
f 1333 1318 1335
f 1314 1317 1336
f 1336 1317 1305
f 1315 1314 1337
f 1337 1314 1336
f 1305 1304 1336
f 1336 1304 1338
f 1337 1336 1339
f 1339 1336 1338
f 1337 1340 1315
f 1315 1340 1341
f 1335 1341 1333
f 1333 1341 1340
f 1287 1300 1285
f 1285 1300 1342
f 1286 1343 1293
f 1293 1343 1303
f 1343 1286 1342
f 1342 1286 1285
f 1342 1330 1343
f 1343 1330 1344
f 1330 1328 1344
f 1344 1328 1345
f 1343 1344 1303
f 1303 1344 1346
f 1342 1300 1330
f 1330 1300 1331
f 1347 1302 1346
f 1346 1302 1303
f 1347 1304 1302
f 1302 1304 1301
f 1348 1338 1347
f 1347 1338 1304
f 1348 1347 1349
f 1349 1347 1346
f 1350 1348 1351
f 1351 1348 1349
f 1344 1345 1346
f 1346 1345 1349
f 1345 1352 1349
f 1349 1352 1351
f 1348 1350 1338
f 1338 1350 1339
f 1354 1339 1353
f 1353 1339 1350
f 1353 1356 1355
f 1355 1356 1357
f 1353 1350 1356
f 1356 1350 1351
f 1353 1355 1354
f 1354 1355 1334
f 1354 1334 1340
f 1340 1334 1333
f 1340 1337 1354
f 1354 1337 1339
f 1328 1329 1345
f 1345 1329 1352
f 1357 1352 1332
f 1332 1352 1329
f 1357 1356 1352
f 1352 1356 1351
f 1357 1332 1355
f 1355 1332 1327
f 1327 1324 1355
f 1355 1324 1334
f 1309 1316 1318
f 1318 1316 1335
f 1335 1316 1341
f 1341 1316 1315
f 1259 1072 1260
f 1260 1072 1071
f 1358 1264 1289
f 1289 1264 1263
f 1268 1267 1275
f 1275 1267 1276
f 1267 1269 1276
f 1276 1269 1274
f 941 1273 942
f 942 1273 1272
f 1358 1268 1264
f 1264 1268 1275
f 1260 1071 1288
f 1288 1071 1070
f 1273 941 1289
f 1289 941 977
f 1272 1271 1288
f 1288 1271 1277
f 1259 1269 1072
f 1072 1269 1026
f 1360 1361 1359
f 1359 1361 1362
f 1364 1365 1363
f 1363 1365 1366
f 1363 1366 1367
f 1367 1366 1368
f 1370 1371 1369
f 1369 1371 1372
f 1373 1374 1376
f 1376 1374 1375
f 1377 1378 1364
f 1364 1378 1365
f 1379 1380 1382
f 1382 1380 1381
f 1383 1384 1386
f 1386 1384 1385
f 1387 1385 978
f 978 1385 1384
f 1388 1389 1391
f 1391 1389 1390
f 1378 1392 1365
f 1365 1392 1370
f 1374 1383 1375
f 1375 1383 1386
f 1380 1393 1381
f 1381 1393 1361
f 1394 1392 1362
f 1362 1392 1378
f 1389 1396 1395
f 1395 1396 1368
f 1398 1399 1397
f 1397 1399 1400
f 1388 1401 1389
f 1389 1401 1396
f 1402 1367 1396
f 1396 1367 1368
f 1395 1368 1369
f 1369 1368 1366
f 1359 1403 1360
f 1360 1403 1404
f 1377 1405 1359
f 1359 1405 1403
f 1369 1372 1395
f 1395 1372 1406
f 1379 1388 1376
f 1376 1388 1391
f 1359 1362 1377
f 1377 1362 1378
f 1363 1407 1364
f 1364 1407 1408
f 1393 1394 1361
f 1361 1394 1362
f 1365 1370 1366
f 1366 1370 1369
f 1360 1404 1409
f 1409 1404 1410
f 1402 1398 1411
f 1411 1398 1397
f 1399 1398 1382
f 1382 1398 1401
f 1409 1410 1399
f 1399 1410 1400
f 1388 1379 1401
f 1401 1379 1382
f 1367 1402 1412
f 1412 1402 1411
f 1364 1408 1377
f 1377 1408 1405
f 981 980 1406
f 1406 980 1390
f 1407 1363 1412
f 1412 1363 1367
f 1387 1371 1392
f 1392 1371 1370
f 1398 1402 1401
f 1401 1402 1396
f 1409 1399 1381
f 1381 1399 1382
f 1360 1409 1361
f 1361 1409 1381
f 1412 1411 1414
f 1414 1411 1413
f 1412 1414 1407
f 1407 1414 1415
f 1407 1415 1408
f 1408 1415 1416
f 1408 1416 1405
f 1405 1416 1417
f 1411 1397 1413
f 1413 1397 1418
f 1397 1400 1418
f 1418 1400 1419
f 1419 1400 1420
f 1420 1400 1410
f 1422 1413 1421
f 1421 1413 1418
f 1423 1424 1426
f 1426 1424 1425
f 1427 1428 1424
f 1424 1428 1425
f 1425 1428 1430
f 1430 1428 1429
f 1430 1431 1433
f 1433 1431 1432
f 1429 1434 1430
f 1430 1434 1431
f 1433 1426 1430
f 1430 1426 1425
f 1426 1435 1423
f 1423 1435 1436
f 1428 1427 1429
f 1429 1427 1437
f 1427 1415 1437
f 1437 1415 1414
f 1427 1438 1415
f 1415 1438 1416
f 1439 1438 1424
f 1424 1438 1427
f 1440 1439 1423
f 1423 1439 1424
f 1429 1437 1434
f 1434 1437 1422
f 1422 1437 1413
f 1413 1437 1414
f 1441 1440 1436
f 1436 1440 1423
f 1442 1439 1443
f 1443 1439 1440
f 1441 1444 1440
f 1440 1444 1443
f 1445 1442 1446
f 1446 1442 1443
f 1442 1445 1448
f 1448 1445 1447
f 1444 1449 1443
f 1443 1449 1446
f 1439 1442 1438
f 1438 1442 1448
f 1438 1448 1416
f 1416 1448 1417
f 1436 1450 1441
f 1441 1450 1451
f 1436 1435 1450
f 1450 1435 1452
f 1431 1434 1453
f 1453 1434 1422
f 1431 1453 1432
f 1432 1453 1454
f 1453 1422 1455
f 1455 1422 1421
f 1454 1453 1456
f 1456 1453 1455
f 1457 1458 1454
f 1454 1458 1432
f 1452 1458 1450
f 1450 1458 1457
f 1405 1417 1403
f 1403 1417 1459
f 1404 1460 1410
f 1410 1460 1420
f 1459 1460 1403
f 1403 1460 1404
f 1447 1461 1459
f 1459 1461 1460
f 1445 1462 1447
f 1447 1462 1461
f 1460 1461 1420
f 1420 1461 1463
f 1459 1417 1447
f 1447 1417 1448
f 1464 1419 1463
f 1463 1419 1420
f 1419 1464 1418
f 1418 1464 1421
f 1464 1465 1421
f 1421 1465 1455
f 1465 1464 1466
f 1466 1464 1463
f 1467 1465 1468
f 1468 1465 1466
f 1461 1462 1463
f 1463 1462 1466
f 1462 1469 1466
f 1466 1469 1468
f 1465 1467 1455
f 1455 1467 1456
f 1471 1456 1470
f 1470 1456 1467
f 1470 1473 1472
f 1472 1473 1474
f 1470 1467 1473
f 1473 1467 1468
f 1470 1472 1471
f 1471 1472 1451
f 1471 1451 1457
f 1457 1451 1450
f 1457 1454 1471
f 1471 1454 1456
f 1462 1445 1469
f 1469 1445 1446
f 1474 1469 1449
f 1449 1469 1446
f 1474 1473 1469
f 1469 1473 1468
f 1472 1474 1444
f 1444 1474 1449
f 1444 1441 1472
f 1472 1441 1451
f 1426 1433 1435
f 1435 1433 1452
f 1452 1433 1458
f 1458 1433 1432
f 1371 940 1372
f 1372 940 1068
f 1376 1375 1379
f 1379 1375 1380
f 1393 1386 1394
f 1394 1386 1385
f 1385 1387 1394
f 1394 1387 1392
f 1475 1373 1391
f 1391 1373 1376
f 1375 1386 1380
f 1380 1386 1393
f 1372 1068 1406
f 1406 1068 981
f 1406 1390 1395
f 1395 1390 1389
f 1371 1387 940
f 940 1387 978
f 883 807 1476
f 1476 807 1477
f 1046 904 1479
f 1479 904 1478
f 904 903 1478
f 1478 903 1480
f 1030 1481 1028
f 1028 1481 1482
f 810 1046 1483
f 1483 1046 1479
f 1066 883 1484
f 1484 883 1476
f 807 810 1477
f 1477 810 1483
f 1485 1029 1484
f 1484 1029 1066
f 1028 1482 903
f 903 1482 1480
f 1481 1030 1485
f 1485 1030 1029
f 1484 1486 1485
f 1485 1486 1487
f 1485 1487 1481
f 1481 1487 1488
f 1481 1488 1482
f 1482 1488 1489
f 1482 1489 1480
f 1480 1489 1490
f 1484 1476 1486
f 1486 1476 1491
f 1476 1477 1491
f 1491 1477 1492
f 1477 1483 1492
f 1492 1483 1493
f 1495 1486 1494
f 1494 1486 1491
f 1497 1498 1496
f 1496 1498 1499
f 1500 1501 1497
f 1497 1501 1498
f 1502 1503 1501
f 1501 1503 1498
f 1502 1504 1503
f 1503 1504 1505
f 1506 1499 1503
f 1503 1499 1498
f 1499 1506 1507
f 1507 1506 1508
f 1507 1509 1499
f 1499 1509 1496
f 1502 1501 1510
f 1510 1501 1500
f 1500 1488 1510
f 1510 1488 1487
f 1500 1511 1488
f 1488 1511 1489
f 1497 1512 1500
f 1500 1512 1511
f 1512 1497 1513
f 1513 1497 1496
f 1502 1510 1504
f 1504 1510 1495
f 1495 1510 1486
f 1486 1510 1487
f 1509 1514 1496
f 1496 1514 1513
f 1515 1512 1516
f 1516 1512 1513
f 1514 1517 1513
f 1513 1517 1516
f 1518 1515 1519
f 1519 1515 1516
f 1515 1518 1521
f 1521 1518 1520
f 1517 1522 1516
f 1516 1522 1519
f 1512 1515 1511
f 1511 1515 1521
f 1511 1521 1489
f 1489 1521 1490
f 1514 1509 1524
f 1524 1509 1523
f 1509 1507 1523
f 1523 1507 1508
f 1505 1504 1525
f 1525 1504 1495
f 1526 1505 1527
f 1527 1505 1525
f 1525 1495 1528
f 1528 1495 1494
f 1527 1525 1529
f 1529 1525 1528
f 1527 1530 1526
f 1526 1530 1531
f 1508 1531 1523
f 1523 1531 1530
f 1506 1503 1526
f 1526 1503 1505
f 1508 1506 1531
f 1531 1506 1526
f 1478 1480 1532
f 1532 1480 1490
f 1483 1479 1493
f 1493 1479 1533
f 1532 1533 1478
f 1478 1533 1479
f 1520 1534 1532
f 1532 1534 1533
f 1518 1535 1520
f 1520 1535 1534
f 1533 1534 1493
f 1493 1534 1536
f 1532 1490 1520
f 1520 1490 1521
f 1537 1492 1536
f 1536 1492 1493
f 1492 1537 1491
f 1491 1537 1494
f 1537 1538 1494
f 1494 1538 1528
f 1538 1537 1539
f 1539 1537 1536
f 1540 1538 1541
f 1541 1538 1539
f 1534 1535 1536
f 1536 1535 1539
f 1535 1542 1539
f 1539 1542 1541
f 1538 1540 1528
f 1528 1540 1529
f 1544 1529 1543
f 1543 1529 1540
f 1545 1543 1547
f 1547 1543 1546
f 1543 1540 1546
f 1546 1540 1541
f 1543 1545 1544
f 1544 1545 1524
f 1544 1524 1530
f 1530 1524 1523
f 1530 1527 1544
f 1544 1527 1529
f 1535 1518 1542
f 1542 1518 1519
f 1547 1542 1522
f 1522 1542 1519
f 1547 1546 1542
f 1542 1546 1541
f 1545 1547 1517
f 1517 1547 1522
f 1517 1514 1545
f 1545 1514 1524
f 997 995 986
f 986 995 987
f 987 995 988
f 988 995 971
f 976 1358 977
f 977 1358 1289
f 854 853 1067
f 1067 853 1050
f 1055 985 1069
f 1069 985 962
f 1068 961 981
f 981 961 862
f 1268 1358 920
f 920 1358 976
f 920 976 921
f 921 976 975
f 927 1054 850
f 850 1054 851
f 882 881 1057
f 1057 881 1548
f 1548 1374 1057
f 1057 1374 1373
f 1383 1374 1549
f 1549 1374 1548
f 1549 1548 1550
f 1550 1548 881
f 1550 881 1551
f 1551 881 880
f 933 1552 879
f 879 1552 880
f 1551 880 875
f 875 880 1552
f 1553 1551 878
f 878 1551 875
f 1551 1553 1550
f 1550 1553 1554
f 1550 1554 1549
f 1549 1554 1555
f 978 1384 975
f 975 1384 1555
f 967 849 1556
f 1556 849 852
f 875 1552 876
f 876 1552 933
f 961 939 962
f 962 939 1069
f 1555 1054 975
f 975 1054 921
f 1555 1384 1549
f 1549 1384 1383
f 1391 1390 1475
f 1475 1390 980
f 1373 1475 1057
f 1057 1475 980
f 851 1054 1554
f 1554 1054 1555
f 1554 1553 851
f 851 1553 852
f 878 1556 1553
f 1553 1556 852
f 1556 878 967
f 967 878 877
f 1023 1020 877
f 877 1020 967
f 909 811 1034
f 806 779 873
f 873 779 840
f 805 780 806
f 806 780 779
f 1043 893 1044
f 1044 893 892
f 873 840 847
f 847 840 842
f 840 839 842
f 842 839 843
f 839 791 843
f 843 791 908
f 791 790 908
f 908 790 792
f 809 789 810
f 810 789 1046
f 793 790 809
f 809 790 789
f 809 808 793
f 793 808 1009
f 808 884 1009
f 1009 884 1010
f 1065 1015 884
f 884 1015 1010
f 1032 868 1065
f 1065 868 1015
f 1031 822 1032
f 1032 822 868
f 1031 1027 822
f 822 1027 785
f 1045 905 1046
f 1046 905 904
f 788 781 1019
f 1019 781 894
f 781 780 894
f 894 780 892
f 780 805 892
f 892 805 1044
f 805 804 1044
f 1044 804 891
f 804 1064 891
f 891 1064 888
f 1064 1021 888
f 888 1021 1033
f 1021 1020 1033
f 1033 1020 1034
f 1020 1023 1034
f 1034 1023 909
f 1023 1022 909
f 909 1022 910
f 1043 815 893
f 893 815 819
f 819 815 820
f 820 815 818
f 870 869 818
f 818 869 820
f 1014 1011 870
f 870 1011 869
f 969 972 1014
f 1014 972 1011
f 1036 1063 1022
f 1022 1063 910
f 1035 833 1036
f 1036 833 1063
f 1035 932 979
f 979 932 963
f 834 979 982
f 982 979 958
f 833 1035 834
f 834 1035 979
f 982 863 834
f 834 863 830
f 864 900 831
f 831 900 857
f 990 993 864
f 864 993 900
f 989 994 990
f 990 994 993
f 970 1058 989
f 989 1058 994
f 969 1018 970
f 970 1018 1058
f 1027 902 785
f 785 902 786
f 902 905 786
f 786 905 1019
f 905 1045 1019
f 1019 1045 788
f 788 1045 787
f 787 1045 789
o hand_right
v 0.254781 0.173146 0.960185
v 0.258470 0.174811 0.969909
v 0.253569 0.167119 0.964161
v 0.249951 0.165781 0.956479
v 0.262658 0.160069 0.980895
v 0.257732 0.154877 0.991257
v 0.250934 0.147096 0.977751
v 0.256709 0.152826 0.971053
v 0.243575 0.161707 0.952892
v 0.249416 0.161372 0.959279
v 0.236503 0.162873 0.953191
v 0.229504 0.165518 0.947033
v 0.237564 0.162784 0.946592
v 0.227069 0.166744 0.939777
v 0.223912 0.172669 0.953651
v 0.223593 0.175466 0.939001
v 0.234850 0.198527 0.952464
v 0.244535 0.207864 0.951834
v 0.243188 0.204884 0.934915
v 0.234077 0.194867 0.937201
v 0.260499 0.215616 0.940281
v 0.250830 0.209764 0.936414
v 0.251422 0.213656 0.953176
v 0.260070 0.218635 0.955805
v 0.264570 0.184809 0.964241
v 0.268060 0.186920 0.974607
v 0.263965 0.183396 0.973657
v 0.260694 0.181095 0.963804
v 0.229220 0.157346 0.958658
v 0.226126 0.163338 0.965581
v 0.229114 0.164282 0.958119
v 0.233772 0.157803 0.955216
v 0.284053 0.192824 0.997476
v 0.280442 0.198549 1.009278
v 0.275792 0.195055 1.010234
v 0.279937 0.190851 0.999156
v 0.263762 0.173716 1.007991
v 0.262078 0.183618 1.014574
v 0.249717 0.185611 1.021145
v 0.248240 0.177634 1.013991
v 0.261976 0.162949 0.999634
v 0.249624 0.165077 1.006868
v 0.247523 0.155015 0.997040
v 0.242685 0.145975 0.982220
v 0.288463 0.208316 1.006849
v 0.292701 0.205242 0.998097
v 0.243838 0.148091 0.899402
v 0.248756 0.151471 0.898862
v 0.247542 0.153079 0.901308
v 0.242772 0.149560 0.901284
v 0.286842 0.225511 0.996086
v 0.279119 0.231961 0.994433
v 0.281296 0.232886 1.001290
v 0.287087 0.225781 1.003596
v 0.286469 0.225010 0.986155
v 0.276162 0.229861 0.985012
v 0.236440 0.149618 0.889034
v 0.237536 0.146749 0.893178
v 0.234534 0.149816 0.894870
v 0.233434 0.153595 0.891184
v 0.245570 0.164224 0.948395
v 0.252600 0.170139 0.950923
v 0.243911 0.162576 0.930616
v 0.247192 0.166683 0.938402
v 0.241296 0.163109 0.940466
v 0.238291 0.160771 0.933661
v 0.263545 0.183640 0.941332
v 0.264804 0.185534 0.952822
v 0.259993 0.181203 0.951669
v 0.257987 0.177318 0.939353
v 0.276972 0.192860 0.953295
v 0.274464 0.190754 0.941937
v 0.281688 0.195167 0.943536
v 0.282823 0.195201 0.951408
v 0.267247 0.186209 0.923077
v 0.265632 0.186009 0.916416
v 0.268801 0.186702 0.916415
v 0.270097 0.188317 0.923699
v 0.282362 0.234394 1.008078
v 0.286329 0.225807 1.010787
v 0.280171 0.223434 0.945181
v 0.289940 0.222068 0.950566
v 0.291731 0.221068 0.937790
v 0.280611 0.223021 0.935163
v 0.268790 0.232934 0.992776
v 0.271799 0.236012 0.999276
v 0.238558 0.154256 0.885564
v 0.235839 0.158240 0.887699
v 0.237154 0.163569 0.999333
v 0.234021 0.150464 0.984054
v 0.239025 0.176273 1.008653
v 0.239599 0.186393 1.014117
v 0.239639 0.192741 1.020515
v 0.251241 0.169635 0.933676
v 0.257348 0.177061 0.955050
v 0.268579 0.187858 0.964447
v 0.295921 0.202004 0.961009
v 0.296966 0.203034 0.971539
v 0.289480 0.195775 0.968735
v 0.289726 0.196908 0.960010
v 0.297333 0.215562 0.951583
v 0.297682 0.207559 0.950702
v 0.297056 0.207139 0.941733
v 0.297313 0.214835 0.940971
v 0.225506 0.152781 0.963352
v 0.224528 0.161452 0.972753
v 0.291764 0.216322 0.998126
v 0.289524 0.216059 1.005570
v 0.287321 0.218575 1.013405
v 0.275905 0.188376 0.986531
v 0.277277 0.189232 1.000395
v 0.274647 0.185445 1.000441
v 0.273193 0.187019 0.986473
v 0.264912 0.173518 0.978769
v 0.268710 0.170190 0.991258
v 0.260087 0.165432 0.970105
v 0.269767 0.190504 1.013301
v 0.274544 0.197830 1.020111
v 0.267111 0.193320 1.022078
v 0.281215 0.204781 1.018155
v 0.285958 0.211975 1.015726
v 0.272479 0.240965 1.006023
v 0.259323 0.190144 1.022744
v 0.251645 0.148568 0.964294
v 0.247184 0.144915 0.958299
v 0.246077 0.151651 0.954610
v 0.250406 0.155678 0.959492
v 0.225732 0.166209 0.930486
v 0.231979 0.161275 0.932348
v 0.233429 0.162538 0.941555
v 0.287584 0.193946 0.986487
v 0.295046 0.204291 0.987585
v 0.247347 0.165939 0.925705
v 0.231209 0.157014 0.895222
v 0.232523 0.152473 0.898938
v 0.228819 0.159720 0.915809
v 0.226748 0.165003 0.911683
v 0.246416 0.170678 0.915706
v 0.246853 0.165979 0.920483
v 0.246490 0.166492 0.917614
v 0.247507 0.170483 0.912429
v 0.275923 0.191731 0.919903
v 0.277005 0.193006 0.926246
v 0.236435 0.189093 0.922207
v 0.224728 0.183050 0.927096
v 0.226025 0.186260 0.939346
v 0.269528 0.188040 0.942433
v 0.269053 0.186824 0.932032
v 0.272328 0.189432 0.932214
v 0.252693 0.171597 0.929421
v 0.250040 0.170086 0.922308
v 0.253269 0.173865 0.924199
v 0.256251 0.175630 0.930571
v 0.288513 0.224390 0.963465
v 0.297469 0.216933 0.964533
v 0.240007 0.146292 0.897123
v 0.237968 0.148350 0.898851
v 0.270588 0.189826 0.953673
v 0.228724 0.189025 0.953656
v 0.273165 0.190858 0.964743
v 0.272165 0.211511 0.921573
v 0.279381 0.207406 0.920542
v 0.279100 0.204009 0.915925
v 0.273965 0.206849 0.913993
v 0.249562 0.164967 0.898764
v 0.250655 0.160068 0.901638
v 0.250576 0.158063 0.898825
v 0.250056 0.162402 0.894745
v 0.243925 0.162016 0.923788
v 0.238551 0.159156 0.926404
v 0.240025 0.157983 0.920399
v 0.244186 0.162025 0.918872
v 0.232318 0.159560 0.924799
v 0.233734 0.157373 0.919237
v 0.245066 0.167938 0.894931
v 0.238129 0.166731 0.891945
v 0.235015 0.175273 0.907008
v 0.242743 0.173841 0.907351
v 0.258810 0.222504 0.970337
v 0.269125 0.226692 0.971330
v 0.270544 0.223124 0.956823
v 0.271824 0.220695 0.942326
v 0.272702 0.216965 0.928806
v 0.260808 0.214209 0.926878
v 0.278062 0.225537 0.959149
v 0.244766 0.178565 0.916092
v 0.234535 0.180775 0.916882
v 0.240420 0.183594 0.917289
v 0.280184 0.193482 0.964459
v 0.236427 0.150237 0.902448
v 0.235668 0.208807 1.005460
v 0.241983 0.220072 1.001382
v 0.240776 0.215484 0.994092
v 0.234338 0.202340 0.998854
v 0.247781 0.154234 0.904135
v 0.242494 0.150405 0.904855
v 0.282604 0.196441 0.924944
v 0.280534 0.195156 0.919239
v 0.281902 0.198170 0.917055
v 0.286704 0.199121 0.921443
v 0.274575 0.228205 0.973408
v 0.293661 0.218696 0.930050
v 0.283611 0.220811 0.927711
v 0.267461 0.229696 0.983956
v 0.258184 0.226608 0.983094
v 0.258176 0.230017 0.992170
v 0.251574 0.203582 0.920184
v 0.251783 0.218047 0.967873
v 0.252020 0.222235 0.981688
v 0.251716 0.226093 0.992497
v 0.251645 0.229746 0.999953
v 0.258917 0.233454 0.998893
v 0.233896 0.162244 0.892311
v 0.240765 0.162964 0.886551
v 0.259159 0.238784 1.006044
v 0.251292 0.233839 1.007088
v 0.244941 0.216249 0.981154
v 0.237416 0.207995 0.981473
v 0.245064 0.212333 0.967805
v 0.237306 0.204057 0.966744
v 0.241083 0.201720 0.922164
v 0.254121 0.152342 0.881359
v 0.248805 0.160584 0.886525
v 0.251697 0.159551 0.891515
v 0.257008 0.153003 0.884560
v 0.246660 0.164441 0.890293
v 0.243612 0.158906 0.884455
v 0.230234 0.191546 0.969243
v 0.251499 0.173627 0.918288
v 0.231282 0.191887 0.986751
v 0.223496 0.176320 0.967143
v 0.226065 0.174575 0.980239
v 0.232640 0.189555 1.004106
v 0.229844 0.175146 0.995978
v 0.235266 0.202259 1.016299
v 0.234205 0.197192 1.009358
v 0.227836 0.162084 0.986334
v 0.251670 0.143682 0.895063
v 0.255625 0.148019 0.894134
v 0.236006 0.213201 1.012369
v 0.254709 0.159743 0.963955
v 0.280955 0.192402 0.975330
v 0.275613 0.190575 0.975061
v 0.296635 0.203645 0.977929
v 0.288455 0.194964 0.976579
v 0.247375 0.140974 0.893048
v 0.264094 0.188108 0.911610
v 0.264854 0.188406 0.913806
v 0.247540 0.142943 0.969641
v 0.244354 0.140313 0.963694
v 0.231498 0.141269 0.966431
v 0.238102 0.138575 0.965994
v 0.240058 0.141561 0.973705
v 0.232988 0.144618 0.974714
v 0.278276 0.189339 0.986124
v 0.281768 0.191038 0.985527
v 0.287792 0.224834 0.975527
v 0.296353 0.217009 0.975938
v 0.227502 0.163503 0.922554
v 0.223390 0.173123 0.927429
v 0.225644 0.169394 0.919360
v 0.228576 0.171734 0.909993
v 0.248589 0.174922 0.914975
v 0.242719 0.175583 0.913947
v 0.272236 0.178276 0.996460
v 0.269324 0.181912 0.984347
v 0.245286 0.159115 0.956666
v 0.241098 0.156698 0.953150
v 0.261790 0.181210 0.932730
v 0.252641 0.195798 0.911005
v 0.244357 0.193754 0.913241
v 0.259585 0.180033 0.924058
v 0.244480 0.141801 0.885106
v 0.245405 0.140345 0.889767
v 0.226975 0.176321 0.917864
v 0.279815 0.193271 0.933472
v 0.257350 0.199737 0.915090
v 0.259276 0.193267 0.909237
v 0.297673 0.213245 0.935306
v 0.242431 0.223855 1.009285
v 0.252539 0.156061 0.896059
v 0.257754 0.151784 0.891167
v 0.250235 0.150747 0.880211
v 0.245571 0.146756 0.881411
v 0.294302 0.215591 0.986546
v 0.272115 0.189237 0.974552
v 0.226952 0.153268 0.976377
v 0.226971 0.147150 0.965917
v 0.258570 0.180084 0.919132
v 0.278964 0.214356 0.923825
v 0.263392 0.209714 0.918217
v 0.266045 0.204863 0.910021
v 0.262311 0.198182 0.908556
v 0.263102 0.191002 0.909421
v 0.254243 0.146470 0.878821
v 0.249697 0.142916 0.880172
v 0.248096 0.138597 0.884312
v 0.248516 0.137695 0.888621
v 0.250390 0.139341 0.892127
v 0.258440 0.148006 0.879874
v 0.260784 0.148720 0.882997
v 0.260234 0.149582 0.889283
v 0.262437 0.144613 0.880350
v 0.260427 0.139906 0.878399
v 0.258287 0.129291 0.887489
v 0.254373 0.132740 0.884637
v 0.256696 0.131877 0.883455
v 0.260465 0.128967 0.885129
v 0.264885 0.126219 0.885431
v 0.262884 0.126009 0.888278
v 0.257073 0.135539 0.880464
v 0.262549 0.131791 0.882125
v 0.265280 0.134753 0.880844
v 0.269383 0.131051 0.881745
v 0.267091 0.128255 0.882681
v 0.261352 0.136985 0.879452
v 0.255176 0.137041 0.879701
v 0.267306 0.124798 0.887696
v 0.267532 0.124964 0.885235
v 0.269669 0.126712 0.883507
v 0.271692 0.125958 0.885626
v 0.251930 0.135017 0.889372
v 0.258218 0.129697 0.890114
v 0.263862 0.127563 0.890867
v 0.268173 0.126244 0.889951
v 0.260936 0.131614 0.892638
v 0.265287 0.129719 0.892299
v 0.269156 0.129033 0.891431
v 0.264133 0.134339 0.893600
v 0.267389 0.132125 0.892691
v 0.255452 0.140980 0.893332
v 0.252104 0.138371 0.892567
v 0.269653 0.130931 0.892414
v 0.272701 0.127112 0.887202
v 0.266239 0.138369 0.880745
v 0.271006 0.133507 0.882960
v 0.267450 0.140034 0.882120
v 0.272293 0.135279 0.883885
v 0.273556 0.129874 0.883506
v 0.271274 0.129041 0.882750
v 0.253583 0.143046 0.893857
v 0.257834 0.147405 0.892505
v 0.259601 0.145553 0.891849
v 0.267247 0.137966 0.892472
v 0.262449 0.147207 0.888874
v 0.264348 0.145560 0.883694
v 0.268999 0.140492 0.884754
v 0.269207 0.140378 0.888269
v 0.272348 0.136409 0.886195
v 0.271566 0.136376 0.888622
v 0.269963 0.134634 0.891739
v 0.273729 0.132791 0.887589
v 0.274093 0.131228 0.885119
v 0.272465 0.129703 0.889379
v 0.272956 0.133886 0.888988
v 0.271382 0.131811 0.890574
v 0.266627 0.162635 0.893990
v 0.271595 0.166739 0.892953
v 0.267683 0.169120 0.893783
v 0.263722 0.165412 0.894432
v 0.258495 0.162383 0.882378
v 0.260243 0.160232 0.887928
v 0.256126 0.163614 0.888229
v 0.255162 0.167379 0.882918
v 0.260913 0.167369 0.878287
v 0.257686 0.172645 0.879872
v 0.251657 0.170939 0.886702
v 0.253621 0.166689 0.892173
v 0.247326 0.176659 0.909486
v 0.244701 0.181558 0.905326
v 0.263979 0.183233 0.911541
v 0.263772 0.185898 0.908542
v 0.263406 0.160742 0.892088
v 0.259882 0.163514 0.892367
v 0.270358 0.177797 0.893155
v 0.269966 0.173574 0.896599
v 0.271194 0.172348 0.892573
v 0.271626 0.175547 0.887998
v 0.254429 0.175403 0.913938
v 0.259283 0.179593 0.913320
v 0.251021 0.174924 0.912160
v 0.267530 0.181162 0.888054
v 0.261919 0.181677 0.884110
v 0.254166 0.191787 0.900606
v 0.260148 0.190843 0.902380
v 0.257418 0.165150 0.895908
v 0.266777 0.168978 0.897991
v 0.262454 0.165890 0.898308
v 0.254903 0.177330 0.884475
v 0.264696 0.176516 0.879483
v 0.279911 0.162796 0.878169
v 0.272933 0.172582 0.880870
v 0.275041 0.171814 0.885633
v 0.282778 0.162837 0.882332
v 0.269472 0.177144 0.882891
v 0.267793 0.171301 0.878078
v 0.277418 0.153670 0.891424
v 0.282143 0.157969 0.890275
v 0.273860 0.151097 0.889836
v 0.247319 0.187870 0.902221
v 0.268263 0.152690 0.881201
v 0.270712 0.150635 0.886978
v 0.274711 0.170153 0.890519
v 0.284040 0.161091 0.886773
v 0.276114 0.161188 0.876106
v 0.269619 0.157695 0.876921
v 0.279781 0.156180 0.875688
v 0.274554 0.152632 0.876494
v 0.272620 0.148280 0.880835
v 0.273923 0.147767 0.886410
v 0.276161 0.149316 0.889354
v 0.283343 0.157807 0.877536
v 0.285875 0.158691 0.881470
v 0.285406 0.158557 0.886433
v 0.288886 0.153164 0.879960
v 0.286576 0.149875 0.877543
v 0.286824 0.135397 0.889049
v 0.282563 0.138843 0.886593
v 0.284058 0.138883 0.884441
v 0.288094 0.135811 0.886564
v 0.279077 0.141931 0.882426
v 0.281434 0.141550 0.881728
v 0.283399 0.144775 0.878907
v 0.287481 0.141452 0.882168
v 0.290434 0.145128 0.881025
v 0.294486 0.141480 0.882751
v 0.291757 0.137595 0.883660
v 0.286909 0.146505 0.878736
v 0.291283 0.134324 0.887398
v 0.292202 0.133857 0.889741
v 0.281027 0.146158 0.877292
v 0.276096 0.144762 0.886549
v 0.282375 0.139454 0.889669
v 0.287661 0.136397 0.892077
v 0.293781 0.135420 0.891832
v 0.284413 0.141524 0.892760
v 0.289389 0.138449 0.893941
v 0.294303 0.137795 0.893029
v 0.287480 0.144740 0.894539
v 0.292182 0.141523 0.894837
v 0.280081 0.151308 0.891505
v 0.277191 0.147604 0.890264
v 0.294129 0.140043 0.893893
v 0.296114 0.134977 0.887165
v 0.297312 0.136465 0.889924
v 0.294770 0.135458 0.885957
v 0.291714 0.146871 0.881257
v 0.295871 0.142777 0.883975
v 0.293282 0.148665 0.882884
v 0.297337 0.143683 0.885682
v 0.298090 0.138967 0.885671
v 0.296893 0.138117 0.884852
v 0.279115 0.152493 0.890281
v 0.283153 0.156448 0.889224
v 0.283925 0.155403 0.890351
v 0.291151 0.148334 0.892912
v 0.286859 0.157245 0.887102
v 0.289250 0.155303 0.883067
v 0.293830 0.150229 0.885256
v 0.293584 0.150164 0.889292
v 0.298179 0.145165 0.887076
v 0.296679 0.146517 0.889623
v 0.294632 0.144590 0.893565
v 0.299622 0.141060 0.888776
v 0.299070 0.139630 0.886975
v 0.297257 0.138220 0.891273
v 0.298364 0.143115 0.890512
v 0.296463 0.140941 0.892768
v 0.282963 0.176545 0.899906
v 0.287265 0.180273 0.901096
v 0.284838 0.182332 0.902384
v 0.280533 0.178904 0.900821
v 0.278234 0.179404 0.888209
v 0.278426 0.176105 0.891946
v 0.275078 0.179106 0.893152
v 0.273962 0.183347 0.889884
v 0.282104 0.182824 0.885750
v 0.276648 0.188471 0.887873
v 0.270271 0.186842 0.892458
v 0.272167 0.181693 0.895231
v 0.265355 0.188922 0.906344
v 0.264369 0.194610 0.902929
v 0.280268 0.175537 0.896318
v 0.277612 0.177916 0.897365
v 0.288295 0.190081 0.901680
v 0.286945 0.185940 0.904002
v 0.288315 0.186296 0.901086
v 0.289270 0.189375 0.897978
v 0.271700 0.186493 0.914494
v 0.275985 0.190726 0.915956
v 0.268603 0.186012 0.910438
v 0.286054 0.194177 0.896763
v 0.280294 0.195987 0.892516
v 0.275949 0.203010 0.904860
v 0.280022 0.200868 0.909006
v 0.275134 0.179399 0.898895
v 0.283327 0.182062 0.904977
v 0.278941 0.179066 0.902942
v 0.273603 0.192329 0.891723
v 0.283023 0.191786 0.888865
v 0.300294 0.177285 0.885738
v 0.290258 0.188947 0.891001
v 0.291727 0.187053 0.896514
v 0.302069 0.176961 0.889867
v 0.287997 0.191739 0.892854
v 0.286527 0.187577 0.886848
v 0.294594 0.167071 0.896135
v 0.298283 0.171191 0.896699
v 0.291115 0.166483 0.893347
v 0.268227 0.200749 0.902129
v 0.280875 0.196437 0.913843
v 0.289609 0.167877 0.885986
v 0.289730 0.166415 0.890169
v 0.290479 0.184393 0.899683
v 0.301548 0.175052 0.894107
v 0.296439 0.176235 0.882914
v 0.291340 0.172641 0.882657
v 0.300665 0.172503 0.882381
v 0.295677 0.168799 0.882214
v 0.293582 0.164225 0.885259
v 0.293475 0.163205 0.889617
v 0.294622 0.163564 0.892899
v 0.304275 0.173620 0.885450
v 0.305426 0.173446 0.889247
v 0.302630 0.173213 0.893627
v 0.307794 0.170710 0.885987
v 0.305876 0.167277 0.882217
v 0.308430 0.151430 0.887431
v 0.304005 0.155182 0.887144
v 0.304657 0.155735 0.886228
v 0.309108 0.151958 0.885935
v 0.299545 0.159665 0.884796
v 0.301432 0.159184 0.884403
v 0.302952 0.162268 0.882512
v 0.307991 0.158304 0.883041
v 0.311258 0.163210 0.884209
v 0.314656 0.159258 0.884479
v 0.312021 0.154545 0.883113
v 0.306383 0.165173 0.882590
v 0.312087 0.150701 0.885704
v 0.311802 0.148946 0.886566
v 0.301141 0.163901 0.881943
v 0.297300 0.159232 0.889114
v 0.303242 0.154527 0.889910
v 0.307703 0.150613 0.890487
v 0.312011 0.149557 0.890199
v 0.304195 0.155803 0.893385
v 0.308425 0.152367 0.893056
v 0.312277 0.151319 0.892693
v 0.305867 0.157825 0.895420
v 0.309734 0.154829 0.894758
v 0.298434 0.164180 0.895330
v 0.297220 0.161106 0.892774
v 0.312398 0.153342 0.893835
v 0.315741 0.151333 0.885189
v 0.316908 0.152128 0.889196
v 0.314459 0.152441 0.884672
v 0.311799 0.164889 0.884837
v 0.316556 0.160243 0.885540
v 0.312573 0.166240 0.887219
v 0.317206 0.161474 0.887902
v 0.317834 0.156103 0.885283
v 0.316736 0.155951 0.884755
v 0.296575 0.166076 0.895363
v 0.299776 0.169999 0.895892
v 0.301333 0.168060 0.895942
v 0.309128 0.161140 0.896069
v 0.304290 0.171267 0.893956
v 0.308506 0.170500 0.889662
v 0.312535 0.165945 0.890491
v 0.311790 0.164152 0.893763
v 0.316639 0.161625 0.890647
v 0.314770 0.161175 0.892772
v 0.312487 0.157797 0.895477
v 0.317529 0.157551 0.890564
v 0.318541 0.156946 0.887833
v 0.316114 0.153474 0.891983
v 0.316177 0.158010 0.892640
v 0.314956 0.154980 0.893708
v 0.279302 0.193785 0.915775
v 0.302716 0.192493 0.905478
v 0.305961 0.194331 0.907509
v 0.305055 0.195737 0.908251
v 0.301259 0.193817 0.907186
v 0.298138 0.199395 0.897500
v 0.298535 0.195113 0.899566
v 0.295365 0.197341 0.901337
v 0.295002 0.201615 0.899578
v 0.300758 0.203920 0.897556
v 0.298409 0.206048 0.899839
v 0.293039 0.203296 0.902374
v 0.293151 0.198880 0.904290
v 0.284008 0.205191 0.917071
v 0.283894 0.211034 0.917226
v 0.298487 0.211075 0.929823
v 0.296964 0.205530 0.931780
v 0.300505 0.204293 0.923656
v 0.301417 0.209372 0.923145
v 0.300215 0.192988 0.902553
v 0.297633 0.194241 0.904605
v 0.308582 0.204994 0.909986
v 0.307414 0.200321 0.911085
v 0.308062 0.198595 0.909134
v 0.310331 0.202628 0.908074
v 0.293572 0.201466 0.929706
v 0.289670 0.200054 0.926944
v 0.291977 0.198574 0.922974
v 0.297439 0.200378 0.922331
v 0.287805 0.199233 0.919174
v 0.307023 0.208402 0.907729
v 0.302382 0.210388 0.904371
v 0.295906 0.217582 0.920531
v 0.299254 0.214418 0.922677
v 0.295932 0.195584 0.905958
v 0.304113 0.196916 0.910633
v 0.300618 0.194827 0.908499
v 0.296352 0.208243 0.902368
v 0.304422 0.207875 0.901948
v 0.315635 0.200192 0.899645
v 0.310693 0.204897 0.904005
v 0.311486 0.201268 0.907239
v 0.316170 0.198294 0.902262
v 0.309066 0.206080 0.905314
v 0.306853 0.205788 0.899815
v 0.307961 0.188704 0.902586
v 0.311834 0.191859 0.904633
v 0.305762 0.188627 0.900009
v 0.288204 0.216251 0.918157
v 0.304701 0.193360 0.894120
v 0.304843 0.189747 0.896820
v 0.309126 0.197186 0.908034
v 0.314844 0.195267 0.904345
v 0.312710 0.200674 0.895963
v 0.307280 0.198576 0.893466
v 0.315440 0.197132 0.894227
v 0.309942 0.194941 0.892076
v 0.307264 0.189614 0.893751
v 0.306793 0.187727 0.897121
v 0.307603 0.187076 0.900176
v 0.318113 0.197146 0.898175
v 0.318233 0.195904 0.901008
v 0.316211 0.193831 0.903579
v 0.320530 0.193919 0.897019
v 0.318758 0.191795 0.893080
v 0.318136 0.178451 0.895115
v 0.314958 0.181192 0.895217
v 0.315569 0.181822 0.894358
v 0.318307 0.178668 0.894031
v 0.311640 0.185396 0.893861
v 0.313301 0.185231 0.893330
v 0.314543 0.188511 0.892333
v 0.318173 0.184515 0.892193
v 0.322499 0.187480 0.893456
v 0.324860 0.183963 0.893139
v 0.320862 0.181725 0.891723
v 0.318641 0.189908 0.892474
v 0.320610 0.177352 0.893076
v 0.321055 0.176171 0.893690
v 0.313192 0.190064 0.891806
v 0.309748 0.184544 0.897451
v 0.314804 0.179783 0.897357
v 0.318853 0.176700 0.896620
v 0.322440 0.175782 0.895547
v 0.314795 0.180405 0.899886
v 0.319410 0.176696 0.898912
v 0.322914 0.176014 0.897867
v 0.316168 0.181881 0.902619
v 0.320332 0.178279 0.900840
v 0.311719 0.186677 0.903533
v 0.310180 0.184923 0.900767
v 0.322815 0.177263 0.899175
v 0.324299 0.177959 0.892360
v 0.325363 0.177336 0.895107
v 0.323525 0.179109 0.891576
v 0.323306 0.188322 0.894292
v 0.326230 0.184086 0.894088
v 0.324224 0.189033 0.896533
v 0.326910 0.183909 0.896174
v 0.326640 0.180610 0.893301
v 0.325156 0.181271 0.892326
v 0.310191 0.187765 0.903150
v 0.312967 0.190638 0.904249
v 0.314845 0.189618 0.904393
v 0.319011 0.184642 0.903704
v 0.318071 0.192590 0.903209
v 0.320126 0.193969 0.900185
v 0.323977 0.188648 0.899276
v 0.322511 0.187230 0.902074
v 0.326672 0.183168 0.898256
v 0.325055 0.182377 0.900755
v 0.322596 0.180475 0.901945
v 0.326555 0.179465 0.897271
v 0.327107 0.179718 0.895453
v 0.325293 0.177543 0.897228
v 0.325657 0.179481 0.899036
v 0.324447 0.178385 0.899295
v 0.297726 0.214152 0.927021
v 0.225308 0.146416 0.950617
v 0.228471 0.150246 0.947650
v 0.242981 0.142897 0.945755
v 0.238957 0.148322 0.943620
v 0.242713 0.136874 0.948853
v 0.234513 0.133033 0.954941
v 0.239674 0.134114 0.953003
v 0.233654 0.150986 0.944394
v 0.224651 0.141499 0.953984
v 0.228250 0.135706 0.956245
v 0.221455 0.138764 0.946781
v 0.225495 0.132318 0.948995
v 0.231543 0.129003 0.947901
v 0.238097 0.131026 0.946529
v 0.241555 0.133934 0.944242
v 0.224091 0.144994 0.944343
v 0.227834 0.148613 0.941943
v 0.234270 0.149101 0.940219
v 0.224149 0.144270 0.936246
v 0.223238 0.136616 0.929767
v 0.233459 0.123269 0.920529
v 0.234508 0.124950 0.927028
v 0.231696 0.125398 0.926415
v 0.230767 0.123322 0.920761
v 0.232250 0.126254 0.931964
v 0.230760 0.127026 0.930191
v 0.226771 0.130516 0.930713
v 0.226152 0.128635 0.925506
v 0.224498 0.134538 0.928404
v 0.224333 0.134515 0.924329
v 0.225450 0.127006 0.920292
v 0.228457 0.122880 0.917505
v 0.225213 0.125749 0.915760
v 0.231088 0.123366 0.915705
v 0.224913 0.129529 0.932293
v 0.237128 0.127527 0.937069
v 0.237873 0.126195 0.928297
v 0.236707 0.125267 0.920408
v 0.233486 0.125488 0.914953
v 0.240796 0.129651 0.928106
v 0.238721 0.129263 0.920865
v 0.235434 0.130051 0.916031
v 0.241350 0.134492 0.927311
v 0.238525 0.133288 0.920879
v 0.242286 0.138502 0.939167
v 0.241507 0.131990 0.939268
v 0.235901 0.132533 0.917468
v 0.226205 0.126311 0.913157
v 0.228880 0.128843 0.912379
v 0.223929 0.137999 0.924473
v 0.223049 0.132862 0.919436
v 0.223873 0.135822 0.918711
v 0.225389 0.141746 0.925348
v 0.225467 0.138287 0.918280
v 0.223946 0.131931 0.914543
v 0.223254 0.129921 0.916540
v 0.242638 0.139885 0.942511
v 0.239642 0.145735 0.941310
v 0.239139 0.144519 0.938228
v 0.238510 0.140574 0.926940
v 0.234199 0.147990 0.936324
v 0.228045 0.147377 0.935797
v 0.228514 0.144012 0.925346
v 0.233383 0.144036 0.926048
v 0.228902 0.139654 0.918551
v 0.231910 0.139494 0.919356
v 0.236176 0.136968 0.919909
v 0.229413 0.135771 0.915018
v 0.226173 0.134354 0.914073
v 0.231819 0.132247 0.913992
v 0.231562 0.136628 0.916718
v 0.233698 0.134403 0.916435
v 0.296559 0.206136 0.936869
v 0.292368 0.201030 0.935549
v 0.293750 0.202136 0.941614
v 0.294985 0.202029 0.950819
v 0.298171 0.207579 0.959400
v 0.289295 0.197983 0.950809
v 0.288435 0.198254 0.941192
v 0.286229 0.197341 0.932198
v 0.283661 0.195216 0.958983
f 1558 1559 1557
f 1557 1559 1560
f 1561 1562 1564
f 1564 1562 1563
f 1565 1560 1566
f 1566 1560 1559
f 1568 1569 1567
f 1567 1569 1565
f 1570 1568 1572
f 1572 1568 1571
f 1574 1575 1573
f 1573 1575 1576
f 1578 1579 1577
f 1577 1579 1580
f 1582 1583 1581
f 1581 1583 1584
f 1586 1587 1585
f 1585 1587 1588
f 1589 1590 1592
f 1592 1590 1591
f 1593 1594 1596
f 1596 1594 1595
f 1597 1598 1562
f 1562 1598 1599
f 1562 1599 1563
f 1563 1599 1600
f 1601 1590 1602
f 1602 1590 1589
f 1604 1605 1603
f 1603 1605 1606
f 1608 1609 1607
f 1607 1609 1610
f 1612 1608 1611
f 1611 1608 1607
f 1614 1615 1613
f 1613 1615 1616
f 1617 1618 1560
f 1560 1618 1557
f 1620 1621 1619
f 1619 1621 1622
f 1624 1625 1623
f 1623 1625 1626
f 1628 1629 1627
f 1627 1629 1630
f 1632 1633 1631
f 1631 1633 1634
f 1609 1635 1610
f 1610 1635 1636
f 1638 1639 1637
f 1637 1639 1640
f 1641 1642 1608
f 1608 1642 1609
f 1613 1616 1643
f 1643 1616 1644
f 1645 1646 1599
f 1599 1646 1600
f 1599 1598 1645
f 1645 1598 1647
f 1596 1595 1648
f 1648 1595 1649
f 1650 1626 1620
f 1620 1626 1625
f 1569 1617 1565
f 1565 1617 1560
f 1581 1584 1625
f 1625 1584 1651
f 1652 1581 1624
f 1624 1581 1625
f 1654 1655 1653
f 1653 1655 1656
f 1657 1658 1660
f 1660 1658 1659
f 1662 1586 1661
f 1661 1586 1585
f 1607 1610 1663
f 1663 1610 1664
f 1610 1636 1664
f 1664 1636 1665
f 1667 1668 1666
f 1666 1668 1669
f 1671 1561 1670
f 1670 1561 1672
f 1671 1597 1561
f 1561 1597 1562
f 1592 1591 1667
f 1667 1591 1673
f 1591 1674 1673
f 1673 1674 1675
f 1590 1676 1591
f 1591 1676 1674
f 1590 1601 1676
f 1676 1601 1677
f 1681 1682 1680
f 1680 1682 1683
f 1684 1685 1570
f 1570 1685 1686
f 1589 1687 1602
f 1602 1687 1688
f 1689 1650 1619
f 1619 1650 1620
f 1690 1691 1693
f 1693 1691 1692
f 1695 1696 1694
f 1694 1696 1697
f 1633 1698 1634
f 1634 1698 1699
f 1700 1701 1576
f 1576 1701 1702
f 1704 1705 1703
f 1703 1705 1628
f 1707 1708 1706
f 1706 1708 1709
f 1638 1657 1639
f 1639 1657 1660
f 1657 1638 1711
f 1711 1638 1710
f 1712 1713 1614
f 1614 1713 1615
f 1714 1624 1703
f 1703 1624 1623
f 1715 1702 1571
f 1571 1702 1572
f 1624 1714 1652
f 1652 1714 1716
f 1685 1622 1686
f 1686 1622 1621
f 1718 1719 1717
f 1717 1719 1720
f 1722 1723 1721
f 1721 1723 1724
f 1726 1727 1725
f 1725 1727 1728
f 1730 1727 1729
f 1729 1727 1726
f 1732 1733 1731
f 1731 1733 1734
f 1736 1737 1735
f 1735 1737 1580
f 1738 1739 1577
f 1577 1739 1740
f 1637 1741 1638
f 1638 1741 1710
f 1742 1743 1744
f 1744 1743 1700
f 1714 1627 1716
f 1716 1627 1745
f 1746 1691 1713
f 1713 1691 1615
f 1725 1728 1695
f 1695 1728 1696
f 1703 1628 1714
f 1714 1628 1627
f 1748 1749 1747
f 1747 1749 1750
f 1723 1722 1605
f 1605 1722 1751
f 1752 1746 1606
f 1606 1746 1713
f 1753 1754 1756
f 1756 1754 1755
f 1577 1580 1738
f 1738 1580 1737
f 1702 1715 1576
f 1576 1715 1573
f 1738 1737 1637
f 1637 1737 1741
f 1757 1741 1736
f 1736 1741 1737
f 1758 1759 1639
f 1639 1759 1640
f 1761 1762 1760
f 1760 1762 1641
f 1763 1578 1740
f 1740 1578 1577
f 1735 1580 1764
f 1764 1580 1579
f 1764 1765 1735
f 1735 1765 1761
f 1765 1766 1761
f 1761 1766 1762
f 1768 1762 1767
f 1767 1762 1766
f 1735 1761 1736
f 1736 1761 1760
f 1769 1732 1644
f 1644 1732 1770
f 1642 1641 1768
f 1768 1641 1762
f 1749 1773 1774
f 1773 1775 1774
f 1774 1775 1776
f 1775 1574 1776
f 1776 1574 1573
f 1575 1777 1576
f 1576 1777 1700
f 1778 1779 1781
f 1781 1779 1780
f 1731 1782 1732
f 1732 1782 1770
f 1783 1643 1770
f 1770 1643 1644
f 1776 1573 1784
f 1784 1573 1715
f 1690 1769 1616
f 1616 1769 1644
f 1694 1785 1707
f 1707 1785 1708
f 1749 1748 1766
f 1766 1748 1767
f 1786 1750 1774
f 1774 1750 1749
f 1787 1788 1784
f 1784 1788 1786
f 1789 1790 1647
f 1647 1790 1645
f 1791 1792 1649
f 1649 1792 1648
f 1786 1788 1790
f 1790 1788 1793
f 1603 1794 1604
f 1604 1794 1795
f 1796 1747 1791
f 1791 1747 1792
f 1561 1564 1672
f 1672 1564 1797
f 1798 1799 1745
f 1745 1799 1716
f 1800 1801 1654
f 1654 1801 1655
f 1712 1802 1603
f 1603 1802 1794
f 1632 1803 1633
f 1633 1803 1804
f 1806 1681 1805
f 1805 1681 1680
f 1808 1809 1807
f 1807 1809 1810
f 1667 1666 1592
f 1592 1666 1811
f 1812 1589 1811
f 1811 1589 1592
f 1813 1814 1710
f 1710 1814 1711
f 1619 1725 1689
f 1689 1725 1695
f 1622 1726 1619
f 1619 1726 1725
f 1729 1726 1685
f 1685 1726 1622
f 1685 1684 1729
f 1729 1684 1815
f 1684 1816 1815
f 1815 1816 1817
f 1769 1690 1818
f 1818 1690 1693
f 1819 1820 1742
f 1742 1820 1743
f 1668 1821 1669
f 1669 1821 1822
f 1567 1823 1824
f 1790 1789 1786
f 1786 1789 1750
f 1709 1825 1626
f 1626 1825 1623
f 1731 1734 1721
f 1721 1734 1697
f 1706 1709 1650
f 1650 1709 1626
f 1827 1777 1826
f 1826 1777 1763
f 1825 1709 1828
f 1828 1709 1708
f 1677 1601 1665
f 1665 1601 1664
f 1603 1606 1712
f 1712 1606 1713
f 1613 1829 1614
f 1614 1829 1830
f 1701 1831 1816
f 1816 1831 1817
f 1832 1705 1699
f 1699 1705 1634
f 1704 1825 1631
f 1631 1825 1828
f 1763 1833 1826
f 1826 1833 1834
f 1751 1752 1605
f 1605 1752 1606
f 1615 1691 1616
f 1616 1691 1690
f 1639 1660 1758
f 1758 1660 1835
f 1705 1704 1634
f 1634 1704 1631
f 1803 1834 1804
f 1804 1834 1833
f 1739 1738 1640
f 1640 1738 1637
f 1604 1795 1837
f 1837 1795 1838
f 1783 1779 1839
f 1839 1779 1778
f 1779 1782 1780
f 1780 1782 1724
f 1837 1838 1780
f 1780 1838 1781
f 1721 1724 1731
f 1731 1724 1782
f 1820 1819 1694
f 1694 1819 1785
f 1570 1572 1684
f 1684 1572 1816
f 1776 1784 1774
f 1774 1784 1786
f 1643 1783 1840
f 1840 1783 1839
f 1816 1572 1701
f 1701 1572 1702
f 1800 1654 1814
f 1814 1654 1711
f 1614 1830 1712
f 1712 1830 1802
f 1663 1841 1607
f 1607 1841 1611
f 1799 1842 1716
f 1716 1842 1652
f 1790 1793 1645
f 1645 1793 1646
f 1602 1688 1663
f 1663 1688 1841
f 1809 1808 1805
f 1805 1808 1806
f 1842 1582 1652
f 1652 1582 1581
f 1662 1661 1843
f 1843 1661 1844
f 1828 1708 1845
f 1845 1708 1785
f 1694 1707 1695
f 1695 1707 1689
f 1739 1846 1717
f 1717 1846 1718
f 1847 1848 1833
f 1833 1848 1849
f 1707 1706 1689
f 1689 1706 1650
f 1818 1831 1733
f 1733 1831 1743
f 1700 1743 1701
f 1701 1743 1831
f 1829 1613 1840
f 1840 1613 1643
f 1730 1692 1746
f 1746 1692 1691
f 1667 1673 1668
f 1668 1673 1594
f 1673 1675 1594
f 1594 1675 1679
f 1668 1594 1821
f 1821 1594 1593
f 1843 1844 1810
f 1810 1844 1807
f 1784 1715 1787
f 1787 1715 1571
f 1779 1783 1782
f 1782 1783 1770
f 1703 1623 1704
f 1704 1623 1825
f 1780 1724 1837
f 1837 1724 1723
f 1755 1719 1756
f 1756 1719 1718
f 1601 1602 1664
f 1664 1602 1663
f 1837 1723 1604
f 1604 1723 1605
f 1717 1720 1847
f 1847 1720 1848
f 1594 1679 1595
f 1849 1850 1833
f 1833 1850 1804
f 1840 1839 1852
f 1852 1839 1851
f 1840 1852 1829
f 1829 1852 1853
f 1830 1829 1854
f 1854 1829 1853
f 1802 1830 1855
f 1855 1830 1854
f 1839 1778 1851
f 1851 1778 1856
f 1778 1781 1856
f 1856 1781 1857
f 1857 1781 1858
f 1858 1781 1838
f 1859 1860 1856
f 1856 1860 1851
f 1862 1863 1861
f 1861 1863 1864
f 1865 1866 1864
f 1864 1866 1861
f 1864 1863 1868
f 1868 1863 1867
f 1869 1870 1868
f 1868 1870 1871
f 1867 1872 1868
f 1868 1872 1869
f 1873 1860 1867
f 1867 1860 1872
f 1871 1865 1868
f 1868 1865 1864
f 1874 1875 1877
f 1877 1875 1876
f 1875 1874 1865
f 1865 1874 1866
f 1867 1863 1873
f 1873 1863 1862
f 1862 1853 1873
f 1873 1853 1852
f 1862 1878 1853
f 1853 1878 1854
f 1861 1879 1862
f 1862 1879 1878
f 1879 1861 1880
f 1880 1861 1866
f 1860 1873 1851
f 1851 1873 1852
f 1874 1881 1866
f 1866 1881 1880
f 1879 1880 1882
f 1882 1880 1883
f 1880 1881 1883
f 1883 1881 1884
f 1882 1883 1885
f 1885 1883 1886
f 1885 1887 1882
f 1882 1887 1888
f 1889 1886 1884
f 1884 1886 1883
f 1879 1882 1878
f 1878 1882 1888
f 1878 1888 1854
f 1854 1888 1855
f 1881 1874 1890
f 1890 1874 1877
f 1869 1872 1891
f 1891 1872 1860
f 1891 1892 1869
f 1869 1892 1870
f 1860 1859 1891
f 1891 1859 1893
f 1892 1891 1894
f 1894 1891 1893
f 1892 1895 1870
f 1870 1895 1896
f 1802 1855 1794
f 1794 1855 1897
f 1795 1898 1838
f 1838 1898 1858
f 1898 1795 1897
f 1897 1795 1794
f 1897 1887 1898
f 1898 1887 1899
f 1887 1885 1899
f 1899 1885 1900
f 1898 1899 1858
f 1858 1899 1901
f 1897 1855 1887
f 1887 1855 1888
f 1902 1857 1901
f 1901 1857 1858
f 1902 1859 1857
f 1857 1859 1856
f 1903 1893 1902
f 1902 1893 1859
f 1903 1902 1904
f 1904 1902 1901
f 1905 1903 1906
f 1906 1903 1904
f 1899 1900 1901
f 1901 1900 1904
f 1900 1907 1904
f 1904 1907 1906
f 1893 1903 1894
f 1894 1903 1905
f 1909 1894 1908
f 1908 1894 1905
f 1908 1911 1910
f 1910 1911 1912
f 1908 1905 1911
f 1911 1905 1906
f 1908 1910 1909
f 1909 1910 1890
f 1909 1890 1895
f 1895 1890 1877
f 1895 1892 1909
f 1909 1892 1894
f 1885 1886 1900
f 1900 1886 1907
f 1912 1907 1889
f 1889 1907 1886
f 1912 1911 1907
f 1907 1911 1906
f 1910 1912 1884
f 1884 1912 1889
f 1884 1881 1910
f 1910 1881 1890
f 1865 1871 1875
f 1875 1871 1876
f 1876 1896 1877
f 1877 1896 1895
f 1876 1871 1896
f 1896 1871 1870
f 1693 1692 1817
f 1817 1692 1815
f 1696 1722 1697
f 1697 1722 1721
f 1728 1727 1751
f 1751 1727 1752
f 1727 1730 1752
f 1752 1730 1746
f 1734 1733 1820
f 1820 1733 1743
f 1728 1751 1696
f 1696 1751 1722
f 1693 1817 1818
f 1818 1817 1831
f 1734 1820 1697
f 1697 1820 1694
f 1818 1733 1769
f 1769 1733 1732
f 1692 1730 1815
f 1815 1730 1729
f 1914 1915 1913
f 1913 1915 1916
f 1918 1919 1917
f 1917 1919 1920
f 1917 1920 1921
f 1921 1920 1922
f 1923 1924 1926
f 1926 1924 1925
f 1632 1927 1803
f 1803 1927 1928
f 1929 1930 1918
f 1918 1930 1919
f 1932 1933 1931
f 1931 1933 1934
f 1845 1785 1936
f 1936 1785 1935
f 1937 1935 1819
f 1819 1935 1785
f 1939 1940 1938
f 1938 1940 1941
f 1942 1924 1930
f 1930 1924 1919
f 1632 1845 1927
f 1927 1845 1936
f 1933 1932 1915
f 1915 1932 1943
f 1944 1942 1916
f 1916 1942 1930
f 1945 1939 1922
f 1922 1939 1946
f 1948 1949 1947
f 1947 1949 1950
f 1939 1938 1946
f 1946 1938 1951
f 1952 1921 1946
f 1946 1921 1922
f 1945 1922 1923
f 1923 1922 1920
f 1913 1953 1914
f 1914 1953 1954
f 1929 1955 1913
f 1913 1955 1953
f 1945 1923 1956
f 1956 1923 1926
f 1938 1941 1931
f 1931 1941 1928
f 1913 1916 1929
f 1929 1916 1930
f 1917 1957 1918
f 1918 1957 1958
f 1943 1944 1915
f 1915 1944 1916
f 1919 1924 1920
f 1920 1924 1923
f 1914 1954 1959
f 1959 1954 1960
f 1952 1948 1961
f 1961 1948 1947
f 1948 1951 1949
f 1949 1951 1934
f 1949 1959 1950
f 1950 1959 1960
f 1931 1934 1938
f 1938 1934 1951
f 1921 1952 1962
f 1962 1952 1961
f 1918 1958 1929
f 1929 1958 1955
f 1827 1826 1956
f 1956 1826 1940
f 1957 1917 1962
f 1962 1917 1921
f 1937 1925 1942
f 1942 1925 1924
f 1948 1952 1951
f 1951 1952 1946
f 1949 1934 1959
f 1959 1934 1933
f 1959 1933 1914
f 1914 1933 1915
f 1962 1961 1964
f 1964 1961 1963
f 1962 1964 1957
f 1957 1964 1965
f 1957 1965 1958
f 1958 1965 1966
f 1958 1966 1955
f 1955 1966 1967
f 1961 1947 1963
f 1963 1947 1968
f 1947 1950 1968
f 1968 1950 1969
f 1950 1960 1969
f 1969 1960 1970
f 1971 1972 1968
f 1968 1972 1963
f 1974 1975 1973
f 1973 1975 1976
f 1977 1978 1974
f 1974 1978 1975
f 1975 1978 1980
f 1980 1978 1979
f 1981 1982 1980
f 1980 1982 1983
f 1979 1984 1980
f 1980 1984 1981
f 1983 1976 1980
f 1980 1976 1975
f 1976 1985 1973
f 1973 1985 1986
f 1979 1978 1987
f 1987 1978 1977
f 1977 1965 1987
f 1987 1965 1964
f 1977 1988 1965
f 1965 1988 1966
f 1974 1989 1977
f 1977 1989 1988
f 1990 1989 1973
f 1973 1989 1974
f 1987 1972 1979
f 1979 1972 1984
f 1972 1987 1963
f 1963 1987 1964
f 1991 1990 1986
f 1986 1990 1973
f 1989 1990 1992
f 1992 1990 1993
f 1990 1991 1993
f 1993 1991 1994
f 1992 1993 1995
f 1995 1993 1996
f 1995 1997 1992
f 1992 1997 1998
f 1994 1999 1993
f 1993 1999 1996
f 1992 1998 1989
f 1989 1998 1988
f 1988 1998 1966
f 1966 1998 1967
f 1991 1986 2001
f 2001 1986 2000
f 1986 1985 2000
f 2000 1985 2002
f 1981 1984 2003
f 2003 1984 1972
f 1982 1981 2004
f 2004 1981 2003
f 1972 1971 2003
f 2003 1971 2005
f 2003 2005 2004
f 2004 2005 2006
f 2007 2008 2004
f 2004 2008 1982
f 2002 2008 2000
f 2000 2008 2007
f 1955 1967 1953
f 1953 1967 2009
f 1954 2010 1960
f 1960 2010 1970
f 2010 1954 2009
f 2009 1954 1953
f 2009 1997 2010
f 2010 1997 2011
f 1997 1995 2011
f 2011 1995 2012
f 2010 2011 1970
f 1970 2011 2013
f 1997 2009 1998
f 1998 2009 1967
f 2014 1969 2013
f 2013 1969 1970
f 2014 1971 1969
f 1969 1971 1968
f 2014 2015 1971
f 1971 2015 2005
f 2015 2014 2016
f 2016 2014 2013
f 2017 2015 2018
f 2018 2015 2016
f 2011 2012 2013
f 2013 2012 2016
f 2012 2019 2016
f 2016 2019 2018
f 2015 2017 2005
f 2005 2017 2006
f 2021 2006 2020
f 2020 2006 2017
f 2020 2023 2022
f 2022 2023 2024
f 2020 2017 2023
f 2023 2017 2018
f 2020 2022 2021
f 2021 2022 2001
f 2021 2001 2007
f 2007 2001 2000
f 2007 2004 2021
f 2021 2004 2006
f 1995 1996 2012
f 2012 1996 2019
f 2024 2019 1999
f 1999 2019 1996
f 2024 2023 2019
f 2019 2023 2018
f 2022 2024 1994
f 1994 2024 1999
f 1994 1991 2022
f 2022 1991 2001
f 1976 1983 1985
f 1985 1983 2002
f 2002 1983 2008
f 2008 1983 1982
f 1926 1925 1744
f 1744 1925 1742
f 1927 1932 1928
f 1928 1932 1931
f 1936 1935 1943
f 1943 1935 1944
f 1935 1937 1944
f 1944 1937 1942
f 1941 1940 1834
f 1834 1940 1826
f 1936 1943 1927
f 1927 1943 1932
f 1956 1926 1827
f 1827 1926 1744
f 1941 1834 1928
f 1928 1834 1803
f 1956 1940 1945
f 1945 1940 1939
f 1925 1937 1742
f 1742 1937 1819
f 1777 1827 1700
f 1700 1827 1744
f 1777 1575 1763
f 1763 1575 1578
f 1575 1574 1578
f 1578 1574 1579
f 1574 1775 1579
f 1579 1775 1764
f 2025 2026 2028
f 2028 2026 2027
f 2030 2031 2029
f 2029 2031 2032
f 2029 2032 2033
f 2033 2032 2034
f 2036 2037 2035
f 2035 2037 2038
f 2039 2040 2030
f 2030 2040 2031
f 2042 2043 2041
f 2041 2043 2044
f 2045 2046 1633
f 1633 2046 1698
f 2047 2045 1804
f 1804 2045 1633
f 2049 2050 2048
f 2048 2050 2051
f 2052 2036 2040
f 2040 2036 2031
f 2042 2053 2043
f 2043 2053 2027
f 2054 2052 2028
f 2028 2052 2040
f 2055 2049 2034
f 2034 2049 2056
f 2057 2058 2060
f 2060 2058 2059
f 2049 2048 2056
f 2056 2048 2061
f 2062 2033 2056
f 2056 2033 2034
f 2055 2034 2035
f 2035 2034 2032
f 2025 2063 2026
f 2026 2063 2064
f 2039 2065 2025
f 2025 2065 2063
f 2035 2038 2055
f 2055 2038 2066
f 2048 2051 2041
f 2041 2051 2067
f 2039 2025 2040
f 2040 2025 2028
f 2029 2068 2030
f 2030 2068 2069
f 2053 2054 2027
f 2027 2054 2028
f 2031 2036 2032
f 2032 2036 2035
f 2026 2064 2070
f 2070 2064 2071
f 2062 2058 2072
f 2072 2058 2057
f 2059 2058 2044
f 2044 2058 2061
f 2070 2071 2059
f 2059 2071 2060
f 2041 2044 2048
f 2048 2044 2061
f 2033 2062 2073
f 2073 2062 2072
f 2030 2069 2039
f 2039 2069 2065
f 2066 1848 2050
f 2050 1848 1720
f 2068 2029 2073
f 2073 2029 2033
f 2047 2037 2052
f 2052 2037 2036
f 2058 2062 2061
f 2061 2062 2056
f 2059 2044 2070
f 2070 2044 2043
f 2070 2043 2026
f 2026 2043 2027
f 2073 2072 2075
f 2075 2072 2074
f 2073 2075 2068
f 2068 2075 2076
f 2068 2076 2069
f 2069 2076 2077
f 2069 2077 2065
f 2065 2077 2078
f 2072 2057 2074
f 2074 2057 2079
f 2057 2060 2079
f 2079 2060 2080
f 2080 2060 2081
f 2081 2060 2071
f 2082 2083 2079
f 2079 2083 2074
f 2085 2086 2084
f 2084 2086 2087
f 2088 2089 2085
f 2085 2089 2086
f 2086 2089 2091
f 2091 2089 2090
f 2092 2093 2091
f 2091 2093 2094
f 2090 2095 2091
f 2091 2095 2092
f 2094 2087 2091
f 2091 2087 2086
f 2096 2097 2087
f 2087 2097 2084
f 2089 2088 2090
f 2090 2088 2098
f 2088 2076 2098
f 2098 2076 2075
f 2088 2099 2076
f 2076 2099 2077
f 2085 2100 2088
f 2088 2100 2099
f 2100 2085 2101
f 2101 2085 2084
f 2090 2098 2095
f 2095 2098 2083
f 2083 2098 2074
f 2074 2098 2075
f 2097 2102 2084
f 2084 2102 2101
f 2103 2100 2104
f 2104 2100 2101
f 2102 2105 2101
f 2101 2105 2104
f 2106 2103 2107
f 2107 2103 2104
f 2103 2106 2109
f 2109 2106 2108
f 2105 2110 2104
f 2104 2110 2107
f 2100 2103 2099
f 2099 2103 2109
f 2099 2109 2077
f 2077 2109 2078
f 2102 2097 2112
f 2112 2097 2111
f 2097 2096 2111
f 2111 2096 2113
f 2092 2095 2114
f 2114 2095 2083
f 2093 2092 2115
f 2115 2092 2114
f 2083 2082 2114
f 2114 2082 2116
f 2115 2114 2117
f 2117 2114 2116
f 2115 2118 2093
f 2093 2118 2119
f 2113 2119 2111
f 2111 2119 2118
f 2065 2078 2063
f 2063 2078 2120
f 2064 2121 2071
f 2071 2121 2081
f 2121 2064 2120
f 2120 2064 2063
f 2120 2108 2121
f 2121 2108 2122
f 2108 2106 2122
f 2122 2106 2123
f 2121 2122 2081
f 2081 2122 2124
f 2120 2078 2108
f 2108 2078 2109
f 2125 2080 2124
f 2124 2080 2081
f 2125 2082 2080
f 2080 2082 2079
f 2126 2116 2125
f 2125 2116 2082
f 2126 2125 2127
f 2127 2125 2124
f 2128 2126 2129
f 2129 2126 2127
f 2122 2123 2124
f 2124 2123 2127
f 2123 2130 2127
f 2127 2130 2129
f 2126 2128 2116
f 2116 2128 2117
f 2132 2117 2131
f 2131 2117 2128
f 2131 2134 2133
f 2133 2134 2135
f 2131 2128 2134
f 2134 2128 2129
f 2131 2133 2132
f 2132 2133 2112
f 2132 2112 2118
f 2118 2112 2111
f 2118 2115 2132
f 2132 2115 2117
f 2106 2107 2123
f 2123 2107 2130
f 2135 2130 2110
f 2110 2130 2107
f 2135 2134 2130
f 2130 2134 2129
f 2135 2110 2133
f 2133 2110 2105
f 2105 2102 2133
f 2133 2102 2112
f 2087 2094 2096
f 2096 2094 2113
f 2113 2094 2119
f 2119 2094 2093
f 2037 1850 2038
f 2038 1850 1849
f 2136 2042 2067
f 2067 2042 2041
f 2046 2045 2053
f 2053 2045 2054
f 2045 2047 2054
f 2054 2047 2052
f 1719 2051 1720
f 1720 2051 2050
f 2136 2046 2042
f 2042 2046 2053
f 2038 1849 2066
f 2066 1849 1848
f 2051 1719 2067
f 2067 1719 1755
f 2050 2049 2066
f 2066 2049 2055
f 2037 2047 1850
f 1850 2047 1804
f 2138 2139 2137
f 2137 2139 2140
f 2142 2143 2141
f 2141 2143 2144
f 2141 2144 2145
f 2145 2144 2146
f 2148 2149 2147
f 2147 2149 2150
f 2151 2152 2154
f 2154 2152 2153
f 2155 2156 2142
f 2142 2156 2143
f 2157 2158 2160
f 2160 2158 2159
f 2161 2162 2164
f 2164 2162 2163
f 2165 2163 1756
f 1756 2163 2162
f 2166 2167 2169
f 2169 2167 2168
f 2156 2170 2143
f 2143 2170 2148
f 2152 2161 2153
f 2153 2161 2164
f 2158 2171 2159
f 2159 2171 2139
f 2172 2170 2140
f 2140 2170 2156
f 2167 2174 2173
f 2173 2174 2146
f 2176 2177 2175
f 2175 2177 2178
f 2166 2179 2167
f 2167 2179 2174
f 2180 2145 2174
f 2174 2145 2146
f 2173 2146 2147
f 2147 2146 2144
f 2137 2181 2138
f 2138 2181 2182
f 2155 2183 2137
f 2137 2183 2181
f 2147 2150 2173
f 2173 2150 2184
f 2157 2166 2154
f 2154 2166 2169
f 2137 2140 2155
f 2155 2140 2156
f 2141 2185 2142
f 2142 2185 2186
f 2171 2172 2139
f 2139 2172 2140
f 2143 2148 2144
f 2144 2148 2147
f 2138 2182 2187
f 2187 2182 2188
f 2180 2176 2189
f 2189 2176 2175
f 2177 2176 2160
f 2160 2176 2179
f 2187 2188 2177
f 2177 2188 2178
f 2166 2157 2179
f 2179 2157 2160
f 2145 2180 2190
f 2190 2180 2189
f 2142 2186 2155
f 2155 2186 2183
f 1759 1758 2184
f 2184 1758 2168
f 2185 2141 2190
f 2190 2141 2145
f 2165 2149 2170
f 2170 2149 2148
f 2176 2180 2179
f 2179 2180 2174
f 2187 2177 2159
f 2159 2177 2160
f 2138 2187 2139
f 2139 2187 2159
f 2190 2189 2192
f 2192 2189 2191
f 2190 2192 2185
f 2185 2192 2193
f 2185 2193 2186
f 2186 2193 2194
f 2186 2194 2183
f 2183 2194 2195
f 2189 2175 2191
f 2191 2175 2196
f 2175 2178 2196
f 2196 2178 2197
f 2197 2178 2198
f 2198 2178 2188
f 2200 2191 2199
f 2199 2191 2196
f 2201 2202 2204
f 2204 2202 2203
f 2205 2206 2202
f 2202 2206 2203
f 2203 2206 2208
f 2208 2206 2207
f 2208 2209 2211
f 2211 2209 2210
f 2207 2212 2208
f 2208 2212 2209
f 2211 2204 2208
f 2208 2204 2203
f 2204 2213 2201
f 2201 2213 2214
f 2206 2205 2207
f 2207 2205 2215
f 2205 2193 2215
f 2215 2193 2192
f 2205 2216 2193
f 2193 2216 2194
f 2217 2216 2202
f 2202 2216 2205
f 2218 2217 2201
f 2201 2217 2202
f 2207 2215 2212
f 2212 2215 2200
f 2200 2215 2191
f 2191 2215 2192
f 2219 2218 2214
f 2214 2218 2201
f 2220 2217 2221
f 2221 2217 2218
f 2219 2222 2218
f 2218 2222 2221
f 2223 2220 2224
f 2224 2220 2221
f 2220 2223 2226
f 2226 2223 2225
f 2222 2227 2221
f 2221 2227 2224
f 2217 2220 2216
f 2216 2220 2226
f 2216 2226 2194
f 2194 2226 2195
f 2214 2228 2219
f 2219 2228 2229
f 2214 2213 2228
f 2228 2213 2230
f 2209 2212 2231
f 2231 2212 2200
f 2209 2231 2210
f 2210 2231 2232
f 2231 2200 2233
f 2233 2200 2199
f 2232 2231 2234
f 2234 2231 2233
f 2235 2236 2232
f 2232 2236 2210
f 2230 2236 2228
f 2228 2236 2235
f 2183 2195 2181
f 2181 2195 2237
f 2182 2238 2188
f 2188 2238 2198
f 2237 2238 2181
f 2181 2238 2182
f 2225 2239 2237
f 2237 2239 2238
f 2223 2240 2225
f 2225 2240 2239
f 2238 2239 2198
f 2198 2239 2241
f 2237 2195 2225
f 2225 2195 2226
f 2242 2197 2241
f 2241 2197 2198
f 2197 2242 2196
f 2196 2242 2199
f 2242 2243 2199
f 2199 2243 2233
f 2243 2242 2244
f 2244 2242 2241
f 2245 2243 2246
f 2246 2243 2244
f 2239 2240 2241
f 2241 2240 2244
f 2240 2247 2244
f 2244 2247 2246
f 2243 2245 2233
f 2233 2245 2234
f 2249 2234 2248
f 2248 2234 2245
f 2248 2251 2250
f 2250 2251 2252
f 2248 2245 2251
f 2251 2245 2246
f 2248 2250 2249
f 2249 2250 2229
f 2249 2229 2235
f 2235 2229 2228
f 2235 2232 2249
f 2249 2232 2234
f 2240 2223 2247
f 2247 2223 2224
f 2252 2247 2227
f 2227 2247 2224
f 2252 2251 2247
f 2247 2251 2246
f 2250 2252 2222
f 2222 2252 2227
f 2222 2219 2250
f 2250 2219 2229
f 2204 2211 2213
f 2213 2211 2230
f 2230 2211 2236
f 2236 2211 2210
f 2149 1718 2150
f 2150 1718 1846
f 2154 2153 2157
f 2157 2153 2158
f 2171 2164 2172
f 2172 2164 2163
f 2163 2165 2172
f 2172 2165 2170
f 2253 2151 2169
f 2169 2151 2154
f 2153 2164 2158
f 2158 2164 2171
f 2150 1846 2184
f 2184 1846 1759
f 2184 2168 2173
f 2173 2168 2167
f 2149 2165 1718
f 1718 2165 1756
f 1661 1585 2254
f 2254 1585 2255
f 1824 1682 2257
f 2257 1682 2256
f 1682 1681 2256
f 2256 1681 2258
f 1808 2259 1806
f 1806 2259 2260
f 1588 1824 2261
f 2261 1824 2257
f 1844 1661 2262
f 2262 1661 2254
f 1585 1588 2255
f 2255 1588 2261
f 2263 1807 2262
f 2262 1807 1844
f 1806 2260 1681
f 1681 2260 2258
f 2259 1808 2263
f 2263 1808 1807
f 2262 2264 2263
f 2263 2264 2265
f 2263 2265 2259
f 2259 2265 2266
f 2259 2266 2260
f 2260 2266 2267
f 2260 2267 2258
f 2258 2267 2268
f 2262 2254 2264
f 2264 2254 2269
f 2254 2255 2269
f 2269 2255 2270
f 2255 2261 2270
f 2270 2261 2271
f 2273 2264 2272
f 2272 2264 2269
f 2275 2276 2274
f 2274 2276 2277
f 2278 2279 2275
f 2275 2279 2276
f 2280 2281 2279
f 2279 2281 2276
f 2280 2282 2281
f 2281 2282 2283
f 2284 2277 2281
f 2281 2277 2276
f 2277 2284 2285
f 2285 2284 2286
f 2285 2287 2277
f 2277 2287 2274
f 2280 2279 2288
f 2288 2279 2278
f 2278 2266 2288
f 2288 2266 2265
f 2278 2289 2266
f 2266 2289 2267
f 2275 2290 2278
f 2278 2290 2289
f 2290 2275 2291
f 2291 2275 2274
f 2280 2288 2282
f 2282 2288 2273
f 2273 2288 2264
f 2264 2288 2265
f 2287 2292 2274
f 2274 2292 2291
f 2293 2290 2294
f 2294 2290 2291
f 2292 2295 2291
f 2291 2295 2294
f 2296 2293 2297
f 2297 2293 2294
f 2293 2296 2299
f 2299 2296 2298
f 2295 2300 2294
f 2294 2300 2297
f 2290 2293 2289
f 2289 2293 2299
f 2289 2299 2267
f 2267 2299 2268
f 2292 2287 2302
f 2302 2287 2301
f 2287 2285 2301
f 2301 2285 2286
f 2283 2282 2303
f 2303 2282 2273
f 2304 2283 2305
f 2305 2283 2303
f 2303 2273 2306
f 2306 2273 2272
f 2305 2303 2307
f 2307 2303 2306
f 2305 2308 2304
f 2304 2308 2309
f 2286 2309 2301
f 2301 2309 2308
f 2284 2281 2304
f 2304 2281 2283
f 2286 2284 2309
f 2309 2284 2304
f 2256 2258 2310
f 2310 2258 2268
f 2261 2257 2271
f 2271 2257 2311
f 2310 2311 2256
f 2256 2311 2257
f 2298 2312 2310
f 2310 2312 2311
f 2296 2313 2298
f 2298 2313 2312
f 2311 2312 2271
f 2271 2312 2314
f 2310 2268 2298
f 2298 2268 2299
f 2315 2270 2314
f 2314 2270 2271
f 2270 2315 2269
f 2269 2315 2272
f 2315 2316 2272
f 2272 2316 2306
f 2316 2315 2317
f 2317 2315 2314
f 2318 2316 2319
f 2319 2316 2317
f 2312 2313 2314
f 2314 2313 2317
f 2313 2320 2317
f 2317 2320 2319
f 2316 2318 2306
f 2306 2318 2307
f 2322 2307 2321
f 2321 2307 2318
f 2323 2321 2325
f 2325 2321 2324
f 2321 2318 2324
f 2324 2318 2319
f 2321 2323 2322
f 2322 2323 2302
f 2322 2302 2308
f 2308 2302 2301
f 2308 2305 2322
f 2322 2305 2307
f 2313 2296 2320
f 2320 2296 2297
f 2325 2320 2300
f 2300 2320 2297
f 2325 2324 2320
f 2320 2324 2319
f 2323 2325 2295
f 2295 2325 2300
f 2295 2292 2323
f 2323 2292 2302
f 1775 1773 1764
f 1764 1773 1765
f 1765 1773 1766
f 1766 1773 1749
f 1754 2136 1755
f 1755 2136 2067
f 1632 1631 1845
f 1845 1631 1828
f 1833 1763 1847
f 1847 1763 1740
f 1846 1739 1759
f 1759 1739 1640
f 2046 2136 1698
f 1698 2136 1754
f 1698 1754 1699
f 1699 1754 1753
f 1705 1832 1628
f 1628 1832 1629
f 1660 1659 1835
f 1835 1659 2326
f 2326 2152 1835
f 1835 2152 2151
f 2161 2152 2327
f 2327 2152 2326
f 2327 2326 2328
f 2328 2326 1659
f 2328 1659 2329
f 2329 1659 1658
f 1711 2330 1657
f 1657 2330 1658
f 2329 1658 1653
f 1653 1658 2330
f 2331 2329 1656
f 1656 2329 1653
f 2329 2331 2328
f 2328 2331 2332
f 2328 2332 2327
f 2327 2332 2333
f 1756 2162 1753
f 1753 2162 2333
f 1745 1627 2334
f 2334 1627 1630
f 1653 2330 1654
f 1654 2330 1711
f 1739 1717 1740
f 1740 1717 1847
f 2333 1832 1753
f 1753 1832 1699
f 2333 2162 2327
f 2327 2162 2161
f 2169 2168 2253
f 2253 2168 1758
f 2151 2253 1835
f 1835 2253 1758
f 1629 1832 2332
f 2332 1832 2333
f 2332 2331 1629
f 1629 2331 1630
f 1656 2334 2331
f 2331 2334 1630
f 2334 1656 1745
f 1745 1656 1655
f 1801 1798 1655
f 1655 1798 1745
f 1687 1589 1812
f 1584 1557 1651
f 1651 1557 1618
f 1583 1558 1584
f 1584 1558 1557
f 1821 1671 1822
f 1822 1671 1670
f 1651 1618 1625
f 1625 1618 1620
f 1618 1617 1620
f 1620 1617 1621
f 1617 1569 1621
f 1621 1569 1686
f 1569 1568 1686
f 1686 1568 1570
f 1587 1567 1588
f 1588 1567 1824
f 1571 1568 1587
f 1587 1568 1567
f 1587 1586 1571
f 1571 1586 1787
f 1586 1662 1787
f 1787 1662 1788
f 1843 1793 1662
f 1662 1793 1788
f 1810 1646 1843
f 1843 1646 1793
f 1809 1600 1810
f 1810 1600 1646
f 1809 1805 1600
f 1600 1805 1563
f 1823 1683 1824
f 1824 1683 1682
f 1566 1559 1797
f 1797 1559 1672
f 1559 1558 1672
f 1672 1558 1670
f 1558 1583 1670
f 1670 1583 1822
f 1583 1582 1822
f 1822 1582 1669
f 1582 1842 1669
f 1669 1842 1666
f 1842 1799 1666
f 1666 1799 1811
f 1799 1798 1811
f 1811 1798 1812
f 1798 1801 1812
f 1812 1801 1687
f 1801 1800 1687
f 1687 1800 1688
f 1821 1593 1671
f 1671 1593 1597
f 1597 1593 1598
f 1598 1593 1596
f 1648 1647 1596
f 1596 1647 1598
f 1792 1789 1648
f 1648 1789 1647
f 1747 1750 1792
f 1792 1750 1789
f 1814 1841 1800
f 1800 1841 1688
f 1813 1611 1814
f 1814 1611 1841
f 1813 1710 1757
f 1757 1710 1741
f 1612 1757 1760
f 1760 1757 1736
f 1611 1813 1612
f 1612 1813 1757
f 1760 1641 1612
f 1612 1641 1608
f 1642 1678 1609
f 1609 1678 1635
f 1768 1771 1642
f 1642 1771 1678
f 1767 1772 1768
f 1768 1772 1771
f 1748 1836 1767
f 1767 1836 1772
f 1747 1796 1748
f 1748 1796 1836
f 1805 1680 1563
f 1563 1680 1564
f 1680 1683 1564
f 1564 1683 1797
f 1683 1823 1797
f 1797 1823 1566
f 1566 1823 1565
f 1565 1823 1567
