o hand_left
v -0.190543 0.473848 0.777034
v -0.183561 0.482496 0.780059
v -0.184082 0.474508 0.774688
v -0.190199 0.467717 0.770814
v -0.165407 0.482863 0.773429
v -0.160161 0.488229 0.763335
v -0.166377 0.472989 0.758313
v -0.169170 0.471239 0.768767
v -0.192534 0.463253 0.765515
v -0.185123 0.467839 0.770441
v -0.196364 0.463676 0.762247
v -0.206329 0.462426 0.755922
v -0.200539 0.459874 0.760366
v -0.212947 0.458275 0.754341
v -0.210686 0.472379 0.753821
v -0.221604 0.462233 0.755792
v -0.221748 0.484912 0.774446
v -0.223048 0.487737 0.787422
v -0.232276 0.472311 0.787456
v -0.229168 0.470308 0.774269
v -0.226898 0.479222 0.806698
v -0.230279 0.474741 0.796164
v -0.222421 0.490632 0.795942
v -0.219690 0.493755 0.805336
v -0.190999 0.481466 0.789900
v -0.184534 0.490480 0.792274
v -0.184573 0.488837 0.787395
v -0.190718 0.479867 0.784971
v -0.193763 0.462506 0.754631
v -0.197142 0.474070 0.751121
v -0.199454 0.468479 0.756037
v -0.192462 0.460191 0.759532
v -0.167198 0.508751 0.805136
v -0.165995 0.522085 0.803449
v -0.165555 0.521930 0.797544
v -0.167048 0.509978 0.800313
v -0.159457 0.511125 0.775765
v -0.162974 0.522009 0.779006
v -0.166846 0.530575 0.768990
v -0.166850 0.520472 0.764252
v -0.158062 0.498887 0.769508
v -0.162627 0.507250 0.759208
v -0.163992 0.493375 0.753450
v -0.168992 0.475312 0.749463
v -0.169385 0.523919 0.815677
v -0.170249 0.514245 0.818794
v -0.197719 0.416128 0.767858
v -0.196772 0.418180 0.773345
v -0.198767 0.421818 0.771882
v -0.199670 0.419168 0.766635
v -0.187294 0.524907 0.824950
v -0.196245 0.528691 0.822306
v -0.191852 0.534368 0.823573
v -0.183049 0.531118 0.824186
v -0.192846 0.516657 0.825873
v -0.201774 0.520477 0.820152
v -0.206551 0.406873 0.768163
v -0.202790 0.409159 0.765435
v -0.206893 0.412072 0.763922
v -0.211031 0.410331 0.766997
v -0.196402 0.461032 0.766541
v -0.195208 0.465014 0.774602
v -0.205892 0.448687 0.765253
v -0.202976 0.454415 0.769844
v -0.202773 0.455353 0.762933
v -0.206184 0.450373 0.759834
v -0.203728 0.462606 0.791935
v -0.197863 0.472641 0.792189
v -0.198128 0.470231 0.786129
v -0.203623 0.458689 0.784253
v -0.196011 0.474625 0.806089
v -0.202360 0.464840 0.804646
v -0.200604 0.467156 0.812721
v -0.195533 0.473203 0.812442
v -0.213619 0.449131 0.798889
v -0.216883 0.445025 0.797938
v -0.215625 0.444853 0.801011
v -0.212971 0.450238 0.802434
v -0.188356 0.540521 0.824203
v -0.179286 0.537144 0.822523
v -0.219064 0.483650 0.826520
v -0.210073 0.485544 0.833021
v -0.215888 0.473351 0.835804
v -0.224606 0.474744 0.828093
v -0.202984 0.529985 0.814529
v -0.199752 0.536403 0.817701
v -0.209177 0.406478 0.773813
v -0.213190 0.409987 0.772862
v -0.173897 0.501083 0.749311
v -0.176239 0.479509 0.744344
v -0.174471 0.516572 0.756190
v -0.176815 0.526954 0.761786
v -0.176814 0.535943 0.764606
v -0.205462 0.451883 0.775171
v -0.194905 0.471200 0.781362
v -0.190806 0.482519 0.794746
v -0.187792 0.481994 0.825398
v -0.181921 0.490735 0.825150
v -0.182679 0.486047 0.815544
v -0.188220 0.479659 0.817693
v -0.201349 0.481419 0.835433
v -0.196348 0.476385 0.831550
v -0.201563 0.468950 0.832305
v -0.207057 0.471866 0.836717
v -0.191420 0.463774 0.747519
v -0.193445 0.478821 0.746653
v -0.177718 0.520527 0.823894
v -0.174450 0.526902 0.820824
v -0.172620 0.535031 0.819144
v -0.174617 0.499391 0.797498
v -0.166622 0.510750 0.796886
v -0.165410 0.509445 0.792425
v -0.174988 0.499444 0.794414
v -0.173660 0.488516 0.782770
v -0.162928 0.495706 0.780782
v -0.175547 0.477911 0.778138
v -0.164016 0.523180 0.789457
v -0.162292 0.531605 0.796538
v -0.162129 0.532231 0.787629
v -0.164424 0.532484 0.806060
v -0.167791 0.533560 0.814233
v -0.198696 0.544595 0.819822
v -0.163773 0.532572 0.779388
v -0.172187 0.463434 0.764961
v -0.173591 0.456250 0.761718
v -0.180324 0.456779 0.765926
v -0.179587 0.463848 0.769869
v -0.217605 0.450543 0.754584
v -0.210086 0.449918 0.755811
v -0.205794 0.456953 0.756722
v -0.172333 0.499703 0.810316
v -0.174440 0.504703 0.821730
v -0.207900 0.446594 0.770636
v -0.214425 0.415589 0.765706
v -0.209827 0.417261 0.762217
v -0.215390 0.436492 0.756438
v -0.221159 0.434194 0.759915
v -0.213443 0.441884 0.775319
v -0.208049 0.444739 0.771155
v -0.208233 0.443417 0.772318
v -0.211132 0.440426 0.777610
v -0.213365 0.448451 0.809331
v -0.210905 0.453418 0.810384
v -0.232266 0.454352 0.775709
v -0.232841 0.455700 0.762661
v -0.227154 0.468411 0.762658
v -0.202910 0.464744 0.799043
v -0.208219 0.455943 0.799588
v -0.207995 0.456873 0.803653
v -0.207996 0.449349 0.778160
v -0.210955 0.444862 0.775939
v -0.211922 0.446113 0.780650
v -0.208177 0.451183 0.783259
v -0.204603 0.497558 0.830924
v -0.194526 0.492592 0.834166
v -0.199768 0.412703 0.765188
v -0.202742 0.415626 0.763696
v -0.197134 0.474525 0.799133
v -0.218542 0.481425 0.764564
v -0.190204 0.483499 0.800091
v -0.228010 0.459398 0.816942
v -0.221920 0.455941 0.820121
v -0.220900 0.449768 0.818885
v -0.226302 0.449984 0.816767
v -0.206686 0.425634 0.781201
v -0.202079 0.426635 0.777666
v -0.200495 0.422403 0.777934
v -0.204588 0.420751 0.781833
v -0.206140 0.445884 0.765680
v -0.206734 0.445954 0.759718
v -0.205681 0.441868 0.761466
v -0.206092 0.442635 0.767544
v -0.210904 0.444801 0.755848
v -0.209821 0.439595 0.757161
v -0.212407 0.422389 0.781475
v -0.216940 0.417929 0.777382
v -0.223847 0.435008 0.773840
v -0.217270 0.436013 0.778544
v -0.214357 0.508036 0.804150
v -0.211152 0.509057 0.814764
v -0.216556 0.494933 0.816288
v -0.223136 0.481372 0.818467
v -0.228473 0.468273 0.819382
v -0.233824 0.467227 0.808337
v -0.213045 0.496728 0.823517
v -0.222657 0.444315 0.777553
v -0.228180 0.445561 0.772156
v -0.228277 0.447293 0.776572
v -0.188425 0.483291 0.807326
v -0.205116 0.420404 0.762007
v -0.197482 0.533636 0.772273
v -0.203470 0.535350 0.784253
v -0.205520 0.527140 0.781859
v -0.198077 0.524767 0.768586
v -0.199742 0.426165 0.771244
v -0.200623 0.423984 0.765126
v -0.210434 0.453030 0.816875
v -0.213114 0.448337 0.815003
v -0.214883 0.447747 0.817552
v -0.211478 0.450915 0.821250
v -0.208216 0.510485 0.819765
v -0.216606 0.463557 0.836300
v -0.225133 0.466338 0.829812
v -0.206652 0.521302 0.813044
v -0.209947 0.520821 0.803864
v -0.206797 0.530061 0.804274
v -0.234612 0.458194 0.796160
v -0.216601 0.505011 0.796324
v -0.211192 0.518550 0.796656
v -0.207463 0.529489 0.796822
v -0.205416 0.537569 0.797614
v -0.204750 0.537314 0.805718
v -0.216619 0.415654 0.771836
v -0.213216 0.412091 0.779315
v -0.203910 0.546168 0.807670
v -0.204063 0.545864 0.798407
v -0.211325 0.516286 0.787718
v -0.209868 0.513344 0.776934
v -0.216383 0.503191 0.787785
v -0.215720 0.499242 0.777116
v -0.239135 0.460106 0.786098
v -0.198580 0.404764 0.785816
v -0.206080 0.412210 0.783813
v -0.202085 0.416459 0.783132
v -0.195955 0.407953 0.786711
v -0.209348 0.417095 0.782594
v -0.209099 0.408697 0.780275
v -0.210395 0.495212 0.764627
v -0.215026 0.442621 0.779488
v -0.200409 0.509127 0.762574
v -0.205964 0.485051 0.752836
v -0.196510 0.494017 0.751335
v -0.188467 0.521629 0.759147
v -0.186403 0.506446 0.750679
v -0.187394 0.538806 0.766904
v -0.188985 0.530329 0.764156
v -0.185645 0.489648 0.745012
v -0.190565 0.410496 0.773243
v -0.190839 0.412567 0.778651
v -0.196032 0.541721 0.773971
v -0.178110 0.470212 0.773681
v -0.181109 0.491278 0.805711
v -0.182838 0.491202 0.800362
v -0.178765 0.496199 0.824110
v -0.178170 0.492089 0.813082
v -0.192417 0.406878 0.769668
v -0.220083 0.443009 0.798774
v -0.219569 0.444581 0.798932
v -0.168537 0.464028 0.756615
v -0.170252 0.458071 0.755011
v -0.178517 0.459856 0.744677
v -0.172508 0.458620 0.748379
v -0.170583 0.466071 0.748495
v -0.176738 0.468115 0.744273
v -0.174355 0.498934 0.800158
v -0.174047 0.498574 0.804098
v -0.198207 0.507697 0.828595
v -0.188553 0.501999 0.831491
v -0.217217 0.443955 0.755498
v -0.225371 0.450829 0.756964
v -0.223568 0.443287 0.758508
v -0.225183 0.435486 0.765897
v -0.217889 0.441706 0.778599
v -0.219508 0.442099 0.776500
v -0.163910 0.503182 0.787213
v -0.174345 0.496209 0.788980
v -0.186711 0.463957 0.768155
v -0.187719 0.458156 0.765459
v -0.207889 0.454784 0.790493
v -0.231605 0.446615 0.794580
v -0.234478 0.448650 0.786112
v -0.212987 0.447824 0.789214
v -0.197712 0.400582 0.771797
v -0.194522 0.403605 0.769415
v -0.228208 0.444545 0.764091
v -0.205895 0.458596 0.811692
v -0.230921 0.451254 0.799548
v -0.226767 0.443615 0.798672
v -0.208517 0.465424 0.836658
v -0.201063 0.543850 0.785439
v -0.198065 0.418588 0.779728
v -0.192599 0.412561 0.783450
v -0.200669 0.402470 0.782797
v -0.201123 0.400540 0.776909
v -0.182639 0.510222 0.827296
v -0.184051 0.490795 0.796840
v -0.185519 0.474678 0.743393
v -0.185775 0.462391 0.744794
v -0.215982 0.444944 0.788508
v -0.225720 0.461780 0.822989
v -0.232974 0.457020 0.809365
v -0.231194 0.447069 0.809821
v -0.229651 0.444119 0.803030
v -0.224040 0.442216 0.799138
v -0.195971 0.399436 0.783859
v -0.196975 0.398067 0.778167
v -0.194384 0.398521 0.772597
v -0.191796 0.401331 0.770383
v -0.189985 0.405272 0.770987
v -0.193423 0.401550 0.787077
v -0.190915 0.404630 0.787509
v -0.189746 0.410057 0.784665
v -0.187970 0.400126 0.787379
v -0.187532 0.395549 0.784100
v -0.180631 0.397103 0.771402
v -0.186488 0.396222 0.772546
v -0.184460 0.394949 0.774107
v -0.179342 0.395160 0.773753
v -0.174147 0.394417 0.774572
v -0.174875 0.396438 0.771766
v -0.187038 0.394474 0.778178
v -0.180009 0.394433 0.778365
v -0.179863 0.395356 0.782530
v -0.174157 0.394634 0.782184
v -0.174183 0.393560 0.778615
v -0.184703 0.394893 0.782268
v -0.189796 0.394532 0.778258
v -0.170738 0.395760 0.773939
v -0.171346 0.393847 0.775472
v -0.170980 0.393630 0.778775
v -0.168349 0.395189 0.778378
v -0.188078 0.401129 0.770172
v -0.180131 0.399515 0.770246
v -0.174190 0.399595 0.771960
v -0.170175 0.398552 0.774184
v -0.178225 0.402973 0.771816
v -0.173781 0.402150 0.773442
v -0.170497 0.401452 0.775802
v -0.176877 0.405629 0.775041
v -0.173298 0.404008 0.776073
v -0.187165 0.408011 0.774286
v -0.188600 0.405614 0.770883
v -0.170876 0.403346 0.776826
v -0.167644 0.397262 0.778879
v -0.181181 0.397333 0.785519
v -0.173933 0.397120 0.784132
v -0.180734 0.399597 0.786635
v -0.173631 0.398993 0.785580
v -0.169611 0.395847 0.783058
v -0.171199 0.394525 0.781574
v -0.189204 0.409102 0.774460
v -0.189163 0.411019 0.780316
v -0.187040 0.409936 0.780388
v -0.176714 0.407020 0.779834
v -0.186723 0.408706 0.784643
v -0.185864 0.403692 0.787425
v -0.178943 0.402259 0.786485
v -0.177709 0.405153 0.784736
v -0.173499 0.401579 0.785125
v -0.173413 0.403485 0.783418
v -0.172828 0.404869 0.779702
v -0.169935 0.400873 0.782944
v -0.169479 0.398001 0.783442
v -0.168726 0.400472 0.779282
v -0.170762 0.402545 0.782444
v -0.170434 0.402514 0.779352
v -0.204784 0.416872 0.790973
v -0.204888 0.418347 0.797195
v -0.208128 0.420974 0.795167
v -0.207938 0.419575 0.789963
v -0.214138 0.406744 0.788488
v -0.209412 0.410446 0.786792
v -0.213937 0.413087 0.785033
v -0.219427 0.410121 0.787950
v -0.217981 0.406077 0.794637
v -0.222751 0.410355 0.794060
v -0.222971 0.415055 0.786350
v -0.217020 0.417940 0.783570
v -0.222379 0.437683 0.779670
v -0.228621 0.436430 0.781786
v -0.216052 0.441612 0.795788
v -0.218660 0.440418 0.798147
v -0.206290 0.414253 0.788256
v -0.210125 0.416729 0.786629
v -0.213328 0.423970 0.802597
v -0.209636 0.425077 0.798653
v -0.208862 0.421400 0.800018
v -0.212441 0.419334 0.803740
v -0.215458 0.440452 0.783246
v -0.215947 0.441310 0.789592
v -0.217937 0.439119 0.780734
v -0.219113 0.420854 0.803789
v -0.224414 0.417472 0.801028
v -0.231149 0.436373 0.796268
v -0.226207 0.437203 0.799949
v -0.212340 0.420571 0.784421
v -0.208100 0.424221 0.793134
v -0.208748 0.423091 0.787995
v -0.225950 0.416013 0.793138
v -0.220894 0.411921 0.801884
v -0.203300 0.403879 0.807976
v -0.212754 0.411366 0.805868
v -0.209150 0.415134 0.805409
v -0.200099 0.407578 0.808958
v -0.216666 0.415640 0.804742
v -0.216163 0.407994 0.802324
v -0.193318 0.410134 0.796806
v -0.193990 0.411770 0.803147
v -0.194243 0.407201 0.793258
v -0.232130 0.436532 0.788152
v -0.201974 0.400482 0.792475
v -0.196836 0.404358 0.791470
v -0.206311 0.418206 0.802315
v -0.196447 0.410577 0.807562
v -0.205134 0.401196 0.804753
v -0.206309 0.399693 0.797481
v -0.199311 0.397950 0.804929
v -0.199985 0.396958 0.798805
v -0.196995 0.398390 0.793733
v -0.194052 0.402903 0.792700
v -0.192647 0.406310 0.794425
v -0.197678 0.400235 0.808144
v -0.195672 0.404263 0.809630
v -0.194147 0.408653 0.807801
v -0.189557 0.400925 0.808819
v -0.189516 0.397043 0.805637
v -0.177388 0.403636 0.792342
v -0.183299 0.401827 0.792508
v -0.182566 0.399935 0.794213
v -0.177183 0.401666 0.794347
v -0.188568 0.398453 0.793470
v -0.186752 0.397844 0.795037
v -0.188020 0.396333 0.799507
v -0.182216 0.399189 0.799034
v -0.182682 0.399528 0.803893
v -0.176897 0.400814 0.803593
v -0.176152 0.400161 0.798921
v -0.186634 0.397150 0.803129
v -0.173662 0.402469 0.795233
v -0.172198 0.404535 0.794721
v -0.191036 0.394959 0.799352
v -0.191519 0.402763 0.792067
v -0.183250 0.404976 0.791750
v -0.176892 0.406956 0.792544
v -0.171699 0.407224 0.796130
v -0.182542 0.408871 0.793472
v -0.176667 0.409646 0.794457
v -0.172740 0.409192 0.797685
v -0.182170 0.411953 0.797194
v -0.176540 0.411791 0.798152
v -0.191930 0.410010 0.797715
v -0.191725 0.407256 0.793533
v -0.174263 0.410714 0.798798
v -0.170545 0.403079 0.798932
v -0.170105 0.406274 0.799816
v -0.172062 0.402001 0.798764
v -0.182935 0.400466 0.805905
v -0.176582 0.402536 0.804967
v -0.182638 0.402911 0.807648
v -0.175770 0.404643 0.805995
v -0.171997 0.403251 0.803357
v -0.172479 0.402109 0.802254
v -0.192671 0.408714 0.798274
v -0.193128 0.409992 0.803952
v -0.192301 0.410885 0.803489
v -0.182198 0.411967 0.802758
v -0.192238 0.408888 0.807797
v -0.190158 0.404785 0.809405
v -0.182847 0.405779 0.808341
v -0.182261 0.409548 0.806799
v -0.175859 0.406460 0.807210
v -0.177429 0.409122 0.806302
v -0.176988 0.411942 0.802335
v -0.171663 0.406973 0.804851
v -0.171464 0.404781 0.804051
v -0.171114 0.408097 0.800523
v -0.173701 0.409119 0.804840
v -0.173293 0.410271 0.801345
v -0.205365 0.425392 0.805755
v -0.204842 0.426825 0.811409
v -0.207395 0.429147 0.810774
v -0.208201 0.427462 0.805416
v -0.214097 0.416113 0.804493
v -0.210381 0.418635 0.802357
v -0.214224 0.421311 0.801627
v -0.219057 0.419672 0.803587
v -0.214980 0.414084 0.809778
v -0.221786 0.418770 0.809071
v -0.222864 0.423879 0.802939
v -0.217162 0.424570 0.800956
v -0.222465 0.438377 0.799678
v -0.228094 0.437267 0.802787
v -0.207473 0.422224 0.803179
v -0.210436 0.424449 0.802681
v -0.210955 0.430071 0.818249
v -0.208053 0.431155 0.814408
v -0.208531 0.428422 0.815983
v -0.211201 0.426232 0.818855
v -0.214000 0.443616 0.802602
v -0.213605 0.445351 0.808351
v -0.217043 0.440550 0.800109
v -0.216894 0.427216 0.819455
v -0.223129 0.424827 0.816408
v -0.225853 0.439588 0.816698
v -0.220446 0.441875 0.818217
v -0.212528 0.426755 0.801629
v -0.207161 0.431597 0.809159
v -0.208575 0.429692 0.804107
v -0.224928 0.424270 0.809039
v -0.219906 0.419520 0.816112
v -0.199176 0.409410 0.819892
v -0.212422 0.419059 0.819771
v -0.208428 0.423523 0.819377
v -0.196774 0.413050 0.820894
v -0.215404 0.422345 0.819698
v -0.215237 0.415572 0.816220
v -0.193340 0.418070 0.808289
v -0.193333 0.418706 0.813796
v -0.196124 0.415828 0.805307
v -0.230093 0.437824 0.809641
v -0.215123 0.444514 0.815862
v -0.200380 0.409397 0.805217
v -0.198024 0.413082 0.804353
v -0.206245 0.426011 0.816525
v -0.194698 0.416683 0.819032
v -0.202157 0.406989 0.816443
v -0.203426 0.407002 0.809950
v -0.196762 0.404989 0.816051
v -0.198356 0.405041 0.809547
v -0.196638 0.408118 0.804777
v -0.195062 0.412794 0.804314
v -0.193574 0.415755 0.805568
v -0.194033 0.408365 0.819455
v -0.192490 0.412051 0.820329
v -0.193520 0.416509 0.818338
v -0.189684 0.408462 0.819335
v -0.189480 0.404629 0.815293
v -0.177093 0.411311 0.804377
v -0.183268 0.410488 0.804664
v -0.183111 0.409603 0.805486
v -0.176891 0.409766 0.805229
v -0.189751 0.407750 0.805214
v -0.187970 0.407437 0.806041
v -0.188676 0.405249 0.809328
v -0.181929 0.406099 0.809364
v -0.182320 0.406849 0.815466
v -0.176717 0.407448 0.814369
v -0.175923 0.406607 0.808804
v -0.187744 0.405112 0.813848
v -0.173476 0.409659 0.805839
v -0.172741 0.410681 0.804413
v -0.191257 0.404301 0.809437
v -0.190913 0.412430 0.804054
v -0.183462 0.413452 0.803872
v -0.177301 0.414359 0.803596
v -0.172978 0.414292 0.805164
v -0.183361 0.416912 0.805623
v -0.177802 0.416820 0.805514
v -0.173921 0.416557 0.806963
v -0.182983 0.418808 0.808430
v -0.178161 0.418298 0.808389
v -0.191598 0.418346 0.808940
v -0.191550 0.416156 0.805620
v -0.175108 0.417474 0.808811
v -0.170783 0.409080 0.808485
v -0.170375 0.412987 0.810123
v -0.172360 0.408326 0.808578
v -0.182863 0.407285 0.817191
v -0.175804 0.408408 0.816302
v -0.182862 0.409598 0.818908
v -0.175988 0.410570 0.817865
v -0.171911 0.408615 0.813617
v -0.172721 0.408062 0.812880
v -0.192599 0.417872 0.808715
v -0.192898 0.418386 0.813920
v -0.191997 0.418827 0.813875
v -0.182512 0.419353 0.813413
v -0.191999 0.416889 0.818203
v -0.188627 0.412222 0.820050
v -0.182643 0.413027 0.818926
v -0.182169 0.416738 0.817417
v -0.176610 0.413345 0.817837
v -0.177910 0.415713 0.816737
v -0.177797 0.418722 0.812689
v -0.173267 0.413735 0.815124
v -0.171935 0.410988 0.814948
v -0.172052 0.415610 0.811019
v -0.174744 0.415840 0.814910
v -0.173996 0.417157 0.811730
v -0.213647 0.445538 0.812848
v -0.208515 0.432518 0.818650
v -0.206691 0.432546 0.822556
v -0.207403 0.433556 0.823109
v -0.209094 0.434611 0.819123
v -0.219599 0.429702 0.818878
v -0.215577 0.430477 0.816394
v -0.217872 0.433925 0.816823
v -0.221699 0.433426 0.819471
v -0.220983 0.429072 0.824018
v -0.222302 0.432438 0.825049
v -0.222141 0.437134 0.820418
v -0.218422 0.437727 0.817513
v -0.220431 0.452940 0.819678
v -0.224059 0.454603 0.823417
v -0.208552 0.458359 0.835710
v -0.204963 0.459079 0.832149
v -0.206310 0.450007 0.831515
v -0.209389 0.450438 0.835035
v -0.211768 0.431647 0.816660
v -0.212911 0.434731 0.816638
v -0.209899 0.434246 0.832648
v -0.207134 0.435023 0.828653
v -0.206910 0.432918 0.827284
v -0.208532 0.431369 0.831511
v -0.205014 0.456895 0.827394
v -0.207743 0.454933 0.823871
v -0.207509 0.451148 0.823253
v -0.206272 0.449251 0.826800
v -0.212663 0.450474 0.819994
v -0.214200 0.433969 0.833753
v -0.219984 0.434476 0.831765
v -0.218965 0.453398 0.836530
v -0.213993 0.452409 0.836927
v -0.213880 0.436755 0.817312
v -0.207284 0.436053 0.823928
v -0.209218 0.435932 0.820253
v -0.223264 0.436326 0.826149
v -0.218610 0.430814 0.830470
v -0.208827 0.421674 0.830715
v -0.212193 0.428148 0.832403
v -0.207878 0.429948 0.831099
v -0.206001 0.423589 0.830566
v -0.212873 0.430449 0.832652
v -0.217109 0.427278 0.829606
v -0.204728 0.427841 0.818410
v -0.203419 0.427534 0.823773
v -0.207158 0.426900 0.816109
v -0.223999 0.455229 0.829990
v -0.213620 0.422979 0.817044
v -0.209860 0.424831 0.815391
v -0.206354 0.431467 0.826743
v -0.203809 0.425892 0.828140
v -0.212731 0.420279 0.827960
v -0.215866 0.421560 0.822377
v -0.209315 0.416957 0.826222
v -0.212309 0.418401 0.820795
v -0.209434 0.421302 0.815716
v -0.206976 0.424495 0.815492
v -0.204892 0.426627 0.816766
v -0.205952 0.419105 0.829549
v -0.204017 0.421420 0.829932
v -0.202878 0.424691 0.827955
v -0.202858 0.416813 0.828229
v -0.203402 0.414841 0.823820
v -0.193162 0.418832 0.816149
v -0.197268 0.420096 0.815839
v -0.197480 0.418971 0.816273
v -0.193465 0.417783 0.815974
v -0.202941 0.419972 0.815686
v -0.201688 0.418737 0.816421
v -0.203820 0.416787 0.818798
v -0.198450 0.415451 0.818614
v -0.197840 0.413975 0.823798
v -0.193766 0.413050 0.823025
v -0.194754 0.414120 0.818432
v -0.202209 0.414712 0.822378
v -0.191224 0.416000 0.816186
v -0.189869 0.416462 0.816029
v -0.206404 0.416752 0.818712
v -0.202374 0.424060 0.815700
v -0.195681 0.422239 0.815901
v -0.190937 0.420042 0.816219
v -0.188219 0.417446 0.817493
v -0.195425 0.424257 0.817439
v -0.190042 0.421691 0.817612
v -0.187607 0.419146 0.818970
v -0.194965 0.425564 0.820527
v -0.190150 0.422622 0.820049
v -0.200782 0.427699 0.821060
v -0.201257 0.426559 0.817706
v -0.188235 0.420161 0.820288
v -0.189528 0.413430 0.818608
v -0.187805 0.415408 0.820162
v -0.191163 0.412971 0.818453
v -0.197771 0.414113 0.825231
v -0.192768 0.413139 0.824427
v -0.197196 0.415347 0.827263
v -0.191749 0.414584 0.825726
v -0.189985 0.412751 0.822187
v -0.191674 0.412530 0.821210
v -0.202636 0.427612 0.819966
v -0.202378 0.426969 0.823758
v -0.200691 0.426437 0.825171
v -0.195023 0.424574 0.824663
v -0.201404 0.423401 0.828795
v -0.202123 0.419610 0.829642
v -0.196268 0.417744 0.828307
v -0.195293 0.421026 0.827885
v -0.190798 0.416539 0.826083
v -0.190519 0.419572 0.825788
v -0.190206 0.422082 0.823475
v -0.188210 0.416362 0.823229
v -0.188506 0.414503 0.822894
v -0.187446 0.417218 0.821197
v -0.188323 0.418290 0.823506
v -0.188103 0.419264 0.822131
v -0.212594 0.457431 0.836437
v -0.191430 0.448907 0.749739
v -0.192571 0.448537 0.755256
v -0.178248 0.444990 0.762107
v -0.185183 0.445242 0.763062
v -0.173483 0.444773 0.757267
v -0.174702 0.447213 0.746644
v -0.172505 0.446692 0.751828
v -0.190361 0.446602 0.760462
v -0.187612 0.449403 0.745064
v -0.180563 0.449009 0.743222
v -0.189825 0.441291 0.744108
v -0.182097 0.440926 0.742230
v -0.175837 0.439352 0.744939
v -0.173053 0.440164 0.751508
v -0.173218 0.439965 0.756616
v -0.192714 0.442527 0.750731
v -0.193067 0.442599 0.756315
v -0.189379 0.442152 0.761766
v -0.194009 0.434945 0.753767
v -0.190785 0.425661 0.751409
v -0.176267 0.413173 0.755045
v -0.175413 0.419885 0.753850
v -0.177826 0.419063 0.752469
v -0.178176 0.412938 0.753163
v -0.176883 0.424456 0.750813
v -0.178825 0.423018 0.751010
v -0.183877 0.424400 0.749998
v -0.184095 0.418750 0.750960
v -0.188711 0.423751 0.751769
v -0.189635 0.420016 0.753527
v -0.184540 0.413206 0.751859
v -0.180133 0.409413 0.752755
v -0.184760 0.408567 0.752947
v -0.178925 0.408476 0.755619
v -0.184241 0.425069 0.747251
v -0.173270 0.430231 0.752749
v -0.173584 0.422061 0.756313
v -0.175292 0.414478 0.758482
v -0.178801 0.409191 0.758842
v -0.173890 0.423881 0.760426
v -0.176514 0.416996 0.761975
v -0.180337 0.412526 0.762341
v -0.176987 0.425427 0.763973
v -0.179436 0.418766 0.764147
v -0.176803 0.437722 0.761923
v -0.172813 0.434847 0.757555
v -0.181436 0.414989 0.763425
v -0.184926 0.406679 0.755177
v -0.184884 0.407621 0.758795
v -0.192253 0.421670 0.755134
v -0.190369 0.414673 0.753950
v -0.191973 0.415527 0.756479
v -0.193568 0.424352 0.757938
v -0.192575 0.416532 0.759172
v -0.190100 0.410052 0.756211
v -0.188837 0.410777 0.753685
v -0.176911 0.441199 0.761543
v -0.183247 0.442313 0.763205
v -0.183241 0.439092 0.763525
v -0.183267 0.427317 0.765641
v -0.189379 0.438217 0.762873
v -0.193405 0.436547 0.758506
v -0.192901 0.425876 0.761391
v -0.189364 0.427265 0.764454
v -0.191016 0.417989 0.762187
v -0.188623 0.419143 0.763799
v -0.183809 0.419186 0.765035
v -0.188707 0.413199 0.761923
v -0.190250 0.411138 0.759327
v -0.184801 0.411109 0.762040
v -0.187449 0.415451 0.763112
v -0.184470 0.414554 0.763458
v -0.203633 0.464430 0.831869
v -0.202999 0.461882 0.825946
v -0.199915 0.467101 0.826769
v -0.193986 0.474034 0.826275
v -0.191152 0.483273 0.830496
v -0.194297 0.472960 0.819372
v -0.200398 0.465741 0.820322
v -0.205444 0.458515 0.819256
v -0.190821 0.479130 0.811968
f 2 3 1
f 1 3 4
f 5 6 8
f 8 6 7
f 9 4 10
f 10 4 3
f 12 13 11
f 11 13 9
f 14 12 16
f 16 12 15
f 18 19 17
f 17 19 20
f 22 23 21
f 21 23 24
f 26 27 25
f 25 27 28
f 30 31 29
f 29 31 32
f 33 34 36
f 36 34 35
f 37 38 40
f 40 38 39
f 41 42 6
f 6 42 43
f 6 43 7
f 7 43 44
f 45 34 46
f 46 34 33
f 48 49 47
f 47 49 50
f 52 53 51
f 51 53 54
f 56 52 55
f 55 52 51
f 58 59 57
f 57 59 60
f 61 62 4
f 4 62 1
f 64 65 63
f 63 65 66
f 68 69 67
f 67 69 70
f 72 73 71
f 71 73 74
f 76 77 75
f 75 77 78
f 53 79 54
f 54 79 80
f 82 83 81
f 81 83 84
f 85 86 52
f 52 86 53
f 57 60 87
f 87 60 88
f 89 90 43
f 43 90 44
f 43 42 89
f 89 42 91
f 40 39 92
f 92 39 93
f 94 70 64
f 64 70 69
f 13 61 9
f 9 61 4
f 25 28 69
f 69 28 95
f 96 25 68
f 68 25 69
f 98 99 97
f 97 99 100
f 101 102 104
f 104 102 103
f 106 30 105
f 105 30 29
f 51 54 107
f 107 54 108
f 54 80 108
f 108 80 109
f 111 112 110
f 110 112 113
f 115 5 114
f 114 5 116
f 115 41 5
f 5 41 6
f 36 35 111
f 111 35 117
f 35 118 117
f 117 118 119
f 34 120 35
f 35 120 118
f 34 45 120
f 120 45 121
f 125 126 124
f 124 126 127
f 128 129 14
f 14 129 130
f 33 131 46
f 46 131 132
f 133 94 63
f 63 94 64
f 134 135 137
f 137 135 136
f 139 140 138
f 138 140 141
f 77 142 78
f 78 142 143
f 144 145 20
f 20 145 146
f 148 149 147
f 147 149 72
f 151 152 150
f 150 152 153
f 82 101 83
f 83 101 104
f 101 82 155
f 155 82 154
f 156 157 58
f 58 157 59
f 158 68 147
f 147 68 67
f 159 146 15
f 15 146 16
f 68 158 96
f 96 158 160
f 129 66 130
f 130 66 65
f 162 163 161
f 161 163 164
f 166 167 165
f 165 167 168
f 170 171 169
f 169 171 172
f 174 171 173
f 173 171 170
f 176 177 175
f 175 177 178
f 180 181 179
f 179 181 24
f 182 183 21
f 21 183 184
f 81 185 82
f 82 185 154
f 186 187 188
f 188 187 144
f 158 71 160
f 160 71 189
f 190 135 157
f 157 135 59
f 169 172 139
f 139 172 140
f 147 72 158
f 158 72 71
f 192 193 191
f 191 193 194
f 167 166 49
f 49 166 195
f 196 190 50
f 50 190 157
f 197 198 200
f 200 198 199
f 21 24 182
f 182 24 181
f 146 159 20
f 20 159 17
f 182 181 81
f 81 181 185
f 201 185 180
f 180 185 181
f 202 203 83
f 83 203 84
f 205 206 204
f 204 206 85
f 207 22 184
f 184 22 21
f 179 24 208
f 208 24 23
f 208 209 179
f 179 209 205
f 209 210 205
f 205 210 206
f 212 206 211
f 211 206 210
f 179 205 180
f 180 205 204
f 213 176 88
f 88 176 214
f 86 85 212
f 212 85 206
f 193 217 218
f 217 219 218
f 218 219 220
f 219 18 220
f 220 18 17
f 19 221 20
f 20 221 144
f 222 223 225
f 225 223 224
f 175 226 176
f 176 226 214
f 227 87 214
f 214 87 88
f 220 17 228
f 228 17 159
f 134 213 60
f 60 213 88
f 138 229 151
f 151 229 152
f 193 192 210
f 210 192 211
f 230 194 218
f 218 194 193
f 231 232 228
f 228 232 230
f 233 234 91
f 91 234 89
f 235 236 93
f 93 236 92
f 230 232 234
f 234 232 237
f 47 238 48
f 48 238 239
f 240 191 235
f 235 191 236
f 5 8 116
f 116 8 241
f 242 243 189
f 189 243 160
f 244 245 98
f 98 245 99
f 156 246 47
f 47 246 238
f 76 247 77
f 77 247 248
f 250 125 249
f 249 125 124
f 252 253 251
f 251 253 254
f 111 110 36
f 36 110 255
f 256 33 255
f 255 33 36
f 257 258 154
f 154 258 155
f 63 169 133
f 133 169 139
f 66 170 63
f 63 170 169
f 173 170 129
f 129 170 66
f 129 128 173
f 173 128 259
f 128 260 259
f 259 260 261
f 213 134 262
f 262 134 137
f 263 264 186
f 186 264 187
f 112 265 113
f 113 265 266
f 11 267 268
f 234 233 230
f 230 233 194
f 153 269 70
f 70 269 67
f 175 178 165
f 165 178 141
f 150 153 94
f 94 153 70
f 271 221 270
f 270 221 207
f 269 153 272
f 272 153 152
f 121 45 109
f 109 45 108
f 47 50 156
f 156 50 157
f 57 273 58
f 58 273 274
f 145 275 260
f 260 275 261
f 276 149 143
f 143 149 78
f 148 269 75
f 75 269 272
f 207 277 270
f 270 277 278
f 195 196 49
f 49 196 50
f 59 135 60
f 60 135 134
f 83 104 202
f 202 104 279
f 149 148 78
f 78 148 75
f 247 278 248
f 248 278 277
f 183 182 84
f 84 182 81
f 48 239 281
f 281 239 282
f 227 223 283
f 283 223 222
f 223 226 224
f 224 226 168
f 281 282 224
f 224 282 225
f 165 168 175
f 175 168 226
f 264 263 138
f 138 263 229
f 14 16 128
f 128 16 260
f 220 228 218
f 218 228 230
f 87 227 284
f 284 227 283
f 260 16 145
f 145 16 146
f 244 98 258
f 258 98 155
f 58 274 156
f 156 274 246
f 107 285 51
f 51 285 55
f 243 286 160
f 160 286 96
f 234 237 89
f 89 237 90
f 46 132 107
f 107 132 285
f 253 252 249
f 249 252 250
f 286 26 96
f 96 26 25
f 106 105 287
f 287 105 288
f 272 152 289
f 289 152 229
f 138 151 139
f 139 151 133
f 183 290 161
f 161 290 162
f 291 292 277
f 277 292 293
f 151 150 133
f 133 150 94
f 262 275 177
f 177 275 187
f 144 187 145
f 145 187 275
f 273 57 284
f 284 57 87
f 174 136 190
f 190 136 135
f 111 117 112
f 112 117 38
f 117 119 38
f 38 119 123
f 112 38 265
f 265 38 37
f 287 288 254
f 254 288 251
f 228 159 231
f 231 159 15
f 223 227 226
f 226 227 214
f 147 67 148
f 148 67 269
f 224 168 281
f 281 168 167
f 199 163 200
f 200 163 162
f 45 46 108
f 108 46 107
f 281 167 48
f 48 167 49
f 161 164 291
f 291 164 292
f 38 123 39
f 293 294 277
f 277 294 248
f 284 283 296
f 296 283 295
f 284 296 273
f 273 296 297
f 274 273 298
f 298 273 297
f 246 274 299
f 299 274 298
f 283 222 295
f 295 222 300
f 222 225 300
f 300 225 301
f 301 225 302
f 302 225 282
f 303 304 300
f 300 304 295
f 306 307 305
f 305 307 308
f 309 310 308
f 308 310 305
f 308 307 312
f 312 307 311
f 313 314 312
f 312 314 315
f 311 316 312
f 312 316 313
f 317 304 311
f 311 304 316
f 315 309 312
f 312 309 308
f 318 319 321
f 321 319 320
f 319 318 309
f 309 318 310
f 311 307 317
f 317 307 306
f 306 297 317
f 317 297 296
f 306 322 297
f 297 322 298
f 305 323 306
f 306 323 322
f 323 305 324
f 324 305 310
f 304 317 295
f 295 317 296
f 318 325 310
f 310 325 324
f 323 324 326
f 326 324 327
f 324 325 327
f 327 325 328
f 326 327 329
f 329 327 330
f 329 331 326
f 326 331 332
f 333 330 328
f 328 330 327
f 323 326 322
f 322 326 332
f 322 332 298
f 298 332 299
f 325 318 334
f 334 318 321
f 313 316 335
f 335 316 304
f 335 336 313
f 313 336 314
f 304 303 335
f 335 303 337
f 336 335 338
f 338 335 337
f 336 339 314
f 314 339 340
f 246 299 238
f 238 299 341
f 239 342 282
f 282 342 302
f 342 239 341
f 341 239 238
f 341 331 342
f 342 331 343
f 331 329 343
f 343 329 344
f 342 343 302
f 302 343 345
f 341 299 331
f 331 299 332
f 346 301 345
f 345 301 302
f 346 303 301
f 301 303 300
f 347 337 346
f 346 337 303
f 347 346 348
f 348 346 345
f 349 347 350
f 350 347 348
f 343 344 345
f 345 344 348
f 344 351 348
f 348 351 350
f 337 347 338
f 338 347 349
f 353 338 352
f 352 338 349
f 352 355 354
f 354 355 356
f 352 349 355
f 355 349 350
f 352 354 353
f 353 354 334
f 353 334 339
f 339 334 321
f 339 336 353
f 353 336 338
f 329 330 344
f 344 330 351
f 356 351 333
f 333 351 330
f 356 355 351
f 351 355 350
f 354 356 328
f 328 356 333
f 328 325 354
f 354 325 334
f 309 315 319
f 319 315 320
f 320 340 321
f 321 340 339
f 320 315 340
f 340 315 314
f 137 136 261
f 261 136 259
f 140 166 141
f 141 166 165
f 172 171 195
f 195 171 196
f 171 174 196
f 196 174 190
f 178 177 264
f 264 177 187
f 172 195 140
f 140 195 166
f 137 261 262
f 262 261 275
f 178 264 141
f 141 264 138
f 262 177 213
f 213 177 176
f 136 174 259
f 259 174 173
f 358 359 357
f 357 359 360
f 362 363 361
f 361 363 364
f 361 364 365
f 365 364 366
f 367 368 370
f 370 368 369
f 76 371 247
f 247 371 372
f 373 374 362
f 362 374 363
f 376 377 375
f 375 377 378
f 289 229 380
f 380 229 379
f 381 379 263
f 263 379 229
f 383 384 382
f 382 384 385
f 386 368 374
f 374 368 363
f 76 289 371
f 371 289 380
f 377 376 359
f 359 376 387
f 388 386 360
f 360 386 374
f 389 383 366
f 366 383 390
f 392 393 391
f 391 393 394
f 383 382 390
f 390 382 395
f 396 365 390
f 390 365 366
f 389 366 367
f 367 366 364
f 357 397 358
f 358 397 398
f 373 399 357
f 357 399 397
f 389 367 400
f 400 367 370
f 382 385 375
f 375 385 372
f 357 360 373
f 373 360 374
f 361 401 362
f 362 401 402
f 387 388 359
f 359 388 360
f 363 368 364
f 364 368 367
f 358 398 403
f 403 398 404
f 396 392 405
f 405 392 391
f 392 395 393
f 393 395 378
f 393 403 394
f 394 403 404
f 375 378 382
f 382 378 395
f 365 396 406
f 406 396 405
f 362 402 373
f 373 402 399
f 271 270 400
f 400 270 384
f 401 361 406
f 406 361 365
f 381 369 386
f 386 369 368
f 392 396 395
f 395 396 390
f 393 378 403
f 403 378 377
f 403 377 358
f 358 377 359
f 406 405 408
f 408 405 407
f 406 408 401
f 401 408 409
f 401 409 402
f 402 409 410
f 402 410 399
f 399 410 411
f 405 391 407
f 407 391 412
f 391 394 412
f 412 394 413
f 394 404 413
f 413 404 414
f 415 416 412
f 412 416 407
f 418 419 417
f 417 419 420
f 421 422 418
f 418 422 419
f 419 422 424
f 424 422 423
f 425 426 424
f 424 426 427
f 423 428 424
f 424 428 425
f 427 420 424
f 424 420 419
f 420 429 417
f 417 429 430
f 423 422 431
f 431 422 421
f 421 409 431
f 431 409 408
f 421 432 409
f 409 432 410
f 418 433 421
f 421 433 432
f 434 433 417
f 417 433 418
f 431 416 423
f 423 416 428
f 416 431 407
f 407 431 408
f 435 434 430
f 430 434 417
f 433 434 436
f 436 434 437
f 434 435 437
f 437 435 438
f 436 437 439
f 439 437 440
f 439 441 436
f 436 441 442
f 438 443 437
f 437 443 440
f 436 442 433
f 433 442 432
f 432 442 410
f 410 442 411
f 435 430 445
f 445 430 444
f 430 429 444
f 444 429 446
f 425 428 447
f 447 428 416
f 426 425 448
f 448 425 447
f 416 415 447
f 447 415 449
f 447 449 448
f 448 449 450
f 451 452 448
f 448 452 426
f 446 452 444
f 444 452 451
f 399 411 397
f 397 411 453
f 398 454 404
f 404 454 414
f 454 398 453
f 453 398 397
f 453 441 454
f 454 441 455
f 441 439 455
f 455 439 456
f 454 455 414
f 414 455 457
f 441 453 442
f 442 453 411
f 458 413 457
f 457 413 414
f 458 415 413
f 413 415 412
f 458 459 415
f 415 459 449
f 459 458 460
f 460 458 457
f 461 459 462
f 462 459 460
f 455 456 457
f 457 456 460
f 456 463 460
f 460 463 462
f 459 461 449
f 449 461 450
f 465 450 464
f 464 450 461
f 464 467 466
f 466 467 468
f 464 461 467
f 467 461 462
f 464 466 465
f 465 466 445
f 465 445 451
f 451 445 444
f 451 448 465
f 465 448 450
f 439 440 456
f 456 440 463
f 468 463 443
f 443 463 440
f 468 467 463
f 463 467 462
f 466 468 438
f 438 468 443
f 438 435 466
f 466 435 445
f 420 427 429
f 429 427 446
f 446 427 452
f 452 427 426
f 370 369 188
f 188 369 186
f 371 376 372
f 372 376 375
f 380 379 387
f 387 379 388
f 379 381 388
f 388 381 386
f 385 384 278
f 278 384 270
f 380 387 371
f 371 387 376
f 400 370 271
f 271 370 188
f 385 278 372
f 372 278 247
f 400 384 389
f 389 384 383
f 369 381 186
f 186 381 263
f 221 271 144
f 144 271 188
f 221 19 207
f 207 19 22
f 19 18 22
f 22 18 23
f 18 219 23
f 23 219 208
f 469 470 472
f 472 470 471
f 474 475 473
f 473 475 476
f 473 476 477
f 477 476 478
f 480 481 479
f 479 481 482
f 483 484 474
f 474 484 475
f 486 487 485
f 485 487 488
f 489 490 77
f 77 490 142
f 491 489 248
f 248 489 77
f 493 494 492
f 492 494 495
f 496 480 484
f 484 480 475
f 486 497 487
f 487 497 471
f 498 496 472
f 472 496 484
f 499 493 478
f 478 493 500
f 501 502 504
f 504 502 503
f 493 492 500
f 500 492 505
f 506 477 500
f 500 477 478
f 499 478 479
f 479 478 476
f 469 507 470
f 470 507 508
f 483 509 469
f 469 509 507
f 479 482 499
f 499 482 510
f 492 495 485
f 485 495 511
f 483 469 484
f 484 469 472
f 473 512 474
f 474 512 513
f 497 498 471
f 471 498 472
f 475 480 476
f 476 480 479
f 470 508 514
f 514 508 515
f 506 502 516
f 516 502 501
f 503 502 488
f 488 502 505
f 514 515 503
f 503 515 504
f 485 488 492
f 492 488 505
f 477 506 517
f 517 506 516
f 474 513 483
f 483 513 509
f 510 292 494
f 494 292 164
f 512 473 517
f 517 473 477
f 491 481 496
f 496 481 480
f 502 506 505
f 505 506 500
f 503 488 514
f 514 488 487
f 514 487 470
f 470 487 471
f 517 516 519
f 519 516 518
f 517 519 512
f 512 519 520
f 512 520 513
f 513 520 521
f 513 521 509
f 509 521 522
f 516 501 518
f 518 501 523
f 501 504 523
f 523 504 524
f 524 504 525
f 525 504 515
f 526 527 523
f 523 527 518
f 529 530 528
f 528 530 531
f 532 533 529
f 529 533 530
f 530 533 535
f 535 533 534
f 536 537 535
f 535 537 538
f 534 539 535
f 535 539 536
f 538 531 535
f 535 531 530
f 540 541 531
f 531 541 528
f 533 532 534
f 534 532 542
f 532 520 542
f 542 520 519
f 532 543 520
f 520 543 521
f 529 544 532
f 532 544 543
f 544 529 545
f 545 529 528
f 534 542 539
f 539 542 527
f 527 542 518
f 518 542 519
f 541 546 528
f 528 546 545
f 547 544 548
f 548 544 545
f 546 549 545
f 545 549 548
f 550 547 551
f 551 547 548
f 547 550 553
f 553 550 552
f 549 554 548
f 548 554 551
f 544 547 543
f 543 547 553
f 543 553 521
f 521 553 522
f 546 541 556
f 556 541 555
f 541 540 555
f 555 540 557
f 536 539 558
f 558 539 527
f 537 536 559
f 559 536 558
f 527 526 558
f 558 526 560
f 559 558 561
f 561 558 560
f 559 562 537
f 537 562 563
f 557 563 555
f 555 563 562
f 509 522 507
f 507 522 564
f 508 565 515
f 515 565 525
f 565 508 564
f 564 508 507
f 564 552 565
f 565 552 566
f 552 550 566
f 566 550 567
f 565 566 525
f 525 566 568
f 564 522 552
f 552 522 553
f 569 524 568
f 568 524 525
f 569 526 524
f 524 526 523
f 570 560 569
f 569 560 526
f 570 569 571
f 571 569 568
f 572 570 573
f 573 570 571
f 566 567 568
f 568 567 571
f 567 574 571
f 571 574 573
f 570 572 560
f 560 572 561
f 576 561 575
f 575 561 572
f 575 578 577
f 577 578 579
f 575 572 578
f 578 572 573
f 575 577 576
f 576 577 556
f 576 556 562
f 562 556 555
f 562 559 576
f 576 559 561
f 550 551 567
f 567 551 574
f 579 574 554
f 554 574 551
f 579 578 574
f 574 578 573
f 579 554 577
f 577 554 549
f 549 546 577
f 577 546 556
f 531 538 540
f 540 538 557
f 557 538 563
f 563 538 537
f 481 294 482
f 482 294 293
f 580 486 511
f 511 486 485
f 490 489 497
f 497 489 498
f 489 491 498
f 498 491 496
f 163 495 164
f 164 495 494
f 580 490 486
f 486 490 497
f 482 293 510
f 510 293 292
f 495 163 511
f 511 163 199
f 494 493 510
f 510 493 499
f 481 491 294
f 294 491 248
f 582 583 581
f 581 583 584
f 586 587 585
f 585 587 588
f 585 588 589
f 589 588 590
f 592 593 591
f 591 593 594
f 595 596 598
f 598 596 597
f 599 600 586
f 586 600 587
f 601 602 604
f 604 602 603
f 605 606 608
f 608 606 607
f 609 607 200
f 200 607 606
f 610 611 613
f 613 611 612
f 600 614 587
f 587 614 592
f 596 605 597
f 597 605 608
f 602 615 603
f 603 615 583
f 616 614 584
f 584 614 600
f 611 618 617
f 617 618 590
f 620 621 619
f 619 621 622
f 610 623 611
f 611 623 618
f 624 589 618
f 618 589 590
f 617 590 591
f 591 590 588
f 581 625 582
f 582 625 626
f 599 627 581
f 581 627 625
f 591 594 617
f 617 594 628
f 601 610 598
f 598 610 613
f 581 584 599
f 599 584 600
f 585 629 586
f 586 629 630
f 615 616 583
f 583 616 584
f 587 592 588
f 588 592 591
f 582 626 631
f 631 626 632
f 624 620 633
f 633 620 619
f 621 620 604
f 604 620 623
f 631 632 621
f 621 632 622
f 610 601 623
f 623 601 604
f 589 624 634
f 634 624 633
f 586 630 599
f 599 630 627
f 203 202 628
f 628 202 612
f 629 585 634
f 634 585 589
f 609 593 614
f 614 593 592
f 620 624 623
f 623 624 618
f 631 621 603
f 603 621 604
f 582 631 583
f 583 631 603
f 634 633 636
f 636 633 635
f 634 636 629
f 629 636 637
f 629 637 630
f 630 637 638
f 630 638 627
f 627 638 639
f 633 619 635
f 635 619 640
f 619 622 640
f 640 622 641
f 641 622 642
f 642 622 632
f 644 635 643
f 643 635 640
f 645 646 648
f 648 646 647
f 649 650 646
f 646 650 647
f 647 650 652
f 652 650 651
f 652 653 655
f 655 653 654
f 651 656 652
f 652 656 653
f 655 648 652
f 652 648 647
f 648 657 645
f 645 657 658
f 650 649 651
f 651 649 659
f 649 637 659
f 659 637 636
f 649 660 637
f 637 660 638
f 661 660 646
f 646 660 649
f 662 661 645
f 645 661 646
f 651 659 656
f 656 659 644
f 644 659 635
f 635 659 636
f 663 662 658
f 658 662 645
f 664 661 665
f 665 661 662
f 663 666 662
f 662 666 665
f 667 664 668
f 668 664 665
f 664 667 670
f 670 667 669
f 666 671 665
f 665 671 668
f 661 664 660
f 660 664 670
f 660 670 638
f 638 670 639
f 658 672 663
f 663 672 673
f 658 657 672
f 672 657 674
f 653 656 675
f 675 656 644
f 653 675 654
f 654 675 676
f 675 644 677
f 677 644 643
f 676 675 678
f 678 675 677
f 679 680 676
f 676 680 654
f 674 680 672
f 672 680 679
f 627 639 625
f 625 639 681
f 626 682 632
f 632 682 642
f 681 682 625
f 625 682 626
f 669 683 681
f 681 683 682
f 667 684 669
f 669 684 683
f 682 683 642
f 642 683 685
f 681 639 669
f 669 639 670
f 686 641 685
f 685 641 642
f 641 686 640
f 640 686 643
f 686 687 643
f 643 687 677
f 687 686 688
f 688 686 685
f 689 687 690
f 690 687 688
f 683 684 685
f 685 684 688
f 684 691 688
f 688 691 690
f 687 689 677
f 677 689 678
f 693 678 692
f 692 678 689
f 692 695 694
f 694 695 696
f 692 689 695
f 695 689 690
f 692 694 693
f 693 694 673
f 693 673 679
f 679 673 672
f 679 676 693
f 693 676 678
f 684 667 691
f 691 667 668
f 696 691 671
f 671 691 668
f 696 695 691
f 691 695 690
f 694 696 666
f 666 696 671
f 666 663 694
f 694 663 673
f 648 655 657
f 657 655 674
f 674 655 680
f 680 655 654
f 593 162 594
f 594 162 290
f 598 597 601
f 601 597 602
f 615 608 616
f 616 608 607
f 607 609 616
f 616 609 614
f 697 595 613
f 613 595 598
f 597 608 602
f 602 608 615
f 594 290 628
f 628 290 203
f 628 612 617
f 617 612 611
f 593 609 162
f 162 609 200
f 105 29 698
f 698 29 699
f 268 126 701
f 701 126 700
f 126 125 700
f 700 125 702
f 252 703 250
f 250 703 704
f 32 268 705
f 705 268 701
f 288 105 706
f 706 105 698
f 29 32 699
f 699 32 705
f 707 251 706
f 706 251 288
f 250 704 125
f 125 704 702
f 703 252 707
f 707 252 251
f 706 708 707
f 707 708 709
f 707 709 703
f 703 709 710
f 703 710 704
f 704 710 711
f 704 711 702
f 702 711 712
f 706 698 708
f 708 698 713
f 698 699 713
f 713 699 714
f 699 705 714
f 714 705 715
f 717 708 716
f 716 708 713
f 719 720 718
f 718 720 721
f 722 723 719
f 719 723 720
f 724 725 723
f 723 725 720
f 724 726 725
f 725 726 727
f 728 721 725
f 725 721 720
f 721 728 729
f 729 728 730
f 729 731 721
f 721 731 718
f 724 723 732
f 732 723 722
f 722 710 732
f 732 710 709
f 722 733 710
f 710 733 711
f 719 734 722
f 722 734 733
f 734 719 735
f 735 719 718
f 724 732 726
f 726 732 717
f 717 732 708
f 708 732 709
f 731 736 718
f 718 736 735
f 737 734 738
f 738 734 735
f 736 739 735
f 735 739 738
f 740 737 741
f 741 737 738
f 737 740 743
f 743 740 742
f 739 744 738
f 738 744 741
f 734 737 733
f 733 737 743
f 733 743 711
f 711 743 712
f 736 731 746
f 746 731 745
f 731 729 745
f 745 729 730
f 727 726 747
f 747 726 717
f 748 727 749
f 749 727 747
f 747 717 750
f 750 717 716
f 749 747 751
f 751 747 750
f 749 752 748
f 748 752 753
f 730 753 745
f 745 753 752
f 728 725 748
f 748 725 727
f 730 728 753
f 753 728 748
f 700 702 754
f 754 702 712
f 705 701 715
f 715 701 755
f 754 755 700
f 700 755 701
f 742 756 754
f 754 756 755
f 740 757 742
f 742 757 756
f 755 756 715
f 715 756 758
f 754 712 742
f 742 712 743
f 759 714 758
f 758 714 715
f 714 759 713
f 713 759 716
f 759 760 716
f 716 760 750
f 760 759 761
f 761 759 758
f 762 760 763
f 763 760 761
f 756 757 758
f 758 757 761
f 757 764 761
f 761 764 763
f 760 762 750
f 750 762 751
f 766 751 765
f 765 751 762
f 767 765 769
f 769 765 768
f 765 762 768
f 768 762 763
f 765 767 766
f 766 767 746
f 766 746 752
f 752 746 745
f 752 749 766
f 766 749 751
f 757 740 764
f 764 740 741
f 769 764 744
f 744 764 741
f 769 768 764
f 764 768 763
f 767 769 739
f 739 769 744
f 739 736 767
f 767 736 746
f 219 217 208
f 208 217 209
f 209 217 210
f 210 217 193
f 198 580 199
f 199 580 511
f 76 75 289
f 289 75 272
f 277 207 291
f 291 207 184
f 290 183 203
f 203 183 84
f 490 580 142
f 142 580 198
f 142 198 143
f 143 198 197
f 149 276 72
f 72 276 73
f 104 103 279
f 279 103 770
f 770 596 279
f 279 596 595
f 605 596 771
f 771 596 770
f 771 770 772
f 772 770 103
f 772 103 773
f 773 103 102
f 155 774 101
f 101 774 102
f 773 102 97
f 97 102 774
f 775 773 100
f 100 773 97
f 773 775 772
f 772 775 776
f 772 776 771
f 771 776 777
f 200 606 197
f 197 606 777
f 189 71 778
f 778 71 74
f 97 774 98
f 98 774 155
f 183 161 184
f 184 161 291
f 777 276 197
f 197 276 143
f 777 606 771
f 771 606 605
f 613 612 697
f 697 612 202
f 595 697 279
f 279 697 202
f 73 276 776
f 776 276 777
f 776 775 73
f 73 775 74
f 100 778 775
f 775 778 74
f 778 100 189
f 189 100 99
f 245 242 99
f 99 242 189
f 131 33 256
f 28 1 95
f 95 1 62
f 27 2 28
f 28 2 1
f 265 115 266
f 266 115 114
f 95 62 69
f 69 62 64
f 62 61 64
f 64 61 65
f 61 13 65
f 65 13 130
f 13 12 130
f 130 12 14
f 31 11 32
f 32 11 268
f 15 12 31
f 31 12 11
f 31 30 15
f 15 30 231
f 30 106 231
f 231 106 232
f 287 237 106
f 106 237 232
f 254 90 287
f 287 90 237
f 253 44 254
f 254 44 90
f 253 249 44
f 44 249 7
f 267 127 268
f 268 127 126
f 10 3 241
f 241 3 116
f 3 2 116
f 116 2 114
f 2 27 114
f 114 27 266
f 27 26 266
f 266 26 113
f 26 286 113
f 113 286 110
f 286 243 110
f 110 243 255
f 243 242 255
f 255 242 256
f 242 245 256
f 256 245 131
f 245 244 131
f 131 244 132
f 265 37 115
f 115 37 41
f 41 37 42
f 42 37 40
f 92 91 40
f 40 91 42
f 236 233 92
f 92 233 91
f 191 194 236
f 236 194 233
f 258 285 244
f 244 285 132
f 257 55 258
f 258 55 285
f 257 154 201
f 201 154 185
f 56 201 204
f 204 201 180
f 55 257 56
f 56 257 201
f 204 85 56
f 56 85 52
f 86 122 53
f 53 122 79
f 212 215 86
f 86 215 122
f 211 216 212
f 212 216 215
f 192 280 211
f 211 280 216
f 191 240 192
f 192 240 280
f 249 124 7
f 7 124 8
f 124 127 8
f 8 127 241
f 127 267 241
f 241 267 10
f 10 267 9
f 9 267 11
o hand_right
v 0.193932 0.151283 0.853993
v 0.197647 0.158547 0.860530
v 0.194651 0.148113 0.861783
v 0.190667 0.142305 0.856199
v 0.204787 0.155591 0.878774
v 0.200669 0.157750 0.890452
v 0.196084 0.142300 0.886207
v 0.200808 0.142937 0.876895
v 0.185405 0.135742 0.856921
v 0.191876 0.139952 0.862308
v 0.178544 0.135540 0.857824
v 0.170303 0.133745 0.851122
v 0.178616 0.132698 0.851312
v 0.167196 0.130540 0.844443
v 0.163497 0.142701 0.852672
v 0.161903 0.136102 0.838585
v 0.169519 0.164699 0.834893
v 0.177508 0.173077 0.827888
v 0.176153 0.160318 0.815546
v 0.168890 0.152471 0.824344
v 0.191700 0.174301 0.811784
v 0.183031 0.166089 0.813186
v 0.183390 0.179353 0.824816
v 0.191137 0.185959 0.823032
v 0.201485 0.164657 0.849236
v 0.204727 0.172792 0.855827
v 0.201297 0.168642 0.857502
v 0.198311 0.160798 0.851460
v 0.173154 0.133412 0.867504
v 0.168321 0.142433 0.868516
v 0.171002 0.138767 0.861685
v 0.177525 0.132187 0.864087
v 0.219910 0.193272 0.869134
v 0.215580 0.204394 0.875702
v 0.211565 0.201624 0.879014
v 0.216150 0.192208 0.872043
v 0.202929 0.182672 0.890898
v 0.199797 0.193739 0.890605
v 0.187454 0.197595 0.896171
v 0.187158 0.187134 0.895223
v 0.203086 0.169463 0.891187
v 0.190589 0.173714 0.896905
v 0.190485 0.160089 0.895862
v 0.188076 0.143191 0.891191
v 0.221812 0.211714 0.867137
v 0.226378 0.204588 0.861412
v 0.193832 0.097888 0.829196
v 0.197763 0.101669 0.826608
v 0.195634 0.103920 0.826998
v 0.191978 0.099797 0.829363
v 0.217147 0.218777 0.848613
v 0.208422 0.221938 0.844411
v 0.210517 0.227027 0.849137
v 0.217463 0.223489 0.854477
v 0.216698 0.212454 0.840931
v 0.205706 0.214307 0.838373
v 0.189900 0.089396 0.820583
v 0.190286 0.090600 0.825584
v 0.186238 0.092628 0.824355
v 0.185452 0.092247 0.818931
v 0.186097 0.136271 0.850815
v 0.191951 0.143496 0.848491
v 0.184015 0.126043 0.838389
v 0.186734 0.133076 0.841060
v 0.181561 0.130770 0.845457
v 0.179040 0.125324 0.842273
v 0.200183 0.150195 0.831664
v 0.201354 0.158608 0.839641
v 0.197320 0.153842 0.841771
v 0.195720 0.143333 0.834407
v 0.212128 0.166237 0.834401
v 0.209742 0.157600 0.826792
v 0.216141 0.162994 0.824727
v 0.217460 0.167735 0.830875
v 0.202899 0.142240 0.815165
v 0.201518 0.138439 0.810810
v 0.204436 0.139452 0.810784
v 0.205420 0.144663 0.814411
v 0.211425 0.232400 0.853598
v 0.216830 0.227697 0.860337
v 0.209967 0.185994 0.809184
v 0.219864 0.189436 0.813392
v 0.221678 0.180900 0.803584
v 0.210254 0.179534 0.801197
v 0.198059 0.220425 0.843682
v 0.200605 0.227113 0.846774
v 0.191810 0.091020 0.814861
v 0.187685 0.093736 0.813111
v 0.178574 0.166290 0.893251
v 0.178567 0.146266 0.890489
v 0.178116 0.181858 0.892682
v 0.177118 0.192900 0.891089
v 0.176338 0.201542 0.892602
v 0.190002 0.133395 0.835185
v 0.195506 0.152110 0.847193
v 0.204925 0.167763 0.847204
v 0.229418 0.180474 0.833101
v 0.230482 0.187640 0.840818
v 0.224273 0.179252 0.843687
v 0.224154 0.175036 0.836004
v 0.228298 0.185838 0.817317
v 0.229996 0.179065 0.821371
v 0.229276 0.173371 0.814683
v 0.228240 0.178807 0.809352
v 0.170440 0.132562 0.874476
v 0.167148 0.145431 0.875456
v 0.223584 0.213304 0.855059
v 0.221538 0.217244 0.861462
v 0.219068 0.223630 0.866553
v 0.212352 0.182153 0.863681
v 0.213748 0.191370 0.874210
v 0.211678 0.188183 0.876632
v 0.209829 0.180653 0.864570
v 0.204302 0.164184 0.867862
v 0.208425 0.170415 0.879259
v 0.201616 0.151842 0.867400
v 0.206343 0.199173 0.884749
v 0.210047 0.209534 0.885503
v 0.203470 0.206221 0.890539
v 0.215442 0.214723 0.879121
v 0.218871 0.219589 0.872430
v 0.200553 0.235151 0.849228
v 0.196302 0.203151 0.893800
v 0.196968 0.134597 0.875108
v 0.193584 0.127157 0.873607
v 0.191147 0.129365 0.866491
v 0.194418 0.136190 0.866927
v 0.166601 0.124564 0.837676
v 0.173263 0.123585 0.841757
v 0.174169 0.129570 0.847635
v 0.223034 0.188076 0.859249
v 0.228673 0.197890 0.853233
v 0.187072 0.126431 0.832522
v 0.181296 0.096597 0.819160
v 0.182406 0.096604 0.825172
v 0.173031 0.112135 0.832028
v 0.170899 0.112163 0.825189
v 0.186894 0.124305 0.822828
v 0.187656 0.124198 0.829797
v 0.188013 0.123175 0.827935
v 0.189318 0.122782 0.821337
v 0.210708 0.146348 0.809821
v 0.211486 0.150807 0.813061
v 0.172276 0.139222 0.815428
v 0.161580 0.134951 0.823516
v 0.162142 0.145438 0.832101
v 0.205354 0.155095 0.829313
v 0.204825 0.148021 0.821753
v 0.207620 0.150635 0.820086
v 0.191176 0.132662 0.830597
v 0.189075 0.127632 0.826824
v 0.191391 0.131502 0.825059
v 0.194139 0.136699 0.828620
v 0.218359 0.198779 0.822653
v 0.228478 0.194617 0.826935
v 0.191430 0.093790 0.828735
v 0.188520 0.095611 0.828351
v 0.206351 0.163246 0.837185
v 0.165074 0.156733 0.842106
v 0.208953 0.170902 0.845190
v 0.204048 0.161101 0.798477
v 0.211734 0.158239 0.799942
v 0.212799 0.152898 0.799154
v 0.207590 0.152885 0.796247
v 0.195917 0.110568 0.816263
v 0.197175 0.109650 0.821952
v 0.198093 0.106652 0.821786
v 0.197928 0.106636 0.815762
v 0.185263 0.122904 0.835116
v 0.180500 0.120931 0.839025
v 0.183257 0.117445 0.836354
v 0.186665 0.120383 0.832195
v 0.174836 0.118799 0.838252
v 0.177536 0.114417 0.836097
v 0.192171 0.108321 0.811287
v 0.186809 0.103006 0.809936
v 0.177717 0.118437 0.814222
v 0.185398 0.120136 0.815271
v 0.189551 0.197551 0.832755
v 0.199037 0.202765 0.829947
v 0.200719 0.191465 0.820035
v 0.202084 0.180977 0.809309
v 0.203247 0.170070 0.800313
v 0.191966 0.164992 0.801422
v 0.207799 0.195740 0.819681
v 0.182942 0.130017 0.817656
v 0.173276 0.128906 0.816993
v 0.177634 0.133142 0.815456
v 0.215427 0.173712 0.842645
v 0.185589 0.098883 0.829371
v 0.169595 0.204679 0.871603
v 0.173926 0.211972 0.861114
v 0.173371 0.203836 0.858036
v 0.169195 0.195440 0.870123
v 0.195058 0.106500 0.827869
v 0.190622 0.102711 0.831071
v 0.216620 0.153275 0.809780
v 0.215030 0.148845 0.806958
v 0.216224 0.149891 0.803765
v 0.220219 0.153560 0.805620
v 0.204204 0.205901 0.830118
v 0.224477 0.173959 0.799178
v 0.213815 0.173331 0.796747
v 0.197143 0.212438 0.838611
v 0.188502 0.208311 0.840767
v 0.188083 0.216415 0.846097
v 0.184895 0.151446 0.803833
v 0.183326 0.191660 0.834168
v 0.183131 0.203233 0.842876
v 0.182380 0.212684 0.849375
v 0.181821 0.220013 0.853248
v 0.188343 0.223238 0.849412
v 0.183582 0.098885 0.813399
v 0.191721 0.097966 0.809170
v 0.187802 0.231756 0.852021
v 0.180900 0.227462 0.856633
v 0.177137 0.197277 0.846732
v 0.171056 0.189909 0.852549
v 0.177645 0.186232 0.838208
v 0.171336 0.177998 0.843010
v 0.174428 0.149470 0.806877
v 0.207981 0.093135 0.814240
v 0.199672 0.099733 0.811560
v 0.200980 0.103416 0.815910
v 0.209542 0.096694 0.816139
v 0.195748 0.103728 0.811038
v 0.195916 0.095311 0.810988
v 0.166501 0.168350 0.853047
v 0.189887 0.128570 0.821448
v 0.167694 0.179350 0.866700
v 0.162744 0.153711 0.861397
v 0.165729 0.160812 0.872580
v 0.169584 0.188411 0.881859
v 0.169264 0.171796 0.884232
v 0.170463 0.205922 0.884191
v 0.170046 0.197715 0.881574
v 0.170054 0.155292 0.885187
v 0.203564 0.095361 0.829780
v 0.206488 0.099110 0.826208
v 0.169349 0.212308 0.874613
v 0.197690 0.142720 0.867125
v 0.216559 0.179380 0.851915
v 0.211588 0.177063 0.853344
v 0.230174 0.191856 0.845639
v 0.223543 0.183117 0.850580
v 0.200835 0.090682 0.830138
v 0.200417 0.136960 0.806821
v 0.200576 0.138545 0.808470
v 0.193952 0.133456 0.883306
v 0.191631 0.126838 0.881049
v 0.178684 0.127022 0.883999
v 0.185762 0.125839 0.884685
v 0.186729 0.133877 0.888119
v 0.179104 0.135577 0.887650
v 0.214583 0.183003 0.862644
v 0.217763 0.184455 0.860826
v 0.217826 0.206195 0.832260
v 0.227598 0.201280 0.836213
v 0.169770 0.118785 0.834121
v 0.163015 0.127161 0.830739
v 0.167171 0.120303 0.827702
v 0.171552 0.116153 0.819066
v 0.187373 0.127472 0.819228
v 0.182879 0.125794 0.818208
v 0.210417 0.180024 0.877905
v 0.206855 0.174764 0.866254
v 0.188488 0.135901 0.862648
v 0.185096 0.131166 0.862541
v 0.198635 0.143053 0.826367
v 0.188560 0.139700 0.802424
v 0.180272 0.138520 0.806133
v 0.196486 0.136904 0.820424
v 0.200424 0.085063 0.824008
v 0.200186 0.087458 0.828282
v 0.167156 0.124408 0.821584
v 0.214349 0.155420 0.818134
v 0.191687 0.145944 0.801995
v 0.195505 0.137963 0.802092
v 0.228994 0.173912 0.806138
v 0.173870 0.219731 0.865219
v 0.201088 0.104346 0.821572
v 0.208501 0.100465 0.821597
v 0.205128 0.089889 0.814337
v 0.201409 0.086306 0.817883
v 0.226011 0.206169 0.845860
v 0.208345 0.175217 0.854064
v 0.171348 0.141990 0.883682
v 0.173023 0.130313 0.880181
v 0.195307 0.134636 0.816860
v 0.210081 0.165457 0.797973
v 0.196059 0.156152 0.797757
v 0.200431 0.147474 0.795059
v 0.197520 0.141164 0.798580
v 0.198923 0.136967 0.804166
v 0.210186 0.087704 0.816571
v 0.206631 0.084508 0.819939
v 0.205165 0.083761 0.825922
v 0.204556 0.086109 0.829599
v 0.204719 0.090216 0.830885
v 0.213359 0.090838 0.816322
v 0.214525 0.094085 0.818008
v 0.212037 0.098607 0.821874
v 0.217812 0.090073 0.818834
v 0.217641 0.085017 0.820643
v 0.216684 0.082459 0.834203
v 0.212676 0.081884 0.829955
v 0.215272 0.081252 0.829596
v 0.219276 0.081376 0.832584
v 0.224104 0.081012 0.834418
v 0.221713 0.082102 0.836740
v 0.215260 0.082116 0.825010
v 0.221045 0.082162 0.828440
v 0.223100 0.084319 0.825431
v 0.227772 0.083518 0.828261
v 0.226147 0.081394 0.830914
v 0.219059 0.083845 0.823164
v 0.213392 0.082226 0.823613
v 0.226319 0.082285 0.836907
v 0.226955 0.080863 0.834957
v 0.228820 0.081667 0.832402
v 0.230571 0.083160 0.834404
v 0.208588 0.085674 0.831942
v 0.215931 0.084415 0.835821
v 0.221686 0.085190 0.837545
v 0.226299 0.085044 0.837563
v 0.217399 0.088281 0.836262
v 0.222156 0.088069 0.837082
v 0.226177 0.088267 0.836765
v 0.219455 0.091821 0.835017
v 0.223396 0.090687 0.835709
v 0.209045 0.093686 0.830633
v 0.206954 0.090164 0.831922
v 0.225944 0.090382 0.836231
v 0.230882 0.085345 0.834757
v 0.223052 0.087149 0.823007
v 0.228446 0.086578 0.827525
v 0.223444 0.089549 0.822862
v 0.228981 0.088859 0.827007
v 0.231709 0.085162 0.830157
v 0.229884 0.083335 0.830235
v 0.206141 0.094951 0.829510
v 0.209411 0.098457 0.825593
v 0.212099 0.097223 0.826420
v 0.221676 0.094631 0.831732
v 0.215096 0.097380 0.823140
v 0.218620 0.093441 0.820463
v 0.224250 0.092037 0.824379
v 0.223742 0.094277 0.826999
v 0.228233 0.091155 0.827942
v 0.226994 0.092430 0.829784
v 0.225338 0.092678 0.833274
v 0.230268 0.089930 0.831282
v 0.231529 0.087360 0.830460
v 0.229534 0.088498 0.834685
v 0.228924 0.091345 0.831622
v 0.227687 0.090402 0.834217
v 0.209320 0.107464 0.814291
v 0.213519 0.110556 0.810518
v 0.209350 0.112671 0.809987
v 0.206025 0.109775 0.813197
v 0.202231 0.098251 0.806485
v 0.203790 0.100759 0.811923
v 0.199374 0.102946 0.810483
v 0.198216 0.101710 0.804000
v 0.204151 0.099557 0.799937
v 0.200150 0.103908 0.798021
v 0.193914 0.106085 0.803973
v 0.195745 0.107369 0.810797
v 0.186122 0.125121 0.815115
v 0.183389 0.125169 0.808929
v 0.201250 0.133940 0.810510
v 0.201180 0.133648 0.806776
v 0.206585 0.104377 0.814333
v 0.202657 0.106360 0.813179
v 0.210645 0.118637 0.802802
v 0.210312 0.118170 0.808270
v 0.212321 0.114586 0.806556
v 0.212679 0.113917 0.801071
v 0.192917 0.128522 0.818527
v 0.196971 0.131629 0.814375
v 0.189739 0.126487 0.818039
v 0.207916 0.116661 0.797045
v 0.202782 0.113164 0.794148
v 0.191843 0.130298 0.797903
v 0.197699 0.131875 0.799274
v 0.199233 0.109652 0.814383
v 0.207638 0.115547 0.812680
v 0.203816 0.112832 0.815270
v 0.196471 0.109354 0.797766
v 0.206489 0.107427 0.794603
v 0.223247 0.099129 0.801047
v 0.214645 0.107120 0.797537
v 0.216527 0.110049 0.801453
v 0.225952 0.102223 0.803994
v 0.210816 0.111169 0.796427
v 0.210135 0.103345 0.796593
v 0.222126 0.100266 0.817134
v 0.226028 0.103393 0.813175
v 0.219115 0.096831 0.817818
v 0.185446 0.127714 0.802428
v 0.213556 0.091688 0.810741
v 0.216126 0.094238 0.816207
v 0.216212 0.111873 0.806236
v 0.227397 0.103796 0.808392
v 0.219911 0.095965 0.800716
v 0.214207 0.092833 0.804097
v 0.224444 0.092778 0.803117
v 0.220010 0.089633 0.806375
v 0.218926 0.088688 0.812752
v 0.220332 0.091880 0.817352
v 0.222239 0.095186 0.818533
v 0.227571 0.095706 0.803281
v 0.229957 0.099064 0.805661
v 0.229428 0.101883 0.809726
v 0.233897 0.094080 0.806925
v 0.232241 0.089847 0.807178
v 0.236164 0.084222 0.823983
v 0.231161 0.085242 0.820940
v 0.232446 0.084251 0.818882
v 0.237126 0.083270 0.821504
v 0.226817 0.085115 0.816498
v 0.229176 0.084693 0.815738
v 0.230267 0.086036 0.811432
v 0.235107 0.085462 0.815037
v 0.237159 0.088256 0.811655
v 0.241949 0.086581 0.814155
v 0.240115 0.083514 0.817445
v 0.233310 0.087775 0.809751
v 0.240586 0.082858 0.822359
v 0.241751 0.083939 0.824382
v 0.227611 0.086079 0.809894
v 0.223436 0.089497 0.818823
v 0.231043 0.087458 0.823112
v 0.237008 0.086842 0.825761
v 0.243140 0.086589 0.824992
v 0.232810 0.091134 0.824137
v 0.238418 0.089765 0.825881
v 0.243275 0.089287 0.824627
v 0.235279 0.095114 0.823362
v 0.240585 0.093137 0.824518
v 0.226189 0.098204 0.818679
v 0.224079 0.094123 0.820094
v 0.242728 0.091598 0.824185
v 0.245147 0.083853 0.820921
v 0.246235 0.086786 0.822197
v 0.243650 0.083371 0.819898
v 0.238090 0.089962 0.810725
v 0.243165 0.088504 0.814222
v 0.239338 0.092508 0.810787
v 0.244536 0.090392 0.814866
v 0.246193 0.086551 0.817186
v 0.245124 0.085219 0.817169
v 0.224477 0.098694 0.817101
v 0.227630 0.101661 0.813435
v 0.229067 0.101303 0.814925
v 0.237980 0.097606 0.819558
v 0.231424 0.101243 0.810830
v 0.234019 0.097588 0.808181
v 0.239692 0.095168 0.811802
v 0.239727 0.097340 0.815172
v 0.245120 0.092509 0.815130
v 0.243561 0.094859 0.816796
v 0.242244 0.095226 0.821424
v 0.247473 0.090230 0.818406
v 0.247108 0.087965 0.817746
v 0.245940 0.088997 0.822402
v 0.245959 0.092745 0.818994
v 0.244727 0.091987 0.822353
v 0.221588 0.122726 0.807970
v 0.225220 0.126850 0.806197
v 0.222330 0.129186 0.805832
v 0.218610 0.125048 0.807209
v 0.217205 0.116414 0.797511
v 0.217574 0.116533 0.802484
v 0.213935 0.119126 0.801643
v 0.212608 0.119808 0.796365
v 0.220742 0.117719 0.793207
v 0.214890 0.122530 0.791381
v 0.208353 0.123466 0.795700
v 0.210506 0.122046 0.801264
v 0.201737 0.133847 0.803648
v 0.200577 0.135122 0.797223
v 0.219244 0.119263 0.806052
v 0.216169 0.121484 0.805412
v 0.224841 0.134863 0.799486
v 0.223745 0.133437 0.804160
v 0.225380 0.131632 0.802024
v 0.226201 0.131951 0.797674
v 0.207444 0.138909 0.810741
v 0.211189 0.143363 0.808724
v 0.204799 0.135273 0.808506
v 0.222665 0.133951 0.793229
v 0.217137 0.131389 0.789159
v 0.211005 0.144149 0.792645
v 0.214902 0.146241 0.796971
v 0.213292 0.123437 0.805457
v 0.220482 0.130873 0.807627
v 0.216703 0.126672 0.808437
v 0.211101 0.127241 0.791274
v 0.220554 0.126519 0.789560
v 0.239085 0.115722 0.795574
v 0.227757 0.126911 0.792820
v 0.229118 0.129268 0.798150
v 0.240843 0.118211 0.798798
v 0.225173 0.129981 0.792344
v 0.224460 0.122545 0.790696
v 0.234887 0.113922 0.810460
v 0.237860 0.117841 0.808018
v 0.231593 0.111393 0.808977
v 0.203893 0.139421 0.792330
v 0.215850 0.146644 0.803316
v 0.230080 0.107627 0.802707
v 0.230333 0.109199 0.806739
v 0.227998 0.129274 0.802285
v 0.240576 0.119387 0.803360
v 0.235526 0.112661 0.794432
v 0.231143 0.109139 0.796928
v 0.239919 0.110222 0.795672
v 0.235792 0.106742 0.798414
v 0.234723 0.104906 0.803848
v 0.235003 0.106645 0.807736
v 0.236137 0.109027 0.809925
v 0.243390 0.113113 0.796623
v 0.244805 0.115274 0.799496
v 0.242318 0.117737 0.803702
v 0.247235 0.111179 0.797811
v 0.245586 0.106129 0.797226
v 0.251539 0.096367 0.809368
v 0.246586 0.099065 0.808185
v 0.247022 0.099009 0.807004
v 0.251875 0.095960 0.807707
v 0.241135 0.101234 0.804849
v 0.243059 0.100674 0.804413
v 0.243677 0.102138 0.800854
v 0.249277 0.099370 0.802205
v 0.251761 0.104236 0.799707
v 0.255694 0.101381 0.801157
v 0.253754 0.096574 0.803286
v 0.246492 0.104662 0.798504
v 0.254914 0.094988 0.807441
v 0.255092 0.094098 0.809135
v 0.241627 0.103101 0.799945
v 0.239569 0.103362 0.808922
v 0.246368 0.100194 0.810867
v 0.251475 0.097525 0.812374
v 0.255740 0.096734 0.811640
v 0.247557 0.103392 0.812621
v 0.252249 0.100513 0.813265
v 0.256057 0.099653 0.812622
v 0.248990 0.106328 0.812704
v 0.253289 0.103608 0.812998
v 0.240188 0.111204 0.810805
v 0.239464 0.107077 0.810728
v 0.256001 0.101957 0.812434
v 0.258232 0.095499 0.805791
v 0.259805 0.098549 0.808281
v 0.256720 0.095936 0.805074
v 0.252034 0.105985 0.799123
v 0.257511 0.102947 0.801064
v 0.252801 0.108509 0.800061
v 0.258257 0.105362 0.802161
v 0.259371 0.099577 0.802763
v 0.258283 0.099019 0.802672
v 0.237537 0.112781 0.810207
v 0.240065 0.116446 0.807844
v 0.242482 0.114820 0.808529
v 0.251649 0.109422 0.810627
v 0.244638 0.116226 0.804519
v 0.248383 0.113195 0.800583
v 0.253257 0.110156 0.802802
v 0.253308 0.110568 0.806521
v 0.258075 0.106999 0.804395
v 0.256676 0.107766 0.806755
v 0.255520 0.106515 0.811286
v 0.259673 0.103774 0.806309
v 0.260299 0.101789 0.804195
v 0.259260 0.101196 0.809983
v 0.258599 0.105249 0.808052
v 0.258124 0.103342 0.810833
v 0.214275 0.145835 0.806438
v 0.235391 0.138422 0.796729
v 0.238353 0.141432 0.797069
v 0.237265 0.143000 0.796822
v 0.233761 0.140450 0.797362
v 0.230406 0.138630 0.786443
v 0.231060 0.136548 0.790633
v 0.227630 0.139059 0.790909
v 0.227034 0.141144 0.786944
v 0.232701 0.142291 0.783703
v 0.230047 0.144870 0.784402
v 0.224745 0.144178 0.788215
v 0.225137 0.142070 0.792464
v 0.215960 0.154656 0.798631
v 0.215340 0.159143 0.795024
v 0.230546 0.168337 0.803549
v 0.229576 0.165664 0.808664
v 0.233079 0.159167 0.803148
v 0.233402 0.162727 0.799416
v 0.232889 0.136807 0.794229
v 0.230062 0.138892 0.795285
v 0.240122 0.151363 0.792081
v 0.239300 0.148416 0.795933
v 0.239904 0.146092 0.795653
v 0.241701 0.148785 0.792275
v 0.226751 0.160971 0.809975
v 0.223039 0.157857 0.808853
v 0.225345 0.154056 0.807003
v 0.230411 0.155116 0.804904
v 0.220889 0.151840 0.803962
v 0.238258 0.152365 0.788277
v 0.233448 0.151349 0.784793
v 0.226985 0.166980 0.792564
v 0.230705 0.166130 0.795969
v 0.228222 0.140698 0.795734
v 0.236290 0.145304 0.797903
v 0.233056 0.142061 0.797888
v 0.227777 0.147988 0.784923
v 0.235539 0.148317 0.784618
v 0.247513 0.142219 0.786860
v 0.241891 0.148195 0.787881
v 0.243052 0.147289 0.792608
v 0.248249 0.142108 0.789942
v 0.240204 0.149528 0.788044
v 0.238168 0.145921 0.784085
v 0.241451 0.133719 0.796081
v 0.244807 0.137843 0.795757
v 0.239283 0.132043 0.794156
v 0.219246 0.164077 0.792211
v 0.237779 0.132511 0.786764
v 0.238236 0.131048 0.790967
v 0.241154 0.144328 0.795710
v 0.247289 0.140692 0.793359
v 0.244699 0.140339 0.783785
v 0.239813 0.136555 0.783136
v 0.247779 0.136926 0.783931
v 0.242773 0.133256 0.783748
v 0.240879 0.129396 0.788074
v 0.240631 0.129471 0.791859
v 0.241544 0.130578 0.794731
v 0.250376 0.139193 0.786933
v 0.250669 0.139578 0.789997
v 0.249045 0.139003 0.793458
v 0.253263 0.136090 0.787241
v 0.251754 0.132188 0.784877
v 0.253139 0.121308 0.792805
v 0.249700 0.123462 0.792069
v 0.250120 0.123673 0.790939
v 0.253189 0.120979 0.791727
v 0.245814 0.126193 0.789429
v 0.247377 0.126001 0.788780
v 0.248127 0.128502 0.786279
v 0.252151 0.125265 0.787469
v 0.256072 0.128865 0.786680
v 0.258809 0.125846 0.787691
v 0.255099 0.122844 0.787978
v 0.251891 0.130200 0.785194
v 0.255537 0.119608 0.791190
v 0.256171 0.118900 0.792211
v 0.246642 0.129367 0.785387
v 0.244146 0.126985 0.793152
v 0.249841 0.123229 0.794574
v 0.254158 0.120557 0.794801
v 0.257691 0.119586 0.793821
v 0.249825 0.125020 0.796478
v 0.254842 0.121699 0.796747
v 0.258280 0.120934 0.795709
v 0.251027 0.127761 0.798041
v 0.255583 0.124127 0.797592
v 0.245805 0.132094 0.797225
v 0.244538 0.129032 0.795759
v 0.258058 0.122659 0.796268
v 0.258987 0.120176 0.789827
v 0.260316 0.121009 0.792373
v 0.258041 0.120734 0.788726
v 0.256765 0.130091 0.786958
v 0.260172 0.126538 0.788318
v 0.257652 0.131888 0.788558
v 0.260981 0.127420 0.790168
v 0.260992 0.123163 0.789145
v 0.259382 0.123136 0.788192
v 0.243980 0.132977 0.796703
v 0.246277 0.136422 0.795950
v 0.248393 0.135437 0.796289
v 0.253387 0.130957 0.797437
v 0.251139 0.137714 0.793555
v 0.252868 0.137614 0.790048
v 0.257506 0.132811 0.791186
v 0.256350 0.132746 0.794443
v 0.260950 0.127732 0.792374
v 0.259584 0.128047 0.795117
v 0.257503 0.126763 0.797292
v 0.261305 0.124011 0.793159
v 0.261708 0.123434 0.791377
v 0.260329 0.122203 0.794140
v 0.260511 0.124769 0.794817
v 0.259493 0.123842 0.795681
v 0.229301 0.168746 0.799503
v 0.171847 0.118983 0.869421
v 0.174347 0.120750 0.864558
v 0.190270 0.116556 0.866108
v 0.185115 0.118572 0.861506
v 0.191179 0.113912 0.872431
v 0.183763 0.112810 0.880548
v 0.188691 0.113714 0.877766
v 0.179310 0.120198 0.861115
v 0.172231 0.117072 0.875179
v 0.176924 0.114598 0.880358
v 0.168922 0.109178 0.871076
v 0.174407 0.105823 0.876666
v 0.181211 0.103643 0.877345
v 0.187686 0.106676 0.874354
v 0.190603 0.108514 0.870478
v 0.171014 0.114000 0.865300
v 0.174161 0.116272 0.861251
v 0.180500 0.116637 0.859079
v 0.171827 0.109288 0.858834
v 0.173480 0.099697 0.857356
v 0.188021 0.086625 0.855826
v 0.187563 0.091477 0.860722
v 0.184922 0.090927 0.859930
v 0.185464 0.086202 0.855890
v 0.184251 0.094344 0.864516
v 0.182972 0.093927 0.862552
v 0.178300 0.096131 0.861331
v 0.179150 0.091853 0.857380
v 0.175651 0.097787 0.857225
v 0.176310 0.095685 0.853473
v 0.179752 0.087766 0.853449
v 0.183898 0.083641 0.853146
v 0.180508 0.084426 0.850060
v 0.186560 0.083745 0.851499
v 0.175931 0.095343 0.863629
v 0.188073 0.098740 0.868227
v 0.190400 0.093659 0.861261
v 0.190844 0.088830 0.854847
v 0.188593 0.085713 0.849905
v 0.192593 0.096928 0.859329
v 0.191919 0.092736 0.853265
v 0.189383 0.090377 0.848592
v 0.192260 0.100605 0.856096
v 0.190839 0.095987 0.851184
v 0.190796 0.109619 0.863607
v 0.191332 0.104444 0.867432
v 0.189053 0.093186 0.848593
v 0.181745 0.083887 0.847601
v 0.183898 0.086262 0.845879
v 0.175078 0.098499 0.851927
v 0.176377 0.091657 0.849846
v 0.176592 0.093897 0.847875
v 0.175539 0.102318 0.850769
v 0.177636 0.096051 0.846332
v 0.178205 0.088700 0.846063
v 0.177663 0.087848 0.848693
v 0.190616 0.112257 0.865395
v 0.186475 0.115459 0.861301
v 0.186553 0.113248 0.859856
v 0.188214 0.104679 0.852605
v 0.181257 0.114161 0.856722
v 0.175388 0.112359 0.856832
v 0.178093 0.104790 0.849596
v 0.182690 0.106074 0.850146
v 0.180585 0.098084 0.845968
v 0.183395 0.099002 0.846790
v 0.187920 0.098056 0.848500
v 0.182528 0.093307 0.844819
v 0.179883 0.090970 0.844573
v 0.185770 0.090487 0.845698
v 0.184113 0.095272 0.845907
v 0.186723 0.093790 0.846768
v 0.228926 0.169510 0.811756
v 0.225572 0.164312 0.814261
v 0.226807 0.168979 0.817950
v 0.228280 0.174390 0.825058
v 0.230642 0.184251 0.828266
v 0.223346 0.170436 0.828064
v 0.222186 0.164983 0.820423
v 0.220073 0.158632 0.814407
v 0.218450 0.172308 0.836849
f 780 781 779
f 779 781 782
f 783 784 786
f 786 784 785
f 787 782 788
f 788 782 781
f 790 791 789
f 789 791 787
f 792 790 794
f 794 790 793
f 796 797 795
f 795 797 798
f 800 801 799
f 799 801 802
f 804 805 803
f 803 805 806
f 808 809 807
f 807 809 810
f 811 812 814
f 814 812 813
f 815 816 818
f 818 816 817
f 819 820 784
f 784 820 821
f 784 821 785
f 785 821 822
f 823 812 824
f 824 812 811
f 826 827 825
f 825 827 828
f 830 831 829
f 829 831 832
f 834 830 833
f 833 830 829
f 836 837 835
f 835 837 838
f 839 840 782
f 782 840 779
f 842 843 841
f 841 843 844
f 846 847 845
f 845 847 848
f 850 851 849
f 849 851 852
f 854 855 853
f 853 855 856
f 831 857 832
f 832 857 858
f 860 861 859
f 859 861 862
f 863 864 830
f 830 864 831
f 835 838 865
f 865 838 866
f 867 868 821
f 821 868 822
f 821 820 867
f 867 820 869
f 818 817 870
f 870 817 871
f 872 848 842
f 842 848 847
f 791 839 787
f 787 839 782
f 803 806 847
f 847 806 873
f 874 803 846
f 846 803 847
f 876 877 875
f 875 877 878
f 879 880 882
f 882 880 881
f 884 808 883
f 883 808 807
f 829 832 885
f 885 832 886
f 832 858 886
f 886 858 887
f 889 890 888
f 888 890 891
f 893 783 892
f 892 783 894
f 893 819 783
f 783 819 784
f 814 813 889
f 889 813 895
f 813 896 895
f 895 896 897
f 812 898 813
f 813 898 896
f 812 823 898
f 898 823 899
f 903 904 902
f 902 904 905
f 906 907 792
f 792 907 908
f 811 909 824
f 824 909 910
f 911 872 841
f 841 872 842
f 912 913 915
f 915 913 914
f 917 918 916
f 916 918 919
f 855 920 856
f 856 920 921
f 922 923 798
f 798 923 924
f 926 927 925
f 925 927 850
f 929 930 928
f 928 930 931
f 860 879 861
f 861 879 882
f 879 860 933
f 933 860 932
f 934 935 836
f 836 935 837
f 936 846 925
f 925 846 845
f 937 924 793
f 793 924 794
f 846 936 874
f 874 936 938
f 907 844 908
f 908 844 843
f 940 941 939
f 939 941 942
f 944 945 943
f 943 945 946
f 948 949 947
f 947 949 950
f 952 949 951
f 951 949 948
f 954 955 953
f 953 955 956
f 958 959 957
f 957 959 802
f 960 961 799
f 799 961 962
f 859 963 860
f 860 963 932
f 964 965 966
f 966 965 922
f 936 849 938
f 938 849 967
f 968 913 935
f 935 913 837
f 947 950 917
f 917 950 918
f 925 850 936
f 936 850 849
f 970 971 969
f 969 971 972
f 945 944 827
f 827 944 973
f 974 968 828
f 828 968 935
f 975 976 978
f 978 976 977
f 799 802 960
f 960 802 959
f 924 937 798
f 798 937 795
f 960 959 859
f 859 959 963
f 979 963 958
f 958 963 959
f 980 981 861
f 861 981 862
f 983 984 982
f 982 984 863
f 985 800 962
f 962 800 799
f 957 802 986
f 986 802 801
f 986 987 957
f 957 987 983
f 987 988 983
f 983 988 984
f 990 984 989
f 989 984 988
f 957 983 958
f 958 983 982
f 991 954 866
f 866 954 992
f 864 863 990
f 990 863 984
f 971 995 996
f 995 997 996
f 996 997 998
f 997 796 998
f 998 796 795
f 797 999 798
f 798 999 922
f 1000 1001 1003
f 1003 1001 1002
f 953 1004 954
f 954 1004 992
f 1005 865 992
f 992 865 866
f 998 795 1006
f 1006 795 937
f 912 991 838
f 838 991 866
f 916 1007 929
f 929 1007 930
f 971 970 988
f 988 970 989
f 1008 972 996
f 996 972 971
f 1009 1010 1006
f 1006 1010 1008
f 1011 1012 869
f 869 1012 867
f 1013 1014 871
f 871 1014 870
f 1008 1010 1012
f 1012 1010 1015
f 825 1016 826
f 826 1016 1017
f 1018 969 1013
f 1013 969 1014
f 783 786 894
f 894 786 1019
f 1020 1021 967
f 967 1021 938
f 1022 1023 876
f 876 1023 877
f 934 1024 825
f 825 1024 1016
f 854 1025 855
f 855 1025 1026
f 1028 903 1027
f 1027 903 902
f 1030 1031 1029
f 1029 1031 1032
f 889 888 814
f 814 888 1033
f 1034 811 1033
f 1033 811 814
f 1035 1036 932
f 932 1036 933
f 841 947 911
f 911 947 917
f 844 948 841
f 841 948 947
f 951 948 907
f 907 948 844
f 907 906 951
f 951 906 1037
f 906 1038 1037
f 1037 1038 1039
f 991 912 1040
f 1040 912 915
f 1041 1042 964
f 964 1042 965
f 890 1043 891
f 891 1043 1044
f 789 1045 1046
f 1012 1011 1008
f 1008 1011 972
f 931 1047 848
f 848 1047 845
f 953 956 943
f 943 956 919
f 928 931 872
f 872 931 848
f 1049 999 1048
f 1048 999 985
f 1047 931 1050
f 1050 931 930
f 899 823 887
f 887 823 886
f 825 828 934
f 934 828 935
f 835 1051 836
f 836 1051 1052
f 923 1053 1038
f 1038 1053 1039
f 1054 927 921
f 921 927 856
f 926 1047 853
f 853 1047 1050
f 985 1055 1048
f 1048 1055 1056
f 973 974 827
f 827 974 828
f 837 913 838
f 838 913 912
f 861 882 980
f 980 882 1057
f 927 926 856
f 856 926 853
f 1025 1056 1026
f 1026 1056 1055
f 961 960 862
f 862 960 859
f 826 1017 1059
f 1059 1017 1060
f 1005 1001 1061
f 1061 1001 1000
f 1001 1004 1002
f 1002 1004 946
f 1059 1060 1002
f 1002 1060 1003
f 943 946 953
f 953 946 1004
f 1042 1041 916
f 916 1041 1007
f 792 794 906
f 906 794 1038
f 998 1006 996
f 996 1006 1008
f 865 1005 1062
f 1062 1005 1061
f 1038 794 923
f 923 794 924
f 1022 876 1036
f 1036 876 933
f 836 1052 934
f 934 1052 1024
f 885 1063 829
f 829 1063 833
f 1021 1064 938
f 938 1064 874
f 1012 1015 867
f 867 1015 868
f 824 910 885
f 885 910 1063
f 1031 1030 1027
f 1027 1030 1028
f 1064 804 874
f 874 804 803
f 884 883 1065
f 1065 883 1066
f 1050 930 1067
f 1067 930 1007
f 916 929 917
f 917 929 911
f 961 1068 939
f 939 1068 940
f 1069 1070 1055
f 1055 1070 1071
f 929 928 911
f 911 928 872
f 1040 1053 955
f 955 1053 965
f 922 965 923
f 923 965 1053
f 1051 835 1062
f 1062 835 865
f 952 914 968
f 968 914 913
f 889 895 890
f 890 895 816
f 895 897 816
f 816 897 901
f 890 816 1043
f 1043 816 815
f 1065 1066 1032
f 1032 1066 1029
f 1006 937 1009
f 1009 937 793
f 1001 1005 1004
f 1004 1005 992
f 925 845 926
f 926 845 1047
f 1002 946 1059
f 1059 946 945
f 977 941 978
f 978 941 940
f 823 824 886
f 886 824 885
f 1059 945 826
f 826 945 827
f 939 942 1069
f 1069 942 1070
f 816 901 817
f 1071 1072 1055
f 1055 1072 1026
f 1062 1061 1074
f 1074 1061 1073
f 1062 1074 1051
f 1051 1074 1075
f 1052 1051 1076
f 1076 1051 1075
f 1024 1052 1077
f 1077 1052 1076
f 1061 1000 1073
f 1073 1000 1078
f 1000 1003 1078
f 1078 1003 1079
f 1079 1003 1080
f 1080 1003 1060
f 1081 1082 1078
f 1078 1082 1073
f 1084 1085 1083
f 1083 1085 1086
f 1087 1088 1086
f 1086 1088 1083
f 1086 1085 1090
f 1090 1085 1089
f 1091 1092 1090
f 1090 1092 1093
f 1089 1094 1090
f 1090 1094 1091
f 1095 1082 1089
f 1089 1082 1094
f 1093 1087 1090
f 1090 1087 1086
f 1096 1097 1099
f 1099 1097 1098
f 1097 1096 1087
f 1087 1096 1088
f 1089 1085 1095
f 1095 1085 1084
f 1084 1075 1095
f 1095 1075 1074
f 1084 1100 1075
f 1075 1100 1076
f 1083 1101 1084
f 1084 1101 1100
f 1101 1083 1102
f 1102 1083 1088
f 1082 1095 1073
f 1073 1095 1074
f 1096 1103 1088
f 1088 1103 1102
f 1101 1102 1104
f 1104 1102 1105
f 1102 1103 1105
f 1105 1103 1106
f 1104 1105 1107
f 1107 1105 1108
f 1107 1109 1104
f 1104 1109 1110
f 1111 1108 1106
f 1106 1108 1105
f 1101 1104 1100
f 1100 1104 1110
f 1100 1110 1076
f 1076 1110 1077
f 1103 1096 1112
f 1112 1096 1099
f 1091 1094 1113
f 1113 1094 1082
f 1113 1114 1091
f 1091 1114 1092
f 1082 1081 1113
f 1113 1081 1115
f 1114 1113 1116
f 1116 1113 1115
f 1114 1117 1092
f 1092 1117 1118
f 1024 1077 1016
f 1016 1077 1119
f 1017 1120 1060
f 1060 1120 1080
f 1120 1017 1119
f 1119 1017 1016
f 1119 1109 1120
f 1120 1109 1121
f 1109 1107 1121
f 1121 1107 1122
f 1120 1121 1080
f 1080 1121 1123
f 1119 1077 1109
f 1109 1077 1110
f 1124 1079 1123
f 1123 1079 1080
f 1124 1081 1079
f 1079 1081 1078
f 1125 1115 1124
f 1124 1115 1081
f 1125 1124 1126
f 1126 1124 1123
f 1127 1125 1128
f 1128 1125 1126
f 1121 1122 1123
f 1123 1122 1126
f 1122 1129 1126
f 1126 1129 1128
f 1115 1125 1116
f 1116 1125 1127
f 1131 1116 1130
f 1130 1116 1127
f 1130 1133 1132
f 1132 1133 1134
f 1130 1127 1133
f 1133 1127 1128
f 1130 1132 1131
f 1131 1132 1112
f 1131 1112 1117
f 1117 1112 1099
f 1117 1114 1131
f 1131 1114 1116
f 1107 1108 1122
f 1122 1108 1129
f 1134 1129 1111
f 1111 1129 1108
f 1134 1133 1129
f 1129 1133 1128
f 1132 1134 1106
f 1106 1134 1111
f 1106 1103 1132
f 1132 1103 1112
f 1087 1093 1097
f 1097 1093 1098
f 1098 1118 1099
f 1099 1118 1117
f 1098 1093 1118
f 1118 1093 1092
f 915 914 1039
f 1039 914 1037
f 918 944 919
f 919 944 943
f 950 949 973
f 973 949 974
f 949 952 974
f 974 952 968
f 956 955 1042
f 1042 955 965
f 950 973 918
f 918 973 944
f 915 1039 1040
f 1040 1039 1053
f 956 1042 919
f 919 1042 916
f 1040 955 991
f 991 955 954
f 914 952 1037
f 1037 952 951
f 1136 1137 1135
f 1135 1137 1138
f 1140 1141 1139
f 1139 1141 1142
f 1139 1142 1143
f 1143 1142 1144
f 1145 1146 1148
f 1148 1146 1147
f 854 1149 1025
f 1025 1149 1150
f 1151 1152 1140
f 1140 1152 1141
f 1154 1155 1153
f 1153 1155 1156
f 1067 1007 1158
f 1158 1007 1157
f 1159 1157 1041
f 1041 1157 1007
f 1161 1162 1160
f 1160 1162 1163
f 1164 1146 1152
f 1152 1146 1141
f 854 1067 1149
f 1149 1067 1158
f 1155 1154 1137
f 1137 1154 1165
f 1166 1164 1138
f 1138 1164 1152
f 1167 1161 1144
f 1144 1161 1168
f 1170 1171 1169
f 1169 1171 1172
f 1161 1160 1168
f 1168 1160 1173
f 1174 1143 1168
f 1168 1143 1144
f 1167 1144 1145
f 1145 1144 1142
f 1135 1175 1136
f 1136 1175 1176
f 1151 1177 1135
f 1135 1177 1175
f 1167 1145 1178
f 1178 1145 1148
f 1160 1163 1153
f 1153 1163 1150
f 1135 1138 1151
f 1151 1138 1152
f 1139 1179 1140
f 1140 1179 1180
f 1165 1166 1137
f 1137 1166 1138
f 1141 1146 1142
f 1142 1146 1145
f 1136 1176 1181
f 1181 1176 1182
f 1174 1170 1183
f 1183 1170 1169
f 1170 1173 1171
f 1171 1173 1156
f 1171 1181 1172
f 1172 1181 1182
f 1153 1156 1160
f 1160 1156 1173
f 1143 1174 1184
f 1184 1174 1183
f 1140 1180 1151
f 1151 1180 1177
f 1049 1048 1178
f 1178 1048 1162
f 1179 1139 1184
f 1184 1139 1143
f 1159 1147 1164
f 1164 1147 1146
f 1170 1174 1173
f 1173 1174 1168
f 1171 1156 1181
f 1181 1156 1155
f 1181 1155 1136
f 1136 1155 1137
f 1184 1183 1186
f 1186 1183 1185
f 1184 1186 1179
f 1179 1186 1187
f 1179 1187 1180
f 1180 1187 1188
f 1180 1188 1177
f 1177 1188 1189
f 1183 1169 1185
f 1185 1169 1190
f 1169 1172 1190
f 1190 1172 1191
f 1172 1182 1191
f 1191 1182 1192
f 1193 1194 1190
f 1190 1194 1185
f 1196 1197 1195
f 1195 1197 1198
f 1199 1200 1196
f 1196 1200 1197
f 1197 1200 1202
f 1202 1200 1201
f 1203 1204 1202
f 1202 1204 1205
f 1201 1206 1202
f 1202 1206 1203
f 1205 1198 1202
f 1202 1198 1197
f 1198 1207 1195
f 1195 1207 1208
f 1201 1200 1209
f 1209 1200 1199
f 1199 1187 1209
f 1209 1187 1186
f 1199 1210 1187
f 1187 1210 1188
f 1196 1211 1199
f 1199 1211 1210
f 1212 1211 1195
f 1195 1211 1196
f 1209 1194 1201
f 1201 1194 1206
f 1194 1209 1185
f 1185 1209 1186
f 1213 1212 1208
f 1208 1212 1195
f 1211 1212 1214
f 1214 1212 1215
f 1212 1213 1215
f 1215 1213 1216
f 1214 1215 1217
f 1217 1215 1218
f 1217 1219 1214
f 1214 1219 1220
f 1216 1221 1215
f 1215 1221 1218
f 1214 1220 1211
f 1211 1220 1210
f 1210 1220 1188
f 1188 1220 1189
f 1213 1208 1223
f 1223 1208 1222
f 1208 1207 1222
f 1222 1207 1224
f 1203 1206 1225
f 1225 1206 1194
f 1204 1203 1226
f 1226 1203 1225
f 1194 1193 1225
f 1225 1193 1227
f 1225 1227 1226
f 1226 1227 1228
f 1229 1230 1226
f 1226 1230 1204
f 1224 1230 1222
f 1222 1230 1229
f 1177 1189 1175
f 1175 1189 1231
f 1176 1232 1182
f 1182 1232 1192
f 1232 1176 1231
f 1231 1176 1175
f 1231 1219 1232
f 1232 1219 1233
f 1219 1217 1233
f 1233 1217 1234
f 1232 1233 1192
f 1192 1233 1235
f 1219 1231 1220
f 1220 1231 1189
f 1236 1191 1235
f 1235 1191 1192
f 1236 1193 1191
f 1191 1193 1190
f 1236 1237 1193
f 1193 1237 1227
f 1237 1236 1238
f 1238 1236 1235
f 1239 1237 1240
f 1240 1237 1238
f 1233 1234 1235
f 1235 1234 1238
f 1234 1241 1238
f 1238 1241 1240
f 1237 1239 1227
f 1227 1239 1228
f 1243 1228 1242
f 1242 1228 1239
f 1242 1245 1244
f 1244 1245 1246
f 1242 1239 1245
f 1245 1239 1240
f 1242 1244 1243
f 1243 1244 1223
f 1243 1223 1229
f 1229 1223 1222
f 1229 1226 1243
f 1243 1226 1228
f 1217 1218 1234
f 1234 1218 1241
f 1246 1241 1221
f 1221 1241 1218
f 1246 1245 1241
f 1241 1245 1240
f 1244 1246 1216
f 1216 1246 1221
f 1216 1213 1244
f 1244 1213 1223
f 1198 1205 1207
f 1207 1205 1224
f 1224 1205 1230
f 1230 1205 1204
f 1148 1147 966
f 966 1147 964
f 1149 1154 1150
f 1150 1154 1153
f 1158 1157 1165
f 1165 1157 1166
f 1157 1159 1166
f 1166 1159 1164
f 1163 1162 1056
f 1056 1162 1048
f 1158 1165 1149
f 1149 1165 1154
f 1178 1148 1049
f 1049 1148 966
f 1163 1056 1150
f 1150 1056 1025
f 1178 1162 1167
f 1167 1162 1161
f 1147 1159 964
f 964 1159 1041
f 999 1049 922
f 922 1049 966
f 999 797 985
f 985 797 800
f 797 796 800
f 800 796 801
f 796 997 801
f 801 997 986
f 1247 1248 1250
f 1250 1248 1249
f 1252 1253 1251
f 1251 1253 1254
f 1251 1254 1255
f 1255 1254 1256
f 1258 1259 1257
f 1257 1259 1260
f 1261 1262 1252
f 1252 1262 1253
f 1264 1265 1263
f 1263 1265 1266
f 1267 1268 855
f 855 1268 920
f 1269 1267 1026
f 1026 1267 855
f 1271 1272 1270
f 1270 1272 1273
f 1274 1258 1262
f 1262 1258 1253
f 1264 1275 1265
f 1265 1275 1249
f 1276 1274 1250
f 1250 1274 1262
f 1277 1271 1256
f 1256 1271 1278
f 1279 1280 1282
f 1282 1280 1281
f 1271 1270 1278
f 1278 1270 1283
f 1284 1255 1278
f 1278 1255 1256
f 1277 1256 1257
f 1257 1256 1254
f 1247 1285 1248
f 1248 1285 1286
f 1261 1287 1247
f 1247 1287 1285
f 1257 1260 1277
f 1277 1260 1288
f 1270 1273 1263
f 1263 1273 1289
f 1261 1247 1262
f 1262 1247 1250
f 1251 1290 1252
f 1252 1290 1291
f 1275 1276 1249
f 1249 1276 1250
f 1253 1258 1254
f 1254 1258 1257
f 1248 1286 1292
f 1292 1286 1293
f 1284 1280 1294
f 1294 1280 1279
f 1281 1280 1266
f 1266 1280 1283
f 1292 1293 1281
f 1281 1293 1282
f 1263 1266 1270
f 1270 1266 1283
f 1255 1284 1295
f 1295 1284 1294
f 1252 1291 1261
f 1261 1291 1287
f 1288 1070 1272
f 1272 1070 942
f 1290 1251 1295
f 1295 1251 1255
f 1269 1259 1274
f 1274 1259 1258
f 1280 1284 1283
f 1283 1284 1278
f 1281 1266 1292
f 1292 1266 1265
f 1292 1265 1248
f 1248 1265 1249
f 1295 1294 1297
f 1297 1294 1296
f 1295 1297 1290
f 1290 1297 1298
f 1290 1298 1291
f 1291 1298 1299
f 1291 1299 1287
f 1287 1299 1300
f 1294 1279 1296
f 1296 1279 1301
f 1279 1282 1301
f 1301 1282 1302
f 1302 1282 1303
f 1303 1282 1293
f 1304 1305 1301
f 1301 1305 1296
f 1307 1308 1306
f 1306 1308 1309
f 1310 1311 1307
f 1307 1311 1308
f 1308 1311 1313
f 1313 1311 1312
f 1314 1315 1313
f 1313 1315 1316
f 1312 1317 1313
f 1313 1317 1314
f 1316 1309 1313
f 1313 1309 1308
f 1318 1319 1309
f 1309 1319 1306
f 1311 1310 1312
f 1312 1310 1320
f 1310 1298 1320
f 1320 1298 1297
f 1310 1321 1298
f 1298 1321 1299
f 1307 1322 1310
f 1310 1322 1321
f 1322 1307 1323
f 1323 1307 1306
f 1312 1320 1317
f 1317 1320 1305
f 1305 1320 1296
f 1296 1320 1297
f 1319 1324 1306
f 1306 1324 1323
f 1325 1322 1326
f 1326 1322 1323
f 1324 1327 1323
f 1323 1327 1326
f 1328 1325 1329
f 1329 1325 1326
f 1325 1328 1331
f 1331 1328 1330
f 1327 1332 1326
f 1326 1332 1329
f 1322 1325 1321
f 1321 1325 1331
f 1321 1331 1299
f 1299 1331 1300
f 1324 1319 1334
f 1334 1319 1333
f 1319 1318 1333
f 1333 1318 1335
f 1314 1317 1336
f 1336 1317 1305
f 1315 1314 1337
f 1337 1314 1336
f 1305 1304 1336
f 1336 1304 1338
f 1337 1336 1339
f 1339 1336 1338
f 1337 1340 1315
f 1315 1340 1341
f 1335 1341 1333
f 1333 1341 1340
f 1287 1300 1285
f 1285 1300 1342
f 1286 1343 1293
f 1293 1343 1303
f 1343 1286 1342
f 1342 1286 1285
f 1342 1330 1343
f 1343 1330 1344
f 1330 1328 1344
f 1344 1328 1345
f 1343 1344 1303
f 1303 1344 1346
f 1342 1300 1330
f 1330 1300 1331
f 1347 1302 1346
f 1346 1302 1303
f 1347 1304 1302
f 1302 1304 1301
f 1348 1338 1347
f 1347 1338 1304
f 1348 1347 1349
f 1349 1347 1346
f 1350 1348 1351
f 1351 1348 1349
f 1344 1345 1346
f 1346 1345 1349
f 1345 1352 1349
f 1349 1352 1351
f 1348 1350 1338
f 1338 1350 1339
f 1354 1339 1353
f 1353 1339 1350
f 1353 1356 1355
f 1355 1356 1357
f 1353 1350 1356
f 1356 1350 1351
f 1353 1355 1354
f 1354 1355 1334
f 1354 1334 1340
f 1340 1334 1333
f 1340 1337 1354
f 1354 1337 1339
f 1328 1329 1345
f 1345 1329 1352
f 1357 1352 1332
f 1332 1352 1329
f 1357 1356 1352
f 1352 1356 1351
f 1357 1332 1355
f 1355 1332 1327
f 1327 1324 1355
f 1355 1324 1334
f 1309 1316 1318
f 1318 1316 1335
f 1335 1316 1341
f 1341 1316 1315
f 1259 1072 1260
f 1260 1072 1071
f 1358 1264 1289
f 1289 1264 1263
f 1268 1267 1275
f 1275 1267 1276
f 1267 1269 1276
f 1276 1269 1274
f 941 1273 942
f 942 1273 1272
f 1358 1268 1264
f 1264 1268 1275
f 1260 1071 1288
f 1288 1071 1070
f 1273 941 1289
f 1289 941 977
f 1272 1271 1288
f 1288 1271 1277
f 1259 1269 1072
f 1072 1269 1026
f 1360 1361 1359
f 1359 1361 1362
f 1364 1365 1363
f 1363 1365 1366
f 1363 1366 1367
f 1367 1366 1368
f 1370 1371 1369
f 1369 1371 1372
f 1373 1374 1376
f 1376 1374 1375
f 1377 1378 1364
f 1364 1378 1365
f 1379 1380 1382
f 1382 1380 1381
f 1383 1384 1386
f 1386 1384 1385
f 1387 1385 978
f 978 1385 1384
f 1388 1389 1391
f 1391 1389 1390
f 1378 1392 1365
f 1365 1392 1370
f 1374 1383 1375
f 1375 1383 1386
f 1380 1393 1381
f 1381 1393 1361
f 1394 1392 1362
f 1362 1392 1378
f 1389 1396 1395
f 1395 1396 1368
f 1398 1399 1397
f 1397 1399 1400
f 1388 1401 1389
f 1389 1401 1396
f 1402 1367 1396
f 1396 1367 1368
f 1395 1368 1369
f 1369 1368 1366
f 1359 1403 1360
f 1360 1403 1404
f 1377 1405 1359
f 1359 1405 1403
f 1369 1372 1395
f 1395 1372 1406
f 1379 1388 1376
f 1376 1388 1391
f 1359 1362 1377
f 1377 1362 1378
f 1363 1407 1364
f 1364 1407 1408
f 1393 1394 1361
f 1361 1394 1362
f 1365 1370 1366
f 1366 1370 1369
f 1360 1404 1409
f 1409 1404 1410
f 1402 1398 1411
f 1411 1398 1397
f 1399 1398 1382
f 1382 1398 1401
f 1409 1410 1399
f 1399 1410 1400
f 1388 1379 1401
f 1401 1379 1382
f 1367 1402 1412
f 1412 1402 1411
f 1364 1408 1377
f 1377 1408 1405
f 981 980 1406
f 1406 980 1390
f 1407 1363 1412
f 1412 1363 1367
f 1387 1371 1392
f 1392 1371 1370
f 1398 1402 1401
f 1401 1402 1396
f 1409 1399 1381
f 1381 1399 1382
f 1360 1409 1361
f 1361 1409 1381
f 1412 1411 1414
f 1414 1411 1413
f 1412 1414 1407
f 1407 1414 1415
f 1407 1415 1408
f 1408 1415 1416
f 1408 1416 1405
f 1405 1416 1417
f 1411 1397 1413
f 1413 1397 1418
f 1397 1400 1418
f 1418 1400 1419
f 1419 1400 1420
f 1420 1400 1410
f 1422 1413 1421
f 1421 1413 1418
f 1423 1424 1426
f 1426 1424 1425
f 1427 1428 1424
f 1424 1428 1425
f 1425 1428 1430
f 1430 1428 1429
f 1430 1431 1433
f 1433 1431 1432
f 1429 1434 1430
f 1430 1434 1431
f 1433 1426 1430
f 1430 1426 1425
f 1426 1435 1423
f 1423 1435 1436
f 1428 1427 1429
f 1429 1427 1437
f 1427 1415 1437
f 1437 1415 1414
f 1427 1438 1415
f 1415 1438 1416
f 1439 1438 1424
f 1424 1438 1427
f 1440 1439 1423
f 1423 1439 1424
f 1429 1437 1434
f 1434 1437 1422
f 1422 1437 1413
f 1413 1437 1414
f 1441 1440 1436
f 1436 1440 1423
f 1442 1439 1443
f 1443 1439 1440
f 1441 1444 1440
f 1440 1444 1443
f 1445 1442 1446
f 1446 1442 1443
f 1442 1445 1448
f 1448 1445 1447
f 1444 1449 1443
f 1443 1449 1446
f 1439 1442 1438
f 1438 1442 1448
f 1438 1448 1416
f 1416 1448 1417
f 1436 1450 1441
f 1441 1450 1451
f 1436 1435 1450
f 1450 1435 1452
f 1431 1434 1453
f 1453 1434 1422
f 1431 1453 1432
f 1432 1453 1454
f 1453 1422 1455
f 1455 1422 1421
f 1454 1453 1456
f 1456 1453 1455
f 1457 1458 1454
f 1454 1458 1432
f 1452 1458 1450
f 1450 1458 1457
f 1405 1417 1403
f 1403 1417 1459
f 1404 1460 1410
f 1410 1460 1420
f 1459 1460 1403
f 1403 1460 1404
f 1447 1461 1459
f 1459 1461 1460
f 1445 1462 1447
f 1447 1462 1461
f 1460 1461 1420
f 1420 1461 1463
f 1459 1417 1447
f 1447 1417 1448
f 1464 1419 1463
f 1463 1419 1420
f 1419 1464 1418
f 1418 1464 1421
f 1464 1465 1421
f 1421 1465 1455
f 1465 1464 1466
f 1466 1464 1463
f 1467 1465 1468
f 1468 1465 1466
f 1461 1462 1463
f 1463 1462 1466
f 1462 1469 1466
f 1466 1469 1468
f 1465 1467 1455
f 1455 1467 1456
f 1471 1456 1470
f 1470 1456 1467
f 1470 1473 1472
f 1472 1473 1474
f 1470 1467 1473
f 1473 1467 1468
f 1470 1472 1471
f 1471 1472 1451
f 1471 1451 1457
f 1457 1451 1450
f 1457 1454 1471
f 1471 1454 1456
f 1462 1445 1469
f 1469 1445 1446
f 1474 1469 1449
f 1449 1469 1446
f 1474 1473 1469
f 1469 1473 1468
f 1472 1474 1444
f 1444 1474 1449
f 1444 1441 1472
f 1472 1441 1451
f 1426 1433 1435
f 1435 1433 1452
f 1452 1433 1458
f 1458 1433 1432
f 1371 940 1372
f 1372 940 1068
f 1376 1375 1379
f 1379 1375 1380
f 1393 1386 1394
f 1394 1386 1385
f 1385 1387 1394
f 1394 1387 1392
f 1475 1373 1391
f 1391 1373 1376
f 1375 1386 1380
f 1380 1386 1393
f 1372 1068 1406
f 1406 1068 981
f 1406 1390 1395
f 1395 1390 1389
f 1371 1387 940
f 940 1387 978
f 883 807 1476
f 1476 807 1477
f 1046 904 1479
f 1479 904 1478
f 904 903 1478
f 1478 903 1480
f 1030 1481 1028
f 1028 1481 1482
f 810 1046 1483
f 1483 1046 1479
f 1066 883 1484
f 1484 883 1476
f 807 810 1477
f 1477 810 1483
f 1485 1029 1484
f 1484 1029 1066
f 1028 1482 903
f 903 1482 1480
f 1481 1030 1485
f 1485 1030 1029
f 1484 1486 1485
f 1485 1486 1487
f 1485 1487 1481
f 1481 1487 1488
f 1481 1488 1482
f 1482 1488 1489
f 1482 1489 1480
f 1480 1489 1490
f 1484 1476 1486
f 1486 1476 1491
f 1476 1477 1491
f 1491 1477 1492
f 1477 1483 1492
f 1492 1483 1493
f 1495 1486 1494
f 1494 1486 1491
f 1497 1498 1496
f 1496 1498 1499
f 1500 1501 1497
f 1497 1501 1498
f 1502 1503 1501
f 1501 1503 1498
f 1502 1504 1503
f 1503 1504 1505
f 1506 1499 1503
f 1503 1499 1498
f 1499 1506 1507
f 1507 1506 1508
f 1507 1509 1499
f 1499 1509 1496
f 1502 1501 1510
f 1510 1501 1500
f 1500 1488 1510
f 1510 1488 1487
f 1500 1511 1488
f 1488 1511 1489
f 1497 1512 1500
f 1500 1512 1511
f 1512 1497 1513
f 1513 1497 1496
f 1502 1510 1504
f 1504 1510 1495
f 1495 1510 1486
f 1486 1510 1487
f 1509 1514 1496
f 1496 1514 1513
f 1515 1512 1516
f 1516 1512 1513
f 1514 1517 1513
f 1513 1517 1516
f 1518 1515 1519
f 1519 1515 1516
f 1515 1518 1521
f 1521 1518 1520
f 1517 1522 1516
f 1516 1522 1519
f 1512 1515 1511
f 1511 1515 1521
f 1511 1521 1489
f 1489 1521 1490
f 1514 1509 1524
f 1524 1509 1523
f 1509 1507 1523
f 1523 1507 1508
f 1505 1504 1525
f 1525 1504 1495
f 1526 1505 1527
f 1527 1505 1525
f 1525 1495 1528
f 1528 1495 1494
f 1527 1525 1529
f 1529 1525 1528
f 1527 1530 1526
f 1526 1530 1531
f 1508 1531 1523
f 1523 1531 1530
f 1506 1503 1526
f 1526 1503 1505
f 1508 1506 1531
f 1531 1506 1526
f 1478 1480 1532
f 1532 1480 1490
f 1483 1479 1493
f 1493 1479 1533
f 1532 1533 1478
f 1478 1533 1479
f 1520 1534 1532
f 1532 1534 1533
f 1518 1535 1520
f 1520 1535 1534
f 1533 1534 1493
f 1493 1534 1536
f 1532 1490 1520
f 1520 1490 1521
f 1537 1492 1536
f 1536 1492 1493
f 1492 1537 1491
f 1491 1537 1494
f 1537 1538 1494
f 1494 1538 1528
f 1538 1537 1539
f 1539 1537 1536
f 1540 1538 1541
f 1541 1538 1539
f 1534 1535 1536
f 1536 1535 1539
f 1535 1542 1539
f 1539 1542 1541
f 1538 1540 1528
f 1528 1540 1529
f 1544 1529 1543
f 1543 1529 1540
f 1545 1543 1547
f 1547 1543 1546
f 1543 1540 1546
f 1546 1540 1541
f 1543 1545 1544
f 1544 1545 1524
f 1544 1524 1530
f 1530 1524 1523
f 1530 1527 1544
f 1544 1527 1529
f 1535 1518 1542
f 1542 1518 1519
f 1547 1542 1522
f 1522 1542 1519
f 1547 1546 1542
f 1542 1546 1541
f 1545 1547 1517
f 1517 1547 1522
f 1517 1514 1545
f 1545 1514 1524
f 997 995 986
f 986 995 987
f 987 995 988
f 988 995 971
f 976 1358 977
f 977 1358 1289
f 854 853 1067
f 1067 853 1050
f 1055 985 1069
f 1069 985 962
f 1068 961 981
f 981 961 862
f 1268 1358 920
f 920 1358 976
f 920 976 921
f 921 976 975
f 927 1054 850
f 850 1054 851
f 882 881 1057
f 1057 881 1548
f 1548 1374 1057
f 1057 1374 1373
f 1383 1374 1549
f 1549 1374 1548
f 1549 1548 1550
f 1550 1548 881
f 1550 881 1551
f 1551 881 880
f 933 1552 879
f 879 1552 880
f 1551 880 875
f 875 880 1552
f 1553 1551 878
f 878 1551 875
f 1551 1553 1550
f 1550 1553 1554
f 1550 1554 1549
f 1549 1554 1555
f 978 1384 975
f 975 1384 1555
f 967 849 1556
f 1556 849 852
f 875 1552 876
f 876 1552 933
f 961 939 962
f 962 939 1069
f 1555 1054 975
f 975 1054 921
f 1555 1384 1549
f 1549 1384 1383
f 1391 1390 1475
f 1475 1390 980
f 1373 1475 1057
f 1057 1475 980
f 851 1054 1554
f 1554 1054 1555
f 1554 1553 851
f 851 1553 852
f 878 1556 1553
f 1553 1556 852
f 1556 878 967
f 967 878 877
f 1023 1020 877
f 877 1020 967
f 909 811 1034
f 806 779 873
f 873 779 840
f 805 780 806
f 806 780 779
f 1043 893 1044
f 1044 893 892
f 873 840 847
f 847 840 842
f 840 839 842
f 842 839 843
f 839 791 843
f 843 791 908
f 791 790 908
f 908 790 792
f 809 789 810
f 810 789 1046
f 793 790 809
f 809 790 789
f 809 808 793
f 793 808 1009
f 808 884 1009
f 1009 884 1010
f 1065 1015 884
f 884 1015 1010
f 1032 868 1065
f 1065 868 1015
f 1031 822 1032
f 1032 822 868
f 1031 1027 822
f 822 1027 785
f 1045 905 1046
f 1046 905 904
f 788 781 1019
f 1019 781 894
f 781 780 894
f 894 780 892
f 780 805 892
f 892 805 1044
f 805 804 1044
f 1044 804 891
f 804 1064 891
f 891 1064 888
f 1064 1021 888
f 888 1021 1033
f 1021 1020 1033
f 1033 1020 1034
f 1020 1023 1034
f 1034 1023 909
f 1023 1022 909
f 909 1022 910
f 1043 815 893
f 893 815 819
f 819 815 820
f 820 815 818
f 870 869 818
f 818 869 820
f 1014 1011 870
f 870 1011 869
f 969 972 1014
f 1014 972 1011
f 1036 1063 1022
f 1022 1063 910
f 1035 833 1036
f 1036 833 1063
f 1035 932 979
f 979 932 963
f 834 979 982
f 982 979 958
f 833 1035 834
f 834 1035 979
f 982 863 834
f 834 863 830
f 864 900 831
f 831 900 857
f 990 993 864
f 864 993 900
f 989 994 990
f 990 994 993
f 970 1058 989
f 989 1058 994
f 969 1018 970
f 970 1018 1058
f 1027 902 785
f 785 902 786
f 902 905 786
f 786 905 1019
f 905 1045 1019
f 1019 1045 788
f 788 1045 787
f 787 1045 789
o hand_right
v 0.140084 0.325493 0.871641
v 0.143989 0.331448 0.863605
v 0.135459 0.325520 0.860202
v 0.132766 0.318909 0.868881
v 0.144242 0.336338 0.841176
v 0.150098 0.331166 0.831181
v 0.136508 0.323140 0.831574
v 0.133745 0.330115 0.839439
v 0.128146 0.312584 0.866823
v 0.129253 0.320907 0.857841
v 0.128662 0.308280 0.864517
v 0.133481 0.298657 0.876395
v 0.130009 0.304726 0.875979
v 0.134087 0.294525 0.885168
v 0.144473 0.296390 0.875902
v 0.141793 0.293554 0.891345
v 0.164783 0.313272 0.892840
v 0.168863 0.325093 0.898328
v 0.158514 0.319578 0.911676
v 0.154727 0.308608 0.904037
v 0.163417 0.339945 0.913245
v 0.160217 0.328482 0.913081
v 0.171614 0.333470 0.900292
v 0.173744 0.343498 0.900802
v 0.149880 0.338861 0.875412
v 0.155046 0.344356 0.868262
v 0.152110 0.338994 0.867248
v 0.147369 0.333909 0.873762
v 0.125989 0.303769 0.851910
v 0.139580 0.299758 0.856882
v 0.134206 0.302141 0.862548
v 0.123385 0.308408 0.853650
v 0.166103 0.365782 0.851420
v 0.177750 0.366428 0.844555
v 0.177263 0.361147 0.841989
v 0.167039 0.361487 0.849296
v 0.167614 0.342868 0.833594
v 0.177058 0.345323 0.833160
v 0.185885 0.335868 0.828325
v 0.177973 0.330650 0.830390
v 0.158145 0.337530 0.832494
v 0.166665 0.327290 0.828793
v 0.156345 0.321454 0.828397
v 0.139774 0.314650 0.828466
v 0.181304 0.376530 0.851660
v 0.172940 0.377805 0.857360
v 0.092278 0.294781 0.910453
v 0.092720 0.300652 0.911232
v 0.096741 0.300250 0.909136
v 0.095953 0.294489 0.908785
v 0.189913 0.378193 0.869906
v 0.196884 0.372751 0.874744
v 0.200328 0.376355 0.869422
v 0.193809 0.379952 0.863667
v 0.184721 0.375803 0.878108
v 0.191560 0.367575 0.881633
v 0.093933 0.288962 0.921619
v 0.092275 0.288490 0.916748
v 0.097373 0.287227 0.916239
v 0.099638 0.287952 0.921293
v 0.130863 0.312339 0.876521
v 0.135153 0.320891 0.878295
v 0.123377 0.305994 0.890882
v 0.128893 0.312520 0.887194
v 0.128827 0.306235 0.883317
v 0.125439 0.300913 0.887818
v 0.138249 0.333462 0.893917
v 0.145057 0.337306 0.885307
v 0.142496 0.331272 0.883950
v 0.134206 0.325981 0.892195
v 0.146804 0.350973 0.888689
v 0.140457 0.345871 0.897096
v 0.142365 0.354219 0.897979
v 0.145643 0.356768 0.891400
v 0.130040 0.334165 0.909852
v 0.127081 0.331359 0.913798
v 0.127483 0.334422 0.913975
v 0.131232 0.337523 0.910386
v 0.204545 0.379102 0.864412
v 0.197705 0.380699 0.857542
v 0.165391 0.361861 0.913493
v 0.163927 0.371407 0.907679
v 0.155479 0.370112 0.918383
v 0.159671 0.359742 0.922787
v 0.200466 0.363200 0.876617
v 0.205140 0.368182 0.872753
v 0.095770 0.293000 0.926061
v 0.101019 0.292269 0.925668
v 0.164536 0.313372 0.833917
v 0.144080 0.306468 0.832211
v 0.177966 0.320367 0.834788
v 0.187096 0.325231 0.835376
v 0.194417 0.328758 0.832726
v 0.127664 0.316270 0.892581
v 0.141420 0.328105 0.878841
v 0.151235 0.343646 0.876758
v 0.151100 0.372792 0.886979
v 0.156571 0.375994 0.878708
v 0.152153 0.366326 0.877143
v 0.148750 0.365282 0.885027
v 0.156807 0.376550 0.902809
v 0.150084 0.374353 0.898738
v 0.146020 0.372098 0.905743
v 0.151022 0.374304 0.911554
v 0.127609 0.299337 0.845620
v 0.144087 0.298399 0.850463
v 0.181960 0.380379 0.863248
v 0.186314 0.379672 0.856818
v 0.192918 0.379934 0.851462
v 0.159949 0.354335 0.859054
v 0.167600 0.358537 0.847775
v 0.166202 0.354678 0.846329
v 0.159727 0.351025 0.859056
v 0.147936 0.339344 0.854885
v 0.154448 0.344027 0.843921
v 0.138196 0.333942 0.851909
v 0.177873 0.354504 0.837383
v 0.184655 0.362815 0.834966
v 0.184970 0.354809 0.831034
v 0.186695 0.370820 0.840287
v 0.189391 0.377125 0.846018
v 0.212274 0.371604 0.869578
v 0.185846 0.346658 0.828932
v 0.126312 0.324882 0.838697
v 0.119429 0.321321 0.837659
v 0.119428 0.320855 0.845508
v 0.125904 0.324469 0.847602
v 0.131524 0.291242 0.894150
v 0.126955 0.295155 0.889332
v 0.130474 0.299275 0.881452
v 0.160136 0.367377 0.861177
v 0.166057 0.377627 0.865707
v 0.121895 0.309568 0.896124
v 0.105518 0.288137 0.919424
v 0.103206 0.287002 0.914020
v 0.120066 0.288843 0.904087
v 0.122308 0.289564 0.910587
v 0.120042 0.309159 0.906260
v 0.119006 0.307883 0.899381
v 0.117676 0.307459 0.901718
v 0.117006 0.310044 0.907726
v 0.130773 0.343224 0.913409
v 0.133895 0.345803 0.910300
v 0.142181 0.306568 0.913522
v 0.143807 0.295180 0.906783
v 0.150500 0.298741 0.897380
v 0.140252 0.340538 0.895319
v 0.134362 0.337788 0.903253
v 0.135421 0.341641 0.904321
v 0.126509 0.317522 0.897053
v 0.122288 0.313155 0.901198
v 0.125587 0.317611 0.902679
v 0.129075 0.322261 0.898517
v 0.172408 0.373286 0.897483
v 0.163933 0.379517 0.892287
v 0.091916 0.290549 0.912610
v 0.096280 0.289668 0.911389
v 0.146825 0.344172 0.886821
v 0.158638 0.304773 0.886729
v 0.152174 0.348925 0.878045
v 0.145723 0.346643 0.925196
v 0.139703 0.351996 0.921863
v 0.134931 0.350782 0.922143
v 0.136969 0.346871 0.926188
v 0.104292 0.307833 0.916006
v 0.101730 0.306301 0.910983
v 0.098129 0.305243 0.912672
v 0.100140 0.306915 0.917860
v 0.119315 0.303765 0.895193
v 0.120937 0.298298 0.892608
v 0.116289 0.297703 0.896633
v 0.116301 0.303278 0.898932
v 0.123000 0.292708 0.895193
v 0.118107 0.291977 0.898907
v 0.106779 0.305228 0.921522
v 0.108033 0.298623 0.925078
v 0.123174 0.301311 0.917751
v 0.118548 0.307300 0.914741
v 0.184599 0.346404 0.890293
v 0.184722 0.357468 0.891661
v 0.174085 0.354860 0.902393
v 0.164372 0.352440 0.914315
v 0.154382 0.349311 0.924280
v 0.155158 0.337190 0.924448
v 0.174661 0.363104 0.901778
v 0.128273 0.309555 0.911958
v 0.133297 0.302643 0.913277
v 0.134001 0.307482 0.914486
v 0.151609 0.356215 0.879597
v 0.101695 0.289368 0.909157
v 0.200066 0.327335 0.853603
v 0.204373 0.336100 0.862578
v 0.197587 0.332028 0.866529
v 0.192132 0.322548 0.856279
v 0.100344 0.301113 0.906769
v 0.100251 0.294681 0.905736
v 0.133701 0.352158 0.912054
v 0.130831 0.348930 0.914857
v 0.131300 0.351326 0.916932
v 0.132475 0.356296 0.914729
v 0.185057 0.363396 0.890754
v 0.146388 0.370166 0.921742
v 0.151076 0.360191 0.926230
v 0.193966 0.359277 0.882418
v 0.194472 0.349555 0.881549
v 0.201658 0.352371 0.875534
v 0.146766 0.324732 0.922942
v 0.182419 0.337997 0.890067
v 0.192605 0.342200 0.880482
v 0.201101 0.345235 0.873246
v 0.207690 0.347818 0.868766
v 0.207507 0.355437 0.871626
v 0.106823 0.292908 0.923659
v 0.101899 0.298794 0.927263
v 0.215327 0.358713 0.868316
v 0.214737 0.350176 0.864768
v 0.190232 0.333706 0.877801
v 0.186338 0.323913 0.873575
v 0.180297 0.330064 0.887051
v 0.175757 0.319972 0.883672
v 0.150428 0.314260 0.921222
v 0.086307 0.305719 0.927763
v 0.096417 0.304804 0.925254
v 0.095755 0.307082 0.919895
v 0.086016 0.308476 0.924568
v 0.101680 0.304794 0.923299
v 0.096803 0.299568 0.927642
v 0.168331 0.309746 0.875291
v 0.122923 0.314240 0.906856
v 0.177802 0.313812 0.861562
v 0.154882 0.299073 0.867384
v 0.160891 0.303197 0.856030
v 0.186182 0.317588 0.846050
v 0.171370 0.309095 0.844521
v 0.200765 0.327084 0.841085
v 0.193992 0.322886 0.844919
v 0.154416 0.302525 0.841760
v 0.083007 0.299613 0.913526
v 0.084499 0.304997 0.914848
v 0.206833 0.330521 0.849788
v 0.131299 0.328508 0.849918
v 0.155781 0.358603 0.869882
v 0.156056 0.352944 0.869312
v 0.160177 0.377000 0.873570
v 0.155692 0.366632 0.870087
v 0.082408 0.294574 0.915235
v 0.126685 0.330472 0.917965
v 0.128475 0.331281 0.916819
v 0.127809 0.320254 0.831031
v 0.121821 0.317863 0.831245
v 0.124047 0.304813 0.832115
v 0.122749 0.311221 0.829267
v 0.130431 0.312602 0.828166
v 0.132544 0.305695 0.831080
v 0.159719 0.357044 0.859402
v 0.159520 0.360840 0.860559
v 0.178902 0.375020 0.887211
v 0.169879 0.380652 0.882585
v 0.126629 0.290250 0.900060
v 0.136894 0.291201 0.901349
v 0.130111 0.291117 0.906291
v 0.125281 0.294351 0.914980
v 0.123171 0.311631 0.910110
v 0.124183 0.307931 0.911045
v 0.160402 0.349676 0.845808
v 0.155794 0.345425 0.858055
v 0.125968 0.318408 0.855076
v 0.120746 0.315928 0.852202
v 0.132659 0.329508 0.899743
v 0.135583 0.322625 0.924882
v 0.138507 0.314025 0.923103
v 0.128168 0.325402 0.906120
v 0.083054 0.292388 0.923309
v 0.082224 0.292464 0.918401
v 0.133556 0.295060 0.910927
v 0.136709 0.349956 0.904937
v 0.138493 0.328493 0.924267
v 0.130483 0.327907 0.923379
v 0.145966 0.373228 0.914278
v 0.211196 0.339255 0.857771
v 0.093854 0.306029 0.914735
v 0.085960 0.308602 0.918051
v 0.086646 0.301652 0.929151
v 0.085860 0.295776 0.927732
v 0.174729 0.380207 0.872716
v 0.155823 0.349067 0.869224
v 0.138928 0.300026 0.839085
v 0.126283 0.300656 0.838257
v 0.126137 0.323045 0.909475
v 0.145997 0.353671 0.924861
v 0.144961 0.337721 0.927428
v 0.135013 0.338696 0.929258
v 0.130824 0.332678 0.927009
v 0.127034 0.330661 0.921501
v 0.081452 0.303123 0.929635
v 0.080844 0.297317 0.928319
v 0.078259 0.293741 0.923848
v 0.077758 0.293709 0.919330
v 0.078993 0.296123 0.915864
v 0.080843 0.307356 0.928310
v 0.080522 0.309627 0.925152
v 0.082330 0.309507 0.919104
v 0.075967 0.309006 0.927515
v 0.072821 0.305055 0.929438
v 0.064955 0.297622 0.920558
v 0.069897 0.296107 0.923478
v 0.067909 0.297728 0.924581
v 0.063453 0.299379 0.922928
v 0.058807 0.301753 0.922588
v 0.059794 0.299907 0.919691
v 0.070792 0.299984 0.927524
v 0.064763 0.302710 0.925887
v 0.065951 0.306616 0.927079
v 0.060653 0.308254 0.926245
v 0.059380 0.304788 0.925375
v 0.069870 0.304387 0.928439
v 0.073042 0.299128 0.928261
v 0.056417 0.303123 0.920218
v 0.056369 0.303418 0.922754
v 0.056713 0.306228 0.924550
v 0.055087 0.307590 0.922291
v 0.073368 0.295026 0.918745
v 0.065519 0.297757 0.917952
v 0.060788 0.301537 0.917094
v 0.057355 0.304605 0.917941
v 0.065925 0.301030 0.915396
v 0.061985 0.303866 0.915684
v 0.059319 0.306882 0.916463
v 0.066726 0.305165 0.914381
v 0.062995 0.306899 0.915259
v 0.077420 0.301051 0.914583
v 0.076523 0.296943 0.915557
v 0.060722 0.308243 0.915540
v 0.055682 0.309043 0.920647
v 0.068600 0.309262 0.927129
v 0.061978 0.310935 0.925005
v 0.069500 0.311068 0.925715
v 0.062926 0.312903 0.923998
v 0.057505 0.311268 0.924443
v 0.057917 0.308851 0.925288
v 0.080900 0.300693 0.914427
v 0.082223 0.306347 0.915949
v 0.079149 0.306926 0.916045
v 0.068151 0.309682 0.915486
v 0.078877 0.310240 0.919007
v 0.075979 0.311082 0.924183
v 0.069198 0.312619 0.923090
v 0.069143 0.312722 0.919585
v 0.063969 0.313473 0.921653
v 0.064418 0.312762 0.919216
v 0.063759 0.310407 0.916163
v 0.060106 0.312854 0.920263
v 0.058491 0.312438 0.922754
v 0.058115 0.310130 0.918470
v 0.061514 0.312657 0.918872
v 0.060545 0.310240 0.917293
v 0.095679 0.323149 0.917164
v 0.097138 0.329142 0.918916
v 0.100884 0.326579 0.919490
v 0.099504 0.321573 0.918038
v 0.092072 0.315849 0.928675
v 0.092609 0.316550 0.922446
v 0.097166 0.313798 0.924156
v 0.097691 0.314117 0.931044
v 0.093737 0.320115 0.934340
v 0.099827 0.318714 0.935853
v 0.103610 0.312331 0.930726
v 0.102761 0.312286 0.923598
v 0.122328 0.310397 0.916258
v 0.124554 0.309966 0.922641
v 0.122682 0.328438 0.914833
v 0.123142 0.329435 0.918448
v 0.094196 0.319650 0.918611
v 0.098211 0.317225 0.919903
v 0.106332 0.332228 0.924756
v 0.105115 0.330036 0.919849
v 0.101798 0.330915 0.921651
v 0.102091 0.332753 0.926883
v 0.121204 0.316604 0.910626
v 0.122292 0.322667 0.912540
v 0.121260 0.313154 0.912482
v 0.106936 0.330841 0.931292
v 0.106896 0.325931 0.936119
v 0.126281 0.322590 0.930009
v 0.124472 0.327867 0.926801
v 0.102469 0.315138 0.918944
v 0.103406 0.325260 0.917017
v 0.102712 0.320072 0.916159
v 0.106215 0.317829 0.935133
v 0.100372 0.326872 0.936520
v 0.084497 0.336880 0.928952
v 0.095672 0.333192 0.931827
v 0.096936 0.334675 0.926954
v 0.085909 0.339510 0.924912
v 0.101301 0.331571 0.932410
v 0.094560 0.328181 0.934850
v 0.084106 0.331091 0.913750
v 0.085986 0.336975 0.915874
v 0.082048 0.326990 0.914612
v 0.126701 0.314689 0.927903
v 0.080524 0.322459 0.923807
v 0.081023 0.323957 0.917430
v 0.097958 0.333384 0.922034
v 0.086402 0.339987 0.920027
v 0.083128 0.332839 0.930604
v 0.082296 0.325511 0.929523
v 0.077423 0.334407 0.927978
v 0.076609 0.328349 0.926618
v 0.075912 0.324964 0.921431
v 0.078030 0.325898 0.916298
v 0.080177 0.328537 0.914095
v 0.078621 0.338335 0.926647
v 0.080845 0.341063 0.923423
v 0.083568 0.340609 0.919209
v 0.074556 0.341919 0.920754
v 0.071223 0.338412 0.921573
v 0.067802 0.332379 0.903953
v 0.070019 0.329923 0.909116
v 0.068244 0.331386 0.910419
v 0.066254 0.333855 0.905791
v 0.070661 0.328114 0.915136
v 0.069242 0.330127 0.914850
v 0.069237 0.333362 0.918418
v 0.067803 0.335700 0.912648
v 0.068843 0.339959 0.914786
v 0.066194 0.342159 0.910025
v 0.064775 0.338084 0.907935
v 0.069365 0.337299 0.918517
v 0.064781 0.336157 0.903309
v 0.065532 0.336678 0.900894
v 0.069929 0.331814 0.921234
v 0.075917 0.326470 0.914181
v 0.072421 0.329879 0.907003
v 0.070150 0.333418 0.901813
v 0.067485 0.338671 0.899608
v 0.075234 0.332464 0.905041
v 0.072296 0.335758 0.900938
v 0.069811 0.340069 0.899837
v 0.077769 0.336539 0.904561
v 0.074248 0.339544 0.901148
v 0.082519 0.332683 0.912684
v 0.079841 0.328526 0.912402
v 0.072039 0.340791 0.900468
v 0.063689 0.340828 0.902396
v 0.066051 0.342424 0.900631
v 0.063707 0.339872 0.904001
v 0.069899 0.341841 0.915249
v 0.067479 0.343878 0.909388
v 0.071785 0.343986 0.914423
v 0.068743 0.345543 0.908074
v 0.065082 0.344327 0.905185
v 0.064355 0.342910 0.905715
v 0.082403 0.332437 0.914295
v 0.083962 0.337662 0.916237
v 0.083857 0.337896 0.914835
v 0.078304 0.341496 0.906867
v 0.082504 0.341452 0.917707
v 0.078004 0.342983 0.919263
v 0.074239 0.345072 0.913232
v 0.076746 0.344645 0.910029
v 0.070383 0.346908 0.907574
v 0.073377 0.345997 0.906734
v 0.074995 0.343143 0.903136
v 0.068006 0.346492 0.903427
v 0.066052 0.345451 0.904225
v 0.068181 0.343037 0.900560
v 0.070953 0.346117 0.903577
v 0.071315 0.343361 0.901146
v 0.107043 0.344353 0.911334
v 0.109096 0.349755 0.912153
v 0.111800 0.348176 0.913692
v 0.109601 0.342910 0.913337
v 0.100138 0.340886 0.921592
v 0.101354 0.339914 0.916865
v 0.104660 0.337831 0.919404
v 0.104539 0.338266 0.924829
v 0.099148 0.345692 0.924501
v 0.105165 0.342608 0.929135
v 0.109440 0.336188 0.926928
v 0.108393 0.336043 0.920967
v 0.122688 0.332198 0.921427
v 0.123585 0.333470 0.927721
v 0.104194 0.341431 0.913402
v 0.106886 0.339804 0.915389
v 0.114671 0.354158 0.918746
v 0.114379 0.351364 0.914644
v 0.112164 0.352792 0.916475
v 0.111146 0.354767 0.920392
v 0.126031 0.337199 0.913052
v 0.128190 0.342833 0.913766
v 0.123555 0.334091 0.915986
v 0.113667 0.353508 0.925327
v 0.112533 0.348777 0.930780
v 0.127428 0.347419 0.928794
v 0.128241 0.350558 0.923601
v 0.109413 0.337985 0.916316
v 0.113782 0.346616 0.912198
v 0.111587 0.341443 0.912590
v 0.111315 0.341294 0.930447
v 0.106486 0.349745 0.929346
v 0.092193 0.360449 0.914383
v 0.104821 0.355662 0.923685
v 0.107988 0.356337 0.918642
v 0.095056 0.361987 0.911279
v 0.108588 0.354419 0.925533
v 0.101623 0.351610 0.926188
v 0.096970 0.351084 0.902986
v 0.098498 0.356189 0.904415
v 0.095215 0.347544 0.905356
v 0.125796 0.339385 0.931232
v 0.128770 0.349952 0.917313
v 0.090296 0.346548 0.911201
v 0.092978 0.346192 0.907657
v 0.109416 0.354199 0.915149
v 0.097658 0.360747 0.907727
v 0.090251 0.356450 0.916751
v 0.089541 0.350109 0.916046
v 0.086930 0.358097 0.912530
v 0.086386 0.351688 0.912025
v 0.087686 0.347637 0.907937
v 0.091203 0.347289 0.904757
v 0.093747 0.348710 0.902736
v 0.089428 0.361910 0.909989
v 0.092389 0.363020 0.907441
v 0.096651 0.360552 0.906172
v 0.087828 0.363378 0.906003
v 0.083549 0.359916 0.906202
v 0.081841 0.353576 0.890079
v 0.083880 0.351825 0.895496
v 0.083154 0.352679 0.896012
v 0.080542 0.354483 0.890832
v 0.084419 0.350365 0.902192
v 0.083485 0.351715 0.901126
v 0.082559 0.354667 0.903586
v 0.080395 0.356884 0.897726
v 0.082470 0.362359 0.899391
v 0.080378 0.363176 0.894297
v 0.078128 0.358331 0.892524
v 0.082940 0.359160 0.904138
v 0.079136 0.356253 0.888312
v 0.079422 0.355083 0.886801
v 0.082973 0.353994 0.906068
v 0.088760 0.348479 0.900858
v 0.086391 0.350857 0.894112
v 0.084481 0.352581 0.888570
v 0.082865 0.355559 0.885554
v 0.089782 0.352326 0.893001
v 0.087270 0.354098 0.888404
v 0.085667 0.356782 0.885755
v 0.091927 0.354923 0.892702
v 0.089346 0.356565 0.888863
v 0.095640 0.352320 0.900657
v 0.092725 0.349465 0.900383
v 0.087375 0.358026 0.886801
v 0.078042 0.359660 0.887136
v 0.081654 0.361116 0.885421
v 0.078116 0.359233 0.888832
v 0.083495 0.363743 0.900122
v 0.081253 0.365273 0.893634
v 0.085931 0.365179 0.899629
v 0.083626 0.366517 0.893228
v 0.079211 0.364079 0.889693
v 0.078913 0.363116 0.890402
v 0.096159 0.351825 0.902219
v 0.097605 0.356541 0.903707
v 0.097097 0.356770 0.902124
v 0.093103 0.359603 0.893427
v 0.096070 0.360940 0.904171
v 0.090876 0.364098 0.903726
v 0.088835 0.365051 0.897933
v 0.091496 0.363551 0.895457
v 0.086325 0.366123 0.892459
v 0.088658 0.364439 0.892137
v 0.090427 0.360599 0.889525
v 0.084624 0.364698 0.888798
v 0.081628 0.365167 0.888944
v 0.084865 0.361224 0.885772
v 0.087041 0.363851 0.888982
v 0.087224 0.361114 0.886840
v 0.128888 0.347243 0.914934
v 0.113921 0.362716 0.912838
v 0.114854 0.366865 0.912642
v 0.116061 0.366870 0.913662
v 0.116148 0.362414 0.913540
v 0.111597 0.359290 0.923522
v 0.111614 0.358482 0.918811
v 0.115212 0.357041 0.920681
v 0.115587 0.357954 0.925223
v 0.112214 0.363389 0.926742
v 0.116054 0.362786 0.928089
v 0.119440 0.357538 0.925486
v 0.118902 0.356419 0.920931
v 0.134201 0.354173 0.920364
v 0.137194 0.355992 0.924721
v 0.139591 0.373269 0.915719
v 0.138925 0.370320 0.910717
v 0.131101 0.371717 0.913713
v 0.132869 0.373708 0.917843
v 0.112676 0.359909 0.915223
v 0.115745 0.358658 0.916003
v 0.118960 0.374285 0.919701
v 0.118434 0.371757 0.915477
v 0.116522 0.370935 0.914939
v 0.116170 0.374322 0.918326
v 0.136419 0.365494 0.909454
v 0.134941 0.360553 0.911313
v 0.131244 0.361937 0.911312
v 0.129357 0.367323 0.911882
v 0.131040 0.357260 0.914560
v 0.119276 0.373485 0.924096
v 0.119605 0.369114 0.928448
v 0.137600 0.370146 0.926437
v 0.135969 0.372955 0.922416
v 0.117600 0.358202 0.916928
v 0.118108 0.367262 0.913558
v 0.117146 0.362905 0.914047
v 0.120266 0.362239 0.928898
v 0.115720 0.369426 0.927144
v 0.106115 0.375612 0.918613
v 0.113403 0.374364 0.922024
v 0.114588 0.374506 0.917280
v 0.107570 0.376065 0.915657
v 0.115772 0.373762 0.922867
v 0.111949 0.370159 0.925626
v 0.108348 0.364962 0.909608
v 0.109424 0.370246 0.910338
v 0.107023 0.362252 0.911274
v 0.138979 0.361788 0.927366
v 0.103965 0.361620 0.918259
v 0.105043 0.361036 0.913899
v 0.114884 0.370959 0.914041
v 0.108987 0.374254 0.912498
v 0.104359 0.372146 0.921476
v 0.104052 0.365799 0.922311
v 0.100539 0.372534 0.918260
v 0.100515 0.366172 0.919090
v 0.101648 0.362035 0.914685
v 0.104232 0.361837 0.911658
v 0.106346 0.363192 0.909568
v 0.102786 0.376025 0.915734
v 0.104790 0.376457 0.913476
v 0.107310 0.374551 0.911274
v 0.099872 0.376249 0.912673
v 0.096767 0.372535 0.913020
v 0.095620 0.366368 0.901063
v 0.097748 0.364987 0.904510
v 0.096863 0.365572 0.905160
v 0.094641 0.366332 0.901622
v 0.099004 0.363785 0.909805
v 0.097754 0.364956 0.909270
v 0.097146 0.367230 0.912069
v 0.094471 0.368404 0.907415
v 0.094380 0.373778 0.907955
v 0.092196 0.374053 0.904232
v 0.092168 0.369240 0.904266
v 0.095819 0.371380 0.911729
v 0.092474 0.367384 0.900044
v 0.092577 0.367390 0.898626
v 0.097707 0.366672 0.914103
v 0.102737 0.362901 0.908185
v 0.099377 0.364844 0.902489
v 0.096248 0.366609 0.898699
v 0.093510 0.368906 0.897045
v 0.101722 0.365877 0.901969
v 0.098011 0.367754 0.897606
v 0.095399 0.370095 0.896205
v 0.103798 0.368553 0.901648
v 0.099630 0.369838 0.897840
v 0.107574 0.367447 0.906762
v 0.105492 0.364457 0.906908
v 0.096868 0.370989 0.896743
v 0.090352 0.370569 0.899524
v 0.092195 0.371973 0.897541
v 0.090243 0.370209 0.901150
v 0.094958 0.375123 0.908052
v 0.092463 0.375570 0.903469
v 0.096638 0.376910 0.907458
v 0.093953 0.376688 0.902262
v 0.090771 0.374064 0.900619
v 0.090702 0.372827 0.902133
v 0.107910 0.366623 0.908165
v 0.108360 0.370570 0.909214
v 0.107611 0.371755 0.907831
v 0.104117 0.372629 0.902574
v 0.105921 0.375463 0.909823
v 0.102755 0.376943 0.911549
v 0.099032 0.377392 0.906105
v 0.101777 0.376334 0.904256
v 0.095710 0.376763 0.900882
v 0.098419 0.375781 0.899759
v 0.100087 0.373140 0.898476
v 0.094051 0.374618 0.898098
v 0.092269 0.374654 0.898843
v 0.094128 0.372636 0.896888
v 0.095995 0.374403 0.897724
v 0.096498 0.372939 0.897089
v 0.139683 0.372515 0.919792
v 0.112125 0.300664 0.844635
v 0.111331 0.304399 0.848976
v 0.107631 0.318407 0.841322
v 0.107707 0.315059 0.847460
v 0.107767 0.317356 0.834662
v 0.111013 0.308316 0.829620
v 0.110107 0.313688 0.830835
v 0.109121 0.309945 0.850238
v 0.113038 0.299298 0.838777
v 0.112907 0.302158 0.832200
v 0.105216 0.296930 0.839502
v 0.105053 0.300184 0.832398
v 0.103248 0.306044 0.829165
v 0.103310 0.312734 0.830846
v 0.102660 0.316648 0.833976
v 0.105697 0.300192 0.845873
v 0.105256 0.304450 0.849666
v 0.104456 0.311059 0.850046
v 0.098027 0.301139 0.848353
v 0.089024 0.300471 0.843884
v 0.076181 0.310971 0.834080
v 0.082900 0.311331 0.833031
v 0.082266 0.308633 0.833983
v 0.076190 0.308263 0.834337
v 0.087753 0.308567 0.832576
v 0.086282 0.307328 0.834104
v 0.087805 0.303511 0.837541
v 0.082236 0.303431 0.837901
v 0.087060 0.301742 0.842357
v 0.083301 0.302071 0.843929
v 0.076748 0.303246 0.838463
v 0.072854 0.306324 0.835406
v 0.072106 0.303461 0.839045
v 0.071579 0.309195 0.836261
v 0.088718 0.301414 0.836244
v 0.093345 0.312845 0.831332
v 0.084851 0.314592 0.833348
v 0.077122 0.314334 0.835622
v 0.071902 0.311805 0.838253
v 0.086284 0.317716 0.836272
v 0.079294 0.316508 0.838907
v 0.074868 0.313877 0.841826
v 0.087511 0.318668 0.840947
v 0.080882 0.316543 0.842604
v 0.100025 0.318411 0.840017
v 0.097480 0.317185 0.834119
v 0.077222 0.314303 0.843496
v 0.069988 0.304829 0.840469
v 0.070456 0.307727 0.842806
v 0.084769 0.301869 0.847096
v 0.078053 0.301296 0.844409
v 0.078613 0.302362 0.847319
v 0.087157 0.303482 0.850031
v 0.079328 0.304175 0.849559
v 0.073260 0.302719 0.845337
v 0.074253 0.301664 0.842793
v 0.103611 0.318378 0.839923
v 0.104618 0.315959 0.846016
v 0.101239 0.315803 0.846207
v 0.089319 0.316280 0.846979
v 0.100423 0.311374 0.850649
v 0.099162 0.305276 0.850981
v 0.088319 0.306734 0.851786
v 0.089405 0.311491 0.851028
v 0.080412 0.307645 0.850336
v 0.081351 0.310522 0.849560
v 0.081239 0.314541 0.846592
v 0.075683 0.308344 0.848084
v 0.073972 0.305143 0.847505
v 0.073540 0.310658 0.845002
v 0.077778 0.310326 0.847990
v 0.076817 0.312353 0.845836
v 0.142789 0.370471 0.908340
v 0.139753 0.364754 0.906252
v 0.143174 0.367325 0.902724
v 0.146599 0.370137 0.895409
v 0.153956 0.376267 0.891414
v 0.145329 0.363538 0.893250
v 0.141603 0.361009 0.901144
v 0.136906 0.357104 0.906975
v 0.149042 0.358973 0.885056
f 1558 1559 1557
f 1557 1559 1560
f 1561 1562 1564
f 1564 1562 1563
f 1565 1560 1566
f 1566 1560 1559
f 1568 1569 1567
f 1567 1569 1565
f 1570 1568 1572
f 1572 1568 1571
f 1574 1575 1573
f 1573 1575 1576
f 1578 1579 1577
f 1577 1579 1580
f 1582 1583 1581
f 1581 1583 1584
f 1586 1587 1585
f 1585 1587 1588
f 1589 1590 1592
f 1592 1590 1591
f 1593 1594 1596
f 1596 1594 1595
f 1597 1598 1562
f 1562 1598 1599
f 1562 1599 1563
f 1563 1599 1600
f 1601 1590 1602
f 1602 1590 1589
f 1604 1605 1603
f 1603 1605 1606
f 1608 1609 1607
f 1607 1609 1610
f 1612 1608 1611
f 1611 1608 1607
f 1614 1615 1613
f 1613 1615 1616
f 1617 1618 1560
f 1560 1618 1557
f 1620 1621 1619
f 1619 1621 1622
f 1624 1625 1623
f 1623 1625 1626
f 1628 1629 1627
f 1627 1629 1630
f 1632 1633 1631
f 1631 1633 1634
f 1609 1635 1610
f 1610 1635 1636
f 1638 1639 1637
f 1637 1639 1640
f 1641 1642 1608
f 1608 1642 1609
f 1613 1616 1643
f 1643 1616 1644
f 1645 1646 1599
f 1599 1646 1600
f 1599 1598 1645
f 1645 1598 1647
f 1596 1595 1648
f 1648 1595 1649
f 1650 1626 1620
f 1620 1626 1625
f 1569 1617 1565
f 1565 1617 1560
f 1581 1584 1625
f 1625 1584 1651
f 1652 1581 1624
f 1624 1581 1625
f 1654 1655 1653
f 1653 1655 1656
f 1657 1658 1660
f 1660 1658 1659
f 1662 1586 1661
f 1661 1586 1585
f 1607 1610 1663
f 1663 1610 1664
f 1610 1636 1664
f 1664 1636 1665
f 1667 1668 1666
f 1666 1668 1669
f 1671 1561 1670
f 1670 1561 1672
f 1671 1597 1561
f 1561 1597 1562
f 1592 1591 1667
f 1667 1591 1673
f 1591 1674 1673
f 1673 1674 1675
f 1590 1676 1591
f 1591 1676 1674
f 1590 1601 1676
f 1676 1601 1677
f 1681 1682 1680
f 1680 1682 1683
f 1684 1685 1570
f 1570 1685 1686
f 1589 1687 1602
f 1602 1687 1688
f 1689 1650 1619
f 1619 1650 1620
f 1690 1691 1693
f 1693 1691 1692
f 1695 1696 1694
f 1694 1696 1697
f 1633 1698 1634
f 1634 1698 1699
f 1700 1701 1576
f 1576 1701 1702
f 1704 1705 1703
f 1703 1705 1628
f 1707 1708 1706
f 1706 1708 1709
f 1638 1657 1639
f 1639 1657 1660
f 1657 1638 1711
f 1711 1638 1710
f 1712 1713 1614
f 1614 1713 1615
f 1714 1624 1703
f 1703 1624 1623
f 1715 1702 1571
f 1571 1702 1572
f 1624 1714 1652
f 1652 1714 1716
f 1685 1622 1686
f 1686 1622 1621
f 1718 1719 1717
f 1717 1719 1720
f 1722 1723 1721
f 1721 1723 1724
f 1726 1727 1725
f 1725 1727 1728
f 1730 1727 1729
f 1729 1727 1726
f 1732 1733 1731
f 1731 1733 1734
f 1736 1737 1735
f 1735 1737 1580
f 1738 1739 1577
f 1577 1739 1740
f 1637 1741 1638
f 1638 1741 1710
f 1742 1743 1744
f 1744 1743 1700
f 1714 1627 1716
f 1716 1627 1745
f 1746 1691 1713
f 1713 1691 1615
f 1725 1728 1695
f 1695 1728 1696
f 1703 1628 1714
f 1714 1628 1627
f 1748 1749 1747
f 1747 1749 1750
f 1723 1722 1605
f 1605 1722 1751
f 1752 1746 1606
f 1606 1746 1713
f 1753 1754 1756
f 1756 1754 1755
f 1577 1580 1738
f 1738 1580 1737
f 1702 1715 1576
f 1576 1715 1573
f 1738 1737 1637
f 1637 1737 1741
f 1757 1741 1736
f 1736 1741 1737
f 1758 1759 1639
f 1639 1759 1640
f 1761 1762 1760
f 1760 1762 1641
f 1763 1578 1740
f 1740 1578 1577
f 1735 1580 1764
f 1764 1580 1579
f 1764 1765 1735
f 1735 1765 1761
f 1765 1766 1761
f 1761 1766 1762
f 1768 1762 1767
f 1767 1762 1766
f 1735 1761 1736
f 1736 1761 1760
f 1769 1732 1644
f 1644 1732 1770
f 1642 1641 1768
f 1768 1641 1762
f 1749 1773 1774
f 1773 1775 1774
f 1774 1775 1776
f 1775 1574 1776
f 1776 1574 1573
f 1575 1777 1576
f 1576 1777 1700
f 1778 1779 1781
f 1781 1779 1780
f 1731 1782 1732
f 1732 1782 1770
f 1783 1643 1770
f 1770 1643 1644
f 1776 1573 1784
f 1784 1573 1715
f 1690 1769 1616
f 1616 1769 1644
f 1694 1785 1707
f 1707 1785 1708
f 1749 1748 1766
f 1766 1748 1767
f 1786 1750 1774
f 1774 1750 1749
f 1787 1788 1784
f 1784 1788 1786
f 1789 1790 1647
f 1647 1790 1645
f 1791 1792 1649
f 1649 1792 1648
f 1786 1788 1790
f 1790 1788 1793
f 1603 1794 1604
f 1604 1794 1795
f 1796 1747 1791
f 1791 1747 1792
f 1561 1564 1672
f 1672 1564 1797
f 1798 1799 1745
f 1745 1799 1716
f 1800 1801 1654
f 1654 1801 1655
f 1712 1802 1603
f 1603 1802 1794
f 1632 1803 1633
f 1633 1803 1804
f 1806 1681 1805
f 1805 1681 1680
f 1808 1809 1807
f 1807 1809 1810
f 1667 1666 1592
f 1592 1666 1811
f 1812 1589 1811
f 1811 1589 1592
f 1813 1814 1710
f 1710 1814 1711
f 1619 1725 1689
f 1689 1725 1695
f 1622 1726 1619
f 1619 1726 1725
f 1729 1726 1685
f 1685 1726 1622
f 1685 1684 1729
f 1729 1684 1815
f 1684 1816 1815
f 1815 1816 1817
f 1769 1690 1818
f 1818 1690 1693
f 1819 1820 1742
f 1742 1820 1743
f 1668 1821 1669
f 1669 1821 1822
f 1567 1823 1824
f 1790 1789 1786
f 1786 1789 1750
f 1709 1825 1626
f 1626 1825 1623
f 1731 1734 1721
f 1721 1734 1697
f 1706 1709 1650
f 1650 1709 1626
f 1827 1777 1826
f 1826 1777 1763
f 1825 1709 1828
f 1828 1709 1708
f 1677 1601 1665
f 1665 1601 1664
f 1603 1606 1712
f 1712 1606 1713
f 1613 1829 1614
f 1614 1829 1830
f 1701 1831 1816
f 1816 1831 1817
f 1832 1705 1699
f 1699 1705 1634
f 1704 1825 1631
f 1631 1825 1828
f 1763 1833 1826
f 1826 1833 1834
f 1751 1752 1605
f 1605 1752 1606
f 1615 1691 1616
f 1616 1691 1690
f 1639 1660 1758
f 1758 1660 1835
f 1705 1704 1634
f 1634 1704 1631
f 1803 1834 1804
f 1804 1834 1833
f 1739 1738 1640
f 1640 1738 1637
f 1604 1795 1837
f 1837 1795 1838
f 1783 1779 1839
f 1839 1779 1778
f 1779 1782 1780
f 1780 1782 1724
f 1837 1838 1780
f 1780 1838 1781
f 1721 1724 1731
f 1731 1724 1782
f 1820 1819 1694
f 1694 1819 1785
f 1570 1572 1684
f 1684 1572 1816
f 1776 1784 1774
f 1774 1784 1786
f 1643 1783 1840
f 1840 1783 1839
f 1816 1572 1701
f 1701 1572 1702
f 1800 1654 1814
f 1814 1654 1711
f 1614 1830 1712
f 1712 1830 1802
f 1663 1841 1607
f 1607 1841 1611
f 1799 1842 1716
f 1716 1842 1652
f 1790 1793 1645
f 1645 1793 1646
f 1602 1688 1663
f 1663 1688 1841
f 1809 1808 1805
f 1805 1808 1806
f 1842 1582 1652
f 1652 1582 1581
f 1662 1661 1843
f 1843 1661 1844
f 1828 1708 1845
f 1845 1708 1785
f 1694 1707 1695
f 1695 1707 1689
f 1739 1846 1717
f 1717 1846 1718
f 1847 1848 1833
f 1833 1848 1849
f 1707 1706 1689
f 1689 1706 1650
f 1818 1831 1733
f 1733 1831 1743
f 1700 1743 1701
f 1701 1743 1831
f 1829 1613 1840
f 1840 1613 1643
f 1730 1692 1746
f 1746 1692 1691
f 1667 1673 1668
f 1668 1673 1594
f 1673 1675 1594
f 1594 1675 1679
f 1668 1594 1821
f 1821 1594 1593
f 1843 1844 1810
f 1810 1844 1807
f 1784 1715 1787
f 1787 1715 1571
f 1779 1783 1782
f 1782 1783 1770
f 1703 1623 1704
f 1704 1623 1825
f 1780 1724 1837
f 1837 1724 1723
f 1755 1719 1756
f 1756 1719 1718
f 1601 1602 1664
f 1664 1602 1663
f 1837 1723 1604
f 1604 1723 1605
f 1717 1720 1847
f 1847 1720 1848
f 1594 1679 1595
f 1849 1850 1833
f 1833 1850 1804
f 1840 1839 1852
f 1852 1839 1851
f 1840 1852 1829
f 1829 1852 1853
f 1830 1829 1854
f 1854 1829 1853
f 1802 1830 1855
f 1855 1830 1854
f 1839 1778 1851
f 1851 1778 1856
f 1778 1781 1856
f 1856 1781 1857
f 1857 1781 1858
f 1858 1781 1838
f 1859 1860 1856
f 1856 1860 1851
f 1862 1863 1861
f 1861 1863 1864
f 1865 1866 1864
f 1864 1866 1861
f 1864 1863 1868
f 1868 1863 1867
f 1869 1870 1868
f 1868 1870 1871
f 1867 1872 1868
f 1868 1872 1869
f 1873 1860 1867
f 1867 1860 1872
f 1871 1865 1868
f 1868 1865 1864
f 1874 1875 1877
f 1877 1875 1876
f 1875 1874 1865
f 1865 1874 1866
f 1867 1863 1873
f 1873 1863 1862
f 1862 1853 1873
f 1873 1853 1852
f 1862 1878 1853
f 1853 1878 1854
f 1861 1879 1862
f 1862 1879 1878
f 1879 1861 1880
f 1880 1861 1866
f 1860 1873 1851
f 1851 1873 1852
f 1874 1881 1866
f 1866 1881 1880
f 1879 1880 1882
f 1882 1880 1883
f 1880 1881 1883
f 1883 1881 1884
f 1882 1883 1885
f 1885 1883 1886
f 1885 1887 1882
f 1882 1887 1888
f 1889 1886 1884
f 1884 1886 1883
f 1879 1882 1878
f 1878 1882 1888
f 1878 1888 1854
f 1854 1888 1855
f 1881 1874 1890
f 1890 1874 1877
f 1869 1872 1891
f 1891 1872 1860
f 1891 1892 1869
f 1869 1892 1870
f 1860 1859 1891
f 1891 1859 1893
f 1892 1891 1894
f 1894 1891 1893
f 1892 1895 1870
f 1870 1895 1896
f 1802 1855 1794
f 1794 1855 1897
f 1795 1898 1838
f 1838 1898 1858
f 1898 1795 1897
f 1897 1795 1794
f 1897 1887 1898
f 1898 1887 1899
f 1887 1885 1899
f 1899 1885 1900
f 1898 1899 1858
f 1858 1899 1901
f 1897 1855 1887
f 1887 1855 1888
f 1902 1857 1901
f 1901 1857 1858
f 1902 1859 1857
f 1857 1859 1856
f 1903 1893 1902
f 1902 1893 1859
f 1903 1902 1904
f 1904 1902 1901
f 1905 1903 1906
f 1906 1903 1904
f 1899 1900 1901
f 1901 1900 1904
f 1900 1907 1904
f 1904 1907 1906
f 1893 1903 1894
f 1894 1903 1905
f 1909 1894 1908
f 1908 1894 1905
f 1908 1911 1910
f 1910 1911 1912
f 1908 1905 1911
f 1911 1905 1906
f 1908 1910 1909
f 1909 1910 1890
f 1909 1890 1895
f 1895 1890 1877
f 1895 1892 1909
f 1909 1892 1894
f 1885 1886 1900
f 1900 1886 1907
f 1912 1907 1889
f 1889 1907 1886
f 1912 1911 1907
f 1907 1911 1906
f 1910 1912 1884
f 1884 1912 1889
f 1884 1881 1910
f 1910 1881 1890
f 1865 1871 1875
f 1875 1871 1876
f 1876 1896 1877
f 1877 1896 1895
f 1876 1871 1896
f 1896 1871 1870
f 1693 1692 1817
f 1817 1692 1815
f 1696 1722 1697
f 1697 1722 1721
f 1728 1727 1751
f 1751 1727 1752
f 1727 1730 1752
f 1752 1730 1746
f 1734 1733 1820
f 1820 1733 1743
f 1728 1751 1696
f 1696 1751 1722
f 1693 1817 1818
f 1818 1817 1831
f 1734 1820 1697
f 1697 1820 1694
f 1818 1733 1769
f 1769 1733 1732
f 1692 1730 1815
f 1815 1730 1729
f 1914 1915 1913
f 1913 1915 1916
f 1918 1919 1917
f 1917 1919 1920
f 1917 1920 1921
f 1921 1920 1922
f 1923 1924 1926
f 1926 1924 1925
f 1632 1927 1803
f 1803 1927 1928
f 1929 1930 1918
f 1918 1930 1919
f 1932 1933 1931
f 1931 1933 1934
f 1845 1785 1936
f 1936 1785 1935
f 1937 1935 1819
f 1819 1935 1785
f 1939 1940 1938
f 1938 1940 1941
f 1942 1924 1930
f 1930 1924 1919
f 1632 1845 1927
f 1927 1845 1936
f 1933 1932 1915
f 1915 1932 1943
f 1944 1942 1916
f 1916 1942 1930
f 1945 1939 1922
f 1922 1939 1946
f 1948 1949 1947
f 1947 1949 1950
f 1939 1938 1946
f 1946 1938 1951
f 1952 1921 1946
f 1946 1921 1922
f 1945 1922 1923
f 1923 1922 1920
f 1913 1953 1914
f 1914 1953 1954
f 1929 1955 1913
f 1913 1955 1953
f 1945 1923 1956
f 1956 1923 1926
f 1938 1941 1931
f 1931 1941 1928
f 1913 1916 1929
f 1929 1916 1930
f 1917 1957 1918
f 1918 1957 1958
f 1943 1944 1915
f 1915 1944 1916
f 1919 1924 1920
f 1920 1924 1923
f 1914 1954 1959
f 1959 1954 1960
f 1952 1948 1961
f 1961 1948 1947
f 1948 1951 1949
f 1949 1951 1934
f 1949 1959 1950
f 1950 1959 1960
f 1931 1934 1938
f 1938 1934 1951
f 1921 1952 1962
f 1962 1952 1961
f 1918 1958 1929
f 1929 1958 1955
f 1827 1826 1956
f 1956 1826 1940
f 1957 1917 1962
f 1962 1917 1921
f 1937 1925 1942
f 1942 1925 1924
f 1948 1952 1951
f 1951 1952 1946
f 1949 1934 1959
f 1959 1934 1933
f 1959 1933 1914
f 1914 1933 1915
f 1962 1961 1964
f 1964 1961 1963
f 1962 1964 1957
f 1957 1964 1965
f 1957 1965 1958
f 1958 1965 1966
f 1958 1966 1955
f 1955 1966 1967
f 1961 1947 1963
f 1963 1947 1968
f 1947 1950 1968
f 1968 1950 1969
f 1950 1960 1969
f 1969 1960 1970
f 1971 1972 1968
f 1968 1972 1963
f 1974 1975 1973
f 1973 1975 1976
f 1977 1978 1974
f 1974 1978 1975
f 1975 1978 1980
f 1980 1978 1979
f 1981 1982 1980
f 1980 1982 1983
f 1979 1984 1980
f 1980 1984 1981
f 1983 1976 1980
f 1980 1976 1975
f 1976 1985 1973
f 1973 1985 1986
f 1979 1978 1987
f 1987 1978 1977
f 1977 1965 1987
f 1987 1965 1964
f 1977 1988 1965
f 1965 1988 1966
f 1974 1989 1977
f 1977 1989 1988
f 1990 1989 1973
f 1973 1989 1974
f 1987 1972 1979
f 1979 1972 1984
f 1972 1987 1963
f 1963 1987 1964
f 1991 1990 1986
f 1986 1990 1973
f 1989 1990 1992
f 1992 1990 1993
f 1990 1991 1993
f 1993 1991 1994
f 1992 1993 1995
f 1995 1993 1996
f 1995 1997 1992
f 1992 1997 1998
f 1994 1999 1993
f 1993 1999 1996
f 1992 1998 1989
f 1989 1998 1988
f 1988 1998 1966
f 1966 1998 1967
f 1991 1986 2001
f 2001 1986 2000
f 1986 1985 2000
f 2000 1985 2002
f 1981 1984 2003
f 2003 1984 1972
f 1982 1981 2004
f 2004 1981 2003
f 1972 1971 2003
f 2003 1971 2005
f 2003 2005 2004
f 2004 2005 2006
f 2007 2008 2004
f 2004 2008 1982
f 2002 2008 2000
f 2000 2008 2007
f 1955 1967 1953
f 1953 1967 2009
f 1954 2010 1960
f 1960 2010 1970
f 2010 1954 2009
f 2009 1954 1953
f 2009 1997 2010
f 2010 1997 2011
f 1997 1995 2011
f 2011 1995 2012
f 2010 2011 1970
f 1970 2011 2013
f 1997 2009 1998
f 1998 2009 1967
f 2014 1969 2013
f 2013 1969 1970
f 2014 1971 1969
f 1969 1971 1968
f 2014 2015 1971
f 1971 2015 2005
f 2015 2014 2016
f 2016 2014 2013
f 2017 2015 2018
f 2018 2015 2016
f 2011 2012 2013
f 2013 2012 2016
f 2012 2019 2016
f 2016 2019 2018
f 2015 2017 2005
f 2005 2017 2006
f 2021 2006 2020
f 2020 2006 2017
f 2020 2023 2022
f 2022 2023 2024
f 2020 2017 2023
f 2023 2017 2018
f 2020 2022 2021
f 2021 2022 2001
f 2021 2001 2007
f 2007 2001 2000
f 2007 2004 2021
f 2021 2004 2006
f 1995 1996 2012
f 2012 1996 2019
f 2024 2019 1999
f 1999 2019 1996
f 2024 2023 2019
f 2019 2023 2018
f 2022 2024 1994
f 1994 2024 1999
f 1994 1991 2022
f 2022 1991 2001
f 1976 1983 1985
f 1985 1983 2002
f 2002 1983 2008
f 2008 1983 1982
f 1926 1925 1744
f 1744 1925 1742
f 1927 1932 1928
f 1928 1932 1931
f 1936 1935 1943
f 1943 1935 1944
f 1935 1937 1944
f 1944 1937 1942
f 1941 1940 1834
f 1834 1940 1826
f 1936 1943 1927
f 1927 1943 1932
f 1956 1926 1827
f 1827 1926 1744
f 1941 1834 1928
f 1928 1834 1803
f 1956 1940 1945
f 1945 1940 1939
f 1925 1937 1742
f 1742 1937 1819
f 1777 1827 1700
f 1700 1827 1744
f 1777 1575 1763
f 1763 1575 1578
f 1575 1574 1578
f 1578 1574 1579
f 1574 1775 1579
f 1579 1775 1764
f 2025 2026 2028
f 2028 2026 2027
f 2030 2031 2029
f 2029 2031 2032
f 2029 2032 2033
f 2033 2032 2034
f 2036 2037 2035
f 2035 2037 2038
f 2039 2040 2030
f 2030 2040 2031
f 2042 2043 2041
f 2041 2043 2044
f 2045 2046 1633
f 1633 2046 1698
f 2047 2045 1804
f 1804 2045 1633
f 2049 2050 2048
f 2048 2050 2051
f 2052 2036 2040
f 2040 2036 2031
f 2042 2053 2043
f 2043 2053 2027
f 2054 2052 2028
f 2028 2052 2040
f 2055 2049 2034
f 2034 2049 2056
f 2057 2058 2060
f 2060 2058 2059
f 2049 2048 2056
f 2056 2048 2061
f 2062 2033 2056
f 2056 2033 2034
f 2055 2034 2035
f 2035 2034 2032
f 2025 2063 2026
f 2026 2063 2064
f 2039 2065 2025
f 2025 2065 2063
f 2035 2038 2055
f 2055 2038 2066
f 2048 2051 2041
f 2041 2051 2067
f 2039 2025 2040
f 2040 2025 2028
f 2029 2068 2030
f 2030 2068 2069
f 2053 2054 2027
f 2027 2054 2028
f 2031 2036 2032
f 2032 2036 2035
f 2026 2064 2070
f 2070 2064 2071
f 2062 2058 2072
f 2072 2058 2057
f 2059 2058 2044
f 2044 2058 2061
f 2070 2071 2059
f 2059 2071 2060
f 2041 2044 2048
f 2048 2044 2061
f 2033 2062 2073
f 2073 2062 2072
f 2030 2069 2039
f 2039 2069 2065
f 2066 1848 2050
f 2050 1848 1720
f 2068 2029 2073
f 2073 2029 2033
f 2047 2037 2052
f 2052 2037 2036
f 2058 2062 2061
f 2061 2062 2056
f 2059 2044 2070
f 2070 2044 2043
f 2070 2043 2026
f 2026 2043 2027
f 2073 2072 2075
f 2075 2072 2074
f 2073 2075 2068
f 2068 2075 2076
f 2068 2076 2069
f 2069 2076 2077
f 2069 2077 2065
f 2065 2077 2078
f 2072 2057 2074
f 2074 2057 2079
f 2057 2060 2079
f 2079 2060 2080
f 2080 2060 2081
f 2081 2060 2071
f 2082 2083 2079
f 2079 2083 2074
f 2085 2086 2084
f 2084 2086 2087
f 2088 2089 2085
f 2085 2089 2086
f 2086 2089 2091
f 2091 2089 2090
f 2092 2093 2091
f 2091 2093 2094
f 2090 2095 2091
f 2091 2095 2092
f 2094 2087 2091
f 2091 2087 2086
f 2096 2097 2087
f 2087 2097 2084
f 2089 2088 2090
f 2090 2088 2098
f 2088 2076 2098
f 2098 2076 2075
f 2088 2099 2076
f 2076 2099 2077
f 2085 2100 2088
f 2088 2100 2099
f 2100 2085 2101
f 2101 2085 2084
f 2090 2098 2095
f 2095 2098 2083
f 2083 2098 2074
f 2074 2098 2075
f 2097 2102 2084
f 2084 2102 2101
f 2103 2100 2104
f 2104 2100 2101
f 2102 2105 2101
f 2101 2105 2104
f 2106 2103 2107
f 2107 2103 2104
f 2103 2106 2109
f 2109 2106 2108
f 2105 2110 2104
f 2104 2110 2107
f 2100 2103 2099
f 2099 2103 2109
f 2099 2109 2077
f 2077 2109 2078
f 2102 2097 2112
f 2112 2097 2111
f 2097 2096 2111
f 2111 2096 2113
f 2092 2095 2114
f 2114 2095 2083
f 2093 2092 2115
f 2115 2092 2114
f 2083 2082 2114
f 2114 2082 2116
f 2115 2114 2117
f 2117 2114 2116
f 2115 2118 2093
f 2093 2118 2119
f 2113 2119 2111
f 2111 2119 2118
f 2065 2078 2063
f 2063 2078 2120
f 2064 2121 2071
f 2071 2121 2081
f 2121 2064 2120
f 2120 2064 2063
f 2120 2108 2121
f 2121 2108 2122
f 2108 2106 2122
f 2122 2106 2123
f 2121 2122 2081
f 2081 2122 2124
f 2120 2078 2108
f 2108 2078 2109
f 2125 2080 2124
f 2124 2080 2081
f 2125 2082 2080
f 2080 2082 2079
f 2126 2116 2125
f 2125 2116 2082
f 2126 2125 2127
f 2127 2125 2124
f 2128 2126 2129
f 2129 2126 2127
f 2122 2123 2124
f 2124 2123 2127
f 2123 2130 2127
f 2127 2130 2129
f 2126 2128 2116
f 2116 2128 2117
f 2132 2117 2131
f 2131 2117 2128
f 2131 2134 2133
f 2133 2134 2135
f 2131 2128 2134
f 2134 2128 2129
f 2131 2133 2132
f 2132 2133 2112
f 2132 2112 2118
f 2118 2112 2111
f 2118 2115 2132
f 2132 2115 2117
f 2106 2107 2123
f 2123 2107 2130
f 2135 2130 2110
f 2110 2130 2107
f 2135 2134 2130
f 2130 2134 2129
f 2135 2110 2133
f 2133 2110 2105
f 2105 2102 2133
f 2133 2102 2112
f 2087 2094 2096
f 2096 2094 2113
f 2113 2094 2119
f 2119 2094 2093
f 2037 1850 2038
f 2038 1850 1849
f 2136 2042 2067
f 2067 2042 2041
f 2046 2045 2053
f 2053 2045 2054
f 2045 2047 2054
f 2054 2047 2052
f 1719 2051 1720
f 1720 2051 2050
f 2136 2046 2042
f 2042 2046 2053
f 2038 1849 2066
f 2066 1849 1848
f 2051 1719 2067
f 2067 1719 1755
f 2050 2049 2066
f 2066 2049 2055
f 2037 2047 1850
f 1850 2047 1804
f 2138 2139 2137
f 2137 2139 2140
f 2142 2143 2141
f 2141 2143 2144
f 2141 2144 2145
f 2145 2144 2146
f 2148 2149 2147
f 2147 2149 2150
f 2151 2152 2154
f 2154 2152 2153
f 2155 2156 2142
f 2142 2156 2143
f 2157 2158 2160
f 2160 2158 2159
f 2161 2162 2164
f 2164 2162 2163
f 2165 2163 1756
f 1756 2163 2162
f 2166 2167 2169
f 2169 2167 2168
f 2156 2170 2143
f 2143 2170 2148
f 2152 2161 2153
f 2153 2161 2164
f 2158 2171 2159
f 2159 2171 2139
f 2172 2170 2140
f 2140 2170 2156
f 2167 2174 2173
f 2173 2174 2146
f 2176 2177 2175
f 2175 2177 2178
f 2166 2179 2167
f 2167 2179 2174
f 2180 2145 2174
f 2174 2145 2146
f 2173 2146 2147
f 2147 2146 2144
f 2137 2181 2138
f 2138 2181 2182
f 2155 2183 2137
f 2137 2183 2181
f 2147 2150 2173
f 2173 2150 2184
f 2157 2166 2154
f 2154 2166 2169
f 2137 2140 2155
f 2155 2140 2156
f 2141 2185 2142
f 2142 2185 2186
f 2171 2172 2139
f 2139 2172 2140
f 2143 2148 2144
f 2144 2148 2147
f 2138 2182 2187
f 2187 2182 2188
f 2180 2176 2189
f 2189 2176 2175
f 2177 2176 2160
f 2160 2176 2179
f 2187 2188 2177
f 2177 2188 2178
f 2166 2157 2179
f 2179 2157 2160
f 2145 2180 2190
f 2190 2180 2189
f 2142 2186 2155
f 2155 2186 2183
f 1759 1758 2184
f 2184 1758 2168
f 2185 2141 2190
f 2190 2141 2145
f 2165 2149 2170
f 2170 2149 2148
f 2176 2180 2179
f 2179 2180 2174
f 2187 2177 2159
f 2159 2177 2160
f 2138 2187 2139
f 2139 2187 2159
f 2190 2189 2192
f 2192 2189 2191
f 2190 2192 2185
f 2185 2192 2193
f 2185 2193 2186
f 2186 2193 2194
f 2186 2194 2183
f 2183 2194 2195
f 2189 2175 2191
f 2191 2175 2196
f 2175 2178 2196
f 2196 2178 2197
f 2197 2178 2198
f 2198 2178 2188
f 2200 2191 2199
f 2199 2191 2196
f 2201 2202 2204
f 2204 2202 2203
f 2205 2206 2202
f 2202 2206 2203
f 2203 2206 2208
f 2208 2206 2207
f 2208 2209 2211
f 2211 2209 2210
f 2207 2212 2208
f 2208 2212 2209
f 2211 2204 2208
f 2208 2204 2203
f 2204 2213 2201
f 2201 2213 2214
f 2206 2205 2207
f 2207 2205 2215
f 2205 2193 2215
f 2215 2193 2192
f 2205 2216 2193
f 2193 2216 2194
f 2217 2216 2202
f 2202 2216 2205
f 2218 2217 2201
f 2201 2217 2202
f 2207 2215 2212
f 2212 2215 2200
f 2200 2215 2191
f 2191 2215 2192
f 2219 2218 2214
f 2214 2218 2201
f 2220 2217 2221
f 2221 2217 2218
f 2219 2222 2218
f 2218 2222 2221
f 2223 2220 2224
f 2224 2220 2221
f 2220 2223 2226
f 2226 2223 2225
f 2222 2227 2221
f 2221 2227 2224
f 2217 2220 2216
f 2216 2220 2226
f 2216 2226 2194
f 2194 2226 2195
f 2214 2228 2219
f 2219 2228 2229
f 2214 2213 2228
f 2228 2213 2230
f 2209 2212 2231
f 2231 2212 2200
f 2209 2231 2210
f 2210 2231 2232
f 2231 2200 2233
f 2233 2200 2199
f 2232 2231 2234
f 2234 2231 2233
f 2235 2236 2232
f 2232 2236 2210
f 2230 2236 2228
f 2228 2236 2235
f 2183 2195 2181
f 2181 2195 2237
f 2182 2238 2188
f 2188 2238 2198
f 2237 2238 2181
f 2181 2238 2182
f 2225 2239 2237
f 2237 2239 2238
f 2223 2240 2225
f 2225 2240 2239
f 2238 2239 2198
f 2198 2239 2241
f 2237 2195 2225
f 2225 2195 2226
f 2242 2197 2241
f 2241 2197 2198
f 2197 2242 2196
f 2196 2242 2199
f 2242 2243 2199
f 2199 2243 2233
f 2243 2242 2244
f 2244 2242 2241
f 2245 2243 2246
f 2246 2243 2244
f 2239 2240 2241
f 2241 2240 2244
f 2240 2247 2244
f 2244 2247 2246
f 2243 2245 2233
f 2233 2245 2234
f 2249 2234 2248
f 2248 2234 2245
f 2248 2251 2250
f 2250 2251 2252
f 2248 2245 2251
f 2251 2245 2246
f 2248 2250 2249
f 2249 2250 2229
f 2249 2229 2235
f 2235 2229 2228
f 2235 2232 2249
f 2249 2232 2234
f 2240 2223 2247
f 2247 2223 2224
f 2252 2247 2227
f 2227 2247 2224
f 2252 2251 2247
f 2247 2251 2246
f 2250 2252 2222
f 2222 2252 2227
f 2222 2219 2250
f 2250 2219 2229
f 2204 2211 2213
f 2213 2211 2230
f 2230 2211 2236
f 2236 2211 2210
f 2149 1718 2150
f 2150 1718 1846
f 2154 2153 2157
f 2157 2153 2158
f 2171 2164 2172
f 2172 2164 2163
f 2163 2165 2172
f 2172 2165 2170
f 2253 2151 2169
f 2169 2151 2154
f 2153 2164 2158
f 2158 2164 2171
f 2150 1846 2184
f 2184 1846 1759
f 2184 2168 2173
f 2173 2168 2167
f 2149 2165 1718
f 1718 2165 1756
f 1661 1585 2254
f 2254 1585 2255
f 1824 1682 2257
f 2257 1682 2256
f 1682 1681 2256
f 2256 1681 2258
f 1808 2259 1806
f 1806 2259 2260
f 1588 1824 2261
f 2261 1824 2257
f 1844 1661 2262
f 2262 1661 2254
f 1585 1588 2255
f 2255 1588 2261
f 2263 1807 2262
f 2262 1807 1844
f 1806 2260 1681
f 1681 2260 2258
f 2259 1808 2263
f 2263 1808 1807
f 2262 2264 2263
f 2263 2264 2265
f 2263 2265 2259
f 2259 2265 2266
f 2259 2266 2260
f 2260 2266 2267
f 2260 2267 2258
f 2258 2267 2268
f 2262 2254 2264
f 2264 2254 2269
f 2254 2255 2269
f 2269 2255 2270
f 2255 2261 2270
f 2270 2261 2271
f 2273 2264 2272
f 2272 2264 2269
f 2275 2276 2274
f 2274 2276 2277
f 2278 2279 2275
f 2275 2279 2276
f 2280 2281 2279
f 2279 2281 2276
f 2280 2282 2281
f 2281 2282 2283
f 2284 2277 2281
f 2281 2277 2276
f 2277 2284 2285
f 2285 2284 2286
f 2285 2287 2277
f 2277 2287 2274
f 2280 2279 2288
f 2288 2279 2278
f 2278 2266 2288
f 2288 2266 2265
f 2278 2289 2266
f 2266 2289 2267
f 2275 2290 2278
f 2278 2290 2289
f 2290 2275 2291
f 2291 2275 2274
f 2280 2288 2282
f 2282 2288 2273
f 2273 2288 2264
f 2264 2288 2265
f 2287 2292 2274
f 2274 2292 2291
f 2293 2290 2294
f 2294 2290 2291
f 2292 2295 2291
f 2291 2295 2294
f 2296 2293 2297
f 2297 2293 2294
f 2293 2296 2299
f 2299 2296 2298
f 2295 2300 2294
f 2294 2300 2297
f 2290 2293 2289
f 2289 2293 2299
f 2289 2299 2267
f 2267 2299 2268
f 2292 2287 2302
f 2302 2287 2301
f 2287 2285 2301
f 2301 2285 2286
f 2283 2282 2303
f 2303 2282 2273
f 2304 2283 2305
f 2305 2283 2303
f 2303 2273 2306
f 2306 2273 2272
f 2305 2303 2307
f 2307 2303 2306
f 2305 2308 2304
f 2304 2308 2309
f 2286 2309 2301
f 2301 2309 2308
f 2284 2281 2304
f 2304 2281 2283
f 2286 2284 2309
f 2309 2284 2304
f 2256 2258 2310
f 2310 2258 2268
f 2261 2257 2271
f 2271 2257 2311
f 2310 2311 2256
f 2256 2311 2257
f 2298 2312 2310
f 2310 2312 2311
f 2296 2313 2298
f 2298 2313 2312
f 2311 2312 2271
f 2271 2312 2314
f 2310 2268 2298
f 2298 2268 2299
f 2315 2270 2314
f 2314 2270 2271
f 2270 2315 2269
f 2269 2315 2272
f 2315 2316 2272
f 2272 2316 2306
f 2316 2315 2317
f 2317 2315 2314
f 2318 2316 2319
f 2319 2316 2317
f 2312 2313 2314
f 2314 2313 2317
f 2313 2320 2317
f 2317 2320 2319
f 2316 2318 2306
f 2306 2318 2307
f 2322 2307 2321
f 2321 2307 2318
f 2323 2321 2325
f 2325 2321 2324
f 2321 2318 2324
f 2324 2318 2319
f 2321 2323 2322
f 2322 2323 2302
f 2322 2302 2308
f 2308 2302 2301
f 2308 2305 2322
f 2322 2305 2307
f 2313 2296 2320
f 2320 2296 2297
f 2325 2320 2300
f 2300 2320 2297
f 2325 2324 2320
f 2320 2324 2319
f 2323 2325 2295
f 2295 2325 2300
f 2295 2292 2323
f 2323 2292 2302
f 1775 1773 1764
f 1764 1773 1765
f 1765 1773 1766
f 1766 1773 1749
f 1754 2136 1755
f 1755 2136 2067
f 1632 1631 1845
f 1845 1631 1828
f 1833 1763 1847
f 1847 1763 1740
f 1846 1739 1759
f 1759 1739 1640
f 2046 2136 1698
f 1698 2136 1754
f 1698 1754 1699
f 1699 1754 1753
f 1705 1832 1628
f 1628 1832 1629
f 1660 1659 1835
f 1835 1659 2326
f 2326 2152 1835
f 1835 2152 2151
f 2161 2152 2327
f 2327 2152 2326
f 2327 2326 2328
f 2328 2326 1659
f 2328 1659 2329
f 2329 1659 1658
f 1711 2330 1657
f 1657 2330 1658
f 2329 1658 1653
f 1653 1658 2330
f 2331 2329 1656
f 1656 2329 1653
f 2329 2331 2328
f 2328 2331 2332
f 2328 2332 2327
f 2327 2332 2333
f 1756 2162 1753
f 1753 2162 2333
f 1745 1627 2334
f 2334 1627 1630
f 1653 2330 1654
f 1654 2330 1711
f 1739 1717 1740
f 1740 1717 1847
f 2333 1832 1753
f 1753 1832 1699
f 2333 2162 2327
f 2327 2162 2161
f 2169 2168 2253
f 2253 2168 1758
f 2151 2253 1835
f 1835 2253 1758
f 1629 1832 2332
f 2332 1832 2333
f 2332 2331 1629
f 1629 2331 1630
f 1656 2334 2331
f 2331 2334 1630
f 2334 1656 1745
f 1745 1656 1655
f 1801 1798 1655
f 1655 1798 1745
f 1687 1589 1812
f 1584 1557 1651
f 1651 1557 1618
f 1583 1558 1584
f 1584 1558 1557
f 1821 1671 1822
f 1822 1671 1670
f 1651 1618 1625
f 1625 1618 1620
f 1618 1617 1620
f 1620 1617 1621
f 1617 1569 1621
f 1621 1569 1686
f 1569 1568 1686
f 1686 1568 1570
f 1587 1567 1588
f 1588 1567 1824
f 1571 1568 1587
f 1587 1568 1567
f 1587 1586 1571
f 1571 1586 1787
f 1586 1662 1787
f 1787 1662 1788
f 1843 1793 1662
f 1662 1793 1788
f 1810 1646 1843
f 1843 1646 1793
f 1809 1600 1810
f 1810 1600 1646
f 1809 1805 1600
f 1600 1805 1563
f 1823 1683 1824
f 1824 1683 1682
f 1566 1559 1797
f 1797 1559 1672
f 1559 1558 1672
f 1672 1558 1670
f 1558 1583 1670
f 1670 1583 1822
f 1583 1582 1822
f 1822 1582 1669
f 1582 1842 1669
f 1669 1842 1666
f 1842 1799 1666
f 1666 1799 1811
f 1799 1798 1811
f 1811 1798 1812
f 1798 1801 1812
f 1812 1801 1687
f 1801 1800 1687
f 1687 1800 1688
f 1821 1593 1671
f 1671 1593 1597
f 1597 1593 1598
f 1598 1593 1596
f 1648 1647 1596
f 1596 1647 1598
f 1792 1789 1648
f 1648 1789 1647
f 1747 1750 1792
f 1792 1750 1789
f 1814 1841 1800
f 1800 1841 1688
f 1813 1611 1814
f 1814 1611 1841
f 1813 1710 1757
f 1757 1710 1741
f 1612 1757 1760
f 1760 1757 1736
f 1611 1813 1612
f 1612 1813 1757
f 1760 1641 1612
f 1612 1641 1608
f 1642 1678 1609
f 1609 1678 1635
f 1768 1771 1642
f 1642 1771 1678
f 1767 1772 1768
f 1768 1772 1771
f 1748 1836 1767
f 1767 1836 1772
f 1747 1796 1748
f 1748 1796 1836
f 1805 1680 1563
f 1563 1680 1564
f 1680 1683 1564
f 1564 1683 1797
f 1683 1823 1797
f 1797 1823 1566
f 1566 1823 1565
f 1565 1823 1567
