o hand_left
v -0.198470 0.488626 0.799926
v -0.194032 0.496994 0.794214
v -0.198518 0.488110 0.792392
v -0.203375 0.481354 0.797146
v -0.191331 0.496646 0.774625
v -0.198042 0.500939 0.764771
v -0.204021 0.485348 0.768068
v -0.196215 0.484586 0.775736
v -0.208970 0.476040 0.796699
v -0.202219 0.480935 0.791410
v -0.214052 0.475995 0.797722
v -0.223203 0.474500 0.805005
v -0.216137 0.472538 0.802457
v -0.226673 0.470646 0.811193
v -0.228167 0.484276 0.806915
v -0.229689 0.475198 0.819166
v -0.215947 0.500709 0.825467
v -0.205417 0.505700 0.832098
v -0.207568 0.490890 0.841941
v -0.217549 0.486608 0.833558
v -0.189050 0.500671 0.844876
v -0.199290 0.494671 0.843729
v -0.197996 0.509927 0.834996
v -0.188880 0.514431 0.836389
v -0.187939 0.498614 0.805389
v -0.184112 0.507508 0.799851
v -0.188398 0.504811 0.797986
v -0.192055 0.496088 0.803124
v -0.219840 0.474093 0.790405
v -0.225179 0.485155 0.792197
v -0.221414 0.480113 0.797029
v -0.214751 0.472268 0.791774
v -0.167166 0.527140 0.788011
v -0.169822 0.539957 0.784734
v -0.174793 0.538819 0.781775
v -0.171485 0.527533 0.785709
v -0.189681 0.524762 0.768197
v -0.189859 0.535937 0.771435
v -0.201599 0.542980 0.769374
v -0.204439 0.532519 0.768397
v -0.192941 0.512026 0.765306
v -0.205102 0.518982 0.763628
v -0.208949 0.505025 0.762926
v -0.213150 0.486857 0.765732
v -0.160810 0.543900 0.792962
v -0.157216 0.534914 0.796155
v -0.203315 0.428222 0.809566
v -0.198088 0.430666 0.810636
v -0.200802 0.434892 0.811157
v -0.205709 0.431730 0.810269
v -0.160893 0.547089 0.812903
v -0.167774 0.550731 0.819293
v -0.165389 0.556365 0.815328
v -0.160435 0.552921 0.808115
v -0.161542 0.539322 0.819146
v -0.171130 0.542496 0.824148
v -0.206923 0.421273 0.819570
v -0.207682 0.422337 0.814604
v -0.211035 0.425772 0.816888
v -0.210041 0.425249 0.822142
v -0.208675 0.474654 0.801754
v -0.201354 0.479947 0.804015
v -0.212316 0.462761 0.811191
v -0.207569 0.469141 0.810028
v -0.213810 0.468879 0.806615
v -0.217514 0.463609 0.808943
v -0.189444 0.480890 0.819634
v -0.187853 0.490609 0.813444
v -0.193031 0.487223 0.811252
v -0.195667 0.475769 0.816561
v -0.175015 0.494767 0.817730
v -0.177909 0.485118 0.823796
v -0.170301 0.488661 0.825534
v -0.169016 0.494386 0.820258
v -0.186002 0.469046 0.833128
v -0.187728 0.464847 0.836339
v -0.184715 0.464845 0.836530
v -0.182756 0.470631 0.833907
v -0.164034 0.562396 0.811829
v -0.160964 0.558441 0.803376
v -0.168606 0.507881 0.846263
v -0.159091 0.510468 0.840923
v -0.157640 0.499108 0.848466
v -0.168516 0.499561 0.852750
v -0.177854 0.550996 0.821709
v -0.174411 0.557717 0.819542
v -0.203049 0.422090 0.824348
v -0.205770 0.426157 0.826513
v -0.218130 0.512079 0.769164
v -0.221551 0.490333 0.769424
v -0.214236 0.527988 0.771866
v -0.211830 0.538849 0.775445
v -0.210634 0.547969 0.775709
v -0.203609 0.467621 0.814865
v -0.195969 0.487201 0.806143
v -0.183679 0.500486 0.807239
v -0.155211 0.504883 0.818143
v -0.153887 0.513228 0.811879
v -0.162092 0.507066 0.808814
v -0.161895 0.501335 0.815375
v -0.152466 0.506476 0.834648
v -0.152960 0.500712 0.829026
v -0.153728 0.493754 0.834638
v -0.152685 0.497518 0.841141
v -0.224992 0.474771 0.784731
v -0.227796 0.489447 0.786376
v -0.156915 0.542229 0.804386
v -0.158954 0.547882 0.799427
v -0.160642 0.555546 0.796174
v -0.176066 0.516833 0.792456
v -0.174382 0.527705 0.783839
v -0.177565 0.525630 0.781109
v -0.178984 0.516259 0.791618
v -0.187771 0.503084 0.786352
v -0.185080 0.510156 0.775413
v -0.191889 0.491921 0.786006
v -0.181331 0.538707 0.776766
v -0.175433 0.548060 0.777331
v -0.183281 0.547238 0.773187
v -0.168124 0.550569 0.783356
v -0.162586 0.553103 0.789858
v -0.173111 0.566097 0.818654
v -0.191348 0.546337 0.770983
v -0.200434 0.476446 0.776512
v -0.203283 0.469107 0.776143
v -0.203061 0.469825 0.784056
v -0.199957 0.477164 0.785378
v -0.227464 0.463484 0.816810
v -0.222926 0.462676 0.810716
v -0.221085 0.469472 0.806160
v -0.163766 0.519276 0.795827
v -0.155301 0.526149 0.802212
v -0.208175 0.461546 0.815455
v -0.212864 0.430574 0.823770
v -0.214130 0.431020 0.817990
v -0.223386 0.449752 0.817885
v -0.222391 0.448548 0.824775
v -0.205941 0.457775 0.822782
v -0.207776 0.459479 0.815861
v -0.206723 0.458180 0.816641
v -0.202834 0.456209 0.821725
v -0.176782 0.469552 0.837627
v -0.175179 0.474920 0.835122
v -0.215528 0.471325 0.838670
v -0.227436 0.470660 0.833303
v -0.226759 0.482663 0.826640
v -0.183082 0.484127 0.821820
v -0.183863 0.475719 0.827754
v -0.180298 0.477283 0.829236
v -0.201795 0.465700 0.818715
v -0.204536 0.460901 0.820685
v -0.200929 0.463150 0.823743
v -0.197638 0.468384 0.821002
v -0.159985 0.521769 0.833891
v -0.151911 0.517022 0.826887
v -0.206575 0.425047 0.811020
v -0.209543 0.428474 0.812470
v -0.181643 0.493574 0.815665
v -0.222923 0.495445 0.818406
v -0.178812 0.502313 0.808960
v -0.177965 0.482948 0.852622
v -0.171951 0.479695 0.848931
v -0.172115 0.473156 0.848557
v -0.176489 0.473483 0.852536
v -0.196327 0.441370 0.821411
v -0.197677 0.441287 0.815669
v -0.196108 0.436554 0.815054
v -0.194383 0.436205 0.820581
v -0.212056 0.459678 0.811824
v -0.217641 0.459017 0.809965
v -0.215395 0.454869 0.810304
v -0.210122 0.456523 0.812948
v -0.222862 0.457549 0.812339
v -0.220763 0.452373 0.812679
v -0.198425 0.439019 0.827199
v -0.203833 0.434844 0.830444
v -0.211124 0.451525 0.832609
v -0.204173 0.452514 0.828233
v -0.189346 0.528101 0.829598
v -0.178669 0.530717 0.831337
v -0.177960 0.517250 0.838330
v -0.177252 0.504507 0.846537
v -0.177099 0.491983 0.852976
v -0.189140 0.489540 0.852960
v -0.170231 0.520060 0.838217
v -0.208114 0.461525 0.831950
v -0.215626 0.462034 0.834385
v -0.212043 0.464521 0.836177
v -0.171595 0.503226 0.810596
v -0.212563 0.433427 0.813195
v -0.213011 0.547573 0.797726
v -0.205441 0.551377 0.808162
v -0.207423 0.542973 0.809821
v -0.215345 0.538314 0.797582
v -0.202486 0.439760 0.811084
v -0.208132 0.436776 0.809789
v -0.169238 0.475591 0.837567
v -0.171664 0.470429 0.839936
v -0.170260 0.470292 0.842868
v -0.165577 0.474261 0.840642
v -0.173114 0.532828 0.830786
v -0.155999 0.489627 0.850105
v -0.165964 0.491526 0.854731
v -0.179715 0.542335 0.825254
v -0.189241 0.540489 0.824175
v -0.188635 0.549544 0.820557
v -0.199195 0.478536 0.849509
v -0.196873 0.523929 0.828454
v -0.195867 0.537121 0.822335
v -0.195432 0.547791 0.817912
v -0.194839 0.555809 0.815568
v -0.187360 0.556853 0.818588
v -0.208371 0.431844 0.828247
v -0.200273 0.429058 0.828884
v -0.186391 0.565868 0.817747
v -0.194587 0.564064 0.813816
v -0.203514 0.533436 0.818742
v -0.211966 0.528740 0.812991
v -0.204067 0.520731 0.824678
v -0.212674 0.515060 0.819778
v -0.210313 0.478869 0.848751
v -0.187858 0.419575 0.821331
v -0.193073 0.428371 0.824610
v -0.191776 0.431445 0.819817
v -0.185786 0.422002 0.818588
v -0.195791 0.433600 0.825873
v -0.197525 0.425123 0.826604
v -0.220863 0.508830 0.809747
v -0.202748 0.459806 0.826358
v -0.219741 0.522055 0.798501
v -0.228371 0.496669 0.800931
v -0.226293 0.505287 0.790903
v -0.218726 0.533659 0.785144
v -0.223398 0.517567 0.780578
v -0.213818 0.551469 0.785822
v -0.215786 0.542852 0.786946
v -0.226448 0.500255 0.777911
v -0.194820 0.421367 0.807407
v -0.190290 0.424093 0.809444
v -0.211924 0.555730 0.796303
v -0.196414 0.483807 0.786090
v -0.170730 0.510543 0.802527
v -0.176231 0.509632 0.801740
v -0.154071 0.518321 0.808028
v -0.162994 0.512446 0.803065
v -0.198804 0.417998 0.808317
v -0.188357 0.462926 0.839854
v -0.188462 0.464422 0.839317
v -0.205828 0.476373 0.769134
v -0.207566 0.470455 0.769887
v -0.220752 0.471160 0.771874
v -0.214456 0.470423 0.768551
v -0.213995 0.477695 0.766745
v -0.220879 0.479197 0.769915
v -0.173545 0.516889 0.793310
v -0.169886 0.517205 0.794743
v -0.160428 0.531142 0.826088
v -0.152760 0.525628 0.819390
v -0.225739 0.457144 0.818025
v -0.228650 0.464675 0.824904
v -0.225586 0.457428 0.825100
v -0.218794 0.450997 0.830620
v -0.204718 0.458869 0.828433
v -0.207532 0.458607 0.828651
v -0.180761 0.518505 0.778335
v -0.183233 0.511908 0.789193
v -0.204817 0.476889 0.791258
v -0.207204 0.470920 0.790427
v -0.191584 0.473097 0.823562
v -0.197818 0.466461 0.847442
v -0.206753 0.467333 0.845783
v -0.194094 0.466238 0.828349
v -0.199496 0.413628 0.815432
v -0.200036 0.415408 0.810823
v -0.222661 0.459818 0.831343
v -0.172486 0.480216 0.830677
v -0.193784 0.472190 0.848730
v -0.191689 0.463785 0.845581
v -0.152489 0.491275 0.842886
v -0.204393 0.559856 0.805623
v -0.193006 0.432106 0.814399
v -0.186957 0.425111 0.813029
v -0.191413 0.417461 0.822500
v -0.196658 0.414944 0.820754
v -0.154828 0.532819 0.811384
v -0.179854 0.508659 0.801340
v -0.226579 0.485296 0.777165
v -0.224488 0.473446 0.778216
v -0.195531 0.463495 0.831216
v -0.171673 0.486006 0.852766
v -0.186711 0.479767 0.854151
v -0.184634 0.470045 0.854374
v -0.189642 0.465950 0.850462
v -0.190330 0.462781 0.844052
v -0.188316 0.413811 0.820136
v -0.193552 0.411785 0.818640
v -0.196858 0.410630 0.813485
v -0.197420 0.412226 0.809438
v -0.196138 0.415690 0.807142
v -0.184359 0.415455 0.818971
v -0.182639 0.417543 0.816223
v -0.184427 0.421891 0.812042
v -0.181360 0.412404 0.815691
v -0.183888 0.407569 0.815424
v -0.190041 0.403508 0.803487
v -0.192418 0.405322 0.808567
v -0.190177 0.403721 0.808481
v -0.187563 0.401691 0.804694
v -0.184004 0.399064 0.801911
v -0.186529 0.400686 0.800001
v -0.188387 0.405202 0.812568
v -0.184308 0.402304 0.807933
v -0.180788 0.403928 0.809664
v -0.177820 0.400825 0.806039
v -0.180841 0.399114 0.804574
v -0.183815 0.405495 0.812939
v -0.189657 0.406338 0.814369
v -0.182434 0.398868 0.798642
v -0.181703 0.397639 0.800745
v -0.178857 0.397961 0.802452
v -0.177502 0.398283 0.799694
v -0.195217 0.410058 0.806531
v -0.190547 0.405324 0.801581
v -0.185747 0.403356 0.798350
v -0.181709 0.401258 0.797228
v -0.188030 0.408109 0.799707
v -0.184159 0.405813 0.797844
v -0.180409 0.404336 0.797091
v -0.184539 0.410648 0.799405
v -0.181678 0.407845 0.798114
v -0.191445 0.417275 0.805470
v -0.194932 0.414726 0.805642
v -0.179695 0.406386 0.797091
v -0.176576 0.400058 0.798623
v -0.179053 0.406880 0.811225
v -0.175923 0.403403 0.805764
v -0.177818 0.408939 0.810582
v -0.174492 0.405324 0.805490
v -0.174377 0.400311 0.802843
v -0.176626 0.399409 0.803739
v -0.192886 0.419639 0.807071
v -0.187853 0.422128 0.809206
v -0.186252 0.419989 0.807758
v -0.180509 0.412734 0.801187
v -0.182555 0.419427 0.810158
v -0.179958 0.414844 0.812928
v -0.176722 0.410601 0.808215
v -0.177238 0.412407 0.805242
v -0.174655 0.407548 0.804093
v -0.175894 0.408907 0.802298
v -0.178444 0.409173 0.799337
v -0.174357 0.405024 0.800776
v -0.173857 0.402335 0.801983
v -0.176648 0.403459 0.798151
v -0.175184 0.406784 0.800383
v -0.177465 0.406009 0.798504
v -0.185464 0.433582 0.825260
v -0.180174 0.435813 0.827963
v -0.183577 0.439309 0.829161
v -0.187920 0.437161 0.826760
v -0.192024 0.425171 0.833988
v -0.191323 0.427803 0.828530
v -0.194822 0.431055 0.830543
v -0.194888 0.429138 0.837086
v -0.188571 0.425772 0.840101
v -0.191323 0.430464 0.842751
v -0.198153 0.433966 0.838758
v -0.197839 0.436050 0.831899
v -0.205474 0.455454 0.833202
v -0.206564 0.454650 0.839790
v -0.188780 0.461134 0.835039
v -0.187946 0.460221 0.838485
v -0.188551 0.431017 0.825810
v -0.191751 0.434242 0.827531
v -0.179929 0.443947 0.837060
v -0.181689 0.444407 0.831849
v -0.179746 0.440217 0.832115
v -0.178208 0.439087 0.837318
v -0.199304 0.458446 0.828675
v -0.194082 0.460096 0.832082
v -0.202524 0.456875 0.829693
v -0.181554 0.441379 0.842955
v -0.186308 0.438117 0.846669
v -0.195161 0.456429 0.848810
v -0.189677 0.457476 0.846153
v -0.194989 0.438420 0.827841
v -0.185690 0.442955 0.828025
v -0.190309 0.441155 0.826239
v -0.193769 0.435815 0.844407
v -0.183785 0.432689 0.844828
v -0.170401 0.422103 0.835286
v -0.176633 0.431496 0.840302
v -0.175237 0.434351 0.836197
v -0.167803 0.424868 0.832170
v -0.179277 0.436145 0.842043
v -0.181357 0.428345 0.842150
v -0.174505 0.424388 0.820099
v -0.169308 0.426738 0.823215
v -0.178158 0.421519 0.819896
v -0.202694 0.455626 0.845825
v -0.182959 0.416954 0.827561
v -0.181144 0.419325 0.821857
v -0.176443 0.436369 0.831606
v -0.166924 0.426556 0.827739
v -0.174160 0.419619 0.835845
v -0.180870 0.417587 0.833698
v -0.171470 0.415074 0.831943
v -0.176971 0.413729 0.830019
v -0.179673 0.413797 0.824928
v -0.178794 0.417087 0.820753
v -0.176340 0.420060 0.819395
v -0.167853 0.416864 0.831561
v -0.165129 0.420097 0.829550
v -0.165461 0.423757 0.826283
v -0.163182 0.414816 0.824707
v -0.166381 0.411041 0.824249
v -0.172114 0.411845 0.806495
v -0.174708 0.412352 0.812013
v -0.173137 0.410388 0.812797
v -0.170451 0.410054 0.807876
v -0.176423 0.411137 0.817850
v -0.174393 0.410040 0.817228
v -0.171107 0.409427 0.820702
v -0.168724 0.410027 0.814842
v -0.164588 0.410805 0.817266
v -0.162130 0.409838 0.812003
v -0.166052 0.408629 0.809565
v -0.167243 0.409942 0.820890
v -0.168018 0.409610 0.805124
v -0.167636 0.410973 0.802979
v -0.172582 0.409206 0.823395
v -0.178468 0.416042 0.818433
v -0.175027 0.415228 0.810634
v -0.171371 0.414781 0.805052
v -0.165897 0.413399 0.802229
v -0.172806 0.418703 0.809547
v -0.169314 0.417341 0.804783
v -0.164779 0.415717 0.803085
v -0.169038 0.421654 0.809841
v -0.165774 0.419563 0.805558
v -0.172972 0.423447 0.819083
v -0.176838 0.420476 0.817853
v -0.164312 0.417763 0.804292
v -0.163305 0.409315 0.803979
v -0.162010 0.412205 0.802861
v -0.164222 0.408856 0.805522
v -0.162815 0.411943 0.817977
v -0.160597 0.411461 0.811731
v -0.160904 0.414224 0.817758
v -0.159162 0.413239 0.810781
v -0.159960 0.410343 0.807034
v -0.161271 0.409356 0.807337
v -0.172833 0.422669 0.820640
v -0.168052 0.424486 0.823274
v -0.168025 0.424761 0.821701
v -0.164168 0.422090 0.812293
v -0.164444 0.423083 0.824168
v -0.162515 0.418695 0.824329
v -0.160077 0.417011 0.817288
v -0.160832 0.420193 0.814885
v -0.157912 0.415048 0.810773
v -0.159164 0.418005 0.810740
v -0.162237 0.420181 0.807677
v -0.158109 0.413810 0.806085
v -0.158961 0.411635 0.806360
v -0.161638 0.414321 0.803364
v -0.158819 0.416552 0.807010
v -0.161655 0.417196 0.804755
v -0.174538 0.444423 0.833618
v -0.169518 0.446912 0.835213
v -0.171504 0.449562 0.836542
v -0.176416 0.447078 0.835288
v -0.178755 0.436829 0.843136
v -0.179153 0.438087 0.838297
v -0.181923 0.441285 0.840499
v -0.182327 0.440951 0.846010
v -0.174327 0.436133 0.846718
v -0.178562 0.441623 0.851010
v -0.185121 0.445423 0.848149
v -0.184300 0.444869 0.842075
v -0.188924 0.459002 0.843638
v -0.188665 0.459126 0.850207
v -0.177444 0.441167 0.835205
v -0.179553 0.443928 0.836860
v -0.166711 0.452251 0.843038
v -0.168821 0.452231 0.838615
v -0.167372 0.450026 0.839967
v -0.165890 0.449021 0.843994
v -0.182855 0.463486 0.836418
v -0.177746 0.466098 0.838283
v -0.186222 0.460451 0.838608
v -0.168127 0.450551 0.849368
v -0.173452 0.448617 0.854055
v -0.175548 0.463194 0.853896
v -0.171942 0.465004 0.849317
v -0.181744 0.446485 0.837827
v -0.173092 0.451691 0.835419
v -0.178007 0.449192 0.834824
v -0.180711 0.447103 0.852566
v -0.171566 0.443386 0.852127
v -0.157647 0.430837 0.838704
v -0.164943 0.442564 0.847462
v -0.163885 0.446062 0.842673
v -0.155946 0.434052 0.836077
v -0.166642 0.446141 0.849044
v -0.168991 0.438931 0.849342
v -0.165780 0.435556 0.826465
v -0.161031 0.437314 0.828607
v -0.169522 0.433345 0.828233
v -0.183568 0.460946 0.854895
v -0.171797 0.466633 0.843077
v -0.171031 0.428018 0.833666
v -0.171023 0.430909 0.830243
v -0.165622 0.447415 0.838873
v -0.156918 0.436729 0.832566
v -0.161820 0.428389 0.840515
v -0.168102 0.427279 0.838898
v -0.159745 0.425462 0.836251
v -0.166220 0.424522 0.835097
v -0.169870 0.426208 0.830987
v -0.169939 0.430253 0.828104
v -0.168339 0.432995 0.826414
v -0.155815 0.428783 0.834211
v -0.154563 0.432155 0.832225
v -0.157047 0.436224 0.831155
v -0.154026 0.427968 0.830417
v -0.157212 0.423475 0.829779
v -0.162557 0.424997 0.812894
v -0.164694 0.425623 0.818745
v -0.163813 0.424890 0.819161
v -0.161568 0.423623 0.813438
v -0.166614 0.424564 0.825428
v -0.165100 0.424022 0.824296
v -0.162228 0.422728 0.826702
v -0.159513 0.421991 0.820490
v -0.154192 0.423969 0.822880
v -0.152965 0.423028 0.817241
v -0.157649 0.421021 0.814725
v -0.157760 0.423268 0.827611
v -0.159645 0.422891 0.810616
v -0.160749 0.423466 0.809168
v -0.163168 0.422416 0.829203
v -0.168475 0.429061 0.824759
v -0.165738 0.428369 0.817826
v -0.163602 0.427833 0.811970
v -0.160458 0.427120 0.808681
v -0.164454 0.432008 0.817436
v -0.162282 0.430667 0.812452
v -0.159386 0.429832 0.809578
v -0.161930 0.434291 0.817614
v -0.159948 0.432704 0.813426
v -0.164792 0.435802 0.825472
v -0.167668 0.433078 0.824864
v -0.158260 0.431315 0.811067
v -0.156125 0.422238 0.809323
v -0.154797 0.426203 0.808492
v -0.156597 0.421854 0.810974
v -0.152904 0.424855 0.823871
v -0.150926 0.424140 0.816870
v -0.151576 0.427403 0.823872
v -0.149790 0.426558 0.817021
v -0.151842 0.422966 0.812302
v -0.152787 0.422464 0.812924
v -0.165212 0.435395 0.826120
v -0.160790 0.436986 0.828343
v -0.160635 0.437303 0.827585
v -0.157264 0.435652 0.818902
v -0.156633 0.436294 0.829738
v -0.153196 0.431460 0.828735
v -0.151765 0.430639 0.822762
v -0.153264 0.433836 0.820791
v -0.150318 0.429350 0.816836
v -0.152035 0.431709 0.816963
v -0.155929 0.433823 0.814569
v -0.151459 0.428474 0.812713
v -0.150851 0.425509 0.812175
v -0.154870 0.429255 0.809625
v -0.152431 0.430783 0.813412
v -0.155134 0.431298 0.811228
v -0.173818 0.467015 0.840254
v -0.163315 0.455480 0.838737
v -0.159168 0.456532 0.838575
v -0.159217 0.457819 0.839406
v -0.163618 0.457793 0.839219
v -0.166828 0.453087 0.849369
v -0.167647 0.453120 0.844677
v -0.169063 0.456671 0.846406
v -0.168139 0.456807 0.850916
v -0.162692 0.453722 0.852536
v -0.163301 0.457196 0.853599
v -0.168366 0.460787 0.851353
v -0.169549 0.460760 0.846759
v -0.171021 0.476452 0.847795
v -0.169427 0.478840 0.852382
v -0.152313 0.484231 0.843114
v -0.154098 0.484242 0.838318
v -0.154053 0.475356 0.840166
v -0.152250 0.476520 0.844341
v -0.166170 0.454207 0.841096
v -0.167417 0.457381 0.841724
v -0.151944 0.460746 0.845391
v -0.154531 0.460573 0.841227
v -0.155225 0.458340 0.840659
v -0.151900 0.457989 0.843982
v -0.158093 0.481255 0.836606
v -0.162142 0.478701 0.837817
v -0.162116 0.474953 0.837771
v -0.158135 0.473726 0.838234
v -0.167176 0.473849 0.841156
v -0.152673 0.460726 0.849737
v -0.156935 0.460757 0.854088
v -0.155407 0.479881 0.853346
v -0.152822 0.478917 0.849093
v -0.167758 0.459708 0.842579
v -0.158946 0.460469 0.839377
v -0.163073 0.459522 0.839600
v -0.163544 0.461093 0.854621
v -0.156754 0.457174 0.852705
v -0.150340 0.448132 0.844996
v -0.151752 0.455298 0.847917
v -0.151588 0.456476 0.843155
v -0.149851 0.449614 0.842048
v -0.152445 0.457369 0.848466
v -0.155940 0.453692 0.851540
v -0.160928 0.450088 0.835785
v -0.155646 0.451278 0.836581
v -0.163674 0.448728 0.837394
v -0.163621 0.480566 0.855024
v -0.164399 0.445700 0.844364
v -0.164919 0.446734 0.840000
v -0.155108 0.456677 0.839948
v -0.151648 0.450957 0.838830
v -0.153851 0.446305 0.847833
v -0.160223 0.445906 0.848517
v -0.153291 0.442450 0.844720
v -0.159628 0.442351 0.845337
v -0.163686 0.443335 0.840626
v -0.163803 0.445955 0.837629
v -0.162413 0.448109 0.835629
v -0.149691 0.444924 0.842309
v -0.149211 0.446986 0.840103
v -0.151187 0.449422 0.837786
v -0.149188 0.441999 0.839386
v -0.152828 0.438801 0.839317
v -0.157742 0.438002 0.826820
v -0.159548 0.439921 0.830186
v -0.158973 0.439045 0.830837
v -0.157776 0.437015 0.827344
v -0.161341 0.440900 0.835405
v -0.160038 0.439730 0.834870
v -0.158023 0.439079 0.837888
v -0.156273 0.436681 0.833271
v -0.150971 0.436771 0.834339
v -0.150243 0.434805 0.830612
v -0.155027 0.434594 0.830161
v -0.153786 0.437923 0.837887
v -0.156483 0.434964 0.825813
v -0.156343 0.435095 0.824398
v -0.158847 0.439515 0.840031
v -0.162198 0.444631 0.833838
v -0.159549 0.441614 0.828190
v -0.157304 0.438712 0.824483
v -0.154725 0.436135 0.822983
v -0.158555 0.443972 0.827836
v -0.156136 0.440532 0.823551
v -0.153561 0.438079 0.822305
v -0.155932 0.446116 0.827835
v -0.154151 0.442203 0.824028
v -0.157731 0.449566 0.832924
v -0.160638 0.447437 0.832763
v -0.152782 0.439557 0.822966
v -0.153160 0.432986 0.825535
v -0.151663 0.434947 0.823757
v -0.153669 0.432827 0.827121
v -0.149676 0.437368 0.834582
v -0.148677 0.435141 0.830005
v -0.147921 0.439098 0.834210
v -0.147519 0.436700 0.828963
v -0.149818 0.433515 0.826986
v -0.151185 0.433352 0.828371
v -0.158973 0.449772 0.834359
v -0.155199 0.450337 0.835555
v -0.153595 0.449719 0.834305
v -0.151973 0.446530 0.829160
v -0.149902 0.448110 0.836587
v -0.148451 0.444944 0.838384
v -0.147359 0.441519 0.832980
v -0.148311 0.444273 0.831119
v -0.147380 0.438479 0.827645
v -0.148339 0.441173 0.826508
v -0.150933 0.442767 0.825020
v -0.149176 0.436873 0.824617
v -0.149132 0.435082 0.825313
v -0.151027 0.436906 0.823212
v -0.149430 0.438801 0.824275
v -0.150851 0.439259 0.823504
v -0.153268 0.483535 0.847160
v -0.221637 0.460541 0.785850
v -0.217416 0.460441 0.789575
v -0.204148 0.458098 0.780429
v -0.206729 0.458077 0.786914
v -0.205983 0.457756 0.773924
v -0.216034 0.459470 0.769831
v -0.210409 0.459334 0.770434
v -0.211650 0.458958 0.790169
v -0.223907 0.460918 0.780232
v -0.222027 0.460749 0.773218
v -0.224681 0.452895 0.781368
v -0.222603 0.452970 0.773858
v -0.217082 0.451982 0.769695
v -0.210226 0.453173 0.770393
v -0.205878 0.453227 0.773020
v -0.220644 0.454130 0.787125
v -0.216008 0.454438 0.790228
v -0.209477 0.454615 0.789749
v -0.218049 0.446416 0.789279
v -0.218070 0.437206 0.784810
v -0.207332 0.425892 0.773251
v -0.208239 0.432616 0.772326
v -0.210609 0.431570 0.773694
v -0.209929 0.425463 0.773952
v -0.211753 0.437000 0.772407
v -0.212510 0.435394 0.774085
v -0.215924 0.436353 0.778060
v -0.215010 0.430757 0.778362
v -0.216733 0.435391 0.783097
v -0.215543 0.431643 0.784541
v -0.214245 0.425218 0.778841
v -0.211093 0.421792 0.775227
v -0.213196 0.420584 0.779286
v -0.207922 0.421006 0.775558
v -0.218305 0.436985 0.777146
v -0.208547 0.443158 0.770601
v -0.205272 0.435022 0.772127
v -0.203914 0.427364 0.774229
v -0.205089 0.421794 0.777113
v -0.201916 0.436953 0.774576
v -0.201592 0.429874 0.777207
v -0.202959 0.425105 0.780422
v -0.200439 0.438378 0.779128
v -0.201212 0.431482 0.780933
v -0.202841 0.450872 0.778605
v -0.204459 0.448024 0.772802
v -0.202663 0.427517 0.782073
v -0.211204 0.418712 0.780435
v -0.208049 0.419721 0.782277
v -0.215482 0.433150 0.787723
v -0.215339 0.426254 0.785057
v -0.213937 0.427047 0.787791
v -0.213811 0.435818 0.790403
v -0.211919 0.428069 0.789718
v -0.213012 0.421696 0.785682
v -0.214656 0.422475 0.783352
v -0.203546 0.454511 0.778723
v -0.205291 0.455319 0.785134
v -0.204673 0.451875 0.785092
v -0.202171 0.439872 0.785522
v -0.208195 0.450455 0.790057
v -0.213827 0.448234 0.791258
v -0.210556 0.437517 0.791630
v -0.206212 0.439291 0.790191
v -0.208582 0.429722 0.789962
v -0.206054 0.431107 0.788761
v -0.202610 0.431575 0.785192
v -0.207460 0.425090 0.787536
v -0.210399 0.422840 0.787440
v -0.205346 0.423299 0.784059
v -0.205906 0.427478 0.787184
v -0.204106 0.426823 0.784705
v -0.154458 0.489304 0.836634
v -0.159102 0.485777 0.833780
v -0.157633 0.490943 0.830988
v -0.156236 0.497431 0.824862
v -0.152415 0.507112 0.823241
v -0.162321 0.495241 0.822226
v -0.163350 0.488531 0.828784
v -0.165633 0.481366 0.833493
v -0.168055 0.499974 0.815224
f 2 3 1
f 1 3 4
f 5 6 8
f 8 6 7
f 9 4 10
f 10 4 3
f 12 13 11
f 11 13 9
f 14 12 16
f 16 12 15
f 18 19 17
f 17 19 20
f 22 23 21
f 21 23 24
f 26 27 25
f 25 27 28
f 30 31 29
f 29 31 32
f 33 34 36
f 36 34 35
f 37 38 40
f 40 38 39
f 41 42 6
f 6 42 43
f 6 43 7
f 7 43 44
f 45 34 46
f 46 34 33
f 48 49 47
f 47 49 50
f 52 53 51
f 51 53 54
f 56 52 55
f 55 52 51
f 58 59 57
f 57 59 60
f 61 62 4
f 4 62 1
f 64 65 63
f 63 65 66
f 68 69 67
f 67 69 70
f 72 73 71
f 71 73 74
f 76 77 75
f 75 77 78
f 53 79 54
f 54 79 80
f 82 83 81
f 81 83 84
f 85 86 52
f 52 86 53
f 57 60 87
f 87 60 88
f 89 90 43
f 43 90 44
f 43 42 89
f 89 42 91
f 40 39 92
f 92 39 93
f 94 70 64
f 64 70 69
f 13 61 9
f 9 61 4
f 25 28 69
f 69 28 95
f 96 25 68
f 68 25 69
f 98 99 97
f 97 99 100
f 101 102 104
f 104 102 103
f 106 30 105
f 105 30 29
f 51 54 107
f 107 54 108
f 54 80 108
f 108 80 109
f 111 112 110
f 110 112 113
f 115 5 114
f 114 5 116
f 115 41 5
f 5 41 6
f 36 35 111
f 111 35 117
f 35 118 117
f 117 118 119
f 34 120 35
f 35 120 118
f 34 45 120
f 120 45 121
f 125 126 124
f 124 126 127
f 128 129 14
f 14 129 130
f 33 131 46
f 46 131 132
f 133 94 63
f 63 94 64
f 134 135 137
f 137 135 136
f 139 140 138
f 138 140 141
f 77 142 78
f 78 142 143
f 144 145 20
f 20 145 146
f 148 149 147
f 147 149 72
f 151 152 150
f 150 152 153
f 82 101 83
f 83 101 104
f 101 82 155
f 155 82 154
f 156 157 58
f 58 157 59
f 158 68 147
f 147 68 67
f 159 146 15
f 15 146 16
f 68 158 96
f 96 158 160
f 129 66 130
f 130 66 65
f 162 163 161
f 161 163 164
f 166 167 165
f 165 167 168
f 170 171 169
f 169 171 172
f 174 171 173
f 173 171 170
f 176 177 175
f 175 177 178
f 180 181 179
f 179 181 24
f 182 183 21
f 21 183 184
f 81 185 82
f 82 185 154
f 186 187 188
f 188 187 144
f 158 71 160
f 160 71 189
f 190 135 157
f 157 135 59
f 169 172 139
f 139 172 140
f 147 72 158
f 158 72 71
f 192 193 191
f 191 193 194
f 167 166 49
f 49 166 195
f 196 190 50
f 50 190 157
f 197 198 200
f 200 198 199
f 21 24 182
f 182 24 181
f 146 159 20
f 20 159 17
f 182 181 81
f 81 181 185
f 201 185 180
f 180 185 181
f 202 203 83
f 83 203 84
f 205 206 204
f 204 206 85
f 207 22 184
f 184 22 21
f 179 24 208
f 208 24 23
f 208 209 179
f 179 209 205
f 209 210 205
f 205 210 206
f 212 206 211
f 211 206 210
f 179 205 180
f 180 205 204
f 213 176 88
f 88 176 214
f 86 85 212
f 212 85 206
f 193 217 218
f 217 219 218
f 218 219 220
f 219 18 220
f 220 18 17
f 19 221 20
f 20 221 144
f 222 223 225
f 225 223 224
f 175 226 176
f 176 226 214
f 227 87 214
f 214 87 88
f 220 17 228
f 228 17 159
f 134 213 60
f 60 213 88
f 138 229 151
f 151 229 152
f 193 192 210
f 210 192 211
f 230 194 218
f 218 194 193
f 231 232 228
f 228 232 230
f 233 234 91
f 91 234 89
f 235 236 93
f 93 236 92
f 230 232 234
f 234 232 237
f 47 238 48
f 48 238 239
f 240 191 235
f 235 191 236
f 5 8 116
f 116 8 241
f 242 243 189
f 189 243 160
f 244 245 98
f 98 245 99
f 156 246 47
f 47 246 238
f 76 247 77
f 77 247 248
f 250 125 249
f 249 125 124
f 252 253 251
f 251 253 254
f 111 110 36
f 36 110 255
f 256 33 255
f 255 33 36
f 257 258 154
f 154 258 155
f 63 169 133
f 133 169 139
f 66 170 63
f 63 170 169
f 173 170 129
f 129 170 66
f 129 128 173
f 173 128 259
f 128 260 259
f 259 260 261
f 213 134 262
f 262 134 137
f 263 264 186
f 186 264 187
f 112 265 113
f 113 265 266
f 11 267 268
f 234 233 230
f 230 233 194
f 153 269 70
f 70 269 67
f 175 178 165
f 165 178 141
f 150 153 94
f 94 153 70
f 271 221 270
f 270 221 207
f 269 153 272
f 272 153 152
f 121 45 109
f 109 45 108
f 47 50 156
f 156 50 157
f 57 273 58
f 58 273 274
f 145 275 260
f 260 275 261
f 276 149 143
f 143 149 78
f 148 269 75
f 75 269 272
f 207 277 270
f 270 277 278
f 195 196 49
f 49 196 50
f 59 135 60
f 60 135 134
f 83 104 202
f 202 104 279
f 149 148 78
f 78 148 75
f 247 278 248
f 248 278 277
f 183 182 84
f 84 182 81
f 48 239 281
f 281 239 282
f 227 223 283
f 283 223 222
f 223 226 224
f 224 226 168
f 281 282 224
f 224 282 225
f 165 168 175
f 175 168 226
f 264 263 138
f 138 263 229
f 14 16 128
f 128 16 260
f 220 228 218
f 218 228 230
f 87 227 284
f 284 227 283
f 260 16 145
f 145 16 146
f 244 98 258
f 258 98 155
f 58 274 156
f 156 274 246
f 107 285 51
f 51 285 55
f 243 286 160
f 160 286 96
f 234 237 89
f 89 237 90
f 46 132 107
f 107 132 285
f 253 252 249
f 249 252 250
f 286 26 96
f 96 26 25
f 106 105 287
f 287 105 288
f 272 152 289
f 289 152 229
f 138 151 139
f 139 151 133
f 183 290 161
f 161 290 162
f 291 292 277
f 277 292 293
f 151 150 133
f 133 150 94
f 262 275 177
f 177 275 187
f 144 187 145
f 145 187 275
f 273 57 284
f 284 57 87
f 174 136 190
f 190 136 135
f 111 117 112
f 112 117 38
f 117 119 38
f 38 119 123
f 112 38 265
f 265 38 37
f 287 288 254
f 254 288 251
f 228 159 231
f 231 159 15
f 223 227 226
f 226 227 214
f 147 67 148
f 148 67 269
f 224 168 281
f 281 168 167
f 199 163 200
f 200 163 162
f 45 46 108
f 108 46 107
f 281 167 48
f 48 167 49
f 161 164 291
f 291 164 292
f 38 123 39
f 293 294 277
f 277 294 248
f 284 283 296
f 296 283 295
f 284 296 273
f 273 296 297
f 274 273 298
f 298 273 297
f 246 274 299
f 299 274 298
f 283 222 295
f 295 222 300
f 222 225 300
f 300 225 301
f 301 225 302
f 302 225 282
f 303 304 300
f 300 304 295
f 306 307 305
f 305 307 308
f 309 310 308
f 308 310 305
f 308 307 312
f 312 307 311
f 313 314 312
f 312 314 315
f 311 316 312
f 312 316 313
f 317 304 311
f 311 304 316
f 315 309 312
f 312 309 308
f 318 319 321
f 321 319 320
f 319 318 309
f 309 318 310
f 311 307 317
f 317 307 306
f 306 297 317
f 317 297 296
f 306 322 297
f 297 322 298
f 305 323 306
f 306 323 322
f 323 305 324
f 324 305 310
f 304 317 295
f 295 317 296
f 318 325 310
f 310 325 324
f 323 324 326
f 326 324 327
f 324 325 327
f 327 325 328
f 326 327 329
f 329 327 330
f 329 331 326
f 326 331 332
f 333 330 328
f 328 330 327
f 323 326 322
f 322 326 332
f 322 332 298
f 298 332 299
f 325 318 334
f 334 318 321
f 313 316 335
f 335 316 304
f 335 336 313
f 313 336 314
f 304 303 335
f 335 303 337
f 336 335 338
f 338 335 337
f 336 339 314
f 314 339 340
f 246 299 238
f 238 299 341
f 239 342 282
f 282 342 302
f 342 239 341
f 341 239 238
f 341 331 342
f 342 331 343
f 331 329 343
f 343 329 344
f 342 343 302
f 302 343 345
f 341 299 331
f 331 299 332
f 346 301 345
f 345 301 302
f 346 303 301
f 301 303 300
f 347 337 346
f 346 337 303
f 347 346 348
f 348 346 345
f 349 347 350
f 350 347 348
f 343 344 345
f 345 344 348
f 344 351 348
f 348 351 350
f 337 347 338
f 338 347 349
f 353 338 352
f 352 338 349
f 352 355 354
f 354 355 356
f 352 349 355
f 355 349 350
f 352 354 353
f 353 354 334
f 353 334 339
f 339 334 321
f 339 336 353
f 353 336 338
f 329 330 344
f 344 330 351
f 356 351 333
f 333 351 330
f 356 355 351
f 351 355 350
f 354 356 328
f 328 356 333
f 328 325 354
f 354 325 334
f 309 315 319
f 319 315 320
f 320 340 321
f 321 340 339
f 320 315 340
f 340 315 314
f 137 136 261
f 261 136 259
f 140 166 141
f 141 166 165
f 172 171 195
f 195 171 196
f 171 174 196
f 196 174 190
f 178 177 264
f 264 177 187
f 172 195 140
f 140 195 166
f 137 261 262
f 262 261 275
f 178 264 141
f 141 264 138
f 262 177 213
f 213 177 176
f 136 174 259
f 259 174 173
f 358 359 357
f 357 359 360
f 362 363 361
f 361 363 364
f 361 364 365
f 365 364 366
f 367 368 370
f 370 368 369
f 76 371 247
f 247 371 372
f 373 374 362
f 362 374 363
f 376 377 375
f 375 377 378
f 289 229 380
f 380 229 379
f 381 379 263
f 263 379 229
f 383 384 382
f 382 384 385
f 386 368 374
f 374 368 363
f 76 289 371
f 371 289 380
f 377 376 359
f 359 376 387
f 388 386 360
f 360 386 374
f 389 383 366
f 366 383 390
f 392 393 391
f 391 393 394
f 383 382 390
f 390 382 395
f 396 365 390
f 390 365 366
f 389 366 367
f 367 366 364
f 357 397 358
f 358 397 398
f 373 399 357
f 357 399 397
f 389 367 400
f 400 367 370
f 382 385 375
f 375 385 372
f 357 360 373
f 373 360 374
f 361 401 362
f 362 401 402
f 387 388 359
f 359 388 360
f 363 368 364
f 364 368 367
f 358 398 403
f 403 398 404
f 396 392 405
f 405 392 391
f 392 395 393
f 393 395 378
f 393 403 394
f 394 403 404
f 375 378 382
f 382 378 395
f 365 396 406
f 406 396 405
f 362 402 373
f 373 402 399
f 271 270 400
f 400 270 384
f 401 361 406
f 406 361 365
f 381 369 386
f 386 369 368
f 392 396 395
f 395 396 390
f 393 378 403
f 403 378 377
f 403 377 358
f 358 377 359
f 406 405 408
f 408 405 407
f 406 408 401
f 401 408 409
f 401 409 402
f 402 409 410
f 402 410 399
f 399 410 411
f 405 391 407
f 407 391 412
f 391 394 412
f 412 394 413
f 394 404 413
f 413 404 414
f 415 416 412
f 412 416 407
f 418 419 417
f 417 419 420
f 421 422 418
f 418 422 419
f 419 422 424
f 424 422 423
f 425 426 424
f 424 426 427
f 423 428 424
f 424 428 425
f 427 420 424
f 424 420 419
f 420 429 417
f 417 429 430
f 423 422 431
f 431 422 421
f 421 409 431
f 431 409 408
f 421 432 409
f 409 432 410
f 418 433 421
f 421 433 432
f 434 433 417
f 417 433 418
f 431 416 423
f 423 416 428
f 416 431 407
f 407 431 408
f 435 434 430
f 430 434 417
f 433 434 436
f 436 434 437
f 434 435 437
f 437 435 438
f 436 437 439
f 439 437 440
f 439 441 436
f 436 441 442
f 438 443 437
f 437 443 440
f 436 442 433
f 433 442 432
f 432 442 410
f 410 442 411
f 435 430 445
f 445 430 444
f 430 429 444
f 444 429 446
f 425 428 447
f 447 428 416
f 426 425 448
f 448 425 447
f 416 415 447
f 447 415 449
f 447 449 448
f 448 449 450
f 451 452 448
f 448 452 426
f 446 452 444
f 444 452 451
f 399 411 397
f 397 411 453
f 398 454 404
f 404 454 414
f 454 398 453
f 453 398 397
f 453 441 454
f 454 441 455
f 441 439 455
f 455 439 456
f 454 455 414
f 414 455 457
f 441 453 442
f 442 453 411
f 458 413 457
f 457 413 414
f 458 415 413
f 413 415 412
f 458 459 415
f 415 459 449
f 459 458 460
f 460 458 457
f 461 459 462
f 462 459 460
f 455 456 457
f 457 456 460
f 456 463 460
f 460 463 462
f 459 461 449
f 449 461 450
f 465 450 464
f 464 450 461
f 464 467 466
f 466 467 468
f 464 461 467
f 467 461 462
f 464 466 465
f 465 466 445
f 465 445 451
f 451 445 444
f 451 448 465
f 465 448 450
f 439 440 456
f 456 440 463
f 468 463 443
f 443 463 440
f 468 467 463
f 463 467 462
f 466 468 438
f 438 468 443
f 438 435 466
f 466 435 445
f 420 427 429
f 429 427 446
f 446 427 452
f 452 427 426
f 370 369 188
f 188 369 186
f 371 376 372
f 372 376 375
f 380 379 387
f 387 379 388
f 379 381 388
f 388 381 386
f 385 384 278
f 278 384 270
f 380 387 371
f 371 387 376
f 400 370 271
f 271 370 188
f 385 278 372
f 372 278 247
f 400 384 389
f 389 384 383
f 369 381 186
f 186 381 263
f 221 271 144
f 144 271 188
f 221 19 207
f 207 19 22
f 19 18 22
f 22 18 23
f 18 219 23
f 23 219 208
f 469 470 472
f 472 470 471
f 474 475 473
f 473 475 476
f 473 476 477
f 477 476 478
f 480 481 479
f 479 481 482
f 483 484 474
f 474 484 475
f 486 487 485
f 485 487 488
f 489 490 77
f 77 490 142
f 491 489 248
f 248 489 77
f 493 494 492
f 492 494 495
f 496 480 484
f 484 480 475
f 486 497 487
f 487 497 471
f 498 496 472
f 472 496 484
f 499 493 478
f 478 493 500
f 501 502 504
f 504 502 503
f 493 492 500
f 500 492 505
f 506 477 500
f 500 477 478
f 499 478 479
f 479 478 476
f 469 507 470
f 470 507 508
f 483 509 469
f 469 509 507
f 479 482 499
f 499 482 510
f 492 495 485
f 485 495 511
f 483 469 484
f 484 469 472
f 473 512 474
f 474 512 513
f 497 498 471
f 471 498 472
f 475 480 476
f 476 480 479
f 470 508 514
f 514 508 515
f 506 502 516
f 516 502 501
f 503 502 488
f 488 502 505
f 514 515 503
f 503 515 504
f 485 488 492
f 492 488 505
f 477 506 517
f 517 506 516
f 474 513 483
f 483 513 509
f 510 292 494
f 494 292 164
f 512 473 517
f 517 473 477
f 491 481 496
f 496 481 480
f 502 506 505
f 505 506 500
f 503 488 514
f 514 488 487
f 514 487 470
f 470 487 471
f 517 516 519
f 519 516 518
f 517 519 512
f 512 519 520
f 512 520 513
f 513 520 521
f 513 521 509
f 509 521 522
f 516 501 518
f 518 501 523
f 501 504 523
f 523 504 524
f 524 504 525
f 525 504 515
f 526 527 523
f 523 527 518
f 529 530 528
f 528 530 531
f 532 533 529
f 529 533 530
f 530 533 535
f 535 533 534
f 536 537 535
f 535 537 538
f 534 539 535
f 535 539 536
f 538 531 535
f 535 531 530
f 540 541 531
f 531 541 528
f 533 532 534
f 534 532 542
f 532 520 542
f 542 520 519
f 532 543 520
f 520 543 521
f 529 544 532
f 532 544 543
f 544 529 545
f 545 529 528
f 534 542 539
f 539 542 527
f 527 542 518
f 518 542 519
f 541 546 528
f 528 546 545
f 547 544 548
f 548 544 545
f 546 549 545
f 545 549 548
f 550 547 551
f 551 547 548
f 547 550 553
f 553 550 552
f 549 554 548
f 548 554 551
f 544 547 543
f 543 547 553
f 543 553 521
f 521 553 522
f 546 541 556
f 556 541 555
f 541 540 555
f 555 540 557
f 536 539 558
f 558 539 527
f 537 536 559
f 559 536 558
f 527 526 558
f 558 526 560
f 559 558 561
f 561 558 560
f 559 562 537
f 537 562 563
f 557 563 555
f 555 563 562
f 509 522 507
f 507 522 564
f 508 565 515
f 515 565 525
f 565 508 564
f 564 508 507
f 564 552 565
f 565 552 566
f 552 550 566
f 566 550 567
f 565 566 525
f 525 566 568
f 564 522 552
f 552 522 553
f 569 524 568
f 568 524 525
f 569 526 524
f 524 526 523
f 570 560 569
f 569 560 526
f 570 569 571
f 571 569 568
f 572 570 573
f 573 570 571
f 566 567 568
f 568 567 571
f 567 574 571
f 571 574 573
f 570 572 560
f 560 572 561
f 576 561 575
f 575 561 572
f 575 578 577
f 577 578 579
f 575 572 578
f 578 572 573
f 575 577 576
f 576 577 556
f 576 556 562
f 562 556 555
f 562 559 576
f 576 559 561
f 550 551 567
f 567 551 574
f 579 574 554
f 554 574 551
f 579 578 574
f 574 578 573
f 579 554 577
f 577 554 549
f 549 546 577
f 577 546 556
f 531 538 540
f 540 538 557
f 557 538 563
f 563 538 537
f 481 294 482
f 482 294 293
f 580 486 511
f 511 486 485
f 490 489 497
f 497 489 498
f 489 491 498
f 498 491 496
f 163 495 164
f 164 495 494
f 580 490 486
f 486 490 497
f 482 293 510
f 510 293 292
f 495 163 511
f 511 163 199
f 494 493 510
f 510 493 499
f 481 491 294
f 294 491 248
f 582 583 581
f 581 583 584
f 586 587 585
f 585 587 588
f 585 588 589
f 589 588 590
f 592 593 591
f 591 593 594
f 595 596 598
f 598 596 597
f 599 600 586
f 586 600 587
f 601 602 604
f 604 602 603
f 605 606 608
f 608 606 607
f 609 607 200
f 200 607 606
f 610 611 613
f 613 611 612
f 600 614 587
f 587 614 592
f 596 605 597
f 597 605 608
f 602 615 603
f 603 615 583
f 616 614 584
f 584 614 600
f 611 618 617
f 617 618 590
f 620 621 619
f 619 621 622
f 610 623 611
f 611 623 618
f 624 589 618
f 618 589 590
f 617 590 591
f 591 590 588
f 581 625 582
f 582 625 626
f 599 627 581
f 581 627 625
f 591 594 617
f 617 594 628
f 601 610 598
f 598 610 613
f 581 584 599
f 599 584 600
f 585 629 586
f 586 629 630
f 615 616 583
f 583 616 584
f 587 592 588
f 588 592 591
f 582 626 631
f 631 626 632
f 624 620 633
f 633 620 619
f 621 620 604
f 604 620 623
f 631 632 621
f 621 632 622
f 610 601 623
f 623 601 604
f 589 624 634
f 634 624 633
f 586 630 599
f 599 630 627
f 203 202 628
f 628 202 612
f 629 585 634
f 634 585 589
f 609 593 614
f 614 593 592
f 620 624 623
f 623 624 618
f 631 621 603
f 603 621 604
f 582 631 583
f 583 631 603
f 634 633 636
f 636 633 635
f 634 636 629
f 629 636 637
f 629 637 630
f 630 637 638
f 630 638 627
f 627 638 639
f 633 619 635
f 635 619 640
f 619 622 640
f 640 622 641
f 641 622 642
f 642 622 632
f 644 635 643
f 643 635 640
f 645 646 648
f 648 646 647
f 649 650 646
f 646 650 647
f 647 650 652
f 652 650 651
f 652 653 655
f 655 653 654
f 651 656 652
f 652 656 653
f 655 648 652
f 652 648 647
f 648 657 645
f 645 657 658
f 650 649 651
f 651 649 659
f 649 637 659
f 659 637 636
f 649 660 637
f 637 660 638
f 661 660 646
f 646 660 649
f 662 661 645
f 645 661 646
f 651 659 656
f 656 659 644
f 644 659 635
f 635 659 636
f 663 662 658
f 658 662 645
f 664 661 665
f 665 661 662
f 663 666 662
f 662 666 665
f 667 664 668
f 668 664 665
f 664 667 670
f 670 667 669
f 666 671 665
f 665 671 668
f 661 664 660
f 660 664 670
f 660 670 638
f 638 670 639
f 658 672 663
f 663 672 673
f 658 657 672
f 672 657 674
f 653 656 675
f 675 656 644
f 653 675 654
f 654 675 676
f 675 644 677
f 677 644 643
f 676 675 678
f 678 675 677
f 679 680 676
f 676 680 654
f 674 680 672
f 672 680 679
f 627 639 625
f 625 639 681
f 626 682 632
f 632 682 642
f 681 682 625
f 625 682 626
f 669 683 681
f 681 683 682
f 667 684 669
f 669 684 683
f 682 683 642
f 642 683 685
f 681 639 669
f 669 639 670
f 686 641 685
f 685 641 642
f 641 686 640
f 640 686 643
f 686 687 643
f 643 687 677
f 687 686 688
f 688 686 685
f 689 687 690
f 690 687 688
f 683 684 685
f 685 684 688
f 684 691 688
f 688 691 690
f 687 689 677
f 677 689 678
f 693 678 692
f 692 678 689
f 692 695 694
f 694 695 696
f 692 689 695
f 695 689 690
f 692 694 693
f 693 694 673
f 693 673 679
f 679 673 672
f 679 676 693
f 693 676 678
f 684 667 691
f 691 667 668
f 696 691 671
f 671 691 668
f 696 695 691
f 691 695 690
f 694 696 666
f 666 696 671
f 666 663 694
f 694 663 673
f 648 655 657
f 657 655 674
f 674 655 680
f 680 655 654
f 593 162 594
f 594 162 290
f 598 597 601
f 601 597 602
f 615 608 616
f 616 608 607
f 607 609 616
f 616 609 614
f 697 595 613
f 613 595 598
f 597 608 602
f 602 608 615
f 594 290 628
f 628 290 203
f 628 612 617
f 617 612 611
f 593 609 162
f 162 609 200
f 105 29 698
f 698 29 699
f 268 126 701
f 701 126 700
f 126 125 700
f 700 125 702
f 252 703 250
f 250 703 704
f 32 268 705
f 705 268 701
f 288 105 706
f 706 105 698
f 29 32 699
f 699 32 705
f 707 251 706
f 706 251 288
f 250 704 125
f 125 704 702
f 703 252 707
f 707 252 251
f 706 708 707
f 707 708 709
f 707 709 703
f 703 709 710
f 703 710 704
f 704 710 711
f 704 711 702
f 702 711 712
f 706 698 708
f 708 698 713
f 698 699 713
f 713 699 714
f 699 705 714
f 714 705 715
f 717 708 716
f 716 708 713
f 719 720 718
f 718 720 721
f 722 723 719
f 719 723 720
f 724 725 723
f 723 725 720
f 724 726 725
f 725 726 727
f 728 721 725
f 725 721 720
f 721 728 729
f 729 728 730
f 729 731 721
f 721 731 718
f 724 723 732
f 732 723 722
f 722 710 732
f 732 710 709
f 722 733 710
f 710 733 711
f 719 734 722
f 722 734 733
f 734 719 735
f 735 719 718
f 724 732 726
f 726 732 717
f 717 732 708
f 708 732 709
f 731 736 718
f 718 736 735
f 737 734 738
f 738 734 735
f 736 739 735
f 735 739 738
f 740 737 741
f 741 737 738
f 737 740 743
f 743 740 742
f 739 744 738
f 738 744 741
f 734 737 733
f 733 737 743
f 733 743 711
f 711 743 712
f 736 731 746
f 746 731 745
f 731 729 745
f 745 729 730
f 727 726 747
f 747 726 717
f 748 727 749
f 749 727 747
f 747 717 750
f 750 717 716
f 749 747 751
f 751 747 750
f 749 752 748
f 748 752 753
f 730 753 745
f 745 753 752
f 728 725 748
f 748 725 727
f 730 728 753
f 753 728 748
f 700 702 754
f 754 702 712
f 705 701 715
f 715 701 755
f 754 755 700
f 700 755 701
f 742 756 754
f 754 756 755
f 740 757 742
f 742 757 756
f 755 756 715
f 715 756 758
f 754 712 742
f 742 712 743
f 759 714 758
f 758 714 715
f 714 759 713
f 713 759 716
f 759 760 716
f 716 760 750
f 760 759 761
f 761 759 758
f 762 760 763
f 763 760 761
f 756 757 758
f 758 757 761
f 757 764 761
f 761 764 763
f 760 762 750
f 750 762 751
f 766 751 765
f 765 751 762
f 767 765 769
f 769 765 768
f 765 762 768
f 768 762 763
f 765 767 766
f 766 767 746
f 766 746 752
f 752 746 745
f 752 749 766
f 766 749 751
f 757 740 764
f 764 740 741
f 769 764 744
f 744 764 741
f 769 768 764
f 764 768 763
f 767 769 739
f 739 769 744
f 739 736 767
f 767 736 746
f 219 217 208
f 208 217 209
f 209 217 210
f 210 217 193
f 198 580 199
f 199 580 511
f 76 75 289
f 289 75 272
f 277 207 291
f 291 207 184
f 290 183 203
f 203 183 84
f 490 580 142
f 142 580 198
f 142 198 143
f 143 198 197
f 149 276 72
f 72 276 73
f 104 103 279
f 279 103 770
f 770 596 279
f 279 596 595
f 605 596 771
f 771 596 770
f 771 770 772
f 772 770 103
f 772 103 773
f 773 103 102
f 155 774 101
f 101 774 102
f 773 102 97
f 97 102 774
f 775 773 100
f 100 773 97
f 773 775 772
f 772 775 776
f 772 776 771
f 771 776 777
f 200 606 197
f 197 606 777
f 189 71 778
f 778 71 74
f 97 774 98
f 98 774 155
f 183 161 184
f 184 161 291
f 777 276 197
f 197 276 143
f 777 606 771
f 771 606 605
f 613 612 697
f 697 612 202
f 595 697 279
f 279 697 202
f 73 276 776
f 776 276 777
f 776 775 73
f 73 775 74
f 100 778 775
f 775 778 74
f 778 100 189
f 189 100 99
f 245 242 99
f 99 242 189
f 131 33 256
f 28 1 95
f 95 1 62
f 27 2 28
f 28 2 1
f 265 115 266
f 266 115 114
f 95 62 69
f 69 62 64
f 62 61 64
f 64 61 65
f 61 13 65
f 65 13 130
f 13 12 130
f 130 12 14
f 31 11 32
f 32 11 268
f 15 12 31
f 31 12 11
f 31 30 15
f 15 30 231
f 30 106 231
f 231 106 232
f 287 237 106
f 106 237 232
f 254 90 287
f 287 90 237
f 253 44 254
f 254 44 90
f 253 249 44
f 44 249 7
f 267 127 268
f 268 127 126
f 10 3 241
f 241 3 116
f 3 2 116
f 116 2 114
f 2 27 114
f 114 27 266
f 27 26 266
f 266 26 113
f 26 286 113
f 113 286 110
f 286 243 110
f 110 243 255
f 243 242 255
f 255 242 256
f 242 245 256
f 256 245 131
f 245 244 131
f 131 244 132
f 265 37 115
f 115 37 41
f 41 37 42
f 42 37 40
f 92 91 40
f 40 91 42
f 236 233 92
f 92 233 91
f 191 194 236
f 236 194 233
f 258 285 244
f 244 285 132
f 257 55 258
f 258 55 285
f 257 154 201
f 201 154 185
f 56 201 204
f 204 201 180
f 55 257 56
f 56 257 201
f 204 85 56
f 56 85 52
f 86 122 53
f 53 122 79
f 212 215 86
f 86 215 122
f 211 216 212
f 212 216 215
f 192 280 211
f 211 280 216
f 191 240 192
f 192 240 280
f 249 124 7
f 7 124 8
f 124 127 8
f 8 127 241
f 127 267 241
f 241 267 10
f 10 267 9
f 9 267 11
o hand_right
v 0.105384 0.347917 0.815784
v 0.108177 0.353341 0.806690
v 0.097615 0.353633 0.808946
v 0.095583 0.346890 0.817665
v 0.100135 0.363595 0.788036
v 0.096622 0.359332 0.776929
v 0.083448 0.358871 0.785458
v 0.088687 0.363726 0.793276
v 0.087850 0.344512 0.819016
v 0.089495 0.353484 0.811004
v 0.084305 0.341097 0.817469
v 0.087815 0.327574 0.824314
v 0.088524 0.334420 0.825500
v 0.089706 0.321490 0.831159
v 0.093999 0.320508 0.818140
v 0.097357 0.315392 0.832036
v 0.124867 0.319907 0.820918
v 0.136704 0.326183 0.823182
v 0.132150 0.323220 0.839453
v 0.120074 0.318011 0.835381
v 0.147573 0.337200 0.837806
v 0.138993 0.329261 0.839634
v 0.144168 0.331223 0.823233
v 0.151451 0.338381 0.822323
v 0.121023 0.353047 0.813555
v 0.124654 0.357121 0.804543
v 0.119363 0.354489 0.805219
v 0.115886 0.350670 0.813531
v 0.074415 0.341206 0.808298
v 0.084288 0.330752 0.805259
v 0.084122 0.333711 0.812906
v 0.075434 0.345926 0.811336
v 0.136779 0.374194 0.784152
v 0.142274 0.371025 0.772215
v 0.137848 0.367599 0.770360
v 0.134092 0.370792 0.781864
v 0.116895 0.359611 0.768514
v 0.124834 0.357091 0.763150
v 0.123574 0.346348 0.754746
v 0.115895 0.345381 0.760843
v 0.106473 0.360201 0.772968
v 0.105186 0.348613 0.765808
v 0.094595 0.349029 0.771694
v 0.080358 0.350946 0.781315
v 0.153543 0.375704 0.776237
v 0.150904 0.379186 0.785432
v 0.072923 0.328885 0.877583
v 0.076563 0.333307 0.878891
v 0.078236 0.332507 0.874430
v 0.074534 0.328110 0.873833
v 0.168558 0.367819 0.787237
v 0.172583 0.358580 0.787820
v 0.174654 0.361410 0.781434
v 0.169525 0.369150 0.779872
v 0.167134 0.366055 0.796957
v 0.168976 0.354929 0.796542
v 0.076676 0.318362 0.883597
v 0.072882 0.320692 0.881053
v 0.075411 0.318366 0.877253
v 0.079792 0.316142 0.879585
v 0.093548 0.340114 0.825134
v 0.102022 0.344562 0.824113
v 0.090564 0.334305 0.842080
v 0.096651 0.338204 0.835219
v 0.091383 0.334189 0.832119
v 0.087847 0.329982 0.838203
v 0.117883 0.349082 0.835625
v 0.121045 0.351338 0.824597
v 0.115318 0.347964 0.824875
v 0.110116 0.345314 0.836414
v 0.131363 0.360894 0.826382
v 0.127697 0.357472 0.837055
v 0.134016 0.363266 0.836776
v 0.134942 0.365525 0.829260
v 0.119374 0.349378 0.853986
v 0.117486 0.346958 0.860016
v 0.119634 0.348999 0.860244
v 0.122466 0.351323 0.853895
v 0.176928 0.363053 0.774927
v 0.169966 0.369594 0.772622
v 0.160932 0.354321 0.836696
v 0.162655 0.364615 0.832723
v 0.160870 0.364817 0.845950
v 0.159797 0.353207 0.847024
v 0.170608 0.348383 0.787711
v 0.174960 0.351359 0.781901
v 0.082155 0.319247 0.886365
v 0.085117 0.317508 0.882408
v 0.098490 0.336612 0.772083
v 0.080800 0.340954 0.782158
v 0.111921 0.335530 0.764959
v 0.121436 0.334924 0.760383
v 0.127482 0.335056 0.754198
v 0.100167 0.340407 0.840571
v 0.110621 0.347313 0.821125
v 0.125193 0.355960 0.813930
v 0.145679 0.377413 0.822275
v 0.147706 0.379686 0.812212
v 0.138599 0.374218 0.813412
v 0.139066 0.372832 0.822005
v 0.158402 0.373609 0.832466
v 0.150741 0.376081 0.832867
v 0.149504 0.374319 0.841402
v 0.156782 0.372315 0.843020
v 0.070914 0.338477 0.801848
v 0.084075 0.329380 0.797477
v 0.161250 0.375329 0.785678
v 0.161078 0.374444 0.777954
v 0.163492 0.372966 0.769957
v 0.129504 0.365580 0.793920
v 0.132153 0.368518 0.780253
v 0.128366 0.366444 0.779704
v 0.127567 0.363005 0.793941
v 0.111196 0.360476 0.796822
v 0.112940 0.364230 0.783998
v 0.100118 0.361568 0.800288
v 0.132495 0.363089 0.766186
v 0.140871 0.367354 0.760516
v 0.134868 0.361672 0.757137
v 0.149116 0.371524 0.763842
v 0.157054 0.373858 0.767211
v 0.180463 0.351644 0.775412
v 0.129968 0.355108 0.755046
v 0.080258 0.362966 0.797323
v 0.072321 0.362958 0.799817
v 0.075200 0.360408 0.806768
v 0.083583 0.360528 0.805247
v 0.089968 0.317006 0.839911
v 0.086588 0.323889 0.838629
v 0.087986 0.328170 0.829846
v 0.137784 0.375660 0.795575
v 0.149633 0.380031 0.796139
v 0.093920 0.336211 0.847566
v 0.082882 0.315052 0.874934
v 0.078071 0.317123 0.872297
v 0.085496 0.316094 0.854842
v 0.090570 0.313384 0.858505
v 0.097101 0.332809 0.857600
v 0.092586 0.334523 0.852573
v 0.092510 0.333593 0.855588
v 0.096242 0.333699 0.860915
v 0.126410 0.355143 0.858072
v 0.128924 0.357016 0.852517
v 0.114344 0.319479 0.849995
v 0.106246 0.311435 0.843226
v 0.108920 0.313926 0.832373
v 0.123833 0.353615 0.835678
v 0.121616 0.352050 0.845720
v 0.124998 0.354433 0.846115
v 0.102037 0.340652 0.845076
v 0.098490 0.337516 0.851504
v 0.103879 0.339602 0.850475
v 0.107188 0.342946 0.844691
v 0.165388 0.364689 0.819754
v 0.160671 0.375372 0.819770
v 0.071592 0.324439 0.878637
v 0.073561 0.322852 0.874809
v 0.126778 0.355759 0.824868
v 0.113269 0.317610 0.819274
v 0.129360 0.359510 0.814453
v 0.144947 0.347217 0.857567
v 0.142381 0.354980 0.858698
v 0.138211 0.355479 0.862864
v 0.139778 0.349867 0.864663
v 0.090698 0.333344 0.875281
v 0.085663 0.335016 0.872996
v 0.083546 0.334784 0.876864
v 0.088367 0.333241 0.879605
v 0.088600 0.332357 0.848814
v 0.085544 0.327929 0.845354
v 0.084001 0.327735 0.851857
v 0.088043 0.331571 0.853989
v 0.085234 0.321383 0.846149
v 0.083271 0.321407 0.852202
v 0.093789 0.327985 0.877488
v 0.093003 0.320504 0.878523
v 0.100773 0.320145 0.864296
v 0.099190 0.328064 0.865195
v 0.156087 0.338372 0.807840
v 0.162932 0.347112 0.808743
v 0.158644 0.347240 0.823260
v 0.155605 0.346816 0.837984
v 0.151305 0.346553 0.851366
v 0.145396 0.335880 0.851172
v 0.163305 0.353937 0.822330
v 0.105689 0.328020 0.857688
v 0.106086 0.319554 0.854737
v 0.109974 0.323008 0.855889
v 0.133694 0.365395 0.815963
v 0.075845 0.321588 0.869928
v 0.140003 0.325268 0.768975
v 0.151962 0.327940 0.774193
v 0.146669 0.326744 0.781156
v 0.132915 0.324374 0.775497
v 0.079899 0.332855 0.870117
v 0.075939 0.327931 0.868834
v 0.133291 0.361523 0.854447
v 0.130498 0.359051 0.859394
v 0.133134 0.359590 0.861569
v 0.136013 0.364355 0.858000
v 0.166040 0.352102 0.807692
v 0.157183 0.367173 0.853861
v 0.156936 0.356075 0.854632
v 0.166414 0.346654 0.796090
v 0.160960 0.338586 0.795257
v 0.164922 0.339118 0.786353
v 0.132173 0.329352 0.855140
v 0.149779 0.332510 0.808943
v 0.155063 0.333693 0.795451
v 0.159525 0.334106 0.784818
v 0.163602 0.334318 0.777522
v 0.169002 0.339937 0.779921
v 0.088458 0.316825 0.877653
v 0.090016 0.321771 0.883959
v 0.174846 0.339807 0.772957
v 0.168088 0.333994 0.770394
v 0.147454 0.328554 0.794561
v 0.137363 0.323506 0.793183
v 0.142532 0.327807 0.807645
v 0.132226 0.322601 0.807348
v 0.127848 0.320136 0.851183
v 0.083019 0.331512 0.896062
v 0.088286 0.329238 0.887222
v 0.086268 0.333840 0.884273
v 0.082494 0.335406 0.894518
v 0.091045 0.328516 0.882211
v 0.087072 0.323589 0.887789
v 0.117712 0.320089 0.804470
v 0.102002 0.336464 0.856416
v 0.120392 0.322613 0.787804
v 0.099043 0.319992 0.805521
v 0.100447 0.323638 0.792720
v 0.121245 0.326009 0.770118
v 0.105575 0.326595 0.777211
v 0.134758 0.328239 0.757989
v 0.129280 0.326950 0.764890
v 0.089657 0.330272 0.784580
v 0.070405 0.333925 0.887161
v 0.074723 0.337433 0.888054
v 0.144865 0.325708 0.762135
v 0.091195 0.360839 0.803353
v 0.133689 0.368063 0.805420
v 0.130504 0.363400 0.804863
v 0.148576 0.380185 0.805908
v 0.138166 0.374716 0.805509
v 0.068367 0.329080 0.887824
v 0.118916 0.344143 0.864322
v 0.120216 0.344348 0.862218
v 0.075809 0.360307 0.789804
v 0.069907 0.360721 0.792837
v 0.065477 0.348219 0.791885
v 0.066616 0.355107 0.790352
v 0.072783 0.353258 0.785823
v 0.072075 0.345558 0.787000
v 0.130971 0.367813 0.794399
v 0.133446 0.370717 0.795475
v 0.166511 0.365740 0.807692
v 0.161310 0.376054 0.808385
v 0.088736 0.316095 0.847788
v 0.096939 0.312387 0.842592
v 0.094546 0.313223 0.850728
v 0.097229 0.314587 0.860463
v 0.102499 0.332586 0.859500
v 0.101445 0.328235 0.858861
v 0.121280 0.365371 0.782290
v 0.121381 0.360685 0.795097
v 0.083968 0.353531 0.811244
v 0.076604 0.354005 0.811772
v 0.114256 0.346958 0.843679
v 0.124795 0.330794 0.863670
v 0.121124 0.323218 0.860554
v 0.111557 0.343964 0.851783
v 0.071916 0.323234 0.892726
v 0.068827 0.325850 0.889799
v 0.101194 0.313614 0.852553
v 0.130797 0.360585 0.846076
v 0.129796 0.335130 0.860823
v 0.123152 0.337985 0.865869
v 0.154332 0.372713 0.848477
v 0.156385 0.328606 0.766483
v 0.081807 0.335882 0.881638
v 0.079133 0.338560 0.889996
v 0.081989 0.327318 0.896131
v 0.077813 0.323232 0.894645
v 0.160218 0.376047 0.797502
v 0.128172 0.360340 0.804943
v 0.077081 0.335892 0.790434
v 0.067634 0.342060 0.796108
v 0.110137 0.342056 0.856569
v 0.149285 0.352937 0.856696
v 0.140942 0.338986 0.859685
v 0.136059 0.342257 0.867775
v 0.128919 0.339671 0.868347
v 0.122197 0.341675 0.866805
v 0.079635 0.329685 0.900166
v 0.075623 0.325486 0.898692
v 0.069664 0.325233 0.896798
v 0.066849 0.327494 0.893953
v 0.067053 0.330846 0.891023
v 0.080551 0.334035 0.900363
v 0.079719 0.337510 0.898816
v 0.077577 0.339766 0.893354
v 0.077755 0.336966 0.903517
v 0.074876 0.333491 0.906404
v 0.061075 0.333131 0.905001
v 0.065205 0.329357 0.903087
v 0.065347 0.330677 0.905527
v 0.062338 0.333837 0.907988
v 0.060334 0.337043 0.911577
v 0.058391 0.336648 0.908581
v 0.070003 0.330563 0.905757
v 0.066542 0.334972 0.909555
v 0.069940 0.337457 0.910142
v 0.066904 0.340402 0.913791
v 0.063839 0.338151 0.913552
v 0.072111 0.334064 0.907768
v 0.071427 0.328989 0.904489
v 0.058131 0.339889 0.911967
v 0.059701 0.338931 0.913760
v 0.062374 0.340368 0.915209
v 0.060710 0.342989 0.915110
v 0.064228 0.329848 0.897161
v 0.060048 0.334348 0.902864
v 0.058386 0.339033 0.906402
v 0.058194 0.342011 0.910011
v 0.060497 0.338226 0.901409
v 0.059529 0.341395 0.904993
v 0.059747 0.344196 0.907990
v 0.062495 0.342025 0.900847
v 0.061437 0.343938 0.904494
v 0.067566 0.335955 0.892289
v 0.065479 0.332238 0.892997
v 0.060796 0.345458 0.906595
v 0.060897 0.344860 0.913803
v 0.072964 0.339077 0.908678
v 0.068369 0.342984 0.912451
v 0.073623 0.341048 0.907387
v 0.069370 0.344916 0.911402
v 0.065351 0.344536 0.915418
v 0.064893 0.341974 0.915276
v 0.069837 0.334883 0.889489
v 0.074281 0.338589 0.890652
v 0.072404 0.339843 0.893069
v 0.066265 0.345000 0.901343
v 0.075519 0.341326 0.895865
v 0.076930 0.340272 0.901640
v 0.072721 0.343663 0.906139
v 0.070753 0.345422 0.903867
v 0.068991 0.346264 0.909175
v 0.067526 0.346715 0.907097
v 0.064180 0.346311 0.905151
v 0.065408 0.347282 0.910984
v 0.065595 0.346120 0.913757
v 0.061740 0.346272 0.910771
v 0.065414 0.347438 0.908987
v 0.062682 0.346368 0.908229
v 0.094577 0.348810 0.886611
v 0.099615 0.352683 0.887412
v 0.101067 0.349090 0.884633
v 0.096720 0.345959 0.884157
v 0.095226 0.338467 0.896132
v 0.092319 0.341681 0.891643
v 0.094696 0.337426 0.889190
v 0.099136 0.334523 0.893497
v 0.101650 0.339087 0.899229
v 0.105546 0.335590 0.895722
v 0.101662 0.331327 0.889093
v 0.097138 0.334727 0.884656
v 0.104788 0.329272 0.865541
v 0.109400 0.325277 0.868978
v 0.113532 0.345037 0.864854
v 0.116236 0.343970 0.867475
v 0.092656 0.345601 0.888268
v 0.094690 0.341889 0.885922
v 0.110473 0.349721 0.884573
v 0.105820 0.350449 0.881760
v 0.105104 0.351549 0.885946
v 0.109222 0.350625 0.889554
v 0.104299 0.337154 0.862091
v 0.109073 0.341344 0.862806
v 0.103519 0.333550 0.863522
v 0.113837 0.345552 0.888606
v 0.114004 0.339360 0.891622
v 0.121215 0.332257 0.873833
v 0.120892 0.338723 0.872731
v 0.095821 0.339298 0.881792
v 0.100701 0.348217 0.880521
v 0.097034 0.344523 0.880023
v 0.108663 0.333205 0.890899
v 0.110609 0.341899 0.896615
v 0.101381 0.358062 0.904491
v 0.108259 0.350587 0.897689
v 0.106958 0.353714 0.893683
v 0.101233 0.361779 0.901085
v 0.111318 0.347376 0.893780
v 0.106711 0.345270 0.899896
v 0.089264 0.360186 0.893839
v 0.094670 0.363711 0.894663
v 0.086387 0.356856 0.895386
v 0.116316 0.326247 0.871893
v 0.088529 0.349218 0.902052
v 0.085858 0.353268 0.897621
v 0.104091 0.354616 0.889472
v 0.098902 0.364267 0.897516
v 0.099447 0.354224 0.906078
v 0.094554 0.348734 0.904996
v 0.095161 0.358204 0.908737
v 0.090704 0.353895 0.907543
v 0.085420 0.353610 0.904036
v 0.084244 0.356253 0.899165
v 0.085656 0.358932 0.896507
v 0.097177 0.361875 0.907456
v 0.098051 0.365081 0.903996
v 0.097004 0.365900 0.899097
v 0.093108 0.368614 0.907034
v 0.089701 0.366151 0.909569
v 0.074183 0.370475 0.899394
v 0.077232 0.365345 0.900868
v 0.077660 0.366438 0.903239
v 0.075042 0.371246 0.901967
v 0.080142 0.360740 0.904160
v 0.080170 0.362969 0.905297
v 0.083925 0.363962 0.908156
v 0.080920 0.369082 0.905713
v 0.085061 0.371348 0.906971
v 0.081818 0.376174 0.906050
v 0.077571 0.374150 0.905108
v 0.086149 0.367182 0.908696
v 0.073903 0.374754 0.901731
v 0.073277 0.376142 0.899642
v 0.085188 0.361079 0.909339
v 0.081995 0.358413 0.899384
v 0.077499 0.365678 0.897698
v 0.074979 0.371734 0.896404
v 0.074826 0.377893 0.897652
v 0.079501 0.368031 0.894702
v 0.077061 0.373534 0.894597
v 0.077157 0.378330 0.896308
v 0.082968 0.370989 0.893105
v 0.080408 0.376077 0.893859
v 0.088497 0.362579 0.894431
v 0.084502 0.359938 0.895620
v 0.079299 0.378035 0.895206
v 0.075173 0.379389 0.902602
v 0.076499 0.380924 0.899936
v 0.075590 0.377818 0.903528
v 0.086987 0.372407 0.906797
v 0.083168 0.377569 0.904946
v 0.088813 0.374100 0.905171
v 0.084093 0.379258 0.903401
v 0.079495 0.380604 0.903966
v 0.078593 0.379361 0.904644
v 0.089162 0.361559 0.895523
v 0.093967 0.364652 0.896410
v 0.093316 0.365584 0.895627
v 0.087245 0.373895 0.894974
v 0.096021 0.367572 0.899042
v 0.094932 0.369309 0.903659
v 0.090237 0.374916 0.902739
v 0.089747 0.375425 0.898706
v 0.085550 0.380187 0.902057
v 0.086471 0.379024 0.899174
v 0.083918 0.377928 0.895174
v 0.081474 0.382454 0.900970
v 0.080151 0.381739 0.902780
v 0.078119 0.380900 0.898420
v 0.083211 0.381280 0.898863
v 0.080592 0.380048 0.896568
v 0.109273 0.362934 0.876865
v 0.113565 0.366870 0.876346
v 0.115599 0.364187 0.874844
v 0.111480 0.360298 0.875744
v 0.110271 0.356956 0.888187
v 0.107448 0.357876 0.884205
v 0.110054 0.354357 0.882876
v 0.113715 0.352424 0.886436
v 0.113834 0.360111 0.891329
v 0.118919 0.354244 0.889145
v 0.117079 0.348567 0.883892
v 0.112555 0.351304 0.880819
v 0.120189 0.344070 0.870001
v 0.125129 0.342067 0.873884
v 0.107584 0.360078 0.880043
v 0.109693 0.357316 0.878872
v 0.123818 0.366246 0.876466
v 0.119877 0.365651 0.873617
v 0.119795 0.366915 0.876830
v 0.122596 0.367228 0.880286
v 0.119829 0.351033 0.862100
v 0.124682 0.354695 0.861445
v 0.118391 0.347847 0.865817
v 0.126924 0.363221 0.881568
v 0.127419 0.357046 0.885457
v 0.135187 0.352175 0.873483
v 0.134220 0.356727 0.869457
v 0.111137 0.354764 0.877191
v 0.115686 0.362766 0.871996
v 0.111901 0.358776 0.873423
v 0.122828 0.351013 0.885369
v 0.123228 0.360081 0.889080
v 0.109879 0.378852 0.892381
v 0.121327 0.368052 0.887541
v 0.120181 0.370095 0.882012
v 0.110305 0.380886 0.888414
v 0.124234 0.365364 0.885521
v 0.119177 0.364065 0.891145
v 0.100975 0.374332 0.880454
v 0.105130 0.377954 0.880794
v 0.099830 0.370556 0.882858
v 0.131558 0.344844 0.875490
v 0.130668 0.358636 0.864342
v 0.100189 0.368171 0.890164
v 0.099371 0.368854 0.885844
v 0.117757 0.369413 0.878472
v 0.108944 0.380735 0.884041
v 0.108425 0.374678 0.894937
v 0.104581 0.369433 0.894220
v 0.104259 0.378586 0.895078
v 0.100618 0.373129 0.894360
v 0.097014 0.370923 0.890144
v 0.097131 0.371249 0.885288
v 0.098075 0.372832 0.882274
v 0.106029 0.382508 0.891842
v 0.106812 0.383876 0.888074
v 0.107479 0.381308 0.883769
v 0.103209 0.385709 0.890564
v 0.099007 0.383507 0.893447
v 0.085262 0.384864 0.882507
v 0.089072 0.380577 0.884702
v 0.089312 0.381300 0.885657
v 0.085306 0.385680 0.884071
v 0.092757 0.376399 0.888871
v 0.092143 0.378259 0.888918
v 0.094359 0.380093 0.891688
v 0.090427 0.384992 0.889349
v 0.095304 0.388689 0.889707
v 0.091223 0.392017 0.887693
v 0.086455 0.388981 0.887440
v 0.097007 0.383780 0.892343
v 0.083630 0.388614 0.883509
v 0.082402 0.388139 0.882129
v 0.095800 0.378382 0.893148
v 0.093950 0.374336 0.884534
v 0.089442 0.379691 0.881809
v 0.085656 0.383972 0.879495
v 0.084108 0.388220 0.878857
v 0.091645 0.380668 0.878785
v 0.088059 0.384706 0.877575
v 0.086629 0.388550 0.877178
v 0.094011 0.382636 0.877354
v 0.090803 0.386228 0.876709
v 0.099832 0.376419 0.879874
v 0.096624 0.374559 0.881432
v 0.088959 0.388825 0.876858
v 0.083738 0.392392 0.883880
v 0.085749 0.393507 0.880304
v 0.084590 0.391322 0.884963
v 0.097031 0.389393 0.889683
v 0.092338 0.393920 0.886873
v 0.098956 0.390336 0.887762
v 0.094201 0.394645 0.885080
v 0.088054 0.394980 0.885388
v 0.087858 0.393923 0.885980
v 0.100537 0.375347 0.880534
v 0.104581 0.378584 0.881016
v 0.103751 0.379406 0.880352
v 0.097427 0.386231 0.877550
v 0.106297 0.382478 0.882955
v 0.104142 0.386619 0.886856
v 0.099787 0.390243 0.884461
v 0.099391 0.389311 0.880605
v 0.095334 0.393968 0.882571
v 0.095961 0.392084 0.880452
v 0.093791 0.389297 0.876902
v 0.091384 0.394608 0.881021
v 0.089690 0.395674 0.883313
v 0.088148 0.392679 0.878303
v 0.092714 0.393217 0.879318
v 0.090298 0.391593 0.877373
v 0.128096 0.357551 0.862165
v 0.127386 0.375453 0.872234
v 0.129575 0.379053 0.871634
v 0.131185 0.378309 0.870858
v 0.129236 0.374367 0.870499
v 0.131487 0.368970 0.880709
v 0.128028 0.370056 0.877603
v 0.130837 0.367361 0.875809
v 0.134535 0.366359 0.878589
v 0.135904 0.371227 0.882594
v 0.138962 0.369462 0.880379
v 0.136690 0.364856 0.876086
v 0.132913 0.365728 0.873275
v 0.140267 0.358776 0.861809
v 0.145683 0.357601 0.862838
v 0.150859 0.374098 0.853732
v 0.146195 0.374025 0.850507
v 0.143292 0.376452 0.858539
v 0.147935 0.376167 0.860258
v 0.126969 0.372367 0.874558
v 0.128830 0.370386 0.872397
v 0.140617 0.381542 0.872288
v 0.136413 0.381031 0.869807
v 0.134053 0.381396 0.871567
v 0.137544 0.383300 0.874288
v 0.141290 0.371510 0.851307
v 0.138591 0.367726 0.853434
v 0.136696 0.369542 0.856688
v 0.138877 0.374052 0.858428
v 0.135899 0.364490 0.859540
v 0.143231 0.379331 0.875066
v 0.144261 0.373920 0.877878
v 0.154307 0.368809 0.863306
v 0.152267 0.373029 0.861378
v 0.130445 0.369066 0.871338
v 0.132867 0.377953 0.868732
v 0.130578 0.374231 0.869606
v 0.141666 0.367519 0.877804
v 0.141033 0.375874 0.880318
v 0.131925 0.386859 0.882950
v 0.138087 0.382785 0.879474
v 0.135778 0.384288 0.875518
v 0.131227 0.388026 0.879817
v 0.140150 0.381265 0.877509
v 0.137799 0.377960 0.882585
v 0.123192 0.379636 0.874345
v 0.126535 0.384035 0.874427
v 0.122194 0.376877 0.876257
v 0.151463 0.360911 0.863577
v 0.124411 0.374447 0.883199
v 0.122109 0.375331 0.879389
v 0.132280 0.382203 0.872864
v 0.129365 0.387156 0.876454
v 0.131081 0.382935 0.885976
v 0.128925 0.376707 0.886107
v 0.126404 0.385467 0.886534
v 0.124689 0.379115 0.886657
v 0.121033 0.376524 0.882232
v 0.120975 0.376959 0.878118
v 0.121792 0.378474 0.875292
v 0.127989 0.389175 0.883234
v 0.128302 0.389957 0.880365
v 0.127917 0.388230 0.876930
v 0.124164 0.391055 0.882934
v 0.120508 0.388140 0.884435
v 0.111575 0.386780 0.874509
v 0.114350 0.383759 0.875992
v 0.114179 0.384358 0.877074
v 0.111094 0.386864 0.875517
v 0.117367 0.380487 0.879545
v 0.116541 0.382176 0.879856
v 0.118348 0.383421 0.882846
v 0.114479 0.386835 0.880635
v 0.116806 0.391595 0.881820
v 0.113448 0.393719 0.880021
v 0.111520 0.389316 0.879456
v 0.118755 0.387769 0.883752
v 0.109032 0.388943 0.875573
v 0.108444 0.389411 0.874339
v 0.119709 0.381889 0.884358
v 0.119053 0.379467 0.875891
v 0.114597 0.383943 0.873318
v 0.111024 0.387662 0.872180
v 0.108982 0.391082 0.872651
v 0.116484 0.384534 0.871624
v 0.112299 0.388618 0.870432
v 0.110512 0.391938 0.871071
v 0.118915 0.386682 0.870540
v 0.114405 0.390083 0.869932
v 0.123541 0.383243 0.872452
v 0.120974 0.380812 0.873338
v 0.112229 0.392229 0.870726
v 0.108341 0.392647 0.876744
v 0.109429 0.394073 0.874221
v 0.108898 0.391771 0.878144
v 0.117813 0.392713 0.881768
v 0.113879 0.395340 0.879435
v 0.119466 0.394161 0.880632
v 0.114915 0.396401 0.877771
v 0.110603 0.395349 0.877835
v 0.110775 0.393739 0.879014
v 0.123437 0.381837 0.873592
v 0.125644 0.384945 0.874372
v 0.125621 0.386900 0.873832
v 0.121187 0.390167 0.871701
v 0.126958 0.390065 0.876967
v 0.126053 0.391577 0.880437
v 0.120850 0.394607 0.878223
v 0.121671 0.393667 0.874963
v 0.115634 0.396488 0.875654
v 0.116833 0.395328 0.873049
v 0.116398 0.392866 0.870639
v 0.112175 0.395844 0.873960
v 0.111154 0.396090 0.875588
v 0.110847 0.394411 0.872645
v 0.113421 0.395298 0.872525
v 0.112892 0.394022 0.871505
v 0.152901 0.372101 0.856799
v 0.059055 0.346064 0.808320
v 0.061977 0.348387 0.812718
v 0.062628 0.364179 0.808714
v 0.063566 0.359485 0.813835
v 0.059628 0.365138 0.802760
v 0.055804 0.357445 0.796151
v 0.058185 0.362135 0.798006
v 0.063381 0.353702 0.815246
v 0.056739 0.346171 0.802647
v 0.055324 0.350590 0.797113
v 0.049718 0.346597 0.806977
v 0.048222 0.351643 0.801143
v 0.048290 0.358389 0.799667
v 0.052210 0.363795 0.801611
v 0.054820 0.366576 0.804926
v 0.054276 0.347497 0.812518
v 0.057473 0.350319 0.816289
v 0.060081 0.356345 0.817467
v 0.049883 0.350320 0.818477
v 0.040781 0.354428 0.819080
v 0.031730 0.371388 0.817870
v 0.036683 0.369505 0.813598
v 0.035319 0.367090 0.814532
v 0.030577 0.368929 0.817880
v 0.038957 0.365373 0.810551
v 0.037867 0.364394 0.812519
v 0.038680 0.359441 0.814434
v 0.034467 0.361355 0.817533
v 0.039247 0.356738 0.818821
v 0.037148 0.357973 0.822080
v 0.030370 0.363088 0.820767
v 0.027532 0.368145 0.820333
v 0.027123 0.364837 0.823615
v 0.028237 0.370876 0.821927
v 0.037819 0.357630 0.812712
v 0.044799 0.367385 0.806972
v 0.039860 0.371530 0.813121
v 0.034672 0.373524 0.818970
v 0.030526 0.372459 0.823676
v 0.043632 0.372866 0.815135
v 0.038737 0.373653 0.820850
v 0.035271 0.372125 0.825396
v 0.046953 0.371869 0.818608
v 0.041507 0.371998 0.823224
v 0.056132 0.367259 0.811537
v 0.051191 0.368840 0.807644
v 0.037987 0.371131 0.825672
v 0.026701 0.366382 0.825993
v 0.029374 0.368055 0.827990
v 0.039483 0.356313 0.824059
v 0.032918 0.359109 0.825063
v 0.035039 0.358982 0.827363
v 0.043301 0.355968 0.825512
v 0.037371 0.359645 0.829068
v 0.030252 0.361874 0.828365
v 0.029486 0.361342 0.825606
v 0.058774 0.366004 0.809673
v 0.060875 0.361768 0.814246
v 0.058337 0.362704 0.816081
v 0.049720 0.367326 0.822716
v 0.057463 0.357817 0.820006
v 0.053778 0.352803 0.820473
v 0.046448 0.357878 0.826688
v 0.049211 0.361880 0.825829
v 0.040156 0.362064 0.829444
v 0.041913 0.364474 0.828519
v 0.042494 0.368928 0.826328
v 0.035888 0.365101 0.829933
v 0.032829 0.363091 0.830058
v 0.034043 0.368841 0.828543
v 0.038407 0.366098 0.828940
v 0.037725 0.368871 0.827730
v 0.147730 0.373599 0.845807
v 0.141629 0.370865 0.845957
v 0.143766 0.372512 0.840588
v 0.144646 0.375104 0.832025
v 0.151482 0.377761 0.824465
v 0.139239 0.370818 0.830962
v 0.138579 0.368463 0.840075
v 0.136013 0.365612 0.848133
v 0.135797 0.367428 0.821967
f 780 781 779
f 779 781 782
f 783 784 786
f 786 784 785
f 787 782 788
f 788 782 781
f 790 791 789
f 789 791 787
f 792 790 794
f 794 790 793
f 796 797 795
f 795 797 798
f 800 801 799
f 799 801 802
f 804 805 803
f 803 805 806
f 808 809 807
f 807 809 810
f 811 812 814
f 814 812 813
f 815 816 818
f 818 816 817
f 819 820 784
f 784 820 821
f 784 821 785
f 785 821 822
f 823 812 824
f 824 812 811
f 826 827 825
f 825 827 828
f 830 831 829
f 829 831 832
f 834 830 833
f 833 830 829
f 836 837 835
f 835 837 838
f 839 840 782
f 782 840 779
f 842 843 841
f 841 843 844
f 846 847 845
f 845 847 848
f 850 851 849
f 849 851 852
f 854 855 853
f 853 855 856
f 831 857 832
f 832 857 858
f 860 861 859
f 859 861 862
f 863 864 830
f 830 864 831
f 835 838 865
f 865 838 866
f 867 868 821
f 821 868 822
f 821 820 867
f 867 820 869
f 818 817 870
f 870 817 871
f 872 848 842
f 842 848 847
f 791 839 787
f 787 839 782
f 803 806 847
f 847 806 873
f 874 803 846
f 846 803 847
f 876 877 875
f 875 877 878
f 879 880 882
f 882 880 881
f 884 808 883
f 883 808 807
f 829 832 885
f 885 832 886
f 832 858 886
f 886 858 887
f 889 890 888
f 888 890 891
f 893 783 892
f 892 783 894
f 893 819 783
f 783 819 784
f 814 813 889
f 889 813 895
f 813 896 895
f 895 896 897
f 812 898 813
f 813 898 896
f 812 823 898
f 898 823 899
f 903 904 902
f 902 904 905
f 906 907 792
f 792 907 908
f 811 909 824
f 824 909 910
f 911 872 841
f 841 872 842
f 912 913 915
f 915 913 914
f 917 918 916
f 916 918 919
f 855 920 856
f 856 920 921
f 922 923 798
f 798 923 924
f 926 927 925
f 925 927 850
f 929 930 928
f 928 930 931
f 860 879 861
f 861 879 882
f 879 860 933
f 933 860 932
f 934 935 836
f 836 935 837
f 936 846 925
f 925 846 845
f 937 924 793
f 793 924 794
f 846 936 874
f 874 936 938
f 907 844 908
f 908 844 843
f 940 941 939
f 939 941 942
f 944 945 943
f 943 945 946
f 948 949 947
f 947 949 950
f 952 949 951
f 951 949 948
f 954 955 953
f 953 955 956
f 958 959 957
f 957 959 802
f 960 961 799
f 799 961 962
f 859 963 860
f 860 963 932
f 964 965 966
f 966 965 922
f 936 849 938
f 938 849 967
f 968 913 935
f 935 913 837
f 947 950 917
f 917 950 918
f 925 850 936
f 936 850 849
f 970 971 969
f 969 971 972
f 945 944 827
f 827 944 973
f 974 968 828
f 828 968 935
f 975 976 978
f 978 976 977
f 799 802 960
f 960 802 959
f 924 937 798
f 798 937 795
f 960 959 859
f 859 959 963
f 979 963 958
f 958 963 959
f 980 981 861
f 861 981 862
f 983 984 982
f 982 984 863
f 985 800 962
f 962 800 799
f 957 802 986
f 986 802 801
f 986 987 957
f 957 987 983
f 987 988 983
f 983 988 984
f 990 984 989
f 989 984 988
f 957 983 958
f 958 983 982
f 991 954 866
f 866 954 992
f 864 863 990
f 990 863 984
f 971 995 996
f 995 997 996
f 996 997 998
f 997 796 998
f 998 796 795
f 797 999 798
f 798 999 922
f 1000 1001 1003
f 1003 1001 1002
f 953 1004 954
f 954 1004 992
f 1005 865 992
f 992 865 866
f 998 795 1006
f 1006 795 937
f 912 991 838
f 838 991 866
f 916 1007 929
f 929 1007 930
f 971 970 988
f 988 970 989
f 1008 972 996
f 996 972 971
f 1009 1010 1006
f 1006 1010 1008
f 1011 1012 869
f 869 1012 867
f 1013 1014 871
f 871 1014 870
f 1008 1010 1012
f 1012 1010 1015
f 825 1016 826
f 826 1016 1017
f 1018 969 1013
f 1013 969 1014
f 783 786 894
f 894 786 1019
f 1020 1021 967
f 967 1021 938
f 1022 1023 876
f 876 1023 877
f 934 1024 825
f 825 1024 1016
f 854 1025 855
f 855 1025 1026
f 1028 903 1027
f 1027 903 902
f 1030 1031 1029
f 1029 1031 1032
f 889 888 814
f 814 888 1033
f 1034 811 1033
f 1033 811 814
f 1035 1036 932
f 932 1036 933
f 841 947 911
f 911 947 917
f 844 948 841
f 841 948 947
f 951 948 907
f 907 948 844
f 907 906 951
f 951 906 1037
f 906 1038 1037
f 1037 1038 1039
f 991 912 1040
f 1040 912 915
f 1041 1042 964
f 964 1042 965
f 890 1043 891
f 891 1043 1044
f 789 1045 1046
f 1012 1011 1008
f 1008 1011 972
f 931 1047 848
f 848 1047 845
f 953 956 943
f 943 956 919
f 928 931 872
f 872 931 848
f 1049 999 1048
f 1048 999 985
f 1047 931 1050
f 1050 931 930
f 899 823 887
f 887 823 886
f 825 828 934
f 934 828 935
f 835 1051 836
f 836 1051 1052
f 923 1053 1038
f 1038 1053 1039
f 1054 927 921
f 921 927 856
f 926 1047 853
f 853 1047 1050
f 985 1055 1048
f 1048 1055 1056
f 973 974 827
f 827 974 828
f 837 913 838
f 838 913 912
f 861 882 980
f 980 882 1057
f 927 926 856
f 856 926 853
f 1025 1056 1026
f 1026 1056 1055
f 961 960 862
f 862 960 859
f 826 1017 1059
f 1059 1017 1060
f 1005 1001 1061
f 1061 1001 1000
f 1001 1004 1002
f 1002 1004 946
f 1059 1060 1002
f 1002 1060 1003
f 943 946 953
f 953 946 1004
f 1042 1041 916
f 916 1041 1007
f 792 794 906
f 906 794 1038
f 998 1006 996
f 996 1006 1008
f 865 1005 1062
f 1062 1005 1061
f 1038 794 923
f 923 794 924
f 1022 876 1036
f 1036 876 933
f 836 1052 934
f 934 1052 1024
f 885 1063 829
f 829 1063 833
f 1021 1064 938
f 938 1064 874
f 1012 1015 867
f 867 1015 868
f 824 910 885
f 885 910 1063
f 1031 1030 1027
f 1027 1030 1028
f 1064 804 874
f 874 804 803
f 884 883 1065
f 1065 883 1066
f 1050 930 1067
f 1067 930 1007
f 916 929 917
f 917 929 911
f 961 1068 939
f 939 1068 940
f 1069 1070 1055
f 1055 1070 1071
f 929 928 911
f 911 928 872
f 1040 1053 955
f 955 1053 965
f 922 965 923
f 923 965 1053
f 1051 835 1062
f 1062 835 865
f 952 914 968
f 968 914 913
f 889 895 890
f 890 895 816
f 895 897 816
f 816 897 901
f 890 816 1043
f 1043 816 815
f 1065 1066 1032
f 1032 1066 1029
f 1006 937 1009
f 1009 937 793
f 1001 1005 1004
f 1004 1005 992
f 925 845 926
f 926 845 1047
f 1002 946 1059
f 1059 946 945
f 977 941 978
f 978 941 940
f 823 824 886
f 886 824 885
f 1059 945 826
f 826 945 827
f 939 942 1069
f 1069 942 1070
f 816 901 817
f 1071 1072 1055
f 1055 1072 1026
f 1062 1061 1074
f 1074 1061 1073
f 1062 1074 1051
f 1051 1074 1075
f 1052 1051 1076
f 1076 1051 1075
f 1024 1052 1077
f 1077 1052 1076
f 1061 1000 1073
f 1073 1000 1078
f 1000 1003 1078
f 1078 1003 1079
f 1079 1003 1080
f 1080 1003 1060
f 1081 1082 1078
f 1078 1082 1073
f 1084 1085 1083
f 1083 1085 1086
f 1087 1088 1086
f 1086 1088 1083
f 1086 1085 1090
f 1090 1085 1089
f 1091 1092 1090
f 1090 1092 1093
f 1089 1094 1090
f 1090 1094 1091
f 1095 1082 1089
f 1089 1082 1094
f 1093 1087 1090
f 1090 1087 1086
f 1096 1097 1099
f 1099 1097 1098
f 1097 1096 1087
f 1087 1096 1088
f 1089 1085 1095
f 1095 1085 1084
f 1084 1075 1095
f 1095 1075 1074
f 1084 1100 1075
f 1075 1100 1076
f 1083 1101 1084
f 1084 1101 1100
f 1101 1083 1102
f 1102 1083 1088
f 1082 1095 1073
f 1073 1095 1074
f 1096 1103 1088
f 1088 1103 1102
f 1101 1102 1104
f 1104 1102 1105
f 1102 1103 1105
f 1105 1103 1106
f 1104 1105 1107
f 1107 1105 1108
f 1107 1109 1104
f 1104 1109 1110
f 1111 1108 1106
f 1106 1108 1105
f 1101 1104 1100
f 1100 1104 1110
f 1100 1110 1076
f 1076 1110 1077
f 1103 1096 1112
f 1112 1096 1099
f 1091 1094 1113
f 1113 1094 1082
f 1113 1114 1091
f 1091 1114 1092
f 1082 1081 1113
f 1113 1081 1115
f 1114 1113 1116
f 1116 1113 1115
f 1114 1117 1092
f 1092 1117 1118
f 1024 1077 1016
f 1016 1077 1119
f 1017 1120 1060
f 1060 1120 1080
f 1120 1017 1119
f 1119 1017 1016
f 1119 1109 1120
f 1120 1109 1121
f 1109 1107 1121
f 1121 1107 1122
f 1120 1121 1080
f 1080 1121 1123
f 1119 1077 1109
f 1109 1077 1110
f 1124 1079 1123
f 1123 1079 1080
f 1124 1081 1079
f 1079 1081 1078
f 1125 1115 1124
f 1124 1115 1081
f 1125 1124 1126
f 1126 1124 1123
f 1127 1125 1128
f 1128 1125 1126
f 1121 1122 1123
f 1123 1122 1126
f 1122 1129 1126
f 1126 1129 1128
f 1115 1125 1116
f 1116 1125 1127
f 1131 1116 1130
f 1130 1116 1127
f 1130 1133 1132
f 1132 1133 1134
f 1130 1127 1133
f 1133 1127 1128
f 1130 1132 1131
f 1131 1132 1112
f 1131 1112 1117
f 1117 1112 1099
f 1117 1114 1131
f 1131 1114 1116
f 1107 1108 1122
f 1122 1108 1129
f 1134 1129 1111
f 1111 1129 1108
f 1134 1133 1129
f 1129 1133 1128
f 1132 1134 1106
f 1106 1134 1111
f 1106 1103 1132
f 1132 1103 1112
f 1087 1093 1097
f 1097 1093 1098
f 1098 1118 1099
f 1099 1118 1117
f 1098 1093 1118
f 1118 1093 1092
f 915 914 1039
f 1039 914 1037
f 918 944 919
f 919 944 943
f 950 949 973
f 973 949 974
f 949 952 974
f 974 952 968
f 956 955 1042
f 1042 955 965
f 950 973 918
f 918 973 944
f 915 1039 1040
f 1040 1039 1053
f 956 1042 919
f 919 1042 916
f 1040 955 991
f 991 955 954
f 914 952 1037
f 1037 952 951
f 1136 1137 1135
f 1135 1137 1138
f 1140 1141 1139
f 1139 1141 1142
f 1139 1142 1143
f 1143 1142 1144
f 1145 1146 1148
f 1148 1146 1147
f 854 1149 1025
f 1025 1149 1150
f 1151 1152 1140
f 1140 1152 1141
f 1154 1155 1153
f 1153 1155 1156
f 1067 1007 1158
f 1158 1007 1157
f 1159 1157 1041
f 1041 1157 1007
f 1161 1162 1160
f 1160 1162 1163
f 1164 1146 1152
f 1152 1146 1141
f 854 1067 1149
f 1149 1067 1158
f 1155 1154 1137
f 1137 1154 1165
f 1166 1164 1138
f 1138 1164 1152
f 1167 1161 1144
f 1144 1161 1168
f 1170 1171 1169
f 1169 1171 1172
f 1161 1160 1168
f 1168 1160 1173
f 1174 1143 1168
f 1168 1143 1144
f 1167 1144 1145
f 1145 1144 1142
f 1135 1175 1136
f 1136 1175 1176
f 1151 1177 1135
f 1135 1177 1175
f 1167 1145 1178
f 1178 1145 1148
f 1160 1163 1153
f 1153 1163 1150
f 1135 1138 1151
f 1151 1138 1152
f 1139 1179 1140
f 1140 1179 1180
f 1165 1166 1137
f 1137 1166 1138
f 1141 1146 1142
f 1142 1146 1145
f 1136 1176 1181
f 1181 1176 1182
f 1174 1170 1183
f 1183 1170 1169
f 1170 1173 1171
f 1171 1173 1156
f 1171 1181 1172
f 1172 1181 1182
f 1153 1156 1160
f 1160 1156 1173
f 1143 1174 1184
f 1184 1174 1183
f 1140 1180 1151
f 1151 1180 1177
f 1049 1048 1178
f 1178 1048 1162
f 1179 1139 1184
f 1184 1139 1143
f 1159 1147 1164
f 1164 1147 1146
f 1170 1174 1173
f 1173 1174 1168
f 1171 1156 1181
f 1181 1156 1155
f 1181 1155 1136
f 1136 1155 1137
f 1184 1183 1186
f 1186 1183 1185
f 1184 1186 1179
f 1179 1186 1187
f 1179 1187 1180
f 1180 1187 1188
f 1180 1188 1177
f 1177 1188 1189
f 1183 1169 1185
f 1185 1169 1190
f 1169 1172 1190
f 1190 1172 1191
f 1172 1182 1191
f 1191 1182 1192
f 1193 1194 1190
f 1190 1194 1185
f 1196 1197 1195
f 1195 1197 1198
f 1199 1200 1196
f 1196 1200 1197
f 1197 1200 1202
f 1202 1200 1201
f 1203 1204 1202
f 1202 1204 1205
f 1201 1206 1202
f 1202 1206 1203
f 1205 1198 1202
f 1202 1198 1197
f 1198 1207 1195
f 1195 1207 1208
f 1201 1200 1209
f 1209 1200 1199
f 1199 1187 1209
f 1209 1187 1186
f 1199 1210 1187
f 1187 1210 1188
f 1196 1211 1199
f 1199 1211 1210
f 1212 1211 1195
f 1195 1211 1196
f 1209 1194 1201
f 1201 1194 1206
f 1194 1209 1185
f 1185 1209 1186
f 1213 1212 1208
f 1208 1212 1195
f 1211 1212 1214
f 1214 1212 1215
f 1212 1213 1215
f 1215 1213 1216
f 1214 1215 1217
f 1217 1215 1218
f 1217 1219 1214
f 1214 1219 1220
f 1216 1221 1215
f 1215 1221 1218
f 1214 1220 1211
f 1211 1220 1210
f 1210 1220 1188
f 1188 1220 1189
f 1213 1208 1223
f 1223 1208 1222
f 1208 1207 1222
f 1222 1207 1224
f 1203 1206 1225
f 1225 1206 1194
f 1204 1203 1226
f 1226 1203 1225
f 1194 1193 1225
f 1225 1193 1227
f 1225 1227 1226
f 1226 1227 1228
f 1229 1230 1226
f 1226 1230 1204
f 1224 1230 1222
f 1222 1230 1229
f 1177 1189 1175
f 1175 1189 1231
f 1176 1232 1182
f 1182 1232 1192
f 1232 1176 1231
f 1231 1176 1175
f 1231 1219 1232
f 1232 1219 1233
f 1219 1217 1233
f 1233 1217 1234
f 1232 1233 1192
f 1192 1233 1235
f 1219 1231 1220
f 1220 1231 1189
f 1236 1191 1235
f 1235 1191 1192
f 1236 1193 1191
f 1191 1193 1190
f 1236 1237 1193
f 1193 1237 1227
f 1237 1236 1238
f 1238 1236 1235
f 1239 1237 1240
f 1240 1237 1238
f 1233 1234 1235
f 1235 1234 1238
f 1234 1241 1238
f 1238 1241 1240
f 1237 1239 1227
f 1227 1239 1228
f 1243 1228 1242
f 1242 1228 1239
f 1242 1245 1244
f 1244 1245 1246
f 1242 1239 1245
f 1245 1239 1240
f 1242 1244 1243
f 1243 1244 1223
f 1243 1223 1229
f 1229 1223 1222
f 1229 1226 1243
f 1243 1226 1228
f 1217 1218 1234
f 1234 1218 1241
f 1246 1241 1221
f 1221 1241 1218
f 1246 1245 1241
f 1241 1245 1240
f 1244 1246 1216
f 1216 1246 1221
f 1216 1213 1244
f 1244 1213 1223
f 1198 1205 1207
f 1207 1205 1224
f 1224 1205 1230
f 1230 1205 1204
f 1148 1147 966
f 966 1147 964
f 1149 1154 1150
f 1150 1154 1153
f 1158 1157 1165
f 1165 1157 1166
f 1157 1159 1166
f 1166 1159 1164
f 1163 1162 1056
f 1056 1162 1048
f 1158 1165 1149
f 1149 1165 1154
f 1178 1148 1049
f 1049 1148 966
f 1163 1056 1150
f 1150 1056 1025
f 1178 1162 1167
f 1167 1162 1161
f 1147 1159 964
f 964 1159 1041
f 999 1049 922
f 922 1049 966
f 999 797 985
f 985 797 800
f 797 796 800
f 800 796 801
f 796 997 801
f 801 997 986
f 1247 1248 1250
f 1250 1248 1249
f 1252 1253 1251
f 1251 1253 1254
f 1251 1254 1255
f 1255 1254 1256
f 1258 1259 1257
f 1257 1259 1260
f 1261 1262 1252
f 1252 1262 1253
f 1264 1265 1263
f 1263 1265 1266
f 1267 1268 855
f 855 1268 920
f 1269 1267 1026
f 1026 1267 855
f 1271 1272 1270
f 1270 1272 1273
f 1274 1258 1262
f 1262 1258 1253
f 1264 1275 1265
f 1265 1275 1249
f 1276 1274 1250
f 1250 1274 1262
f 1277 1271 1256
f 1256 1271 1278
f 1279 1280 1282
f 1282 1280 1281
f 1271 1270 1278
f 1278 1270 1283
f 1284 1255 1278
f 1278 1255 1256
f 1277 1256 1257
f 1257 1256 1254
f 1247 1285 1248
f 1248 1285 1286
f 1261 1287 1247
f 1247 1287 1285
f 1257 1260 1277
f 1277 1260 1288
f 1270 1273 1263
f 1263 1273 1289
f 1261 1247 1262
f 1262 1247 1250
f 1251 1290 1252
f 1252 1290 1291
f 1275 1276 1249
f 1249 1276 1250
f 1253 1258 1254
f 1254 1258 1257
f 1248 1286 1292
f 1292 1286 1293
f 1284 1280 1294
f 1294 1280 1279
f 1281 1280 1266
f 1266 1280 1283
f 1292 1293 1281
f 1281 1293 1282
f 1263 1266 1270
f 1270 1266 1283
f 1255 1284 1295
f 1295 1284 1294
f 1252 1291 1261
f 1261 1291 1287
f 1288 1070 1272
f 1272 1070 942
f 1290 1251 1295
f 1295 1251 1255
f 1269 1259 1274
f 1274 1259 1258
f 1280 1284 1283
f 1283 1284 1278
f 1281 1266 1292
f 1292 1266 1265
f 1292 1265 1248
f 1248 1265 1249
f 1295 1294 1297
f 1297 1294 1296
f 1295 1297 1290
f 1290 1297 1298
f 1290 1298 1291
f 1291 1298 1299
f 1291 1299 1287
f 1287 1299 1300
f 1294 1279 1296
f 1296 1279 1301
f 1279 1282 1301
f 1301 1282 1302
f 1302 1282 1303
f 1303 1282 1293
f 1304 1305 1301
f 1301 1305 1296
f 1307 1308 1306
f 1306 1308 1309
f 1310 1311 1307
f 1307 1311 1308
f 1308 1311 1313
f 1313 1311 1312
f 1314 1315 1313
f 1313 1315 1316
f 1312 1317 1313
f 1313 1317 1314
f 1316 1309 1313
f 1313 1309 1308
f 1318 1319 1309
f 1309 1319 1306
f 1311 1310 1312
f 1312 1310 1320
f 1310 1298 1320
f 1320 1298 1297
f 1310 1321 1298
f 1298 1321 1299
f 1307 1322 1310
f 1310 1322 1321
f 1322 1307 1323
f 1323 1307 1306
f 1312 1320 1317
f 1317 1320 1305
f 1305 1320 1296
f 1296 1320 1297
f 1319 1324 1306
f 1306 1324 1323
f 1325 1322 1326
f 1326 1322 1323
f 1324 1327 1323
f 1323 1327 1326
f 1328 1325 1329
f 1329 1325 1326
f 1325 1328 1331
f 1331 1328 1330
f 1327 1332 1326
f 1326 1332 1329
f 1322 1325 1321
f 1321 1325 1331
f 1321 1331 1299
f 1299 1331 1300
f 1324 1319 1334
f 1334 1319 1333
f 1319 1318 1333
f 1333 1318 1335
f 1314 1317 1336
f 1336 1317 1305
f 1315 1314 1337
f 1337 1314 1336
f 1305 1304 1336
f 1336 1304 1338
f 1337 1336 1339
f 1339 1336 1338
f 1337 1340 1315
f 1315 1340 1341
f 1335 1341 1333
f 1333 1341 1340
f 1287 1300 1285
f 1285 1300 1342
f 1286 1343 1293
f 1293 1343 1303
f 1343 1286 1342
f 1342 1286 1285
f 1342 1330 1343
f 1343 1330 1344
f 1330 1328 1344
f 1344 1328 1345
f 1343 1344 1303
f 1303 1344 1346
f 1342 1300 1330
f 1330 1300 1331
f 1347 1302 1346
f 1346 1302 1303
f 1347 1304 1302
f 1302 1304 1301
f 1348 1338 1347
f 1347 1338 1304
f 1348 1347 1349
f 1349 1347 1346
f 1350 1348 1351
f 1351 1348 1349
f 1344 1345 1346
f 1346 1345 1349
f 1345 1352 1349
f 1349 1352 1351
f 1348 1350 1338
f 1338 1350 1339
f 1354 1339 1353
f 1353 1339 1350
f 1353 1356 1355
f 1355 1356 1357
f 1353 1350 1356
f 1356 1350 1351
f 1353 1355 1354
f 1354 1355 1334
f 1354 1334 1340
f 1340 1334 1333
f 1340 1337 1354
f 1354 1337 1339
f 1328 1329 1345
f 1345 1329 1352
f 1357 1352 1332
f 1332 1352 1329
f 1357 1356 1352
f 1352 1356 1351
f 1357 1332 1355
f 1355 1332 1327
f 1327 1324 1355
f 1355 1324 1334
f 1309 1316 1318
f 1318 1316 1335
f 1335 1316 1341
f 1341 1316 1315
f 1259 1072 1260
f 1260 1072 1071
f 1358 1264 1289
f 1289 1264 1263
f 1268 1267 1275
f 1275 1267 1276
f 1267 1269 1276
f 1276 1269 1274
f 941 1273 942
f 942 1273 1272
f 1358 1268 1264
f 1264 1268 1275
f 1260 1071 1288
f 1288 1071 1070
f 1273 941 1289
f 1289 941 977
f 1272 1271 1288
f 1288 1271 1277
f 1259 1269 1072
f 1072 1269 1026
f 1360 1361 1359
f 1359 1361 1362
f 1364 1365 1363
f 1363 1365 1366
f 1363 1366 1367
f 1367 1366 1368
f 1370 1371 1369
f 1369 1371 1372
f 1373 1374 1376
f 1376 1374 1375
f 1377 1378 1364
f 1364 1378 1365
f 1379 1380 1382
f 1382 1380 1381
f 1383 1384 1386
f 1386 1384 1385
f 1387 1385 978
f 978 1385 1384
f 1388 1389 1391
f 1391 1389 1390
f 1378 1392 1365
f 1365 1392 1370
f 1374 1383 1375
f 1375 1383 1386
f 1380 1393 1381
f 1381 1393 1361
f 1394 1392 1362
f 1362 1392 1378
f 1389 1396 1395
f 1395 1396 1368
f 1398 1399 1397
f 1397 1399 1400
f 1388 1401 1389
f 1389 1401 1396
f 1402 1367 1396
f 1396 1367 1368
f 1395 1368 1369
f 1369 1368 1366
f 1359 1403 1360
f 1360 1403 1404
f 1377 1405 1359
f 1359 1405 1403
f 1369 1372 1395
f 1395 1372 1406
f 1379 1388 1376
f 1376 1388 1391
f 1359 1362 1377
f 1377 1362 1378
f 1363 1407 1364
f 1364 1407 1408
f 1393 1394 1361
f 1361 1394 1362
f 1365 1370 1366
f 1366 1370 1369
f 1360 1404 1409
f 1409 1404 1410
f 1402 1398 1411
f 1411 1398 1397
f 1399 1398 1382
f 1382 1398 1401
f 1409 1410 1399
f 1399 1410 1400
f 1388 1379 1401
f 1401 1379 1382
f 1367 1402 1412
f 1412 1402 1411
f 1364 1408 1377
f 1377 1408 1405
f 981 980 1406
f 1406 980 1390
f 1407 1363 1412
f 1412 1363 1367
f 1387 1371 1392
f 1392 1371 1370
f 1398 1402 1401
f 1401 1402 1396
f 1409 1399 1381
f 1381 1399 1382
f 1360 1409 1361
f 1361 1409 1381
f 1412 1411 1414
f 1414 1411 1413
f 1412 1414 1407
f 1407 1414 1415
f 1407 1415 1408
f 1408 1415 1416
f 1408 1416 1405
f 1405 1416 1417
f 1411 1397 1413
f 1413 1397 1418
f 1397 1400 1418
f 1418 1400 1419
f 1419 1400 1420
f 1420 1400 1410
f 1422 1413 1421
f 1421 1413 1418
f 1423 1424 1426
f 1426 1424 1425
f 1427 1428 1424
f 1424 1428 1425
f 1425 1428 1430
f 1430 1428 1429
f 1430 1431 1433
f 1433 1431 1432
f 1429 1434 1430
f 1430 1434 1431
f 1433 1426 1430
f 1430 1426 1425
f 1426 1435 1423
f 1423 1435 1436
f 1428 1427 1429
f 1429 1427 1437
f 1427 1415 1437
f 1437 1415 1414
f 1427 1438 1415
f 1415 1438 1416
f 1439 1438 1424
f 1424 1438 1427
f 1440 1439 1423
f 1423 1439 1424
f 1429 1437 1434
f 1434 1437 1422
f 1422 1437 1413
f 1413 1437 1414
f 1441 1440 1436
f 1436 1440 1423
f 1442 1439 1443
f 1443 1439 1440
f 1441 1444 1440
f 1440 1444 1443
f 1445 1442 1446
f 1446 1442 1443
f 1442 1445 1448
f 1448 1445 1447
f 1444 1449 1443
f 1443 1449 1446
f 1439 1442 1438
f 1438 1442 1448
f 1438 1448 1416
f 1416 1448 1417
f 1436 1450 1441
f 1441 1450 1451
f 1436 1435 1450
f 1450 1435 1452
f 1431 1434 1453
f 1453 1434 1422
f 1431 1453 1432
f 1432 1453 1454
f 1453 1422 1455
f 1455 1422 1421
f 1454 1453 1456
f 1456 1453 1455
f 1457 1458 1454
f 1454 1458 1432
f 1452 1458 1450
f 1450 1458 1457
f 1405 1417 1403
f 1403 1417 1459
f 1404 1460 1410
f 1410 1460 1420
f 1459 1460 1403
f 1403 1460 1404
f 1447 1461 1459
f 1459 1461 1460
f 1445 1462 1447
f 1447 1462 1461
f 1460 1461 1420
f 1420 1461 1463
f 1459 1417 1447
f 1447 1417 1448
f 1464 1419 1463
f 1463 1419 1420
f 1419 1464 1418
f 1418 1464 1421
f 1464 1465 1421
f 1421 1465 1455
f 1465 1464 1466
f 1466 1464 1463
f 1467 1465 1468
f 1468 1465 1466
f 1461 1462 1463
f 1463 1462 1466
f 1462 1469 1466
f 1466 1469 1468
f 1465 1467 1455
f 1455 1467 1456
f 1471 1456 1470
f 1470 1456 1467
f 1470 1473 1472
f 1472 1473 1474
f 1470 1467 1473
f 1473 1467 1468
f 1470 1472 1471
f 1471 1472 1451
f 1471 1451 1457
f 1457 1451 1450
f 1457 1454 1471
f 1471 1454 1456
f 1462 1445 1469
f 1469 1445 1446
f 1474 1469 1449
f 1449 1469 1446
f 1474 1473 1469
f 1469 1473 1468
f 1472 1474 1444
f 1444 1474 1449
f 1444 1441 1472
f 1472 1441 1451
f 1426 1433 1435
f 1435 1433 1452
f 1452 1433 1458
f 1458 1433 1432
f 1371 940 1372
f 1372 940 1068
f 1376 1375 1379
f 1379 1375 1380
f 1393 1386 1394
f 1394 1386 1385
f 1385 1387 1394
f 1394 1387 1392
f 1475 1373 1391
f 1391 1373 1376
f 1375 1386 1380
f 1380 1386 1393
f 1372 1068 1406
f 1406 1068 981
f 1406 1390 1395
f 1395 1390 1389
f 1371 1387 940
f 940 1387 978
f 883 807 1476
f 1476 807 1477
f 1046 904 1479
f 1479 904 1478
f 904 903 1478
f 1478 903 1480
f 1030 1481 1028
f 1028 1481 1482
f 810 1046 1483
f 1483 1046 1479
f 1066 883 1484
f 1484 883 1476
f 807 810 1477
f 1477 810 1483
f 1485 1029 1484
f 1484 1029 1066
f 1028 1482 903
f 903 1482 1480
f 1481 1030 1485
f 1485 1030 1029
f 1484 1486 1485
f 1485 1486 1487
f 1485 1487 1481
f 1481 1487 1488
f 1481 1488 1482
f 1482 1488 1489
f 1482 1489 1480
f 1480 1489 1490
f 1484 1476 1486
f 1486 1476 1491
f 1476 1477 1491
f 1491 1477 1492
f 1477 1483 1492
f 1492 1483 1493
f 1495 1486 1494
f 1494 1486 1491
f 1497 1498 1496
f 1496 1498 1499
f 1500 1501 1497
f 1497 1501 1498
f 1502 1503 1501
f 1501 1503 1498
f 1502 1504 1503
f 1503 1504 1505
f 1506 1499 1503
f 1503 1499 1498
f 1499 1506 1507
f 1507 1506 1508
f 1507 1509 1499
f 1499 1509 1496
f 1502 1501 1510
f 1510 1501 1500
f 1500 1488 1510
f 1510 1488 1487
f 1500 1511 1488
f 1488 1511 1489
f 1497 1512 1500
f 1500 1512 1511
f 1512 1497 1513
f 1513 1497 1496
f 1502 1510 1504
f 1504 1510 1495
f 1495 1510 1486
f 1486 1510 1487
f 1509 1514 1496
f 1496 1514 1513
f 1515 1512 1516
f 1516 1512 1513
f 1514 1517 1513
f 1513 1517 1516
f 1518 1515 1519
f 1519 1515 1516
f 1515 1518 1521
f 1521 1518 1520
f 1517 1522 1516
f 1516 1522 1519
f 1512 1515 1511
f 1511 1515 1521
f 1511 1521 1489
f 1489 1521 1490
f 1514 1509 1524
f 1524 1509 1523
f 1509 1507 1523
f 1523 1507 1508
f 1505 1504 1525
f 1525 1504 1495
f 1526 1505 1527
f 1527 1505 1525
f 1525 1495 1528
f 1528 1495 1494
f 1527 1525 1529
f 1529 1525 1528
f 1527 1530 1526
f 1526 1530 1531
f 1508 1531 1523
f 1523 1531 1530
f 1506 1503 1526
f 1526 1503 1505
f 1508 1506 1531
f 1531 1506 1526
f 1478 1480 1532
f 1532 1480 1490
f 1483 1479 1493
f 1493 1479 1533
f 1532 1533 1478
f 1478 1533 1479
f 1520 1534 1532
f 1532 1534 1533
f 1518 1535 1520
f 1520 1535 1534
f 1533 1534 1493
f 1493 1534 1536
f 1532 1490 1520
f 1520 1490 1521
f 1537 1492 1536
f 1536 1492 1493
f 1492 1537 1491
f 1491 1537 1494
f 1537 1538 1494
f 1494 1538 1528
f 1538 1537 1539
f 1539 1537 1536
f 1540 1538 1541
f 1541 1538 1539
f 1534 1535 1536
f 1536 1535 1539
f 1535 1542 1539
f 1539 1542 1541
f 1538 1540 1528
f 1528 1540 1529
f 1544 1529 1543
f 1543 1529 1540
f 1545 1543 1547
f 1547 1543 1546
f 1543 1540 1546
f 1546 1540 1541
f 1543 1545 1544
f 1544 1545 1524
f 1544 1524 1530
f 1530 1524 1523
f 1530 1527 1544
f 1544 1527 1529
f 1535 1518 1542
f 1542 1518 1519
f 1547 1542 1522
f 1522 1542 1519
f 1547 1546 1542
f 1542 1546 1541
f 1545 1547 1517
f 1517 1547 1522
f 1517 1514 1545
f 1545 1514 1524
f 997 995 986
f 986 995 987
f 987 995 988
f 988 995 971
f 976 1358 977
f 977 1358 1289
f 854 853 1067
f 1067 853 1050
f 1055 985 1069
f 1069 985 962
f 1068 961 981
f 981 961 862
f 1268 1358 920
f 920 1358 976
f 920 976 921
f 921 976 975
f 927 1054 850
f 850 1054 851
f 882 881 1057
f 1057 881 1548
f 1548 1374 1057
f 1057 1374 1373
f 1383 1374 1549
f 1549 1374 1548
f 1549 1548 1550
f 1550 1548 881
f 1550 881 1551
f 1551 881 880
f 933 1552 879
f 879 1552 880
f 1551 880 875
f 875 880 1552
f 1553 1551 878
f 878 1551 875
f 1551 1553 1550
f 1550 1553 1554
f 1550 1554 1549
f 1549 1554 1555
f 978 1384 975
f 975 1384 1555
f 967 849 1556
f 1556 849 852
f 875 1552 876
f 876 1552 933
f 961 939 962
f 962 939 1069
f 1555 1054 975
f 975 1054 921
f 1555 1384 1549
f 1549 1384 1383
f 1391 1390 1475
f 1475 1390 980
f 1373 1475 1057
f 1057 1475 980
f 851 1054 1554
f 1554 1054 1555
f 1554 1553 851
f 851 1553 852
f 878 1556 1553
f 1553 1556 852
f 1556 878 967
f 967 878 877
f 1023 1020 877
f 877 1020 967
f 909 811 1034
f 806 779 873
f 873 779 840
f 805 780 806
f 806 780 779
f 1043 893 1044
f 1044 893 892
f 873 840 847
f 847 840 842
f 840 839 842
f 842 839 843
f 839 791 843
f 843 791 908
f 791 790 908
f 908 790 792
f 809 789 810
f 810 789 1046
f 793 790 809
f 809 790 789
f 809 808 793
f 793 808 1009
f 808 884 1009
f 1009 884 1010
f 1065 1015 884
f 884 1015 1010
f 1032 868 1065
f 1065 868 1015
f 1031 822 1032
f 1032 822 868
f 1031 1027 822
f 822 1027 785
f 1045 905 1046
f 1046 905 904
f 788 781 1019
f 1019 781 894
f 781 780 894
f 894 780 892
f 780 805 892
f 892 805 1044
f 805 804 1044
f 1044 804 891
f 804 1064 891
f 891 1064 888
f 1064 1021 888
f 888 1021 1033
f 1021 1020 1033
f 1033 1020 1034
f 1020 1023 1034
f 1034 1023 909
f 1023 1022 909
f 909 1022 910
f 1043 815 893
f 893 815 819
f 819 815 820
f 820 815 818
f 870 869 818
f 818 869 820
f 1014 1011 870
f 870 1011 869
f 969 972 1014
f 1014 972 1011
f 1036 1063 1022
f 1022 1063 910
f 1035 833 1036
f 1036 833 1063
f 1035 932 979
f 979 932 963
f 834 979 982
f 982 979 958
f 833 1035 834
f 834 1035 979
f 982 863 834
f 834 863 830
f 864 900 831
f 831 900 857
f 990 993 864
f 864 993 900
f 989 994 990
f 990 994 993
f 970 1058 989
f 989 1058 994
f 969 1018 970
f 970 1018 1058
f 1027 902 785
f 785 902 786
f 902 905 786
f 786 905 1019
f 905 1045 1019
f 1019 1045 788
f 788 1045 787
f 787 1045 789
o hand_right
v 0.248076 0.126983 0.909852
v 0.246357 0.132822 0.917762
v 0.242866 0.122104 0.916309
v 0.244086 0.117601 0.908818
v 0.241175 0.128537 0.936732
v 0.230986 0.130208 0.944080
v 0.229381 0.114896 0.937587
v 0.238647 0.115853 0.932829
v 0.239166 0.111028 0.906042
v 0.240118 0.114082 0.914922
v 0.232780 0.111136 0.903424
v 0.231456 0.110613 0.892004
v 0.238261 0.109325 0.896782
v 0.233736 0.108516 0.884192
v 0.224781 0.119678 0.890139
v 0.232867 0.114979 0.877013
v 0.240100 0.143787 0.881621
v 0.250291 0.152798 0.881923
v 0.257408 0.141742 0.870138
v 0.246709 0.133006 0.871669
v 0.271241 0.155651 0.878132
v 0.263969 0.147567 0.873079
v 0.256466 0.159254 0.883804
v 0.263318 0.165829 0.887866
v 0.256686 0.141114 0.912259
v 0.254796 0.148147 0.920143
v 0.251141 0.143578 0.918689
v 0.252923 0.136928 0.911573
v 0.222228 0.108385 0.908538
v 0.218047 0.117491 0.906527
v 0.224432 0.114344 0.902366
v 0.227755 0.107349 0.908475
v 0.257598 0.166647 0.942349
v 0.249545 0.176970 0.946123
v 0.244537 0.173910 0.945925
v 0.252982 0.165310 0.942108
v 0.231769 0.154215 0.947553
v 0.228793 0.165118 0.946794
v 0.215265 0.168676 0.944224
v 0.216179 0.158689 0.942135
v 0.232344 0.141509 0.946636
v 0.218609 0.145517 0.944372
v 0.219487 0.132526 0.942887
v 0.219872 0.115724 0.937082
v 0.259281 0.185144 0.944059
v 0.266773 0.178676 0.941560
v 0.266103 0.076587 0.883998
v 0.270951 0.080067 0.884536
v 0.268854 0.082638 0.883862
v 0.264416 0.078711 0.883236
v 0.266475 0.194575 0.927496
v 0.261955 0.198448 0.919231
v 0.260449 0.202858 0.924792
v 0.262890 0.198512 0.932817
v 0.271156 0.189270 0.920486
v 0.263911 0.191694 0.911977
v 0.267227 0.069259 0.873629
v 0.264826 0.070041 0.878100
v 0.262234 0.072561 0.875095
v 0.264609 0.072695 0.870282
v 0.244694 0.112867 0.901065
v 0.250593 0.120306 0.903519
v 0.251969 0.104741 0.888684
v 0.251808 0.111193 0.893320
v 0.245066 0.108450 0.893412
v 0.245534 0.103659 0.888749
v 0.267226 0.129036 0.896110
v 0.262812 0.136377 0.904025
v 0.258562 0.131446 0.902682
v 0.262414 0.121993 0.894752
v 0.274093 0.144334 0.907371
v 0.277323 0.136762 0.898975
v 0.283312 0.142222 0.901896
v 0.280363 0.146126 0.908048
v 0.279921 0.122999 0.884077
v 0.281716 0.119521 0.879385
v 0.284157 0.120675 0.881094
v 0.282254 0.125477 0.885211
v 0.258150 0.207612 0.929453
v 0.258587 0.201974 0.937502
v 0.286691 0.167113 0.888488
v 0.291692 0.169759 0.898229
v 0.299581 0.162438 0.890765
v 0.292177 0.161668 0.881656
v 0.254287 0.197297 0.912160
v 0.254044 0.203486 0.916896
v 0.272086 0.071080 0.870271
v 0.269706 0.074521 0.867089
v 0.211364 0.139157 0.934272
v 0.212726 0.119039 0.931106
v 0.211042 0.154412 0.934419
v 0.210597 0.165205 0.933548
v 0.208444 0.173391 0.935150
v 0.258078 0.112189 0.890684
v 0.253831 0.129008 0.905614
v 0.260506 0.144422 0.913150
v 0.287751 0.158199 0.918541
v 0.283507 0.164316 0.926033
v 0.277320 0.155793 0.923542
v 0.282128 0.152571 0.916984
v 0.296157 0.165508 0.906093
v 0.295395 0.158271 0.909573
v 0.299111 0.153510 0.903362
v 0.301283 0.159549 0.899109
v 0.215749 0.106978 0.912225
v 0.212726 0.119859 0.911667
v 0.267947 0.188184 0.935860
v 0.262211 0.191346 0.940073
v 0.256804 0.197111 0.943282
v 0.255651 0.156361 0.931960
v 0.249887 0.164262 0.942131
v 0.247060 0.160828 0.942207
v 0.253257 0.154677 0.930698
v 0.247205 0.137483 0.927780
v 0.243771 0.143006 0.939954
v 0.244981 0.125166 0.925325
v 0.237140 0.170938 0.946890
v 0.238931 0.180981 0.951037
v 0.230860 0.177260 0.950583
v 0.246789 0.186792 0.949911
v 0.253300 0.192374 0.947312
v 0.252058 0.211157 0.919699
v 0.223360 0.174046 0.948393
v 0.236211 0.107697 0.929089
v 0.234480 0.100724 0.925402
v 0.236884 0.103718 0.918700
v 0.238880 0.109972 0.921248
v 0.237901 0.103625 0.877785
v 0.241089 0.102067 0.884788
v 0.237604 0.107030 0.890669
v 0.266368 0.162650 0.935959
v 0.273946 0.172988 0.935804
v 0.257969 0.105663 0.885825
v 0.261227 0.077223 0.868615
v 0.258782 0.076650 0.874090
v 0.247068 0.091968 0.875810
v 0.249259 0.092687 0.869047
v 0.263616 0.104257 0.877556
v 0.260201 0.103560 0.883604
v 0.261563 0.102535 0.882160
v 0.266429 0.102560 0.877547
v 0.289354 0.127513 0.884932
v 0.287520 0.131585 0.888592
v 0.255584 0.120922 0.865094
v 0.242219 0.115845 0.864604
v 0.236789 0.125122 0.872969
v 0.272468 0.134065 0.897983
v 0.277067 0.127968 0.890958
v 0.280135 0.130708 0.891652
v 0.261837 0.111964 0.887684
v 0.262869 0.107380 0.882657
v 0.265396 0.111407 0.883376
v 0.265077 0.116144 0.888487
v 0.284361 0.177926 0.905621
v 0.289981 0.173019 0.914702
v 0.264172 0.072832 0.881752
v 0.262006 0.074982 0.879957
v 0.268000 0.141162 0.905679
v 0.232370 0.135022 0.883841
v 0.264751 0.147701 0.914397
v 0.289858 0.143893 0.873721
v 0.295321 0.140598 0.879427
v 0.296957 0.135446 0.878464
v 0.294479 0.136000 0.872920
v 0.274928 0.090270 0.876012
v 0.272739 0.088834 0.881248
v 0.273902 0.085535 0.881334
v 0.277098 0.085981 0.876296
v 0.255175 0.101905 0.886385
v 0.249019 0.099732 0.886577
v 0.252896 0.096384 0.885688
v 0.258033 0.099483 0.884557
v 0.244831 0.097847 0.882482
v 0.248378 0.093649 0.881934
v 0.274629 0.088720 0.869613
v 0.270908 0.084014 0.864914
v 0.261066 0.099428 0.864733
v 0.266711 0.100559 0.870158
v 0.255493 0.176168 0.895815
v 0.264416 0.181451 0.899993
v 0.272423 0.171422 0.891973
v 0.280632 0.162294 0.883235
v 0.287646 0.152530 0.875697
v 0.278228 0.147732 0.869216
v 0.278000 0.175533 0.896495
v 0.263159 0.110780 0.871696
v 0.255809 0.110130 0.865521
v 0.260160 0.114684 0.867244
v 0.271267 0.150647 0.916686
v 0.259023 0.078312 0.879544
v 0.215697 0.179076 0.914907
v 0.225060 0.187397 0.910127
v 0.226961 0.179722 0.906450
v 0.216847 0.170187 0.912500
v 0.267605 0.085400 0.884511
v 0.262193 0.081629 0.884207
v 0.293395 0.134322 0.889488
v 0.294350 0.130293 0.885580
v 0.297218 0.131741 0.883811
v 0.298861 0.135077 0.888554
v 0.268225 0.184413 0.903635
v 0.304965 0.155999 0.888639
v 0.298121 0.155829 0.879859
v 0.257098 0.190023 0.906722
v 0.249181 0.185880 0.902666
v 0.245149 0.193275 0.907502
v 0.271918 0.134246 0.865251
v 0.250036 0.170306 0.892462
v 0.243931 0.180718 0.900465
v 0.238851 0.189315 0.906165
v 0.235640 0.196126 0.909690
v 0.242955 0.199629 0.911034
v 0.266339 0.079868 0.865489
v 0.275302 0.078623 0.866479
v 0.240463 0.207772 0.913713
v 0.232435 0.203123 0.912626
v 0.237176 0.174488 0.899153
v 0.229243 0.166652 0.899187
v 0.243384 0.164567 0.891546
v 0.235905 0.155960 0.890547
v 0.261875 0.132307 0.861169
v 0.285897 0.071250 0.878703
v 0.280717 0.079132 0.872891
v 0.279599 0.082249 0.877693
v 0.286314 0.074445 0.881601
v 0.277803 0.083704 0.870833
v 0.277698 0.075209 0.869808
v 0.226288 0.145276 0.894591
v 0.266543 0.108580 0.879010
v 0.218498 0.154747 0.907326
v 0.218360 0.129800 0.897857
v 0.213666 0.135706 0.909382
v 0.210522 0.162168 0.921335
v 0.209322 0.145647 0.921823
v 0.208644 0.178813 0.925444
v 0.210456 0.171159 0.922269
v 0.209135 0.128935 0.922177
v 0.273830 0.072745 0.889458
v 0.278379 0.076395 0.888609
v 0.213209 0.186234 0.917966
v 0.241624 0.116226 0.922932
v 0.266203 0.155081 0.925256
v 0.261534 0.152699 0.923031
v 0.280099 0.167906 0.930093
v 0.272331 0.158792 0.928925
v 0.271143 0.068418 0.887654
v 0.283334 0.118571 0.875159
v 0.282529 0.120219 0.876760
v 0.228999 0.106127 0.933568
v 0.228384 0.099842 0.929895
v 0.216445 0.100360 0.924215
v 0.221600 0.098727 0.928997
v 0.220334 0.106480 0.933076
v 0.214559 0.108467 0.928234
v 0.257938 0.157364 0.932769
v 0.261445 0.158987 0.933539
v 0.277681 0.184112 0.913666
v 0.283274 0.178499 0.922181
v 0.243037 0.098397 0.876208
v 0.239179 0.107214 0.870387
v 0.244671 0.100648 0.869665
v 0.253305 0.097094 0.864846
v 0.265931 0.107710 0.875226
v 0.262956 0.106264 0.871643
v 0.245719 0.152530 0.941244
v 0.250120 0.148410 0.929198
v 0.236928 0.110319 0.913795
v 0.234492 0.106162 0.911973
v 0.269643 0.122618 0.890226
v 0.276308 0.122806 0.864576
v 0.267591 0.121395 0.862126
v 0.271925 0.117239 0.883575
v 0.273912 0.063353 0.881604
v 0.271467 0.065437 0.885335
v 0.248189 0.105295 0.865156
v 0.286330 0.135537 0.894818
v 0.278708 0.128870 0.867294
v 0.282141 0.120663 0.868503
v 0.304034 0.155070 0.896738
v 0.222079 0.194587 0.914190
v 0.276608 0.082716 0.882573
v 0.282640 0.077857 0.886059
v 0.283342 0.068333 0.876794
v 0.278167 0.064924 0.877217
v 0.275869 0.182189 0.929327
v 0.258627 0.150810 0.921356
v 0.210856 0.115416 0.920825
v 0.214213 0.104225 0.918175
v 0.273294 0.115116 0.879840
v 0.294897 0.147953 0.877758
v 0.284142 0.139386 0.867708
v 0.289705 0.131045 0.866994
v 0.285676 0.124394 0.867323
v 0.283849 0.119402 0.872085
v 0.286267 0.065481 0.881055
v 0.281313 0.062375 0.881500
v 0.276813 0.061271 0.885622
v 0.274361 0.063387 0.888666
v 0.273937 0.067355 0.890341
v 0.289129 0.068289 0.883000
v 0.289294 0.071239 0.885478
v 0.285288 0.075622 0.887958
v 0.291448 0.066896 0.887334
v 0.290204 0.061741 0.888020
v 0.282042 0.057887 0.898456
v 0.280944 0.058183 0.892700
v 0.283298 0.057344 0.893696
v 0.285060 0.056723 0.898322
v 0.288126 0.055652 0.902342
v 0.284896 0.056743 0.903181
v 0.285770 0.058682 0.889983
v 0.288796 0.057753 0.895899
v 0.292205 0.059991 0.894779
v 0.294608 0.058388 0.899474
v 0.291746 0.056172 0.900535
v 0.290002 0.060194 0.890698
v 0.284954 0.059093 0.887837
v 0.288696 0.056424 0.905769
v 0.290236 0.055147 0.904274
v 0.293210 0.056005 0.903226
v 0.293652 0.057107 0.906030
v 0.276538 0.062170 0.892740
v 0.280610 0.059736 0.899679
v 0.284548 0.059715 0.904268
v 0.288418 0.059090 0.906687
v 0.281729 0.063353 0.901369
v 0.285284 0.062562 0.904533
v 0.288846 0.062373 0.906417
v 0.284229 0.066775 0.901925
v 0.287143 0.065166 0.904418
v 0.277835 0.070231 0.893012
v 0.275308 0.066817 0.892485
v 0.289003 0.064538 0.906148
v 0.293788 0.059203 0.906782
v 0.293543 0.063049 0.893140
v 0.295667 0.061430 0.899655
v 0.294012 0.065388 0.893571
v 0.296455 0.063688 0.899833
v 0.296958 0.059409 0.903361
v 0.295327 0.057772 0.902208
v 0.276065 0.072013 0.890599
v 0.281062 0.075440 0.889597
v 0.282792 0.073815 0.891629
v 0.287944 0.069657 0.900757
v 0.287086 0.073980 0.890510
v 0.291355 0.069976 0.889593
v 0.293960 0.067599 0.895611
v 0.292206 0.069592 0.897850
v 0.295393 0.065935 0.900543
v 0.293401 0.067135 0.901616
v 0.290145 0.067185 0.903691
v 0.295283 0.064162 0.904224
v 0.296710 0.061575 0.903834
v 0.292794 0.062468 0.906475
v 0.294009 0.065662 0.904001
v 0.291550 0.064591 0.905387
v 0.287522 0.087389 0.880650
v 0.292868 0.090975 0.880860
v 0.289774 0.093356 0.878408
v 0.285384 0.090145 0.878330
v 0.287423 0.080266 0.868555
v 0.285169 0.081553 0.874224
v 0.282211 0.084336 0.870770
v 0.285256 0.084401 0.864663
v 0.292821 0.082906 0.864762
v 0.290363 0.087697 0.861497
v 0.281629 0.088927 0.862821
v 0.278879 0.088787 0.869475
v 0.267590 0.106080 0.870433
v 0.269153 0.107398 0.863922
v 0.281846 0.114550 0.877899
v 0.284051 0.114945 0.874829
v 0.285625 0.084521 0.878446
v 0.282942 0.087021 0.875520
v 0.294872 0.100293 0.874471
v 0.291353 0.098790 0.878425
v 0.294038 0.095751 0.877850
v 0.297677 0.096245 0.873700
v 0.270679 0.108357 0.877925
v 0.276218 0.111913 0.877920
v 0.268606 0.106643 0.875162
v 0.296304 0.099664 0.867971
v 0.294229 0.097131 0.861927
v 0.282223 0.113920 0.861464
v 0.285913 0.114822 0.866498
v 0.279364 0.090133 0.874787
v 0.286734 0.095550 0.879728
v 0.282256 0.092718 0.878893
v 0.287251 0.093132 0.860143
v 0.297267 0.091459 0.863541
v 0.307583 0.081574 0.877449
v 0.302052 0.090203 0.870931
v 0.300858 0.092270 0.875614
v 0.307576 0.084056 0.881870
v 0.299244 0.094574 0.868493
v 0.299433 0.086896 0.866722
v 0.296615 0.079668 0.889325
v 0.301800 0.083483 0.889157
v 0.294195 0.076171 0.887455
v 0.274590 0.110965 0.860500
v 0.294699 0.072527 0.877724
v 0.293124 0.073943 0.883953
v 0.297476 0.093097 0.879416
v 0.305805 0.084809 0.886401
v 0.305461 0.078588 0.874642
v 0.299142 0.074985 0.873197
v 0.307918 0.074824 0.878825
v 0.302718 0.071219 0.878124
v 0.298034 0.069147 0.882151
v 0.295905 0.071500 0.886981
v 0.296303 0.074562 0.889529
v 0.309977 0.077676 0.881326
v 0.309974 0.080621 0.885071
v 0.306751 0.082704 0.888263
v 0.312645 0.075552 0.888052
v 0.311653 0.071267 0.886628
v 0.304110 0.063425 0.901409
v 0.302244 0.064769 0.895891
v 0.304655 0.064105 0.895103
v 0.306548 0.062877 0.900096
v 0.301898 0.065182 0.889672
v 0.304210 0.064909 0.890599
v 0.307719 0.066852 0.888187
v 0.309038 0.065892 0.894100
v 0.312523 0.069142 0.893193
v 0.314610 0.067241 0.898132
v 0.311395 0.063744 0.899088
v 0.310939 0.068854 0.889122
v 0.308617 0.062400 0.903009
v 0.308071 0.063175 0.905397
v 0.306738 0.067040 0.885208
v 0.297446 0.069088 0.889731
v 0.300511 0.066634 0.897702
v 0.303312 0.065766 0.903574
v 0.308451 0.065723 0.907034
v 0.300799 0.070142 0.900043
v 0.303998 0.068663 0.904896
v 0.308521 0.068441 0.907113
v 0.302769 0.074236 0.901495
v 0.306193 0.072218 0.905637
v 0.298800 0.077708 0.892404
v 0.296666 0.073444 0.891649
v 0.308169 0.070785 0.906644
v 0.312871 0.063637 0.905063
v 0.312568 0.066358 0.907023
v 0.312456 0.063305 0.903264
v 0.313667 0.070980 0.893262
v 0.315278 0.069142 0.899167
v 0.314311 0.073515 0.894428
v 0.315702 0.070928 0.900752
v 0.315804 0.066838 0.903228
v 0.315143 0.065526 0.902382
v 0.298600 0.078248 0.890327
v 0.303048 0.081820 0.889932
v 0.303104 0.081388 0.891782
v 0.307081 0.077281 0.900658
v 0.307536 0.082007 0.890207
v 0.311543 0.078848 0.889484
v 0.313661 0.076015 0.895708
v 0.311277 0.077682 0.898497
v 0.315790 0.072986 0.901542
v 0.313310 0.075062 0.901990
v 0.309264 0.074753 0.904624
v 0.315633 0.070305 0.905342
v 0.315996 0.068158 0.904389
v 0.311995 0.068506 0.907191
v 0.313873 0.072691 0.905023
v 0.310828 0.071453 0.906641
v 0.301296 0.104228 0.886526
v 0.304779 0.108634 0.887775
v 0.302370 0.110974 0.886190
v 0.298941 0.106702 0.884606
v 0.304352 0.099879 0.874634
v 0.301839 0.099047 0.878901
v 0.298932 0.101766 0.876500
v 0.300726 0.103381 0.871518
v 0.309538 0.101998 0.873376
v 0.305225 0.106973 0.869187
v 0.297258 0.107036 0.868962
v 0.295953 0.104732 0.874546
v 0.286601 0.116265 0.872900
v 0.289283 0.118502 0.867213
v 0.300891 0.101103 0.883117
v 0.298358 0.103480 0.881199
v 0.307631 0.117456 0.883094
v 0.304220 0.115316 0.886026
v 0.306800 0.114011 0.885219
v 0.309837 0.115110 0.882265
v 0.286811 0.120097 0.882604
v 0.290724 0.124705 0.883765
v 0.286209 0.116901 0.878765
v 0.309483 0.117576 0.876655
v 0.307557 0.115737 0.869800
v 0.299844 0.127810 0.870783
v 0.300365 0.129131 0.876836
v 0.295718 0.105489 0.879733
v 0.299737 0.112324 0.886635
v 0.296527 0.108151 0.884547
v 0.301760 0.111418 0.867451
v 0.310475 0.111173 0.871656
v 0.323546 0.099926 0.885483
v 0.314385 0.111137 0.878356
v 0.312227 0.112549 0.883772
v 0.322886 0.101865 0.889448
v 0.312254 0.114132 0.877054
v 0.313428 0.107197 0.874126
v 0.312006 0.095448 0.894887
v 0.315334 0.099816 0.895136
v 0.310441 0.093129 0.891452
v 0.294537 0.123377 0.865756
v 0.297428 0.128592 0.882570
v 0.313179 0.090496 0.884967
v 0.310918 0.091318 0.888606
v 0.308987 0.111748 0.886505
v 0.319981 0.102227 0.893118
v 0.321642 0.097048 0.882121
v 0.317090 0.093064 0.881141
v 0.324876 0.094486 0.885448
v 0.320369 0.090489 0.884749
v 0.316626 0.087656 0.888183
v 0.314387 0.088676 0.891699
v 0.313773 0.090666 0.894454
v 0.326749 0.097254 0.888684
v 0.325964 0.098917 0.892112
v 0.321308 0.100492 0.894240
v 0.329396 0.095303 0.891814
v 0.329085 0.090392 0.889679
v 0.327943 0.078760 0.901507
v 0.324378 0.081499 0.897934
v 0.325421 0.081662 0.897245
v 0.329240 0.078655 0.900362
v 0.321714 0.084063 0.892335
v 0.323588 0.083659 0.893031
v 0.325983 0.085767 0.890838
v 0.329994 0.082971 0.894931
v 0.332809 0.088255 0.895105
v 0.335439 0.085259 0.898286
v 0.333269 0.080121 0.898142
v 0.329272 0.088760 0.891036
v 0.331928 0.077825 0.901885
v 0.331169 0.076614 0.903214
v 0.324703 0.086789 0.889041
v 0.317776 0.085317 0.894866
v 0.322464 0.082075 0.900057
v 0.325942 0.079307 0.903999
v 0.329865 0.078769 0.905918
v 0.321930 0.084889 0.902589
v 0.325637 0.082092 0.905564
v 0.329162 0.081460 0.907268
v 0.322637 0.087794 0.903934
v 0.326231 0.085203 0.906384
v 0.316194 0.092710 0.897792
v 0.316154 0.088631 0.896735
v 0.328929 0.083757 0.907381
v 0.335470 0.078675 0.902675
v 0.334859 0.081250 0.905993
v 0.334624 0.079239 0.901256
v 0.333130 0.090092 0.895076
v 0.336750 0.086855 0.899512
v 0.332846 0.092421 0.896632
v 0.336373 0.089051 0.901146
v 0.337659 0.083252 0.901540
v 0.336904 0.082711 0.900737
v 0.314364 0.094364 0.895993
v 0.317308 0.098443 0.896066
v 0.318876 0.096732 0.897838
v 0.325561 0.091297 0.904329
v 0.322743 0.098929 0.896161
v 0.328397 0.096800 0.894977
v 0.331370 0.093547 0.899282
v 0.329151 0.093250 0.902286
v 0.334691 0.090263 0.903010
v 0.332070 0.090526 0.904106
v 0.328628 0.088431 0.906790
v 0.335240 0.086740 0.905046
v 0.337258 0.085185 0.903522
v 0.333073 0.083528 0.907343
v 0.333162 0.087851 0.905948
v 0.331390 0.085460 0.907603
v 0.294396 0.127391 0.884063
v 0.318441 0.121217 0.891686
v 0.320133 0.124426 0.893830
v 0.319286 0.125673 0.892927
v 0.316538 0.122772 0.891097
v 0.320832 0.122054 0.880519
v 0.319043 0.119645 0.884164
v 0.315882 0.121646 0.882135
v 0.317634 0.124017 0.878759
v 0.323832 0.126095 0.879913
v 0.321068 0.128136 0.878819
v 0.314555 0.126885 0.878493
v 0.312421 0.124448 0.881914
v 0.300084 0.136905 0.881233
v 0.301545 0.141759 0.878487
v 0.307362 0.149902 0.895388
v 0.303327 0.146609 0.898413
v 0.310406 0.140919 0.896004
v 0.312785 0.144853 0.893541
v 0.318241 0.119681 0.888135
v 0.315069 0.121243 0.887069
v 0.323705 0.134409 0.891251
v 0.320915 0.131086 0.893647
v 0.321676 0.129075 0.893720
v 0.324811 0.132237 0.892281
v 0.300563 0.141816 0.897156
v 0.298608 0.138870 0.893478
v 0.302013 0.135390 0.893485
v 0.307451 0.136681 0.895345
v 0.300679 0.133571 0.888085
v 0.324441 0.135658 0.887108
v 0.322829 0.134680 0.881384
v 0.311689 0.149735 0.884457
v 0.312561 0.148545 0.889350
v 0.312990 0.122891 0.886285
v 0.317560 0.127688 0.893196
v 0.315350 0.124211 0.891081
v 0.318617 0.131045 0.877945
v 0.324741 0.131992 0.882471
v 0.333344 0.127028 0.891572
v 0.327561 0.132327 0.889002
v 0.325710 0.131065 0.893415
v 0.332119 0.126620 0.894417
v 0.326173 0.133204 0.888040
v 0.327308 0.130131 0.883690
v 0.324248 0.117221 0.894931
v 0.326517 0.121594 0.896809
v 0.323914 0.115632 0.892037
v 0.306033 0.146911 0.879177
v 0.327095 0.116757 0.885314
v 0.325117 0.114908 0.888862
v 0.322753 0.127659 0.894583
v 0.329515 0.124812 0.896477
v 0.333225 0.125293 0.887420
v 0.330340 0.121232 0.883817
v 0.335979 0.122233 0.889148
v 0.332571 0.118221 0.885837
v 0.329041 0.113823 0.887857
v 0.326604 0.113361 0.890710
v 0.325486 0.114131 0.893617
v 0.336019 0.124203 0.893134
v 0.334395 0.124176 0.895750
v 0.331131 0.123111 0.897545
v 0.338538 0.121231 0.894875
v 0.339281 0.117720 0.891677
v 0.337233 0.105650 0.897547
v 0.334616 0.107793 0.895214
v 0.335573 0.108203 0.894553
v 0.337938 0.105489 0.896664
v 0.332658 0.110807 0.891197
v 0.334312 0.110806 0.891496
v 0.336043 0.113706 0.890257
v 0.339007 0.110418 0.893147
v 0.342178 0.114218 0.895225
v 0.344191 0.111136 0.897272
v 0.341403 0.108013 0.894983
v 0.339480 0.115684 0.891752
v 0.340304 0.104306 0.897449
v 0.340303 0.103463 0.898558
v 0.335256 0.114589 0.888913
v 0.329010 0.110910 0.893266
v 0.333302 0.107161 0.897242
v 0.336989 0.104628 0.899636
v 0.340510 0.103942 0.900801
v 0.331917 0.108625 0.898944
v 0.336257 0.105463 0.901724
v 0.339719 0.104995 0.902819
v 0.331581 0.111114 0.901199
v 0.336031 0.107762 0.903098
v 0.327205 0.115418 0.897999
v 0.327495 0.112552 0.895768
v 0.338991 0.106606 0.903316
v 0.343774 0.105209 0.898438
v 0.343286 0.105653 0.901349
v 0.343588 0.105898 0.897077
v 0.342400 0.115417 0.896001
v 0.344824 0.111768 0.898656
v 0.341916 0.116963 0.898025
v 0.344281 0.112356 0.900717
v 0.345430 0.108324 0.899412
v 0.344683 0.108392 0.897703
v 0.325952 0.116406 0.896745
v 0.327794 0.120139 0.897767
v 0.329393 0.119019 0.899104
v 0.333379 0.114444 0.902466
v 0.332879 0.121753 0.898756
v 0.336339 0.122254 0.896989
v 0.340086 0.117417 0.900117
v 0.337248 0.116771 0.902007
v 0.342913 0.112302 0.902497
v 0.340169 0.112109 0.903907
v 0.337400 0.110447 0.904276
v 0.343244 0.108523 0.902895
v 0.344677 0.108258 0.901643
v 0.342113 0.106560 0.902896
v 0.341535 0.108972 0.903837
v 0.340330 0.107902 0.903822
v 0.308960 0.150771 0.891529
v 0.220217 0.094147 0.907751
v 0.225193 0.096336 0.905832
v 0.236741 0.091352 0.916652
v 0.235556 0.094077 0.910093
v 0.233507 0.087960 0.921773
v 0.222673 0.086240 0.923153
v 0.228223 0.087273 0.924240
v 0.231236 0.095977 0.906301
v 0.216965 0.091619 0.912196
v 0.217426 0.088398 0.918858
v 0.217276 0.084256 0.905921
v 0.218059 0.079987 0.913401
v 0.222985 0.077432 0.918043
v 0.229782 0.080737 0.920292
v 0.234414 0.082932 0.919419
v 0.222416 0.089802 0.903534
v 0.227312 0.092432 0.902768
v 0.233569 0.092747 0.905214
v 0.227472 0.085951 0.898581
v 0.230315 0.076636 0.897408
v 0.243387 0.063506 0.904130
v 0.239465 0.067642 0.908076
v 0.238031 0.067295 0.905708
v 0.241462 0.063169 0.902461
v 0.234240 0.070027 0.909121
v 0.234586 0.069960 0.906777
v 0.231667 0.072447 0.903112
v 0.235289 0.068742 0.900167
v 0.232235 0.074734 0.898528
v 0.235396 0.073149 0.895885
v 0.238656 0.065225 0.897105
v 0.242282 0.061054 0.899067
v 0.241700 0.062367 0.894650
v 0.245343 0.061294 0.899601
v 0.228279 0.071363 0.903197
v 0.234458 0.073674 0.914915
v 0.241117 0.069582 0.910598
v 0.246010 0.065701 0.905535
v 0.247775 0.063401 0.900003
v 0.243827 0.072974 0.910986
v 0.247582 0.069726 0.905541
v 0.248895 0.068147 0.900119
v 0.245446 0.077052 0.908800
v 0.247891 0.073252 0.903670
v 0.238969 0.084894 0.914483
v 0.237155 0.079294 0.917115
v 0.248437 0.070921 0.900243
v 0.244273 0.062145 0.893566
v 0.246827 0.064668 0.894009
v 0.235244 0.076172 0.894278
v 0.238167 0.069678 0.892723
v 0.239425 0.072147 0.891681
v 0.236075 0.080083 0.894176
v 0.241052 0.074447 0.891478
v 0.242240 0.067223 0.890726
v 0.240189 0.066033 0.892214
v 0.237563 0.087219 0.915968
v 0.236837 0.091034 0.910559
v 0.237910 0.089122 0.909377
v 0.244371 0.081669 0.904038
v 0.235804 0.090653 0.903739
v 0.231337 0.089124 0.899819
v 0.238613 0.082587 0.895261
v 0.241665 0.083594 0.898803
v 0.243363 0.076411 0.893382
v 0.244886 0.077108 0.895940
v 0.247276 0.075769 0.900025
v 0.245951 0.071798 0.893208
v 0.244298 0.069615 0.891003
v 0.248043 0.068795 0.895629
v 0.246289 0.073525 0.895289
v 0.247821 0.071859 0.897449
v 0.300765 0.150017 0.900574
v 0.296869 0.144598 0.899865
v 0.295421 0.148780 0.903895
v 0.292058 0.153203 0.910887
v 0.291442 0.162522 0.915923
v 0.286560 0.149016 0.909765
v 0.290529 0.144594 0.902508
v 0.292853 0.139022 0.895894
v 0.277261 0.149899 0.913843
f 1558 1559 1557
f 1557 1559 1560
f 1561 1562 1564
f 1564 1562 1563
f 1565 1560 1566
f 1566 1560 1559
f 1568 1569 1567
f 1567 1569 1565
f 1570 1568 1572
f 1572 1568 1571
f 1574 1575 1573
f 1573 1575 1576
f 1578 1579 1577
f 1577 1579 1580
f 1582 1583 1581
f 1581 1583 1584
f 1586 1587 1585
f 1585 1587 1588
f 1589 1590 1592
f 1592 1590 1591
f 1593 1594 1596
f 1596 1594 1595
f 1597 1598 1562
f 1562 1598 1599
f 1562 1599 1563
f 1563 1599 1600
f 1601 1590 1602
f 1602 1590 1589
f 1604 1605 1603
f 1603 1605 1606
f 1608 1609 1607
f 1607 1609 1610
f 1612 1608 1611
f 1611 1608 1607
f 1614 1615 1613
f 1613 1615 1616
f 1617 1618 1560
f 1560 1618 1557
f 1620 1621 1619
f 1619 1621 1622
f 1624 1625 1623
f 1623 1625 1626
f 1628 1629 1627
f 1627 1629 1630
f 1632 1633 1631
f 1631 1633 1634
f 1609 1635 1610
f 1610 1635 1636
f 1638 1639 1637
f 1637 1639 1640
f 1641 1642 1608
f 1608 1642 1609
f 1613 1616 1643
f 1643 1616 1644
f 1645 1646 1599
f 1599 1646 1600
f 1599 1598 1645
f 1645 1598 1647
f 1596 1595 1648
f 1648 1595 1649
f 1650 1626 1620
f 1620 1626 1625
f 1569 1617 1565
f 1565 1617 1560
f 1581 1584 1625
f 1625 1584 1651
f 1652 1581 1624
f 1624 1581 1625
f 1654 1655 1653
f 1653 1655 1656
f 1657 1658 1660
f 1660 1658 1659
f 1662 1586 1661
f 1661 1586 1585
f 1607 1610 1663
f 1663 1610 1664
f 1610 1636 1664
f 1664 1636 1665
f 1667 1668 1666
f 1666 1668 1669
f 1671 1561 1670
f 1670 1561 1672
f 1671 1597 1561
f 1561 1597 1562
f 1592 1591 1667
f 1667 1591 1673
f 1591 1674 1673
f 1673 1674 1675
f 1590 1676 1591
f 1591 1676 1674
f 1590 1601 1676
f 1676 1601 1677
f 1681 1682 1680
f 1680 1682 1683
f 1684 1685 1570
f 1570 1685 1686
f 1589 1687 1602
f 1602 1687 1688
f 1689 1650 1619
f 1619 1650 1620
f 1690 1691 1693
f 1693 1691 1692
f 1695 1696 1694
f 1694 1696 1697
f 1633 1698 1634
f 1634 1698 1699
f 1700 1701 1576
f 1576 1701 1702
f 1704 1705 1703
f 1703 1705 1628
f 1707 1708 1706
f 1706 1708 1709
f 1638 1657 1639
f 1639 1657 1660
f 1657 1638 1711
f 1711 1638 1710
f 1712 1713 1614
f 1614 1713 1615
f 1714 1624 1703
f 1703 1624 1623
f 1715 1702 1571
f 1571 1702 1572
f 1624 1714 1652
f 1652 1714 1716
f 1685 1622 1686
f 1686 1622 1621
f 1718 1719 1717
f 1717 1719 1720
f 1722 1723 1721
f 1721 1723 1724
f 1726 1727 1725
f 1725 1727 1728
f 1730 1727 1729
f 1729 1727 1726
f 1732 1733 1731
f 1731 1733 1734
f 1736 1737 1735
f 1735 1737 1580
f 1738 1739 1577
f 1577 1739 1740
f 1637 1741 1638
f 1638 1741 1710
f 1742 1743 1744
f 1744 1743 1700
f 1714 1627 1716
f 1716 1627 1745
f 1746 1691 1713
f 1713 1691 1615
f 1725 1728 1695
f 1695 1728 1696
f 1703 1628 1714
f 1714 1628 1627
f 1748 1749 1747
f 1747 1749 1750
f 1723 1722 1605
f 1605 1722 1751
f 1752 1746 1606
f 1606 1746 1713
f 1753 1754 1756
f 1756 1754 1755
f 1577 1580 1738
f 1738 1580 1737
f 1702 1715 1576
f 1576 1715 1573
f 1738 1737 1637
f 1637 1737 1741
f 1757 1741 1736
f 1736 1741 1737
f 1758 1759 1639
f 1639 1759 1640
f 1761 1762 1760
f 1760 1762 1641
f 1763 1578 1740
f 1740 1578 1577
f 1735 1580 1764
f 1764 1580 1579
f 1764 1765 1735
f 1735 1765 1761
f 1765 1766 1761
f 1761 1766 1762
f 1768 1762 1767
f 1767 1762 1766
f 1735 1761 1736
f 1736 1761 1760
f 1769 1732 1644
f 1644 1732 1770
f 1642 1641 1768
f 1768 1641 1762
f 1749 1773 1774
f 1773 1775 1774
f 1774 1775 1776
f 1775 1574 1776
f 1776 1574 1573
f 1575 1777 1576
f 1576 1777 1700
f 1778 1779 1781
f 1781 1779 1780
f 1731 1782 1732
f 1732 1782 1770
f 1783 1643 1770
f 1770 1643 1644
f 1776 1573 1784
f 1784 1573 1715
f 1690 1769 1616
f 1616 1769 1644
f 1694 1785 1707
f 1707 1785 1708
f 1749 1748 1766
f 1766 1748 1767
f 1786 1750 1774
f 1774 1750 1749
f 1787 1788 1784
f 1784 1788 1786
f 1789 1790 1647
f 1647 1790 1645
f 1791 1792 1649
f 1649 1792 1648
f 1786 1788 1790
f 1790 1788 1793
f 1603 1794 1604
f 1604 1794 1795
f 1796 1747 1791
f 1791 1747 1792
f 1561 1564 1672
f 1672 1564 1797
f 1798 1799 1745
f 1745 1799 1716
f 1800 1801 1654
f 1654 1801 1655
f 1712 1802 1603
f 1603 1802 1794
f 1632 1803 1633
f 1633 1803 1804
f 1806 1681 1805
f 1805 1681 1680
f 1808 1809 1807
f 1807 1809 1810
f 1667 1666 1592
f 1592 1666 1811
f 1812 1589 1811
f 1811 1589 1592
f 1813 1814 1710
f 1710 1814 1711
f 1619 1725 1689
f 1689 1725 1695
f 1622 1726 1619
f 1619 1726 1725
f 1729 1726 1685
f 1685 1726 1622
f 1685 1684 1729
f 1729 1684 1815
f 1684 1816 1815
f 1815 1816 1817
f 1769 1690 1818
f 1818 1690 1693
f 1819 1820 1742
f 1742 1820 1743
f 1668 1821 1669
f 1669 1821 1822
f 1567 1823 1824
f 1790 1789 1786
f 1786 1789 1750
f 1709 1825 1626
f 1626 1825 1623
f 1731 1734 1721
f 1721 1734 1697
f 1706 1709 1650
f 1650 1709 1626
f 1827 1777 1826
f 1826 1777 1763
f 1825 1709 1828
f 1828 1709 1708
f 1677 1601 1665
f 1665 1601 1664
f 1603 1606 1712
f 1712 1606 1713
f 1613 1829 1614
f 1614 1829 1830
f 1701 1831 1816
f 1816 1831 1817
f 1832 1705 1699
f 1699 1705 1634
f 1704 1825 1631
f 1631 1825 1828
f 1763 1833 1826
f 1826 1833 1834
f 1751 1752 1605
f 1605 1752 1606
f 1615 1691 1616
f 1616 1691 1690
f 1639 1660 1758
f 1758 1660 1835
f 1705 1704 1634
f 1634 1704 1631
f 1803 1834 1804
f 1804 1834 1833
f 1739 1738 1640
f 1640 1738 1637
f 1604 1795 1837
f 1837 1795 1838
f 1783 1779 1839
f 1839 1779 1778
f 1779 1782 1780
f 1780 1782 1724
f 1837 1838 1780
f 1780 1838 1781
f 1721 1724 1731
f 1731 1724 1782
f 1820 1819 1694
f 1694 1819 1785
f 1570 1572 1684
f 1684 1572 1816
f 1776 1784 1774
f 1774 1784 1786
f 1643 1783 1840
f 1840 1783 1839
f 1816 1572 1701
f 1701 1572 1702
f 1800 1654 1814
f 1814 1654 1711
f 1614 1830 1712
f 1712 1830 1802
f 1663 1841 1607
f 1607 1841 1611
f 1799 1842 1716
f 1716 1842 1652
f 1790 1793 1645
f 1645 1793 1646
f 1602 1688 1663
f 1663 1688 1841
f 1809 1808 1805
f 1805 1808 1806
f 1842 1582 1652
f 1652 1582 1581
f 1662 1661 1843
f 1843 1661 1844
f 1828 1708 1845
f 1845 1708 1785
f 1694 1707 1695
f 1695 1707 1689
f 1739 1846 1717
f 1717 1846 1718
f 1847 1848 1833
f 1833 1848 1849
f 1707 1706 1689
f 1689 1706 1650
f 1818 1831 1733
f 1733 1831 1743
f 1700 1743 1701
f 1701 1743 1831
f 1829 1613 1840
f 1840 1613 1643
f 1730 1692 1746
f 1746 1692 1691
f 1667 1673 1668
f 1668 1673 1594
f 1673 1675 1594
f 1594 1675 1679
f 1668 1594 1821
f 1821 1594 1593
f 1843 1844 1810
f 1810 1844 1807
f 1784 1715 1787
f 1787 1715 1571
f 1779 1783 1782
f 1782 1783 1770
f 1703 1623 1704
f 1704 1623 1825
f 1780 1724 1837
f 1837 1724 1723
f 1755 1719 1756
f 1756 1719 1718
f 1601 1602 1664
f 1664 1602 1663
f 1837 1723 1604
f 1604 1723 1605
f 1717 1720 1847
f 1847 1720 1848
f 1594 1679 1595
f 1849 1850 1833
f 1833 1850 1804
f 1840 1839 1852
f 1852 1839 1851
f 1840 1852 1829
f 1829 1852 1853
f 1830 1829 1854
f 1854 1829 1853
f 1802 1830 1855
f 1855 1830 1854
f 1839 1778 1851
f 1851 1778 1856
f 1778 1781 1856
f 1856 1781 1857
f 1857 1781 1858
f 1858 1781 1838
f 1859 1860 1856
f 1856 1860 1851
f 1862 1863 1861
f 1861 1863 1864
f 1865 1866 1864
f 1864 1866 1861
f 1864 1863 1868
f 1868 1863 1867
f 1869 1870 1868
f 1868 1870 1871
f 1867 1872 1868
f 1868 1872 1869
f 1873 1860 1867
f 1867 1860 1872
f 1871 1865 1868
f 1868 1865 1864
f 1874 1875 1877
f 1877 1875 1876
f 1875 1874 1865
f 1865 1874 1866
f 1867 1863 1873
f 1873 1863 1862
f 1862 1853 1873
f 1873 1853 1852
f 1862 1878 1853
f 1853 1878 1854
f 1861 1879 1862
f 1862 1879 1878
f 1879 1861 1880
f 1880 1861 1866
f 1860 1873 1851
f 1851 1873 1852
f 1874 1881 1866
f 1866 1881 1880
f 1879 1880 1882
f 1882 1880 1883
f 1880 1881 1883
f 1883 1881 1884
f 1882 1883 1885
f 1885 1883 1886
f 1885 1887 1882
f 1882 1887 1888
f 1889 1886 1884
f 1884 1886 1883
f 1879 1882 1878
f 1878 1882 1888
f 1878 1888 1854
f 1854 1888 1855
f 1881 1874 1890
f 1890 1874 1877
f 1869 1872 1891
f 1891 1872 1860
f 1891 1892 1869
f 1869 1892 1870
f 1860 1859 1891
f 1891 1859 1893
f 1892 1891 1894
f 1894 1891 1893
f 1892 1895 1870
f 1870 1895 1896
f 1802 1855 1794
f 1794 1855 1897
f 1795 1898 1838
f 1838 1898 1858
f 1898 1795 1897
f 1897 1795 1794
f 1897 1887 1898
f 1898 1887 1899
f 1887 1885 1899
f 1899 1885 1900
f 1898 1899 1858
f 1858 1899 1901
f 1897 1855 1887
f 1887 1855 1888
f 1902 1857 1901
f 1901 1857 1858
f 1902 1859 1857
f 1857 1859 1856
f 1903 1893 1902
f 1902 1893 1859
f 1903 1902 1904
f 1904 1902 1901
f 1905 1903 1906
f 1906 1903 1904
f 1899 1900 1901
f 1901 1900 1904
f 1900 1907 1904
f 1904 1907 1906
f 1893 1903 1894
f 1894 1903 1905
f 1909 1894 1908
f 1908 1894 1905
f 1908 1911 1910
f 1910 1911 1912
f 1908 1905 1911
f 1911 1905 1906
f 1908 1910 1909
f 1909 1910 1890
f 1909 1890 1895
f 1895 1890 1877
f 1895 1892 1909
f 1909 1892 1894
f 1885 1886 1900
f 1900 1886 1907
f 1912 1907 1889
f 1889 1907 1886
f 1912 1911 1907
f 1907 1911 1906
f 1910 1912 1884
f 1884 1912 1889
f 1884 1881 1910
f 1910 1881 1890
f 1865 1871 1875
f 1875 1871 1876
f 1876 1896 1877
f 1877 1896 1895
f 1876 1871 1896
f 1896 1871 1870
f 1693 1692 1817
f 1817 1692 1815
f 1696 1722 1697
f 1697 1722 1721
f 1728 1727 1751
f 1751 1727 1752
f 1727 1730 1752
f 1752 1730 1746
f 1734 1733 1820
f 1820 1733 1743
f 1728 1751 1696
f 1696 1751 1722
f 1693 1817 1818
f 1818 1817 1831
f 1734 1820 1697
f 1697 1820 1694
f 1818 1733 1769
f 1769 1733 1732
f 1692 1730 1815
f 1815 1730 1729
f 1914 1915 1913
f 1913 1915 1916
f 1918 1919 1917
f 1917 1919 1920
f 1917 1920 1921
f 1921 1920 1922
f 1923 1924 1926
f 1926 1924 1925
f 1632 1927 1803
f 1803 1927 1928
f 1929 1930 1918
f 1918 1930 1919
f 1932 1933 1931
f 1931 1933 1934
f 1845 1785 1936
f 1936 1785 1935
f 1937 1935 1819
f 1819 1935 1785
f 1939 1940 1938
f 1938 1940 1941
f 1942 1924 1930
f 1930 1924 1919
f 1632 1845 1927
f 1927 1845 1936
f 1933 1932 1915
f 1915 1932 1943
f 1944 1942 1916
f 1916 1942 1930
f 1945 1939 1922
f 1922 1939 1946
f 1948 1949 1947
f 1947 1949 1950
f 1939 1938 1946
f 1946 1938 1951
f 1952 1921 1946
f 1946 1921 1922
f 1945 1922 1923
f 1923 1922 1920
f 1913 1953 1914
f 1914 1953 1954
f 1929 1955 1913
f 1913 1955 1953
f 1945 1923 1956
f 1956 1923 1926
f 1938 1941 1931
f 1931 1941 1928
f 1913 1916 1929
f 1929 1916 1930
f 1917 1957 1918
f 1918 1957 1958
f 1943 1944 1915
f 1915 1944 1916
f 1919 1924 1920
f 1920 1924 1923
f 1914 1954 1959
f 1959 1954 1960
f 1952 1948 1961
f 1961 1948 1947
f 1948 1951 1949
f 1949 1951 1934
f 1949 1959 1950
f 1950 1959 1960
f 1931 1934 1938
f 1938 1934 1951
f 1921 1952 1962
f 1962 1952 1961
f 1918 1958 1929
f 1929 1958 1955
f 1827 1826 1956
f 1956 1826 1940
f 1957 1917 1962
f 1962 1917 1921
f 1937 1925 1942
f 1942 1925 1924
f 1948 1952 1951
f 1951 1952 1946
f 1949 1934 1959
f 1959 1934 1933
f 1959 1933 1914
f 1914 1933 1915
f 1962 1961 1964
f 1964 1961 1963
f 1962 1964 1957
f 1957 1964 1965
f 1957 1965 1958
f 1958 1965 1966
f 1958 1966 1955
f 1955 1966 1967
f 1961 1947 1963
f 1963 1947 1968
f 1947 1950 1968
f 1968 1950 1969
f 1950 1960 1969
f 1969 1960 1970
f 1971 1972 1968
f 1968 1972 1963
f 1974 1975 1973
f 1973 1975 1976
f 1977 1978 1974
f 1974 1978 1975
f 1975 1978 1980
f 1980 1978 1979
f 1981 1982 1980
f 1980 1982 1983
f 1979 1984 1980
f 1980 1984 1981
f 1983 1976 1980
f 1980 1976 1975
f 1976 1985 1973
f 1973 1985 1986
f 1979 1978 1987
f 1987 1978 1977
f 1977 1965 1987
f 1987 1965 1964
f 1977 1988 1965
f 1965 1988 1966
f 1974 1989 1977
f 1977 1989 1988
f 1990 1989 1973
f 1973 1989 1974
f 1987 1972 1979
f 1979 1972 1984
f 1972 1987 1963
f 1963 1987 1964
f 1991 1990 1986
f 1986 1990 1973
f 1989 1990 1992
f 1992 1990 1993
f 1990 1991 1993
f 1993 1991 1994
f 1992 1993 1995
f 1995 1993 1996
f 1995 1997 1992
f 1992 1997 1998
f 1994 1999 1993
f 1993 1999 1996
f 1992 1998 1989
f 1989 1998 1988
f 1988 1998 1966
f 1966 1998 1967
f 1991 1986 2001
f 2001 1986 2000
f 1986 1985 2000
f 2000 1985 2002
f 1981 1984 2003
f 2003 1984 1972
f 1982 1981 2004
f 2004 1981 2003
f 1972 1971 2003
f 2003 1971 2005
f 2003 2005 2004
f 2004 2005 2006
f 2007 2008 2004
f 2004 2008 1982
f 2002 2008 2000
f 2000 2008 2007
f 1955 1967 1953
f 1953 1967 2009
f 1954 2010 1960
f 1960 2010 1970
f 2010 1954 2009
f 2009 1954 1953
f 2009 1997 2010
f 2010 1997 2011
f 1997 1995 2011
f 2011 1995 2012
f 2010 2011 1970
f 1970 2011 2013
f 1997 2009 1998
f 1998 2009 1967
f 2014 1969 2013
f 2013 1969 1970
f 2014 1971 1969
f 1969 1971 1968
f 2014 2015 1971
f 1971 2015 2005
f 2015 2014 2016
f 2016 2014 2013
f 2017 2015 2018
f 2018 2015 2016
f 2011 2012 2013
f 2013 2012 2016
f 2012 2019 2016
f 2016 2019 2018
f 2015 2017 2005
f 2005 2017 2006
f 2021 2006 2020
f 2020 2006 2017
f 2020 2023 2022
f 2022 2023 2024
f 2020 2017 2023
f 2023 2017 2018
f 2020 2022 2021
f 2021 2022 2001
f 2021 2001 2007
f 2007 2001 2000
f 2007 2004 2021
f 2021 2004 2006
f 1995 1996 2012
f 2012 1996 2019
f 2024 2019 1999
f 1999 2019 1996
f 2024 2023 2019
f 2019 2023 2018
f 2022 2024 1994
f 1994 2024 1999
f 1994 1991 2022
f 2022 1991 2001
f 1976 1983 1985
f 1985 1983 2002
f 2002 1983 2008
f 2008 1983 1982
f 1926 1925 1744
f 1744 1925 1742
f 1927 1932 1928
f 1928 1932 1931
f 1936 1935 1943
f 1943 1935 1944
f 1935 1937 1944
f 1944 1937 1942
f 1941 1940 1834
f 1834 1940 1826
f 1936 1943 1927
f 1927 1943 1932
f 1956 1926 1827
f 1827 1926 1744
f 1941 1834 1928
f 1928 1834 1803
f 1956 1940 1945
f 1945 1940 1939
f 1925 1937 1742
f 1742 1937 1819
f 1777 1827 1700
f 1700 1827 1744
f 1777 1575 1763
f 1763 1575 1578
f 1575 1574 1578
f 1578 1574 1579
f 1574 1775 1579
f 1579 1775 1764
f 2025 2026 2028
f 2028 2026 2027
f 2030 2031 2029
f 2029 2031 2032
f 2029 2032 2033
f 2033 2032 2034
f 2036 2037 2035
f 2035 2037 2038
f 2039 2040 2030
f 2030 2040 2031
f 2042 2043 2041
f 2041 2043 2044
f 2045 2046 1633
f 1633 2046 1698
f 2047 2045 1804
f 1804 2045 1633
f 2049 2050 2048
f 2048 2050 2051
f 2052 2036 2040
f 2040 2036 2031
f 2042 2053 2043
f 2043 2053 2027
f 2054 2052 2028
f 2028 2052 2040
f 2055 2049 2034
f 2034 2049 2056
f 2057 2058 2060
f 2060 2058 2059
f 2049 2048 2056
f 2056 2048 2061
f 2062 2033 2056
f 2056 2033 2034
f 2055 2034 2035
f 2035 2034 2032
f 2025 2063 2026
f 2026 2063 2064
f 2039 2065 2025
f 2025 2065 2063
f 2035 2038 2055
f 2055 2038 2066
f 2048 2051 2041
f 2041 2051 2067
f 2039 2025 2040
f 2040 2025 2028
f 2029 2068 2030
f 2030 2068 2069
f 2053 2054 2027
f 2027 2054 2028
f 2031 2036 2032
f 2032 2036 2035
f 2026 2064 2070
f 2070 2064 2071
f 2062 2058 2072
f 2072 2058 2057
f 2059 2058 2044
f 2044 2058 2061
f 2070 2071 2059
f 2059 2071 2060
f 2041 2044 2048
f 2048 2044 2061
f 2033 2062 2073
f 2073 2062 2072
f 2030 2069 2039
f 2039 2069 2065
f 2066 1848 2050
f 2050 1848 1720
f 2068 2029 2073
f 2073 2029 2033
f 2047 2037 2052
f 2052 2037 2036
f 2058 2062 2061
f 2061 2062 2056
f 2059 2044 2070
f 2070 2044 2043
f 2070 2043 2026
f 2026 2043 2027
f 2073 2072 2075
f 2075 2072 2074
f 2073 2075 2068
f 2068 2075 2076
f 2068 2076 2069
f 2069 2076 2077
f 2069 2077 2065
f 2065 2077 2078
f 2072 2057 2074
f 2074 2057 2079
f 2057 2060 2079
f 2079 2060 2080
f 2080 2060 2081
f 2081 2060 2071
f 2082 2083 2079
f 2079 2083 2074
f 2085 2086 2084
f 2084 2086 2087
f 2088 2089 2085
f 2085 2089 2086
f 2086 2089 2091
f 2091 2089 2090
f 2092 2093 2091
f 2091 2093 2094
f 2090 2095 2091
f 2091 2095 2092
f 2094 2087 2091
f 2091 2087 2086
f 2096 2097 2087
f 2087 2097 2084
f 2089 2088 2090
f 2090 2088 2098
f 2088 2076 2098
f 2098 2076 2075
f 2088 2099 2076
f 2076 2099 2077
f 2085 2100 2088
f 2088 2100 2099
f 2100 2085 2101
f 2101 2085 2084
f 2090 2098 2095
f 2095 2098 2083
f 2083 2098 2074
f 2074 2098 2075
f 2097 2102 2084
f 2084 2102 2101
f 2103 2100 2104
f 2104 2100 2101
f 2102 2105 2101
f 2101 2105 2104
f 2106 2103 2107
f 2107 2103 2104
f 2103 2106 2109
f 2109 2106 2108
f 2105 2110 2104
f 2104 2110 2107
f 2100 2103 2099
f 2099 2103 2109
f 2099 2109 2077
f 2077 2109 2078
f 2102 2097 2112
f 2112 2097 2111
f 2097 2096 2111
f 2111 2096 2113
f 2092 2095 2114
f 2114 2095 2083
f 2093 2092 2115
f 2115 2092 2114
f 2083 2082 2114
f 2114 2082 2116
f 2115 2114 2117
f 2117 2114 2116
f 2115 2118 2093
f 2093 2118 2119
f 2113 2119 2111
f 2111 2119 2118
f 2065 2078 2063
f 2063 2078 2120
f 2064 2121 2071
f 2071 2121 2081
f 2121 2064 2120
f 2120 2064 2063
f 2120 2108 2121
f 2121 2108 2122
f 2108 2106 2122
f 2122 2106 2123
f 2121 2122 2081
f 2081 2122 2124
f 2120 2078 2108
f 2108 2078 2109
f 2125 2080 2124
f 2124 2080 2081
f 2125 2082 2080
f 2080 2082 2079
f 2126 2116 2125
f 2125 2116 2082
f 2126 2125 2127
f 2127 2125 2124
f 2128 2126 2129
f 2129 2126 2127
f 2122 2123 2124
f 2124 2123 2127
f 2123 2130 2127
f 2127 2130 2129
f 2126 2128 2116
f 2116 2128 2117
f 2132 2117 2131
f 2131 2117 2128
f 2131 2134 2133
f 2133 2134 2135
f 2131 2128 2134
f 2134 2128 2129
f 2131 2133 2132
f 2132 2133 2112
f 2132 2112 2118
f 2118 2112 2111
f 2118 2115 2132
f 2132 2115 2117
f 2106 2107 2123
f 2123 2107 2130
f 2135 2130 2110
f 2110 2130 2107
f 2135 2134 2130
f 2130 2134 2129
f 2135 2110 2133
f 2133 2110 2105
f 2105 2102 2133
f 2133 2102 2112
f 2087 2094 2096
f 2096 2094 2113
f 2113 2094 2119
f 2119 2094 2093
f 2037 1850 2038
f 2038 1850 1849
f 2136 2042 2067
f 2067 2042 2041
f 2046 2045 2053
f 2053 2045 2054
f 2045 2047 2054
f 2054 2047 2052
f 1719 2051 1720
f 1720 2051 2050
f 2136 2046 2042
f 2042 2046 2053
f 2038 1849 2066
f 2066 1849 1848
f 2051 1719 2067
f 2067 1719 1755
f 2050 2049 2066
f 2066 2049 2055
f 2037 2047 1850
f 1850 2047 1804
f 2138 2139 2137
f 2137 2139 2140
f 2142 2143 2141
f 2141 2143 2144
f 2141 2144 2145
f 2145 2144 2146
f 2148 2149 2147
f 2147 2149 2150
f 2151 2152 2154
f 2154 2152 2153
f 2155 2156 2142
f 2142 2156 2143
f 2157 2158 2160
f 2160 2158 2159
f 2161 2162 2164
f 2164 2162 2163
f 2165 2163 1756
f 1756 2163 2162
f 2166 2167 2169
f 2169 2167 2168
f 2156 2170 2143
f 2143 2170 2148
f 2152 2161 2153
f 2153 2161 2164
f 2158 2171 2159
f 2159 2171 2139
f 2172 2170 2140
f 2140 2170 2156
f 2167 2174 2173
f 2173 2174 2146
f 2176 2177 2175
f 2175 2177 2178
f 2166 2179 2167
f 2167 2179 2174
f 2180 2145 2174
f 2174 2145 2146
f 2173 2146 2147
f 2147 2146 2144
f 2137 2181 2138
f 2138 2181 2182
f 2155 2183 2137
f 2137 2183 2181
f 2147 2150 2173
f 2173 2150 2184
f 2157 2166 2154
f 2154 2166 2169
f 2137 2140 2155
f 2155 2140 2156
f 2141 2185 2142
f 2142 2185 2186
f 2171 2172 2139
f 2139 2172 2140
f 2143 2148 2144
f 2144 2148 2147
f 2138 2182 2187
f 2187 2182 2188
f 2180 2176 2189
f 2189 2176 2175
f 2177 2176 2160
f 2160 2176 2179
f 2187 2188 2177
f 2177 2188 2178
f 2166 2157 2179
f 2179 2157 2160
f 2145 2180 2190
f 2190 2180 2189
f 2142 2186 2155
f 2155 2186 2183
f 1759 1758 2184
f 2184 1758 2168
f 2185 2141 2190
f 2190 2141 2145
f 2165 2149 2170
f 2170 2149 2148
f 2176 2180 2179
f 2179 2180 2174
f 2187 2177 2159
f 2159 2177 2160
f 2138 2187 2139
f 2139 2187 2159
f 2190 2189 2192
f 2192 2189 2191
f 2190 2192 2185
f 2185 2192 2193
f 2185 2193 2186
f 2186 2193 2194
f 2186 2194 2183
f 2183 2194 2195
f 2189 2175 2191
f 2191 2175 2196
f 2175 2178 2196
f 2196 2178 2197
f 2197 2178 2198
f 2198 2178 2188
f 2200 2191 2199
f 2199 2191 2196
f 2201 2202 2204
f 2204 2202 2203
f 2205 2206 2202
f 2202 2206 2203
f 2203 2206 2208
f 2208 2206 2207
f 2208 2209 2211
f 2211 2209 2210
f 2207 2212 2208
f 2208 2212 2209
f 2211 2204 2208
f 2208 2204 2203
f 2204 2213 2201
f 2201 2213 2214
f 2206 2205 2207
f 2207 2205 2215
f 2205 2193 2215
f 2215 2193 2192
f 2205 2216 2193
f 2193 2216 2194
f 2217 2216 2202
f 2202 2216 2205
f 2218 2217 2201
f 2201 2217 2202
f 2207 2215 2212
f 2212 2215 2200
f 2200 2215 2191
f 2191 2215 2192
f 2219 2218 2214
f 2214 2218 2201
f 2220 2217 2221
f 2221 2217 2218
f 2219 2222 2218
f 2218 2222 2221
f 2223 2220 2224
f 2224 2220 2221
f 2220 2223 2226
f 2226 2223 2225
f 2222 2227 2221
f 2221 2227 2224
f 2217 2220 2216
f 2216 2220 2226
f 2216 2226 2194
f 2194 2226 2195
f 2214 2228 2219
f 2219 2228 2229
f 2214 2213 2228
f 2228 2213 2230
f 2209 2212 2231
f 2231 2212 2200
f 2209 2231 2210
f 2210 2231 2232
f 2231 2200 2233
f 2233 2200 2199
f 2232 2231 2234
f 2234 2231 2233
f 2235 2236 2232
f 2232 2236 2210
f 2230 2236 2228
f 2228 2236 2235
f 2183 2195 2181
f 2181 2195 2237
f 2182 2238 2188
f 2188 2238 2198
f 2237 2238 2181
f 2181 2238 2182
f 2225 2239 2237
f 2237 2239 2238
f 2223 2240 2225
f 2225 2240 2239
f 2238 2239 2198
f 2198 2239 2241
f 2237 2195 2225
f 2225 2195 2226
f 2242 2197 2241
f 2241 2197 2198
f 2197 2242 2196
f 2196 2242 2199
f 2242 2243 2199
f 2199 2243 2233
f 2243 2242 2244
f 2244 2242 2241
f 2245 2243 2246
f 2246 2243 2244
f 2239 2240 2241
f 2241 2240 2244
f 2240 2247 2244
f 2244 2247 2246
f 2243 2245 2233
f 2233 2245 2234
f 2249 2234 2248
f 2248 2234 2245
f 2248 2251 2250
f 2250 2251 2252
f 2248 2245 2251
f 2251 2245 2246
f 2248 2250 2249
f 2249 2250 2229
f 2249 2229 2235
f 2235 2229 2228
f 2235 2232 2249
f 2249 2232 2234
f 2240 2223 2247
f 2247 2223 2224
f 2252 2247 2227
f 2227 2247 2224
f 2252 2251 2247
f 2247 2251 2246
f 2250 2252 2222
f 2222 2252 2227
f 2222 2219 2250
f 2250 2219 2229
f 2204 2211 2213
f 2213 2211 2230
f 2230 2211 2236
f 2236 2211 2210
f 2149 1718 2150
f 2150 1718 1846
f 2154 2153 2157
f 2157 2153 2158
f 2171 2164 2172
f 2172 2164 2163
f 2163 2165 2172
f 2172 2165 2170
f 2253 2151 2169
f 2169 2151 2154
f 2153 2164 2158
f 2158 2164 2171
f 2150 1846 2184
f 2184 1846 1759
f 2184 2168 2173
f 2173 2168 2167
f 2149 2165 1718
f 1718 2165 1756
f 1661 1585 2254
f 2254 1585 2255
f 1824 1682 2257
f 2257 1682 2256
f 1682 1681 2256
f 2256 1681 2258
f 1808 2259 1806
f 1806 2259 2260
f 1588 1824 2261
f 2261 1824 2257
f 1844 1661 2262
f 2262 1661 2254
f 1585 1588 2255
f 2255 1588 2261
f 2263 1807 2262
f 2262 1807 1844
f 1806 2260 1681
f 1681 2260 2258
f 2259 1808 2263
f 2263 1808 1807
f 2262 2264 2263
f 2263 2264 2265
f 2263 2265 2259
f 2259 2265 2266
f 2259 2266 2260
f 2260 2266 2267
f 2260 2267 2258
f 2258 2267 2268
f 2262 2254 2264
f 2264 2254 2269
f 2254 2255 2269
f 2269 2255 2270
f 2255 2261 2270
f 2270 2261 2271
f 2273 2264 2272
f 2272 2264 2269
f 2275 2276 2274
f 2274 2276 2277
f 2278 2279 2275
f 2275 2279 2276
f 2280 2281 2279
f 2279 2281 2276
f 2280 2282 2281
f 2281 2282 2283
f 2284 2277 2281
f 2281 2277 2276
f 2277 2284 2285
f 2285 2284 2286
f 2285 2287 2277
f 2277 2287 2274
f 2280 2279 2288
f 2288 2279 2278
f 2278 2266 2288
f 2288 2266 2265
f 2278 2289 2266
f 2266 2289 2267
f 2275 2290 2278
f 2278 2290 2289
f 2290 2275 2291
f 2291 2275 2274
f 2280 2288 2282
f 2282 2288 2273
f 2273 2288 2264
f 2264 2288 2265
f 2287 2292 2274
f 2274 2292 2291
f 2293 2290 2294
f 2294 2290 2291
f 2292 2295 2291
f 2291 2295 2294
f 2296 2293 2297
f 2297 2293 2294
f 2293 2296 2299
f 2299 2296 2298
f 2295 2300 2294
f 2294 2300 2297
f 2290 2293 2289
f 2289 2293 2299
f 2289 2299 2267
f 2267 2299 2268
f 2292 2287 2302
f 2302 2287 2301
f 2287 2285 2301
f 2301 2285 2286
f 2283 2282 2303
f 2303 2282 2273
f 2304 2283 2305
f 2305 2283 2303
f 2303 2273 2306
f 2306 2273 2272
f 2305 2303 2307
f 2307 2303 2306
f 2305 2308 2304
f 2304 2308 2309
f 2286 2309 2301
f 2301 2309 2308
f 2284 2281 2304
f 2304 2281 2283
f 2286 2284 2309
f 2309 2284 2304
f 2256 2258 2310
f 2310 2258 2268
f 2261 2257 2271
f 2271 2257 2311
f 2310 2311 2256
f 2256 2311 2257
f 2298 2312 2310
f 2310 2312 2311
f 2296 2313 2298
f 2298 2313 2312
f 2311 2312 2271
f 2271 2312 2314
f 2310 2268 2298
f 2298 2268 2299
f 2315 2270 2314
f 2314 2270 2271
f 2270 2315 2269
f 2269 2315 2272
f 2315 2316 2272
f 2272 2316 2306
f 2316 2315 2317
f 2317 2315 2314
f 2318 2316 2319
f 2319 2316 2317
f 2312 2313 2314
f 2314 2313 2317
f 2313 2320 2317
f 2317 2320 2319
f 2316 2318 2306
f 2306 2318 2307
f 2322 2307 2321
f 2321 2307 2318
f 2323 2321 2325
f 2325 2321 2324
f 2321 2318 2324
f 2324 2318 2319
f 2321 2323 2322
f 2322 2323 2302
f 2322 2302 2308
f 2308 2302 2301
f 2308 2305 2322
f 2322 2305 2307
f 2313 2296 2320
f 2320 2296 2297
f 2325 2320 2300
f 2300 2320 2297
f 2325 2324 2320
f 2320 2324 2319
f 2323 2325 2295
f 2295 2325 2300
f 2295 2292 2323
f 2323 2292 2302
f 1775 1773 1764
f 1764 1773 1765
f 1765 1773 1766
f 1766 1773 1749
f 1754 2136 1755
f 1755 2136 2067
f 1632 1631 1845
f 1845 1631 1828
f 1833 1763 1847
f 1847 1763 1740
f 1846 1739 1759
f 1759 1739 1640
f 2046 2136 1698
f 1698 2136 1754
f 1698 1754 1699
f 1699 1754 1753
f 1705 1832 1628
f 1628 1832 1629
f 1660 1659 1835
f 1835 1659 2326
f 2326 2152 1835
f 1835 2152 2151
f 2161 2152 2327
f 2327 2152 2326
f 2327 2326 2328
f 2328 2326 1659
f 2328 1659 2329
f 2329 1659 1658
f 1711 2330 1657
f 1657 2330 1658
f 2329 1658 1653
f 1653 1658 2330
f 2331 2329 1656
f 1656 2329 1653
f 2329 2331 2328
f 2328 2331 2332
f 2328 2332 2327
f 2327 2332 2333
f 1756 2162 1753
f 1753 2162 2333
f 1745 1627 2334
f 2334 1627 1630
f 1653 2330 1654
f 1654 2330 1711
f 1739 1717 1740
f 1740 1717 1847
f 2333 1832 1753
f 1753 1832 1699
f 2333 2162 2327
f 2327 2162 2161
f 2169 2168 2253
f 2253 2168 1758
f 2151 2253 1835
f 1835 2253 1758
f 1629 1832 2332
f 2332 1832 2333
f 2332 2331 1629
f 1629 2331 1630
f 1656 2334 2331
f 2331 2334 1630
f 2334 1656 1745
f 1745 1656 1655
f 1801 1798 1655
f 1655 1798 1745
f 1687 1589 1812
f 1584 1557 1651
f 1651 1557 1618
f 1583 1558 1584
f 1584 1558 1557
f 1821 1671 1822
f 1822 1671 1670
f 1651 1618 1625
f 1625 1618 1620
f 1618 1617 1620
f 1620 1617 1621
f 1617 1569 1621
f 1621 1569 1686
f 1569 1568 1686
f 1686 1568 1570
f 1587 1567 1588
f 1588 1567 1824
f 1571 1568 1587
f 1587 1568 1567
f 1587 1586 1571
f 1571 1586 1787
f 1586 1662 1787
f 1787 1662 1788
f 1843 1793 1662
f 1662 1793 1788
f 1810 1646 1843
f 1843 1646 1793
f 1809 1600 1810
f 1810 1600 1646
f 1809 1805 1600
f 1600 1805 1563
f 1823 1683 1824
f 1824 1683 1682
f 1566 1559 1797
f 1797 1559 1672
f 1559 1558 1672
f 1672 1558 1670
f 1558 1583 1670
f 1670 1583 1822
f 1583 1582 1822
f 1822 1582 1669
f 1582 1842 1669
f 1669 1842 1666
f 1842 1799 1666
f 1666 1799 1811
f 1799 1798 1811
f 1811 1798 1812
f 1798 1801 1812
f 1812 1801 1687
f 1801 1800 1687
f 1687 1800 1688
f 1821 1593 1671
f 1671 1593 1597
f 1597 1593 1598
f 1598 1593 1596
f 1648 1647 1596
f 1596 1647 1598
f 1792 1789 1648
f 1648 1789 1647
f 1747 1750 1792
f 1792 1750 1789
f 1814 1841 1800
f 1800 1841 1688
f 1813 1611 1814
f 1814 1611 1841
f 1813 1710 1757
f 1757 1710 1741
f 1612 1757 1760
f 1760 1757 1736
f 1611 1813 1612
f 1612 1813 1757
f 1760 1641 1612
f 1612 1641 1608
f 1642 1678 1609
f 1609 1678 1635
f 1768 1771 1642
f 1642 1771 1678
f 1767 1772 1768
f 1768 1772 1771
f 1748 1836 1767
f 1767 1836 1772
f 1747 1796 1748
f 1748 1796 1836
f 1805 1680 1563
f 1563 1680 1564
f 1680 1683 1564
f 1564 1683 1797
f 1683 1823 1797
f 1797 1823 1566
f 1566 1823 1565
f 1565 1823 1567
