o hand_left
v -0.213845 0.513138 0.887787
v -0.206293 0.519668 0.885726
v -0.204097 0.508686 0.887337
v -0.211926 0.503063 0.888268
v -0.185167 0.520237 0.885270
v -0.176634 0.520305 0.876392
v -0.178413 0.504906 0.880514
v -0.184965 0.507243 0.887965
v -0.211604 0.494530 0.886677
v -0.202842 0.500098 0.888339
v -0.211791 0.491176 0.881056
v -0.223512 0.488074 0.877064
v -0.220845 0.490594 0.884072
v -0.231891 0.485626 0.877843
v -0.225110 0.493504 0.867131
v -0.239599 0.489574 0.873163
v -0.240979 0.519476 0.868546
v -0.244551 0.531423 0.874026
v -0.256132 0.521297 0.882462
v -0.250792 0.509894 0.876795
v -0.253652 0.540462 0.890734
v -0.255622 0.529537 0.886570
v -0.245187 0.539805 0.877297
v -0.243932 0.549041 0.881595
v -0.216185 0.529778 0.889865
v -0.209230 0.537147 0.886916
v -0.208891 0.531144 0.885435
v -0.215182 0.524348 0.888215
v -0.202329 0.486400 0.873730
v -0.206422 0.492992 0.865606
v -0.211405 0.490996 0.872025
v -0.203397 0.487067 0.879197
v -0.191105 0.560094 0.886437
v -0.186700 0.567513 0.876046
v -0.185163 0.562978 0.872684
v -0.190035 0.557247 0.882721
v -0.178259 0.541879 0.868387
v -0.179422 0.550010 0.861751
v -0.178539 0.547855 0.847949
v -0.179717 0.538887 0.851936
v -0.177041 0.531071 0.873411
v -0.176537 0.528994 0.859332
v -0.175839 0.518035 0.864885
v -0.177189 0.502416 0.871456
v -0.192176 0.577905 0.881216
v -0.195738 0.573956 0.889877
v -0.235901 0.462285 0.915774
v -0.236205 0.466756 0.919640
v -0.236603 0.468981 0.916412
v -0.236485 0.464158 0.913073
v -0.211030 0.585070 0.880764
v -0.218206 0.585293 0.873674
v -0.213088 0.590076 0.871665
v -0.205512 0.588660 0.877072
v -0.218230 0.580198 0.885660
v -0.224717 0.578133 0.876655
v -0.246432 0.455013 0.916601
v -0.241564 0.455382 0.914933
v -0.244082 0.457226 0.911110
v -0.249233 0.457604 0.912580
v -0.219362 0.497265 0.888741
v -0.219847 0.506706 0.891246
v -0.232126 0.489537 0.895291
v -0.228685 0.496729 0.893917
v -0.226400 0.491834 0.889042
v -0.230490 0.486535 0.889939
v -0.232633 0.518937 0.901085
v -0.224980 0.525860 0.895620
v -0.224410 0.519533 0.893604
v -0.231692 0.510552 0.899270
v -0.225881 0.537747 0.903300
v -0.233662 0.530042 0.907756
v -0.233364 0.537718 0.911622
v -0.227165 0.541649 0.908420
v -0.246556 0.515125 0.912735
v -0.250742 0.511165 0.914789
v -0.250800 0.513428 0.917198
v -0.246675 0.518497 0.914309
v -0.208595 0.594654 0.868641
v -0.200297 0.591419 0.872813
v -0.250067 0.558574 0.902001
v -0.242759 0.565038 0.907585
v -0.252425 0.559534 0.915954
v -0.257889 0.554080 0.907490
v -0.222670 0.580045 0.865899
v -0.218923 0.586730 0.864169
v -0.250660 0.457741 0.920248
v -0.253144 0.460498 0.916492
v -0.183466 0.518244 0.853780
v -0.182129 0.500783 0.862978
v -0.185425 0.531439 0.847482
v -0.187262 0.540740 0.843052
v -0.185868 0.547749 0.838461
v -0.232948 0.499226 0.898622
v -0.220009 0.516243 0.890973
v -0.216787 0.534390 0.892073
v -0.220763 0.557425 0.912258
v -0.213203 0.563107 0.907432
v -0.212849 0.552761 0.904726
v -0.219989 0.550058 0.909097
v -0.236081 0.564392 0.914757
v -0.231636 0.558199 0.917637
v -0.239050 0.553965 0.922086
v -0.244713 0.559357 0.920655
v -0.196858 0.484532 0.868707
v -0.200756 0.495005 0.860582
v -0.202606 0.581691 0.886194
v -0.197481 0.583603 0.880668
v -0.193657 0.587669 0.874297
v -0.199336 0.547656 0.886614
v -0.189165 0.555229 0.880267
v -0.188068 0.551203 0.878928
v -0.199829 0.544944 0.884856
v -0.197420 0.527116 0.886009
v -0.186360 0.534316 0.882206
v -0.195772 0.515105 0.889100
v -0.182023 0.557963 0.867265
v -0.179620 0.568573 0.866029
v -0.177456 0.562324 0.860102
v -0.183538 0.576310 0.870599
v -0.188300 0.583131 0.873821
v -0.216639 0.593697 0.859835
v -0.177220 0.556366 0.854156
v -0.185888 0.498146 0.888845
v -0.186597 0.490173 0.889545
v -0.194380 0.490795 0.890058
v -0.194494 0.497946 0.889794
v -0.239215 0.481757 0.881336
v -0.232993 0.482697 0.885798
v -0.226608 0.487165 0.882739
v -0.198952 0.557994 0.894640
v -0.202380 0.569841 0.897367
v -0.236098 0.491505 0.899998
v -0.250500 0.461359 0.908035
v -0.244800 0.460612 0.906560
v -0.242889 0.473273 0.891486
v -0.249755 0.473812 0.892803
v -0.244455 0.489554 0.904325
v -0.237747 0.488735 0.902020
v -0.238943 0.487406 0.903424
v -0.243954 0.487979 0.907692
v -0.250181 0.522175 0.920271
v -0.246108 0.526645 0.917629
v -0.257824 0.500781 0.888202
v -0.254396 0.491754 0.878390
v -0.245916 0.499216 0.871655
v -0.232958 0.525734 0.904166
v -0.240030 0.520239 0.909470
v -0.240579 0.523913 0.911426
v -0.236693 0.499620 0.901532
v -0.240551 0.494180 0.903380
v -0.241745 0.499350 0.903982
v -0.237489 0.504752 0.902823
v -0.234422 0.571266 0.899168
v -0.226703 0.570780 0.907852
v -0.237818 0.458116 0.914378
v -0.239286 0.459835 0.911109
v -0.225426 0.532377 0.898747
v -0.235748 0.508995 0.865861
v -0.217174 0.539163 0.894805
v -0.262201 0.535304 0.910761
v -0.258615 0.535572 0.917503
v -0.260013 0.530167 0.921254
v -0.264386 0.528730 0.917317
v -0.245515 0.477426 0.918959
v -0.240015 0.476011 0.917747
v -0.239893 0.472724 0.920209
v -0.245312 0.473592 0.922387
v -0.234193 0.486259 0.897991
v -0.232896 0.482803 0.893018
v -0.234101 0.479808 0.896883
v -0.235959 0.483881 0.900973
v -0.236106 0.479126 0.888876
v -0.237164 0.475738 0.892874
v -0.251701 0.475364 0.918265
v -0.255765 0.469782 0.915161
v -0.255847 0.482410 0.901975
v -0.251029 0.485215 0.907770
v -0.235747 0.557549 0.872088
v -0.234793 0.566356 0.878832
v -0.243068 0.558197 0.888413
v -0.252415 0.550942 0.897484
v -0.260418 0.542921 0.905919
v -0.262737 0.533881 0.898175
v -0.240986 0.564923 0.892606
v -0.252289 0.495222 0.899729
v -0.255840 0.491279 0.893134
v -0.256479 0.497025 0.894826
v -0.217107 0.544575 0.899943
v -0.239593 0.462745 0.907004
v -0.207520 0.550788 0.838934
v -0.215392 0.560569 0.843240
v -0.218583 0.553355 0.847144
v -0.209235 0.542409 0.842945
v -0.236033 0.471960 0.913948
v -0.235538 0.467028 0.909731
v -0.247939 0.531465 0.921939
v -0.251860 0.526483 0.923506
v -0.254946 0.527792 0.924720
v -0.251382 0.533493 0.926043
v -0.232791 0.571143 0.881745
v -0.257077 0.553510 0.921979
v -0.261735 0.549787 0.913824
v -0.227651 0.573159 0.870197
v -0.228888 0.565783 0.863912
v -0.224055 0.572202 0.858382
v -0.263485 0.518725 0.897188
v -0.236829 0.549581 0.868809
v -0.228971 0.558795 0.860768
v -0.223178 0.566150 0.854016
v -0.219698 0.572072 0.849237
v -0.220884 0.578081 0.854611
v -0.254395 0.464864 0.911877
v -0.254686 0.465645 0.920769
v -0.218629 0.585352 0.849622
v -0.216819 0.578118 0.844099
v -0.227619 0.550528 0.856898
v -0.224581 0.540441 0.852909
v -0.235155 0.541913 0.864977
v -0.233011 0.531135 0.861548
v -0.264801 0.512462 0.888285
v -0.245207 0.461281 0.934931
v -0.249457 0.467473 0.926991
v -0.244526 0.470491 0.926126
v -0.242337 0.464516 0.935040
v -0.250862 0.471270 0.922729
v -0.252049 0.462930 0.924527
v -0.225425 0.518631 0.858295
v -0.245687 0.495686 0.905112
v -0.212878 0.527403 0.849837
v -0.217736 0.502181 0.858614
v -0.206688 0.508892 0.854000
v -0.198586 0.534891 0.841990
v -0.195678 0.519579 0.847613
v -0.195683 0.550590 0.834803
v -0.198522 0.543468 0.838727
v -0.192095 0.505004 0.854810
v -0.232294 0.460246 0.925448
v -0.233908 0.464762 0.928638
v -0.204716 0.557242 0.834523
v -0.195101 0.505135 0.889801
v -0.208154 0.548723 0.895336
v -0.208788 0.544461 0.891630
v -0.208795 0.565974 0.903731
v -0.206721 0.554968 0.900144
v -0.233688 0.455419 0.923568
v -0.254973 0.509736 0.915738
v -0.254235 0.511498 0.914643
v -0.179523 0.496163 0.883253
v -0.180707 0.489240 0.884644
v -0.183304 0.483574 0.872842
v -0.179603 0.485764 0.878699
v -0.178138 0.493457 0.875044
v -0.181896 0.491432 0.868493
v -0.199189 0.549610 0.888461
v -0.199540 0.552476 0.891139
v -0.225731 0.576247 0.892258
v -0.218415 0.575037 0.901102
v -0.242039 0.478384 0.886237
v -0.247373 0.484392 0.879722
v -0.248974 0.480240 0.886268
v -0.254697 0.478521 0.895187
v -0.248952 0.493685 0.904172
v -0.250254 0.490308 0.902280
v -0.187485 0.543309 0.880633
v -0.199426 0.537872 0.884308
v -0.201730 0.494882 0.887068
v -0.201059 0.489430 0.886322
v -0.237948 0.512624 0.904752
v -0.263870 0.509619 0.905596
v -0.264286 0.504707 0.897799
v -0.244098 0.506991 0.907635
v -0.240383 0.451000 0.926164
v -0.236133 0.452540 0.924078
v -0.254277 0.484812 0.887842
v -0.240213 0.531205 0.915904
v -0.262527 0.516940 0.905155
v -0.261100 0.510193 0.912466
v -0.248701 0.555330 0.924482
v -0.211548 0.567072 0.838506
v -0.239197 0.470419 0.924066
v -0.237191 0.467115 0.931719
v -0.246796 0.457782 0.932942
v -0.245516 0.453421 0.928916
v -0.210185 0.577407 0.894304
v -0.209403 0.541305 0.889467
v -0.190083 0.493520 0.861743
v -0.189802 0.483831 0.868783
v -0.247568 0.504386 0.908870
v -0.261243 0.541464 0.913279
v -0.265598 0.528132 0.905705
v -0.267766 0.521787 0.912742
v -0.265080 0.514815 0.911538
v -0.259571 0.510493 0.913557
v -0.243676 0.456270 0.937508
v -0.242312 0.451695 0.933725
v -0.237194 0.449389 0.930933
v -0.233460 0.450967 0.928489
v -0.231654 0.454816 0.927084
v -0.242004 0.459956 0.939462
v -0.239330 0.462875 0.939149
v -0.235814 0.465823 0.934694
v -0.238505 0.459708 0.942845
v -0.238187 0.454534 0.943836
v -0.226506 0.447868 0.940630
v -0.231834 0.447793 0.937967
v -0.231445 0.447969 0.940721
v -0.227473 0.447920 0.943768
v -0.224466 0.447967 0.947999
v -0.222710 0.447832 0.944881
v -0.235521 0.450125 0.941436
v -0.230658 0.450280 0.946127
v -0.232353 0.453660 0.948056
v -0.228652 0.452951 0.952126
v -0.227117 0.449774 0.950647
v -0.235695 0.453093 0.944880
v -0.237452 0.450039 0.939898
v -0.221180 0.448918 0.949155
v -0.223165 0.448263 0.950627
v -0.224897 0.450134 0.952806
v -0.222159 0.451394 0.953500
v -0.230182 0.449999 0.932513
v -0.224839 0.449121 0.939024
v -0.221349 0.450514 0.943816
v -0.220031 0.451352 0.948179
v -0.223125 0.452868 0.939225
v -0.221022 0.453454 0.943558
v -0.220082 0.454601 0.947352
v -0.222821 0.457006 0.940385
v -0.221318 0.456575 0.944281
v -0.229339 0.458282 0.930696
v -0.229639 0.454140 0.929694
v -0.220221 0.456648 0.946675
v -0.221308 0.453436 0.953012
v -0.233955 0.456979 0.947704
v -0.228486 0.456213 0.952062
v -0.233387 0.459288 0.947339
v -0.228261 0.458600 0.951949
v -0.225417 0.454766 0.954960
v -0.226275 0.452592 0.953815
v -0.231588 0.459914 0.927804
v -0.233403 0.464471 0.931176
v -0.231520 0.463309 0.933656
v -0.224598 0.461002 0.942406
v -0.233656 0.464922 0.937220
v -0.235966 0.462552 0.942247
v -0.231205 0.461317 0.947079
v -0.228425 0.462565 0.945443
v -0.227077 0.460299 0.950365
v -0.225394 0.460730 0.948451
v -0.222567 0.459543 0.946086
v -0.223698 0.458633 0.951935
v -0.224693 0.456754 0.954063
v -0.221033 0.456134 0.950895
v -0.223434 0.459530 0.950171
v -0.221553 0.457658 0.948731
v -0.246961 0.483153 0.932062
v -0.248044 0.488372 0.935581
v -0.250042 0.489120 0.931504
v -0.249046 0.484617 0.928701
v -0.258295 0.474735 0.932814
v -0.252298 0.475978 0.931118
v -0.255396 0.476985 0.926799
v -0.262110 0.477130 0.928663
v -0.263424 0.478578 0.936195
v -0.266545 0.481566 0.931649
v -0.263521 0.479884 0.923361
v -0.256479 0.479786 0.921897
v -0.254630 0.492056 0.905174
v -0.261390 0.492773 0.905035
v -0.251006 0.505802 0.916225
v -0.254431 0.506389 0.917570
v -0.248519 0.479524 0.931086
v -0.251095 0.480452 0.927191
v -0.255548 0.496608 0.932966
v -0.250875 0.494551 0.930930
v -0.251650 0.492730 0.934401
v -0.256453 0.493876 0.936885
v -0.248183 0.496308 0.908405
v -0.249541 0.501474 0.912122
v -0.250331 0.493648 0.906659
v -0.262140 0.495574 0.933530
v -0.267490 0.491664 0.931678
v -0.266967 0.502864 0.914087
v -0.262831 0.505655 0.917993
v -0.251513 0.481973 0.922662
v -0.248461 0.490138 0.928132
v -0.248224 0.485941 0.924963
v -0.267570 0.485348 0.926481
v -0.266132 0.487841 0.936885
v -0.253490 0.484445 0.951981
v -0.259410 0.489502 0.942773
v -0.254782 0.491666 0.941562
v -0.249248 0.487361 0.951739
v -0.261727 0.492133 0.938196
v -0.262923 0.484956 0.941064
v -0.239533 0.480474 0.944474
v -0.241028 0.485625 0.947742
v -0.240719 0.476207 0.943335
v -0.266178 0.497412 0.908054
v -0.250208 0.471744 0.943583
v -0.243880 0.473365 0.942637
v -0.250494 0.491761 0.938757
v -0.244475 0.487951 0.950473
v -0.255863 0.480651 0.950773
v -0.255835 0.475038 0.946081
v -0.252448 0.478672 0.954983
v -0.251526 0.473317 0.951423
v -0.245850 0.470239 0.948464
v -0.240627 0.472530 0.946683
v -0.238441 0.475817 0.946410
v -0.250445 0.482601 0.956189
v -0.246678 0.485803 0.955689
v -0.242718 0.486810 0.952362
v -0.245399 0.482441 0.960858
v -0.246434 0.478021 0.961286
v -0.229291 0.470768 0.962819
v -0.233830 0.470302 0.958847
v -0.235413 0.470499 0.960976
v -0.231375 0.470820 0.964752
v -0.239632 0.469364 0.956199
v -0.239566 0.470233 0.958711
v -0.243187 0.472788 0.960173
v -0.238153 0.473307 0.963800
v -0.240361 0.477470 0.965139
v -0.236449 0.477272 0.969367
v -0.234229 0.473055 0.968342
v -0.243616 0.475957 0.962456
v -0.229422 0.471592 0.967724
v -0.227007 0.472631 0.967663
v -0.245785 0.472073 0.958155
v -0.238046 0.471416 0.950517
v -0.231659 0.471756 0.957170
v -0.227136 0.473066 0.961890
v -0.225790 0.475448 0.967479
v -0.229768 0.475537 0.956754
v -0.226346 0.476216 0.961774
v -0.225891 0.478033 0.966493
v -0.229318 0.480264 0.957257
v -0.226635 0.480401 0.962485
v -0.236289 0.480254 0.948915
v -0.236220 0.475519 0.948621
v -0.226330 0.479991 0.965116
v -0.229170 0.474655 0.971566
v -0.227400 0.477464 0.970836
v -0.230709 0.473769 0.970854
v -0.240883 0.479520 0.965412
v -0.235883 0.479447 0.969570
v -0.240121 0.482270 0.965363
v -0.234732 0.481599 0.969815
v -0.232207 0.478287 0.972331
v -0.232697 0.476644 0.971991
v -0.238255 0.480123 0.947051
v -0.240106 0.484816 0.949539
v -0.238467 0.485039 0.951014
v -0.231779 0.484419 0.959460
v -0.241522 0.486947 0.954241
v -0.243739 0.485263 0.959099
v -0.238840 0.484529 0.964164
v -0.235465 0.485764 0.962302
v -0.234067 0.483618 0.969196
v -0.232833 0.484764 0.966335
v -0.228880 0.483573 0.963797
v -0.230357 0.481839 0.971349
v -0.231264 0.479823 0.972302
v -0.227128 0.479310 0.969526
v -0.230130 0.483372 0.968762
v -0.227381 0.481516 0.967141
v -0.253388 0.502354 0.937592
v -0.254100 0.507446 0.940242
v -0.254865 0.508864 0.937112
v -0.254631 0.503813 0.934580
v -0.264590 0.496059 0.937408
v -0.259683 0.495813 0.936737
v -0.261366 0.497470 0.932673
v -0.266747 0.498300 0.932150
v -0.267944 0.498750 0.941218
v -0.271091 0.502014 0.934408
v -0.267814 0.500916 0.927201
v -0.262089 0.499441 0.928787
v -0.260044 0.508217 0.916798
v -0.266391 0.510021 0.916197
v -0.255816 0.498544 0.936783
v -0.257065 0.499974 0.933543
v -0.259822 0.515480 0.938839
v -0.255721 0.513220 0.937491
v -0.257755 0.512365 0.939969
v -0.261852 0.513274 0.941505
v -0.251414 0.513472 0.919739
v -0.252263 0.519047 0.921932
v -0.254604 0.509671 0.918695
v -0.266467 0.514890 0.938136
v -0.271845 0.511540 0.934402
v -0.268265 0.521637 0.923962
v -0.263106 0.524050 0.926167
v -0.257390 0.501015 0.930406
v -0.253140 0.509540 0.934664
v -0.253537 0.504537 0.932190
v -0.271280 0.505809 0.929425
v -0.271366 0.507552 0.939148
v -0.261445 0.501967 0.958732
v -0.266587 0.509332 0.945298
v -0.261059 0.511537 0.944745
v -0.257981 0.504777 0.958605
v -0.267406 0.511695 0.942017
v -0.269441 0.504570 0.943853
v -0.247911 0.497987 0.951601
v -0.249691 0.502807 0.953737
v -0.250042 0.494532 0.949886
v -0.270252 0.515467 0.918735
v -0.256553 0.523937 0.925745
v -0.256368 0.490770 0.951343
v -0.252430 0.492105 0.950054
v -0.257230 0.510888 0.942887
v -0.253626 0.505522 0.956835
v -0.263279 0.497919 0.956727
v -0.261710 0.493071 0.953102
v -0.260777 0.496933 0.961901
v -0.258773 0.492006 0.958677
v -0.253694 0.489582 0.956889
v -0.249934 0.491332 0.955183
v -0.247757 0.493959 0.954563
v -0.259035 0.501229 0.963370
v -0.256046 0.503731 0.962649
v -0.252958 0.504620 0.958453
v -0.256449 0.501471 0.966841
v -0.256879 0.496083 0.967866
v -0.241648 0.490632 0.972690
v -0.244895 0.490362 0.967880
v -0.245842 0.490582 0.968665
v -0.243036 0.490512 0.973719
v -0.250202 0.489415 0.963702
v -0.249889 0.489936 0.965665
v -0.253357 0.491589 0.966749
v -0.249619 0.492236 0.971993
v -0.252039 0.497715 0.972660
v -0.248763 0.497298 0.976529
v -0.246604 0.492148 0.976481
v -0.255073 0.495326 0.968736
v -0.242094 0.491205 0.976720
v -0.240309 0.490439 0.976710
v -0.255132 0.491267 0.964972
v -0.246997 0.490375 0.960047
v -0.242551 0.491101 0.966264
v -0.238992 0.491407 0.971040
v -0.238116 0.492950 0.975116
v -0.240983 0.494428 0.965203
v -0.238361 0.494355 0.969973
v -0.237559 0.495604 0.973684
v -0.240871 0.497716 0.965101
v -0.238811 0.497567 0.969546
v -0.245990 0.497648 0.956769
v -0.245803 0.493656 0.957841
v -0.238182 0.497577 0.972637
v -0.242641 0.493351 0.979750
v -0.240282 0.496712 0.978741
v -0.243868 0.493032 0.978576
v -0.252793 0.499384 0.972318
v -0.248603 0.499508 0.977362
v -0.252014 0.502009 0.971541
v -0.247782 0.501995 0.976530
v -0.245802 0.497528 0.979827
v -0.246116 0.496533 0.979219
v -0.247528 0.497924 0.954337
v -0.249445 0.502369 0.955856
v -0.247977 0.502003 0.957834
v -0.242427 0.501919 0.966508
v -0.251370 0.504434 0.960253
v -0.253586 0.503755 0.965872
v -0.249471 0.503649 0.970203
v -0.245952 0.503910 0.968785
v -0.245955 0.503337 0.974859
v -0.244274 0.503216 0.972539
v -0.240165 0.501341 0.970584
v -0.243085 0.501229 0.976906
v -0.244554 0.499874 0.979082
v -0.239302 0.498680 0.976463
v -0.242015 0.501942 0.974772
v -0.239214 0.499950 0.974294
v -0.253744 0.522509 0.924218
v -0.252909 0.521873 0.941972
v -0.253012 0.525423 0.944406
v -0.253517 0.526418 0.943460
v -0.252811 0.523463 0.940279
v -0.263227 0.518747 0.938242
v -0.258588 0.517775 0.938788
v -0.259357 0.519704 0.935166
v -0.263821 0.520883 0.934581
v -0.266705 0.522378 0.940063
v -0.266989 0.524734 0.937236
v -0.263417 0.523746 0.932077
v -0.258770 0.522483 0.932310
v -0.257057 0.533418 0.920332
v -0.261421 0.536855 0.919151
v -0.251194 0.550349 0.928269
v -0.246539 0.547825 0.927792
v -0.250113 0.542668 0.933849
v -0.253967 0.545511 0.933959
v -0.255097 0.519239 0.940092
v -0.254854 0.520862 0.937150
v -0.259368 0.534152 0.945252
v -0.255097 0.531881 0.944489
v -0.255079 0.529567 0.945751
v -0.258746 0.531859 0.947628
v -0.245778 0.542729 0.926880
v -0.247463 0.538574 0.925536
v -0.248362 0.536065 0.928346
v -0.248651 0.538454 0.932213
v -0.251639 0.532742 0.925463
v -0.263505 0.534127 0.943695
v -0.267298 0.531768 0.939621
v -0.262137 0.547019 0.928262
v -0.258162 0.547584 0.931336
v -0.255193 0.522573 0.935321
v -0.252865 0.528694 0.941773
v -0.252857 0.525286 0.939482
v -0.267088 0.527539 0.934551
v -0.266840 0.528968 0.942396
v -0.262481 0.526154 0.954278
v -0.263292 0.530395 0.948313
v -0.258451 0.530933 0.948853
v -0.259348 0.527321 0.954354
v -0.263162 0.531532 0.946501
v -0.266615 0.526773 0.945370
v -0.251580 0.519426 0.947880
v -0.252804 0.523976 0.950606
v -0.253015 0.516719 0.946426
v -0.263695 0.542192 0.921834
v -0.260232 0.514620 0.946173
v -0.255780 0.514642 0.946224
v -0.254837 0.528388 0.946929
v -0.255642 0.526701 0.953041
v -0.265125 0.522674 0.952293
v -0.264832 0.518026 0.947964
v -0.263486 0.520191 0.955921
v -0.262737 0.515756 0.951901
v -0.257017 0.513138 0.950086
v -0.253634 0.514700 0.948973
v -0.251482 0.517046 0.948952
v -0.261202 0.524516 0.957184
v -0.258608 0.526185 0.956641
v -0.255263 0.526173 0.954421
v -0.259713 0.522885 0.960417
v -0.259501 0.518125 0.960596
v -0.246776 0.514819 0.963082
v -0.248786 0.514476 0.959424
v -0.249758 0.514333 0.960114
v -0.247500 0.514136 0.963539
v -0.252775 0.513388 0.955651
v -0.252909 0.513708 0.957460
v -0.256489 0.514591 0.957947
v -0.253425 0.514691 0.962371
v -0.255995 0.518695 0.964928
v -0.253342 0.518250 0.968049
v -0.251500 0.514550 0.965645
v -0.258109 0.517034 0.961197
v -0.247051 0.513898 0.966278
v -0.245780 0.514135 0.966869
v -0.258267 0.514027 0.956339
v -0.250211 0.515180 0.953031
v -0.246508 0.515661 0.959025
v -0.244576 0.515698 0.963780
v -0.244710 0.516098 0.967625
v -0.245921 0.517908 0.958074
v -0.243584 0.517774 0.963558
v -0.243877 0.518224 0.967212
v -0.246159 0.521238 0.958036
v -0.244201 0.520307 0.963292
v -0.249354 0.521662 0.952378
v -0.249008 0.518164 0.952287
v -0.244353 0.519709 0.966332
v -0.248352 0.515171 0.969660
v -0.246676 0.517629 0.969854
v -0.249647 0.514632 0.968837
v -0.256448 0.519980 0.965142
v -0.253168 0.519632 0.968935
v -0.256131 0.522416 0.965042
v -0.252138 0.521535 0.968901
v -0.250549 0.517935 0.970590
v -0.251406 0.516762 0.969368
v -0.250407 0.520621 0.950337
v -0.252160 0.523733 0.951818
v -0.251608 0.524725 0.954035
v -0.248425 0.524369 0.959442
v -0.255215 0.526480 0.956650
v -0.258176 0.525427 0.959093
v -0.254556 0.524452 0.964157
v -0.251881 0.525608 0.962400
v -0.250509 0.522833 0.968282
v -0.248477 0.523894 0.966302
v -0.245967 0.523020 0.964283
v -0.247675 0.520653 0.969558
v -0.248810 0.519523 0.970557
v -0.245841 0.519364 0.969063
v -0.246767 0.521697 0.968210
v -0.245515 0.520959 0.967401
v -0.255287 0.550153 0.927804
v -0.197290 0.473992 0.877799
v -0.200701 0.476484 0.881360
v -0.191327 0.480325 0.894550
v -0.197962 0.479412 0.892080
v -0.184708 0.478666 0.892976
v -0.180486 0.474131 0.883539
v -0.181073 0.477284 0.888419
v -0.201152 0.478014 0.887051
v -0.191632 0.472496 0.875860
v -0.184264 0.472544 0.877663
v -0.194009 0.463861 0.879460
v -0.185672 0.463593 0.881578
v -0.180944 0.465134 0.886996
v -0.181430 0.471421 0.892110
v -0.184043 0.474480 0.895487
v -0.199133 0.469275 0.882082
v -0.201621 0.472609 0.885414
v -0.200796 0.475956 0.890932
v -0.202326 0.464858 0.888664
v -0.199538 0.456988 0.894479
v -0.189109 0.453217 0.911244
v -0.187158 0.457241 0.905861
v -0.188984 0.455405 0.904752
v -0.190279 0.451535 0.909643
v -0.186730 0.458087 0.900083
v -0.188827 0.457033 0.900433
v -0.192779 0.456482 0.896970
v -0.194198 0.453221 0.902009
v -0.197977 0.456481 0.896981
v -0.200004 0.454861 0.900809
v -0.195691 0.449787 0.906620
v -0.192357 0.448379 0.911434
v -0.196895 0.447117 0.910699
v -0.192243 0.449848 0.914304
v -0.191815 0.454708 0.894155
v -0.183257 0.463995 0.899101
v -0.185930 0.460552 0.906797
v -0.189078 0.456570 0.913001
v -0.193094 0.452648 0.915867
v -0.187484 0.464505 0.908338
v -0.191175 0.460436 0.913174
v -0.195384 0.457067 0.915283
v -0.191591 0.467449 0.908571
v -0.194589 0.462622 0.912380
v -0.189711 0.474908 0.899292
v -0.184296 0.470783 0.899689
v -0.196549 0.459273 0.913862
v -0.198019 0.447397 0.913509
v -0.198995 0.450637 0.915017
v -0.202748 0.456652 0.899618
v -0.201559 0.451371 0.904969
v -0.203792 0.453393 0.905279
v -0.204658 0.460179 0.899102
v -0.205140 0.455759 0.906058
v -0.202738 0.449682 0.909896
v -0.200652 0.448624 0.908200
v -0.189670 0.477413 0.896811
v -0.196062 0.477908 0.894618
v -0.195868 0.475933 0.896771
v -0.197890 0.468700 0.906060
v -0.201063 0.473849 0.894459
v -0.203173 0.469330 0.891124
v -0.205085 0.463591 0.900575
v -0.202885 0.467001 0.903026
v -0.204594 0.459061 0.907469
v -0.202817 0.461320 0.908527
v -0.198884 0.462804 0.911039
v -0.202928 0.455986 0.911638
v -0.203752 0.452542 0.910997
v -0.199597 0.455271 0.914565
v -0.201946 0.458466 0.911206
v -0.199413 0.458582 0.913149
v -0.242627 0.550887 0.924442
v -0.241099 0.544593 0.923152
v -0.236416 0.548467 0.920697
v -0.228699 0.552725 0.916842
v -0.224802 0.562032 0.913478
v -0.227634 0.546780 0.913284
v -0.235464 0.542602 0.917585
v -0.242274 0.537139 0.920781
v -0.221303 0.545298 0.905161
f 2 3 1
f 1 3 4
f 5 6 8
f 8 6 7
f 9 4 10
f 10 4 3
f 12 13 11
f 11 13 9
f 14 12 16
f 16 12 15
f 18 19 17
f 17 19 20
f 22 23 21
f 21 23 24
f 26 27 25
f 25 27 28
f 30 31 29
f 29 31 32
f 33 34 36
f 36 34 35
f 37 38 40
f 40 38 39
f 41 42 6
f 6 42 43
f 6 43 7
f 7 43 44
f 45 34 46
f 46 34 33
f 48 49 47
f 47 49 50
f 52 53 51
f 51 53 54
f 56 52 55
f 55 52 51
f 58 59 57
f 57 59 60
f 61 62 4
f 4 62 1
f 64 65 63
f 63 65 66
f 68 69 67
f 67 69 70
f 72 73 71
f 71 73 74
f 76 77 75
f 75 77 78
f 53 79 54
f 54 79 80
f 82 83 81
f 81 83 84
f 85 86 52
f 52 86 53
f 57 60 87
f 87 60 88
f 89 90 43
f 43 90 44
f 43 42 89
f 89 42 91
f 40 39 92
f 92 39 93
f 94 70 64
f 64 70 69
f 13 61 9
f 9 61 4
f 25 28 69
f 69 28 95
f 96 25 68
f 68 25 69
f 98 99 97
f 97 99 100
f 101 102 104
f 104 102 103
f 106 30 105
f 105 30 29
f 51 54 107
f 107 54 108
f 54 80 108
f 108 80 109
f 111 112 110
f 110 112 113
f 115 5 114
f 114 5 116
f 115 41 5
f 5 41 6
f 36 35 111
f 111 35 117
f 35 118 117
f 117 118 119
f 34 120 35
f 35 120 118
f 34 45 120
f 120 45 121
f 125 126 124
f 124 126 127
f 128 129 14
f 14 129 130
f 33 131 46
f 46 131 132
f 133 94 63
f 63 94 64
f 134 135 137
f 137 135 136
f 139 140 138
f 138 140 141
f 77 142 78
f 78 142 143
f 144 145 20
f 20 145 146
f 148 149 147
f 147 149 72
f 151 152 150
f 150 152 153
f 82 101 83
f 83 101 104
f 101 82 155
f 155 82 154
f 156 157 58
f 58 157 59
f 158 68 147
f 147 68 67
f 159 146 15
f 15 146 16
f 68 158 96
f 96 158 160
f 129 66 130
f 130 66 65
f 162 163 161
f 161 163 164
f 166 167 165
f 165 167 168
f 170 171 169
f 169 171 172
f 174 171 173
f 173 171 170
f 176 177 175
f 175 177 178
f 180 181 179
f 179 181 24
f 182 183 21
f 21 183 184
f 81 185 82
f 82 185 154
f 186 187 188
f 188 187 144
f 158 71 160
f 160 71 189
f 190 135 157
f 157 135 59
f 169 172 139
f 139 172 140
f 147 72 158
f 158 72 71
f 192 193 191
f 191 193 194
f 167 166 49
f 49 166 195
f 196 190 50
f 50 190 157
f 197 198 200
f 200 198 199
f 21 24 182
f 182 24 181
f 146 159 20
f 20 159 17
f 182 181 81
f 81 181 185
f 201 185 180
f 180 185 181
f 202 203 83
f 83 203 84
f 205 206 204
f 204 206 85
f 207 22 184
f 184 22 21
f 179 24 208
f 208 24 23
f 208 209 179
f 179 209 205
f 209 210 205
f 205 210 206
f 212 206 211
f 211 206 210
f 179 205 180
f 180 205 204
f 213 176 88
f 88 176 214
f 86 85 212
f 212 85 206
f 193 217 218
f 217 219 218
f 218 219 220
f 219 18 220
f 220 18 17
f 19 221 20
f 20 221 144
f 222 223 225
f 225 223 224
f 175 226 176
f 176 226 214
f 227 87 214
f 214 87 88
f 220 17 228
f 228 17 159
f 134 213 60
f 60 213 88
f 138 229 151
f 151 229 152
f 193 192 210
f 210 192 211
f 230 194 218
f 218 194 193
f 231 232 228
f 228 232 230
f 233 234 91
f 91 234 89
f 235 236 93
f 93 236 92
f 230 232 234
f 234 232 237
f 47 238 48
f 48 238 239
f 240 191 235
f 235 191 236
f 5 8 116
f 116 8 241
f 242 243 189
f 189 243 160
f 244 245 98
f 98 245 99
f 156 246 47
f 47 246 238
f 76 247 77
f 77 247 248
f 250 125 249
f 249 125 124
f 252 253 251
f 251 253 254
f 111 110 36
f 36 110 255
f 256 33 255
f 255 33 36
f 257 258 154
f 154 258 155
f 63 169 133
f 133 169 139
f 66 170 63
f 63 170 169
f 173 170 129
f 129 170 66
f 129 128 173
f 173 128 259
f 128 260 259
f 259 260 261
f 213 134 262
f 262 134 137
f 263 264 186
f 186 264 187
f 112 265 113
f 113 265 266
f 11 267 268
f 234 233 230
f 230 233 194
f 153 269 70
f 70 269 67
f 175 178 165
f 165 178 141
f 150 153 94
f 94 153 70
f 271 221 270
f 270 221 207
f 269 153 272
f 272 153 152
f 121 45 109
f 109 45 108
f 47 50 156
f 156 50 157
f 57 273 58
f 58 273 274
f 145 275 260
f 260 275 261
f 276 149 143
f 143 149 78
f 148 269 75
f 75 269 272
f 207 277 270
f 270 277 278
f 195 196 49
f 49 196 50
f 59 135 60
f 60 135 134
f 83 104 202
f 202 104 279
f 149 148 78
f 78 148 75
f 247 278 248
f 248 278 277
f 183 182 84
f 84 182 81
f 48 239 281
f 281 239 282
f 227 223 283
f 283 223 222
f 223 226 224
f 224 226 168
f 281 282 224
f 224 282 225
f 165 168 175
f 175 168 226
f 264 263 138
f 138 263 229
f 14 16 128
f 128 16 260
f 220 228 218
f 218 228 230
f 87 227 284
f 284 227 283
f 260 16 145
f 145 16 146
f 244 98 258
f 258 98 155
f 58 274 156
f 156 274 246
f 107 285 51
f 51 285 55
f 243 286 160
f 160 286 96
f 234 237 89
f 89 237 90
f 46 132 107
f 107 132 285
f 253 252 249
f 249 252 250
f 286 26 96
f 96 26 25
f 106 105 287
f 287 105 288
f 272 152 289
f 289 152 229
f 138 151 139
f 139 151 133
f 183 290 161
f 161 290 162
f 291 292 277
f 277 292 293
f 151 150 133
f 133 150 94
f 262 275 177
f 177 275 187
f 144 187 145
f 145 187 275
f 273 57 284
f 284 57 87
f 174 136 190
f 190 136 135
f 111 117 112
f 112 117 38
f 117 119 38
f 38 119 123
f 112 38 265
f 265 38 37
f 287 288 254
f 254 288 251
f 228 159 231
f 231 159 15
f 223 227 226
f 226 227 214
f 147 67 148
f 148 67 269
f 224 168 281
f 281 168 167
f 199 163 200
f 200 163 162
f 45 46 108
f 108 46 107
f 281 167 48
f 48 167 49
f 161 164 291
f 291 164 292
f 38 123 39
f 293 294 277
f 277 294 248
f 284 283 296
f 296 283 295
f 284 296 273
f 273 296 297
f 274 273 298
f 298 273 297
f 246 274 299
f 299 274 298
f 283 222 295
f 295 222 300
f 222 225 300
f 300 225 301
f 301 225 302
f 302 225 282
f 303 304 300
f 300 304 295
f 306 307 305
f 305 307 308
f 309 310 308
f 308 310 305
f 308 307 312
f 312 307 311
f 313 314 312
f 312 314 315
f 311 316 312
f 312 316 313
f 317 304 311
f 311 304 316
f 315 309 312
f 312 309 308
f 318 319 321
f 321 319 320
f 319 318 309
f 309 318 310
f 311 307 317
f 317 307 306
f 306 297 317
f 317 297 296
f 306 322 297
f 297 322 298
f 305 323 306
f 306 323 322
f 323 305 324
f 324 305 310
f 304 317 295
f 295 317 296
f 318 325 310
f 310 325 324
f 323 324 326
f 326 324 327
f 324 325 327
f 327 325 328
f 326 327 329
f 329 327 330
f 329 331 326
f 326 331 332
f 333 330 328
f 328 330 327
f 323 326 322
f 322 326 332
f 322 332 298
f 298 332 299
f 325 318 334
f 334 318 321
f 313 316 335
f 335 316 304
f 335 336 313
f 313 336 314
f 304 303 335
f 335 303 337
f 336 335 338
f 338 335 337
f 336 339 314
f 314 339 340
f 246 299 238
f 238 299 341
f 239 342 282
f 282 342 302
f 342 239 341
f 341 239 238
f 341 331 342
f 342 331 343
f 331 329 343
f 343 329 344
f 342 343 302
f 302 343 345
f 341 299 331
f 331 299 332
f 346 301 345
f 345 301 302
f 346 303 301
f 301 303 300
f 347 337 346
f 346 337 303
f 347 346 348
f 348 346 345
f 349 347 350
f 350 347 348
f 343 344 345
f 345 344 348
f 344 351 348
f 348 351 350
f 337 347 338
f 338 347 349
f 353 338 352
f 352 338 349
f 352 355 354
f 354 355 356
f 352 349 355
f 355 349 350
f 352 354 353
f 353 354 334
f 353 334 339
f 339 334 321
f 339 336 353
f 353 336 338
f 329 330 344
f 344 330 351
f 356 351 333
f 333 351 330
f 356 355 351
f 351 355 350
f 354 356 328
f 328 356 333
f 328 325 354
f 354 325 334
f 309 315 319
f 319 315 320
f 320 340 321
f 321 340 339
f 320 315 340
f 340 315 314
f 137 136 261
f 261 136 259
f 140 166 141
f 141 166 165
f 172 171 195
f 195 171 196
f 171 174 196
f 196 174 190
f 178 177 264
f 264 177 187
f 172 195 140
f 140 195 166
f 137 261 262
f 262 261 275
f 178 264 141
f 141 264 138
f 262 177 213
f 213 177 176
f 136 174 259
f 259 174 173
f 358 359 357
f 357 359 360
f 362 363 361
f 361 363 364
f 361 364 365
f 365 364 366
f 367 368 370
f 370 368 369
f 76 371 247
f 247 371 372
f 373 374 362
f 362 374 363
f 376 377 375
f 375 377 378
f 289 229 380
f 380 229 379
f 381 379 263
f 263 379 229
f 383 384 382
f 382 384 385
f 386 368 374
f 374 368 363
f 76 289 371
f 371 289 380
f 377 376 359
f 359 376 387
f 388 386 360
f 360 386 374
f 389 383 366
f 366 383 390
f 392 393 391
f 391 393 394
f 383 382 390
f 390 382 395
f 396 365 390
f 390 365 366
f 389 366 367
f 367 366 364
f 357 397 358
f 358 397 398
f 373 399 357
f 357 399 397
f 389 367 400
f 400 367 370
f 382 385 375
f 375 385 372
f 357 360 373
f 373 360 374
f 361 401 362
f 362 401 402
f 387 388 359
f 359 388 360
f 363 368 364
f 364 368 367
f 358 398 403
f 403 398 404
f 396 392 405
f 405 392 391
f 392 395 393
f 393 395 378
f 393 403 394
f 394 403 404
f 375 378 382
f 382 378 395
f 365 396 406
f 406 396 405
f 362 402 373
f 373 402 399
f 271 270 400
f 400 270 384
f 401 361 406
f 406 361 365
f 381 369 386
f 386 369 368
f 392 396 395
f 395 396 390
f 393 378 403
f 403 378 377
f 403 377 358
f 358 377 359
f 406 405 408
f 408 405 407
f 406 408 401
f 401 408 409
f 401 409 402
f 402 409 410
f 402 410 399
f 399 410 411
f 405 391 407
f 407 391 412
f 391 394 412
f 412 394 413
f 394 404 413
f 413 404 414
f 415 416 412
f 412 416 407
f 418 419 417
f 417 419 420
f 421 422 418
f 418 422 419
f 419 422 424
f 424 422 423
f 425 426 424
f 424 426 427
f 423 428 424
f 424 428 425
f 427 420 424
f 424 420 419
f 420 429 417
f 417 429 430
f 423 422 431
f 431 422 421
f 421 409 431
f 431 409 408
f 421 432 409
f 409 432 410
f 418 433 421
f 421 433 432
f 434 433 417
f 417 433 418
f 431 416 423
f 423 416 428
f 416 431 407
f 407 431 408
f 435 434 430
f 430 434 417
f 433 434 436
f 436 434 437
f 434 435 437
f 437 435 438
f 436 437 439
f 439 437 440
f 439 441 436
f 436 441 442
f 438 443 437
f 437 443 440
f 436 442 433
f 433 442 432
f 432 442 410
f 410 442 411
f 435 430 445
f 445 430 444
f 430 429 444
f 444 429 446
f 425 428 447
f 447 428 416
f 426 425 448
f 448 425 447
f 416 415 447
f 447 415 449
f 447 449 448
f 448 449 450
f 451 452 448
f 448 452 426
f 446 452 444
f 444 452 451
f 399 411 397
f 397 411 453
f 398 454 404
f 404 454 414
f 454 398 453
f 453 398 397
f 453 441 454
f 454 441 455
f 441 439 455
f 455 439 456
f 454 455 414
f 414 455 457
f 441 453 442
f 442 453 411
f 458 413 457
f 457 413 414
f 458 415 413
f 413 415 412
f 458 459 415
f 415 459 449
f 459 458 460
f 460 458 457
f 461 459 462
f 462 459 460
f 455 456 457
f 457 456 460
f 456 463 460
f 460 463 462
f 459 461 449
f 449 461 450
f 465 450 464
f 464 450 461
f 464 467 466
f 466 467 468
f 464 461 467
f 467 461 462
f 464 466 465
f 465 466 445
f 465 445 451
f 451 445 444
f 451 448 465
f 465 448 450
f 439 440 456
f 456 440 463
f 468 463 443
f 443 463 440
f 468 467 463
f 463 467 462
f 466 468 438
f 438 468 443
f 438 435 466
f 466 435 445
f 420 427 429
f 429 427 446
f 446 427 452
f 452 427 426
f 370 369 188
f 188 369 186
f 371 376 372
f 372 376 375
f 380 379 387
f 387 379 388
f 379 381 388
f 388 381 386
f 385 384 278
f 278 384 270
f 380 387 371
f 371 387 376
f 400 370 271
f 271 370 188
f 385 278 372
f 372 278 247
f 400 384 389
f 389 384 383
f 369 381 186
f 186 381 263
f 221 271 144
f 144 271 188
f 221 19 207
f 207 19 22
f 19 18 22
f 22 18 23
f 18 219 23
f 23 219 208
f 469 470 472
f 472 470 471
f 474 475 473
f 473 475 476
f 473 476 477
f 477 476 478
f 480 481 479
f 479 481 482
f 483 484 474
f 474 484 475
f 486 487 485
f 485 487 488
f 489 490 77
f 77 490 142
f 491 489 248
f 248 489 77
f 493 494 492
f 492 494 495
f 496 480 484
f 484 480 475
f 486 497 487
f 487 497 471
f 498 496 472
f 472 496 484
f 499 493 478
f 478 493 500
f 501 502 504
f 504 502 503
f 493 492 500
f 500 492 505
f 506 477 500
f 500 477 478
f 499 478 479
f 479 478 476
f 469 507 470
f 470 507 508
f 483 509 469
f 469 509 507
f 479 482 499
f 499 482 510
f 492 495 485
f 485 495 511
f 483 469 484
f 484 469 472
f 473 512 474
f 474 512 513
f 497 498 471
f 471 498 472
f 475 480 476
f 476 480 479
f 470 508 514
f 514 508 515
f 506 502 516
f 516 502 501
f 503 502 488
f 488 502 505
f 514 515 503
f 503 515 504
f 485 488 492
f 492 488 505
f 477 506 517
f 517 506 516
f 474 513 483
f 483 513 509
f 510 292 494
f 494 292 164
f 512 473 517
f 517 473 477
f 491 481 496
f 496 481 480
f 502 506 505
f 505 506 500
f 503 488 514
f 514 488 487
f 514 487 470
f 470 487 471
f 517 516 519
f 519 516 518
f 517 519 512
f 512 519 520
f 512 520 513
f 513 520 521
f 513 521 509
f 509 521 522
f 516 501 518
f 518 501 523
f 501 504 523
f 523 504 524
f 524 504 525
f 525 504 515
f 526 527 523
f 523 527 518
f 529 530 528
f 528 530 531
f 532 533 529
f 529 533 530
f 530 533 535
f 535 533 534
f 536 537 535
f 535 537 538
f 534 539 535
f 535 539 536
f 538 531 535
f 535 531 530
f 540 541 531
f 531 541 528
f 533 532 534
f 534 532 542
f 532 520 542
f 542 520 519
f 532 543 520
f 520 543 521
f 529 544 532
f 532 544 543
f 544 529 545
f 545 529 528
f 534 542 539
f 539 542 527
f 527 542 518
f 518 542 519
f 541 546 528
f 528 546 545
f 547 544 548
f 548 544 545
f 546 549 545
f 545 549 548
f 550 547 551
f 551 547 548
f 547 550 553
f 553 550 552
f 549 554 548
f 548 554 551
f 544 547 543
f 543 547 553
f 543 553 521
f 521 553 522
f 546 541 556
f 556 541 555
f 541 540 555
f 555 540 557
f 536 539 558
f 558 539 527
f 537 536 559
f 559 536 558
f 527 526 558
f 558 526 560
f 559 558 561
f 561 558 560
f 559 562 537
f 537 562 563
f 557 563 555
f 555 563 562
f 509 522 507
f 507 522 564
f 508 565 515
f 515 565 525
f 565 508 564
f 564 508 507
f 564 552 565
f 565 552 566
f 552 550 566
f 566 550 567
f 565 566 525
f 525 566 568
f 564 522 552
f 552 522 553
f 569 524 568
f 568 524 525
f 569 526 524
f 524 526 523
f 570 560 569
f 569 560 526
f 570 569 571
f 571 569 568
f 572 570 573
f 573 570 571
f 566 567 568
f 568 567 571
f 567 574 571
f 571 574 573
f 570 572 560
f 560 572 561
f 576 561 575
f 575 561 572
f 575 578 577
f 577 578 579
f 575 572 578
f 578 572 573
f 575 577 576
f 576 577 556
f 576 556 562
f 562 556 555
f 562 559 576
f 576 559 561
f 550 551 567
f 567 551 574
f 579 574 554
f 554 574 551
f 579 578 574
f 574 578 573
f 579 554 577
f 577 554 549
f 549 546 577
f 577 546 556
f 531 538 540
f 540 538 557
f 557 538 563
f 563 538 537
f 481 294 482
f 482 294 293
f 580 486 511
f 511 486 485
f 490 489 497
f 497 489 498
f 489 491 498
f 498 491 496
f 163 495 164
f 164 495 494
f 580 490 486
f 486 490 497
f 482 293 510
f 510 293 292
f 495 163 511
f 511 163 199
f 494 493 510
f 510 493 499
f 481 491 294
f 294 491 248
f 582 583 581
f 581 583 584
f 586 587 585
f 585 587 588
f 585 588 589
f 589 588 590
f 592 593 591
f 591 593 594
f 595 596 598
f 598 596 597
f 599 600 586
f 586 600 587
f 601 602 604
f 604 602 603
f 605 606 608
f 608 606 607
f 609 607 200
f 200 607 606
f 610 611 613
f 613 611 612
f 600 614 587
f 587 614 592
f 596 605 597
f 597 605 608
f 602 615 603
f 603 615 583
f 616 614 584
f 584 614 600
f 611 618 617
f 617 618 590
f 620 621 619
f 619 621 622
f 610 623 611
f 611 623 618
f 624 589 618
f 618 589 590
f 617 590 591
f 591 590 588
f 581 625 582
f 582 625 626
f 599 627 581
f 581 627 625
f 591 594 617
f 617 594 628
f 601 610 598
f 598 610 613
f 581 584 599
f 599 584 600
f 585 629 586
f 586 629 630
f 615 616 583
f 583 616 584
f 587 592 588
f 588 592 591
f 582 626 631
f 631 626 632
f 624 620 633
f 633 620 619
f 621 620 604
f 604 620 623
f 631 632 621
f 621 632 622
f 610 601 623
f 623 601 604
f 589 624 634
f 634 624 633
f 586 630 599
f 599 630 627
f 203 202 628
f 628 202 612
f 629 585 634
f 634 585 589
f 609 593 614
f 614 593 592
f 620 624 623
f 623 624 618
f 631 621 603
f 603 621 604
f 582 631 583
f 583 631 603
f 634 633 636
f 636 633 635
f 634 636 629
f 629 636 637
f 629 637 630
f 630 637 638
f 630 638 627
f 627 638 639
f 633 619 635
f 635 619 640
f 619 622 640
f 640 622 641
f 641 622 642
f 642 622 632
f 644 635 643
f 643 635 640
f 645 646 648
f 648 646 647
f 649 650 646
f 646 650 647
f 647 650 652
f 652 650 651
f 652 653 655
f 655 653 654
f 651 656 652
f 652 656 653
f 655 648 652
f 652 648 647
f 648 657 645
f 645 657 658
f 650 649 651
f 651 649 659
f 649 637 659
f 659 637 636
f 649 660 637
f 637 660 638
f 661 660 646
f 646 660 649
f 662 661 645
f 645 661 646
f 651 659 656
f 656 659 644
f 644 659 635
f 635 659 636
f 663 662 658
f 658 662 645
f 664 661 665
f 665 661 662
f 663 666 662
f 662 666 665
f 667 664 668
f 668 664 665
f 664 667 670
f 670 667 669
f 666 671 665
f 665 671 668
f 661 664 660
f 660 664 670
f 660 670 638
f 638 670 639
f 658 672 663
f 663 672 673
f 658 657 672
f 672 657 674
f 653 656 675
f 675 656 644
f 653 675 654
f 654 675 676
f 675 644 677
f 677 644 643
f 676 675 678
f 678 675 677
f 679 680 676
f 676 680 654
f 674 680 672
f 672 680 679
f 627 639 625
f 625 639 681
f 626 682 632
f 632 682 642
f 681 682 625
f 625 682 626
f 669 683 681
f 681 683 682
f 667 684 669
f 669 684 683
f 682 683 642
f 642 683 685
f 681 639 669
f 669 639 670
f 686 641 685
f 685 641 642
f 641 686 640
f 640 686 643
f 686 687 643
f 643 687 677
f 687 686 688
f 688 686 685
f 689 687 690
f 690 687 688
f 683 684 685
f 685 684 688
f 684 691 688
f 688 691 690
f 687 689 677
f 677 689 678
f 693 678 692
f 692 678 689
f 692 695 694
f 694 695 696
f 692 689 695
f 695 689 690
f 692 694 693
f 693 694 673
f 693 673 679
f 679 673 672
f 679 676 693
f 693 676 678
f 684 667 691
f 691 667 668
f 696 691 671
f 671 691 668
f 696 695 691
f 691 695 690
f 694 696 666
f 666 696 671
f 666 663 694
f 694 663 673
f 648 655 657
f 657 655 674
f 674 655 680
f 680 655 654
f 593 162 594
f 594 162 290
f 598 597 601
f 601 597 602
f 615 608 616
f 616 608 607
f 607 609 616
f 616 609 614
f 697 595 613
f 613 595 598
f 597 608 602
f 602 608 615
f 594 290 628
f 628 290 203
f 628 612 617
f 617 612 611
f 593 609 162
f 162 609 200
f 105 29 698
f 698 29 699
f 268 126 701
f 701 126 700
f 126 125 700
f 700 125 702
f 252 703 250
f 250 703 704
f 32 268 705
f 705 268 701
f 288 105 706
f 706 105 698
f 29 32 699
f 699 32 705
f 707 251 706
f 706 251 288
f 250 704 125
f 125 704 702
f 703 252 707
f 707 252 251
f 706 708 707
f 707 708 709
f 707 709 703
f 703 709 710
f 703 710 704
f 704 710 711
f 704 711 702
f 702 711 712
f 706 698 708
f 708 698 713
f 698 699 713
f 713 699 714
f 699 705 714
f 714 705 715
f 717 708 716
f 716 708 713
f 719 720 718
f 718 720 721
f 722 723 719
f 719 723 720
f 724 725 723
f 723 725 720
f 724 726 725
f 725 726 727
f 728 721 725
f 725 721 720
f 721 728 729
f 729 728 730
f 729 731 721
f 721 731 718
f 724 723 732
f 732 723 722
f 722 710 732
f 732 710 709
f 722 733 710
f 710 733 711
f 719 734 722
f 722 734 733
f 734 719 735
f 735 719 718
f 724 732 726
f 726 732 717
f 717 732 708
f 708 732 709
f 731 736 718
f 718 736 735
f 737 734 738
f 738 734 735
f 736 739 735
f 735 739 738
f 740 737 741
f 741 737 738
f 737 740 743
f 743 740 742
f 739 744 738
f 738 744 741
f 734 737 733
f 733 737 743
f 733 743 711
f 711 743 712
f 736 731 746
f 746 731 745
f 731 729 745
f 745 729 730
f 727 726 747
f 747 726 717
f 748 727 749
f 749 727 747
f 747 717 750
f 750 717 716
f 749 747 751
f 751 747 750
f 749 752 748
f 748 752 753
f 730 753 745
f 745 753 752
f 728 725 748
f 748 725 727
f 730 728 753
f 753 728 748
f 700 702 754
f 754 702 712
f 705 701 715
f 715 701 755
f 754 755 700
f 700 755 701
f 742 756 754
f 754 756 755
f 740 757 742
f 742 757 756
f 755 756 715
f 715 756 758
f 754 712 742
f 742 712 743
f 759 714 758
f 758 714 715
f 714 759 713
f 713 759 716
f 759 760 716
f 716 760 750
f 760 759 761
f 761 759 758
f 762 760 763
f 763 760 761
f 756 757 758
f 758 757 761
f 757 764 761
f 761 764 763
f 760 762 750
f 750 762 751
f 766 751 765
f 765 751 762
f 767 765 769
f 769 765 768
f 765 762 768
f 768 762 763
f 765 767 766
f 766 767 746
f 766 746 752
f 752 746 745
f 752 749 766
f 766 749 751
f 757 740 764
f 764 740 741
f 769 764 744
f 744 764 741
f 769 768 764
f 764 768 763
f 767 769 739
f 739 769 744
f 739 736 767
f 767 736 746
f 219 217 208
f 208 217 209
f 209 217 210
f 210 217 193
f 198 580 199
f 199 580 511
f 76 75 289
f 289 75 272
f 277 207 291
f 291 207 184
f 290 183 203
f 203 183 84
f 490 580 142
f 142 580 198
f 142 198 143
f 143 198 197
f 149 276 72
f 72 276 73
f 104 103 279
f 279 103 770
f 770 596 279
f 279 596 595
f 605 596 771
f 771 596 770
f 771 770 772
f 772 770 103
f 772 103 773
f 773 103 102
f 155 774 101
f 101 774 102
f 773 102 97
f 97 102 774
f 775 773 100
f 100 773 97
f 773 775 772
f 772 775 776
f 772 776 771
f 771 776 777
f 200 606 197
f 197 606 777
f 189 71 778
f 778 71 74
f 97 774 98
f 98 774 155
f 183 161 184
f 184 161 291
f 777 276 197
f 197 276 143
f 777 606 771
f 771 606 605
f 613 612 697
f 697 612 202
f 595 697 279
f 279 697 202
f 73 276 776
f 776 276 777
f 776 775 73
f 73 775 74
f 100 778 775
f 775 778 74
f 778 100 189
f 189 100 99
f 245 242 99
f 99 242 189
f 131 33 256
f 28 1 95
f 95 1 62
f 27 2 28
f 28 2 1
f 265 115 266
f 266 115 114
f 95 62 69
f 69 62 64
f 62 61 64
f 64 61 65
f 61 13 65
f 65 13 130
f 13 12 130
f 130 12 14
f 31 11 32
f 32 11 268
f 15 12 31
f 31 12 11
f 31 30 15
f 15 30 231
f 30 106 231
f 231 106 232
f 287 237 106
f 106 237 232
f 254 90 287
f 287 90 237
f 253 44 254
f 254 44 90
f 253 249 44
f 44 249 7
f 267 127 268
f 268 127 126
f 10 3 241
f 241 3 116
f 3 2 116
f 116 2 114
f 2 27 114
f 114 27 266
f 27 26 266
f 266 26 113
f 26 286 113
f 113 286 110
f 286 243 110
f 110 243 255
f 243 242 255
f 255 242 256
f 242 245 256
f 256 245 131
f 245 244 131
f 131 244 132
f 265 37 115
f 115 37 41
f 41 37 42
f 42 37 40
f 92 91 40
f 40 91 42
f 236 233 92
f 92 233 91
f 191 194 236
f 236 194 233
f 258 285 244
f 244 285 132
f 257 55 258
f 258 55 285
f 257 154 201
f 201 154 185
f 56 201 204
f 204 201 180
f 55 257 56
f 56 257 201
f 204 85 56
f 56 85 52
f 86 122 53
f 53 122 79
f 212 215 86
f 86 215 122
f 211 216 212
f 212 216 215
f 192 280 211
f 211 280 216
f 191 240 192
f 192 240 280
f 249 124 7
f 7 124 8
f 124 127 8
f 8 127 241
f 127 267 241
f 241 267 10
f 10 267 9
f 9 267 11
o hand_right
v 0.149404 0.394360 0.907619
v 0.153289 0.403892 0.906264
v 0.142401 0.402242 0.907419
v 0.139436 0.392841 0.907619
v 0.146622 0.424160 0.906112
v 0.143708 0.432382 0.897214
v 0.129541 0.425014 0.900987
v 0.134380 0.419854 0.908549
v 0.131858 0.390535 0.905688
v 0.134218 0.400671 0.908055
v 0.129944 0.389592 0.900367
v 0.130132 0.377457 0.895341
v 0.130966 0.380472 0.902371
v 0.130166 0.368759 0.895447
v 0.136157 0.378263 0.885731
v 0.136875 0.363504 0.890714
v 0.165439 0.372227 0.887842
v 0.177567 0.372581 0.893967
v 0.171322 0.358765 0.901246
v 0.159219 0.360035 0.895028
v 0.188101 0.366510 0.910870
v 0.178711 0.361367 0.905898
v 0.185478 0.374571 0.897773
v 0.193490 0.378607 0.902748
v 0.165557 0.397579 0.910602
v 0.170325 0.406783 0.908378
v 0.164766 0.405237 0.906530
v 0.160256 0.396810 0.908638
v 0.122863 0.395855 0.894361
v 0.129620 0.395202 0.885197
v 0.129725 0.389943 0.891494
v 0.124202 0.395431 0.899759
v 0.185670 0.431531 0.910060
v 0.191710 0.438681 0.900336
v 0.187108 0.438773 0.896701
v 0.182832 0.431789 0.906158
v 0.165107 0.438525 0.890924
v 0.173537 0.440415 0.884949
v 0.171965 0.441219 0.871132
v 0.163645 0.436902 0.874362
v 0.154191 0.435837 0.895042
v 0.152630 0.436132 0.880921
v 0.141351 0.432529 0.885605
v 0.126426 0.425036 0.891974
v 0.203048 0.436752 0.906051
v 0.200085 0.431639 0.914301
v 0.108473 0.345365 0.933543
v 0.112789 0.345749 0.937484
v 0.114975 0.348033 0.933788
v 0.110512 0.347006 0.930287
v 0.216245 0.421491 0.905507
v 0.219280 0.415181 0.898210
v 0.222122 0.421720 0.896717
v 0.217927 0.428081 0.902266
v 0.213827 0.412826 0.909804
v 0.214614 0.406496 0.900466
v 0.107791 0.333429 0.929181
v 0.105460 0.337983 0.929565
v 0.108100 0.338450 0.925094
v 0.111110 0.334057 0.924702
v 0.136229 0.383794 0.907342
v 0.145062 0.386354 0.910376
v 0.132186 0.368198 0.913369
v 0.138336 0.374519 0.912163
v 0.133145 0.375323 0.907121
v 0.129125 0.369195 0.907752
v 0.160246 0.377846 0.920616
v 0.164494 0.387675 0.915822
v 0.158477 0.386206 0.913393
v 0.152130 0.376003 0.918287
v 0.175559 0.390406 0.924280
v 0.170664 0.380257 0.928020
v 0.177560 0.382910 0.932425
v 0.179369 0.390238 0.929634
v 0.160218 0.362614 0.931895
v 0.157974 0.355730 0.933454
v 0.160347 0.355919 0.935946
v 0.163526 0.363209 0.933544
v 0.225050 0.427637 0.894177
v 0.218972 0.434123 0.898387
v 0.203319 0.375100 0.923542
v 0.206623 0.383717 0.929858
v 0.204483 0.372375 0.937402
v 0.201531 0.366135 0.928408
v 0.216296 0.409618 0.889932
v 0.221377 0.415494 0.888811
v 0.112529 0.330042 0.931294
v 0.115847 0.331144 0.927258
v 0.144751 0.425907 0.874539
v 0.126857 0.419949 0.883556
v 0.158611 0.429106 0.869111
v 0.168392 0.430824 0.865353
v 0.174860 0.434771 0.861399
v 0.141762 0.370984 0.916970
v 0.154073 0.389401 0.910689
v 0.169951 0.398431 0.913103
v 0.191793 0.401399 0.934736
v 0.194825 0.410681 0.930521
v 0.185159 0.407654 0.927129
v 0.184799 0.399793 0.931101
v 0.203380 0.389308 0.937203
v 0.195896 0.391175 0.939828
v 0.194232 0.382498 0.943765
v 0.201390 0.379180 0.942422
v 0.118518 0.399625 0.889426
v 0.129161 0.401094 0.880228
v 0.209895 0.427980 0.910949
v 0.210240 0.433720 0.905742
v 0.213107 0.439011 0.899803
v 0.176804 0.419647 0.909075
v 0.180774 0.432078 0.903563
v 0.176721 0.431873 0.901914
v 0.174571 0.418430 0.907088
v 0.157289 0.414940 0.907131
v 0.160198 0.427905 0.903893
v 0.145642 0.412312 0.909722
v 0.181623 0.440324 0.890991
v 0.190847 0.446197 0.890637
v 0.184565 0.446449 0.884346
v 0.199196 0.444885 0.895619
v 0.207041 0.442533 0.899172
v 0.227364 0.420224 0.885058
v 0.179209 0.444991 0.878012
v 0.126382 0.415787 0.909346
v 0.119880 0.411560 0.910375
v 0.124120 0.405206 0.910872
v 0.129894 0.408121 0.910144
v 0.128603 0.360038 0.898036
v 0.126790 0.365694 0.903132
v 0.129357 0.373914 0.900579
v 0.185916 0.423012 0.917856
v 0.198058 0.423634 0.921278
v 0.135287 0.364408 0.917950
v 0.114741 0.335850 0.920635
v 0.111313 0.340540 0.920769
v 0.121610 0.350937 0.907773
v 0.125016 0.344946 0.907711
v 0.136417 0.354122 0.921497
v 0.133426 0.360528 0.919869
v 0.132698 0.358118 0.921097
v 0.135200 0.353017 0.924356
v 0.168052 0.359959 0.939315
v 0.170768 0.366384 0.937268
v 0.152218 0.349655 0.905235
v 0.143572 0.350766 0.894921
v 0.148116 0.361150 0.889721
v 0.166576 0.379665 0.924153
v 0.163380 0.370849 0.928983
v 0.166936 0.371385 0.931140
v 0.143225 0.367242 0.919790
v 0.139225 0.360896 0.921188
v 0.144223 0.362011 0.922355
v 0.148321 0.368288 0.921383
v 0.210118 0.394009 0.922150
v 0.206581 0.400586 0.931029
v 0.105798 0.342404 0.930925
v 0.108055 0.343461 0.926995
v 0.170606 0.389270 0.919378
v 0.154076 0.373720 0.884799
v 0.174418 0.399521 0.916144
v 0.185538 0.355539 0.929885
v 0.184273 0.358393 0.936859
v 0.180177 0.354422 0.939495
v 0.180994 0.350089 0.935121
v 0.126797 0.344065 0.934080
v 0.122965 0.348406 0.934179
v 0.120056 0.345907 0.936785
v 0.123603 0.341386 0.937092
v 0.129756 0.363411 0.916219
v 0.126185 0.364197 0.910975
v 0.123835 0.360378 0.914999
v 0.128286 0.359665 0.918952
v 0.124217 0.360182 0.906355
v 0.121387 0.356743 0.910353
v 0.127840 0.338194 0.931289
v 0.124931 0.333189 0.926380
v 0.135297 0.341316 0.915933
v 0.135633 0.345639 0.922749
v 0.199239 0.389521 0.894122
v 0.206841 0.392995 0.901484
v 0.201423 0.382108 0.910213
v 0.197215 0.370706 0.918398
v 0.191874 0.360358 0.926018
v 0.184626 0.355805 0.917435
v 0.206787 0.386072 0.914934
v 0.143995 0.348808 0.917327
v 0.142818 0.346856 0.908871
v 0.147874 0.347184 0.911643
v 0.179192 0.401133 0.921648
v 0.110827 0.345688 0.922738
v 0.185096 0.415447 0.861444
v 0.196757 0.411097 0.866166
v 0.190843 0.405486 0.869456
v 0.177552 0.410776 0.864781
v 0.117571 0.351094 0.931056
v 0.112786 0.350304 0.926800
v 0.175989 0.366106 0.941676
v 0.172945 0.360093 0.942375
v 0.175794 0.357711 0.943341
v 0.179406 0.363373 0.945594
v 0.210494 0.396328 0.904793
v 0.200511 0.365422 0.942422
v 0.198739 0.360519 0.934168
v 0.211295 0.402400 0.893572
v 0.205121 0.399093 0.886746
v 0.209814 0.406069 0.881830
v 0.170678 0.349536 0.915052
v 0.192308 0.386006 0.890250
v 0.198749 0.396848 0.883118
v 0.204060 0.405091 0.877068
v 0.208696 0.410602 0.872830
v 0.214448 0.411238 0.878593
v 0.119890 0.333125 0.923370
v 0.121245 0.330872 0.931107
v 0.220773 0.416075 0.874210
v 0.213672 0.415629 0.868245
v 0.190734 0.395553 0.878728
v 0.180403 0.395216 0.874136
v 0.184744 0.385223 0.885962
v 0.174058 0.383807 0.881888
v 0.165670 0.348480 0.905649
v 0.114253 0.329453 0.946761
v 0.120802 0.333139 0.938889
v 0.120823 0.338697 0.940667
v 0.115519 0.333107 0.948662
v 0.124336 0.335785 0.935010
v 0.117991 0.329815 0.935070
v 0.159940 0.386827 0.878132
v 0.141611 0.355210 0.923708
v 0.164251 0.401875 0.870579
v 0.142025 0.388348 0.877913
v 0.144489 0.401063 0.873911
v 0.166748 0.418201 0.863575
v 0.150887 0.415237 0.868334
v 0.181084 0.426717 0.857663
v 0.175061 0.421412 0.860938
v 0.135144 0.412823 0.874999
v 0.105792 0.342482 0.944013
v 0.110752 0.342181 0.946734
v 0.190466 0.420500 0.857602
v 0.136348 0.409738 0.910167
v 0.180307 0.411200 0.917613
v 0.176735 0.409368 0.913595
v 0.196238 0.415983 0.927160
v 0.185409 0.414403 0.922895
v 0.102223 0.339943 0.941073
v 0.159116 0.349906 0.933120
v 0.160369 0.351633 0.932951
v 0.121738 0.420304 0.903861
v 0.116124 0.416050 0.905513
v 0.111930 0.410740 0.894116
v 0.112280 0.415187 0.899843
v 0.118422 0.420089 0.895825
v 0.118068 0.415663 0.889397
v 0.178471 0.420309 0.911088
v 0.181129 0.420787 0.913960
v 0.212261 0.404147 0.915868
v 0.208158 0.410137 0.924828
v 0.126005 0.354896 0.902884
v 0.134125 0.353847 0.895883
v 0.130424 0.349419 0.902102
v 0.131287 0.342051 0.909408
v 0.141438 0.350213 0.922361
v 0.139333 0.349470 0.918570
v 0.169071 0.429790 0.903030
v 0.167944 0.416596 0.906057
v 0.129735 0.400252 0.906991
v 0.125660 0.398710 0.906884
v 0.155757 0.370537 0.923822
v 0.163436 0.343197 0.920728
v 0.159048 0.342175 0.913349
v 0.152095 0.362465 0.926356
v 0.102248 0.331689 0.939817
v 0.101098 0.336519 0.940053
v 0.136786 0.346351 0.903126
v 0.173408 0.373945 0.936120
v 0.168740 0.348179 0.922593
v 0.162605 0.345126 0.927957
v 0.199013 0.373717 0.945704
v 0.201819 0.417150 0.862037
v 0.117792 0.343434 0.940855
v 0.114710 0.339614 0.948396
v 0.111923 0.327300 0.943867
v 0.107169 0.327744 0.940371
v 0.207988 0.419002 0.918481
v 0.174104 0.407855 0.911204
v 0.123343 0.409370 0.882357
v 0.114889 0.405250 0.889935
v 0.150181 0.357173 0.927927
v 0.190774 0.358379 0.933126
v 0.180538 0.349951 0.923915
v 0.176302 0.344309 0.930087
v 0.168736 0.343417 0.929394
v 0.162346 0.345943 0.932109
v 0.109661 0.326820 0.948754
v 0.104708 0.327156 0.945556
v 0.099840 0.330955 0.945263
v 0.098885 0.335516 0.945232
v 0.101031 0.339440 0.945355
v 0.112049 0.328833 0.951783
v 0.113066 0.332197 0.953326
v 0.113168 0.338363 0.951635
v 0.110485 0.329045 0.956271
v 0.106210 0.326132 0.956259
v 0.094146 0.331687 0.958398
v 0.096611 0.329787 0.953482
v 0.096869 0.328607 0.955867
v 0.095096 0.329306 0.960400
v 0.094094 0.328782 0.965382
v 0.092658 0.331633 0.963779
v 0.100921 0.326789 0.954780
v 0.099059 0.327196 0.961090
v 0.103016 0.326753 0.962480
v 0.101040 0.326297 0.967525
v 0.097361 0.326488 0.966456
v 0.103892 0.326261 0.958050
v 0.101703 0.326466 0.952732
v 0.093342 0.330707 0.968226
v 0.094024 0.328255 0.968220
v 0.096800 0.326856 0.969413
v 0.096508 0.328868 0.971701
v 0.096838 0.334996 0.950170
v 0.094105 0.334287 0.958198
v 0.094042 0.334462 0.964192
v 0.094624 0.333231 0.968568
v 0.096352 0.337211 0.959955
v 0.096276 0.336302 0.964733
v 0.097212 0.335335 0.968549
v 0.099768 0.338860 0.961871
v 0.099095 0.337317 0.965798
v 0.103101 0.340864 0.950365
v 0.099644 0.339021 0.948732
v 0.098871 0.336687 0.968359
v 0.097695 0.330735 0.972156
v 0.106538 0.327718 0.962064
v 0.103623 0.328170 0.968302
v 0.108081 0.329435 0.962536
v 0.105469 0.329642 0.968835
v 0.101226 0.327680 0.971903
v 0.099710 0.326658 0.970042
v 0.105378 0.341700 0.946665
v 0.110456 0.341084 0.949484
v 0.108728 0.340404 0.952717
v 0.104238 0.338643 0.963445
v 0.111611 0.337883 0.954990
v 0.111479 0.332348 0.957619
v 0.108595 0.331968 0.963876
v 0.107945 0.335291 0.964246
v 0.106040 0.332158 0.968495
v 0.105222 0.334538 0.967901
v 0.102442 0.337045 0.967217
v 0.103077 0.332525 0.971203
v 0.102350 0.329704 0.971988
v 0.099465 0.333517 0.971222
v 0.103441 0.334160 0.970075
v 0.100707 0.335201 0.969508
v 0.136737 0.335379 0.950805
v 0.142423 0.336022 0.953708
v 0.143103 0.336068 0.949160
v 0.138285 0.335470 0.946849
v 0.135442 0.321800 0.946718
v 0.133153 0.327691 0.947662
v 0.134738 0.327045 0.942320
v 0.138581 0.321303 0.941337
v 0.141891 0.318719 0.947801
v 0.145133 0.319184 0.942427
v 0.140526 0.323093 0.936150
v 0.136671 0.329088 0.937557
v 0.143423 0.342472 0.922566
v 0.147370 0.336943 0.920232
v 0.154120 0.350358 0.934437
v 0.156652 0.347152 0.934454
v 0.134228 0.332581 0.949224
v 0.135519 0.332166 0.944519
v 0.152217 0.335329 0.948469
v 0.147759 0.338523 0.948461
v 0.147524 0.335822 0.951268
v 0.151364 0.331857 0.951630
v 0.144027 0.349639 0.927471
v 0.149251 0.350883 0.930755
v 0.142755 0.346558 0.925362
v 0.154905 0.329491 0.946375
v 0.154081 0.323778 0.942539
v 0.160012 0.335277 0.927054
v 0.160578 0.339584 0.931947
v 0.136158 0.333937 0.940281
v 0.142330 0.338922 0.946711
v 0.138136 0.337923 0.943760
v 0.147779 0.321797 0.937650
v 0.151201 0.321161 0.947583
v 0.145012 0.324237 0.966317
v 0.150369 0.325294 0.955756
v 0.149710 0.330456 0.956539
v 0.145375 0.329129 0.967781
v 0.152805 0.326405 0.950642
v 0.147933 0.320794 0.952674
v 0.133403 0.335599 0.964895
v 0.139199 0.336044 0.967360
v 0.130100 0.332833 0.963333
v 0.154428 0.334209 0.921695
v 0.131004 0.322953 0.959773
v 0.129077 0.329095 0.961421
v 0.147194 0.334836 0.955661
v 0.143368 0.333593 0.968540
v 0.142681 0.320837 0.964243
v 0.136993 0.319456 0.959906
v 0.140025 0.321068 0.969421
v 0.134445 0.320116 0.966396
v 0.128594 0.323799 0.965783
v 0.127646 0.329615 0.966205
v 0.129322 0.333165 0.966898
v 0.142574 0.324194 0.971385
v 0.143425 0.328903 0.972483
v 0.141845 0.333612 0.971014
v 0.140666 0.326536 0.977789
v 0.137444 0.323332 0.977675
v 0.122928 0.332016 0.985038
v 0.124229 0.329638 0.979664
v 0.125511 0.327787 0.981052
v 0.124350 0.329782 0.986062
v 0.125980 0.325579 0.975079
v 0.127048 0.325245 0.977444
v 0.131286 0.323356 0.977594
v 0.129765 0.326300 0.982788
v 0.134598 0.326353 0.983420
v 0.133145 0.327801 0.988786
v 0.128291 0.327590 0.988443
v 0.134527 0.323954 0.979687
v 0.124496 0.330704 0.989568
v 0.124122 0.333136 0.990448
v 0.131666 0.321708 0.974814
v 0.126030 0.329724 0.970488
v 0.124089 0.332656 0.978967
v 0.123624 0.335223 0.985075
v 0.125834 0.335650 0.990867
v 0.126247 0.336264 0.979440
v 0.125847 0.337566 0.985405
v 0.127889 0.337294 0.990042
v 0.130075 0.338958 0.980299
v 0.129621 0.339355 0.986156
v 0.132395 0.336305 0.969993
v 0.128259 0.333957 0.969564
v 0.129531 0.338478 0.988699
v 0.127559 0.331248 0.993368
v 0.128885 0.334373 0.993482
v 0.127493 0.329843 0.992096
v 0.136623 0.326992 0.983587
v 0.134713 0.329360 0.989282
v 0.138562 0.329043 0.983918
v 0.135953 0.331335 0.990016
v 0.132295 0.330626 0.993134
v 0.131107 0.329480 0.992568
v 0.133050 0.335306 0.967675
v 0.138396 0.335549 0.969398
v 0.137889 0.336454 0.971320
v 0.135178 0.338556 0.981614
v 0.141546 0.334029 0.973261
v 0.141980 0.329889 0.976861
v 0.139633 0.331641 0.983392
v 0.138652 0.335527 0.982961
v 0.137227 0.333135 0.989797
v 0.137086 0.335660 0.987659
v 0.133646 0.338909 0.986703
v 0.134163 0.334297 0.993089
v 0.133091 0.332189 0.993528
v 0.130083 0.336013 0.992460
v 0.134916 0.336172 0.990849
v 0.131679 0.337815 0.990266
v 0.154271 0.343644 0.957834
v 0.159179 0.345697 0.960011
v 0.160327 0.346324 0.956725
v 0.155665 0.344021 0.954471
v 0.155516 0.330889 0.955905
v 0.152411 0.334800 0.956181
v 0.154010 0.334978 0.951765
v 0.157640 0.331099 0.950227
v 0.160136 0.329256 0.958905
v 0.163469 0.329404 0.951610
v 0.159724 0.332143 0.945034
v 0.155522 0.335967 0.947584
v 0.160892 0.343752 0.935707
v 0.165667 0.339287 0.934084
v 0.152456 0.339505 0.956808
v 0.153756 0.339879 0.953222
v 0.168898 0.345435 0.957220
v 0.164767 0.347800 0.956656
v 0.165181 0.345578 0.958910
v 0.168339 0.342653 0.959616
v 0.161194 0.353840 0.939265
v 0.166694 0.355772 0.941175
v 0.159511 0.349052 0.938138
v 0.171828 0.339610 0.955500
v 0.171571 0.333699 0.951120
v 0.177348 0.342812 0.941072
v 0.176891 0.348305 0.943857
v 0.154515 0.340632 0.949856
v 0.159963 0.348328 0.954384
v 0.155632 0.345576 0.952092
v 0.165943 0.331615 0.946525
v 0.168679 0.331811 0.956004
v 0.161673 0.334164 0.976996
v 0.168511 0.336056 0.962540
v 0.167118 0.341882 0.962918
v 0.161931 0.338604 0.977544
v 0.170260 0.337121 0.959252
v 0.166069 0.331085 0.960891
v 0.149796 0.343517 0.973108
v 0.155007 0.344695 0.974554
v 0.148003 0.340014 0.971107
v 0.172589 0.338485 0.935823
v 0.173383 0.354072 0.944225
v 0.148868 0.332538 0.971378
v 0.147449 0.336635 0.970859
v 0.164132 0.344808 0.961858
v 0.159842 0.342728 0.976678
v 0.159209 0.330628 0.974860
v 0.153969 0.329433 0.971938
v 0.157807 0.331330 0.980311
v 0.152362 0.330309 0.977749
v 0.147246 0.332936 0.977191
v 0.146094 0.337095 0.976357
v 0.146765 0.340525 0.976209
v 0.160277 0.334981 0.982096
v 0.160382 0.338926 0.982113
v 0.158749 0.342483 0.978678
v 0.159379 0.336532 0.986181
v 0.155666 0.332632 0.987081
v 0.142772 0.339178 0.995308
v 0.143956 0.337664 0.989915
v 0.144806 0.336911 0.990452
v 0.143646 0.337861 0.995992
v 0.145950 0.334077 0.984592
v 0.146449 0.334186 0.986573
v 0.149981 0.332528 0.986834
v 0.148864 0.334526 0.992806
v 0.154618 0.336126 0.992984
v 0.152767 0.337412 0.997526
v 0.147498 0.335711 0.997859
v 0.154147 0.333252 0.988398
v 0.144006 0.338388 0.999120
v 0.142269 0.339233 0.999511
v 0.150516 0.331491 0.984663
v 0.144205 0.337691 0.981793
v 0.142855 0.340176 0.988909
v 0.141469 0.342006 0.994366
v 0.142655 0.342780 0.998548
v 0.144246 0.343668 0.988274
v 0.143197 0.344574 0.993538
v 0.144145 0.345195 0.997352
v 0.146668 0.345881 0.988196
v 0.145875 0.346382 0.993060
v 0.148790 0.343679 0.978742
v 0.145672 0.341076 0.979878
v 0.145885 0.346219 0.996235
v 0.146370 0.338729 1.001962
v 0.147338 0.342837 1.001640
v 0.146746 0.337864 1.000499
v 0.156291 0.336760 0.992474
v 0.154481 0.338806 0.998417
v 0.157682 0.339171 0.991890
v 0.155728 0.341203 0.997819
v 0.151539 0.339060 1.001420
v 0.150887 0.338307 1.000719
v 0.149786 0.343230 0.975956
v 0.154600 0.344248 0.976934
v 0.153464 0.344753 0.979351
v 0.150983 0.347085 0.989282
v 0.157714 0.343303 0.980957
v 0.159245 0.340251 0.985924
v 0.157173 0.342324 0.991210
v 0.154986 0.345324 0.990661
v 0.155391 0.343734 0.996641
v 0.153906 0.345327 0.994783
v 0.149690 0.347571 0.993830
v 0.152263 0.344048 0.999294
v 0.152439 0.341667 1.001036
v 0.147920 0.345297 0.999722
v 0.151850 0.345712 0.997473
v 0.148543 0.346623 0.997648
v 0.170622 0.356012 0.943119
v 0.169603 0.354628 0.962822
v 0.172957 0.356086 0.964961
v 0.174381 0.356550 0.963517
v 0.171099 0.356103 0.960807
v 0.171773 0.344647 0.957767
v 0.168705 0.348027 0.958900
v 0.170243 0.349103 0.955074
v 0.173129 0.345763 0.954038
v 0.176497 0.343291 0.959185
v 0.177876 0.344638 0.956169
v 0.175307 0.347627 0.951270
v 0.172381 0.351414 0.951948
v 0.181819 0.358708 0.940097
v 0.186559 0.355903 0.938648
v 0.195366 0.369228 0.948667
v 0.191134 0.372675 0.948583
v 0.187830 0.367066 0.953883
v 0.191969 0.364615 0.953781
v 0.168276 0.351621 0.960701
v 0.169412 0.353426 0.957508
v 0.184197 0.354634 0.964021
v 0.180337 0.357550 0.963830
v 0.178140 0.356563 0.965266
v 0.181954 0.354266 0.966281
v 0.186092 0.371565 0.947499
v 0.182708 0.368798 0.945815
v 0.180944 0.366697 0.948363
v 0.183328 0.367039 0.952367
v 0.179063 0.362919 0.945295
v 0.185651 0.351031 0.962120
v 0.184573 0.347017 0.957905
v 0.196236 0.358006 0.947590
v 0.195405 0.361711 0.950882
v 0.171075 0.354565 0.955277
v 0.176336 0.358423 0.961663
v 0.172920 0.357414 0.959515
v 0.180051 0.345567 0.953573
v 0.182325 0.346288 0.960488
v 0.179155 0.347083 0.973358
v 0.182820 0.349791 0.966558
v 0.180741 0.354067 0.968024
v 0.178206 0.349986 0.974129
v 0.183495 0.350294 0.964703
v 0.181078 0.345136 0.963455
v 0.166817 0.352517 0.969830
v 0.171516 0.353804 0.972021
v 0.165384 0.350050 0.968109
v 0.192242 0.355208 0.941274
v 0.167904 0.343198 0.966413
v 0.165258 0.346649 0.967277
v 0.176656 0.355934 0.966941
v 0.175526 0.352634 0.973615
v 0.177815 0.343383 0.971061
v 0.173329 0.341236 0.967334
v 0.175548 0.342543 0.974999
v 0.170995 0.340816 0.971242
v 0.165449 0.343511 0.970666
v 0.164214 0.347069 0.970424
v 0.164514 0.350184 0.971037
v 0.177340 0.346434 0.976876
v 0.176749 0.349513 0.977081
v 0.174552 0.352403 0.975755
v 0.175419 0.345871 0.980573
v 0.172200 0.342325 0.980328
v 0.160552 0.346867 0.985316
v 0.161569 0.346488 0.981359
v 0.162253 0.345535 0.981683
v 0.160625 0.345760 0.985454
v 0.163548 0.344422 0.976720
v 0.164077 0.343931 0.978294
v 0.167329 0.342311 0.978128
v 0.165401 0.342892 0.983007
v 0.170132 0.343507 0.985498
v 0.168036 0.343856 0.989038
v 0.164064 0.342965 0.986559
v 0.170403 0.342089 0.981117
v 0.160344 0.345062 0.988103
v 0.159587 0.345858 0.988963
v 0.167908 0.341501 0.976331
v 0.162580 0.348019 0.974946
v 0.160626 0.348814 0.981635
v 0.159565 0.348619 0.986580
v 0.160177 0.347708 0.990211
v 0.161641 0.351115 0.981091
v 0.160197 0.350845 0.986900
v 0.160956 0.349933 0.990362
v 0.164001 0.353471 0.981370
v 0.162351 0.352410 0.986815
v 0.166380 0.353507 0.974998
v 0.163725 0.351109 0.974723
v 0.162255 0.350949 0.989596
v 0.162379 0.344232 0.991147
v 0.162764 0.346985 0.992161
v 0.162926 0.343292 0.990034
v 0.171344 0.344165 0.985754
v 0.168884 0.344750 0.990104
v 0.172733 0.346287 0.986048
v 0.169348 0.346819 0.990613
v 0.165907 0.344618 0.992015
v 0.165666 0.343602 0.990470
v 0.166669 0.353066 0.972724
v 0.170598 0.353640 0.973844
v 0.170403 0.353880 0.976334
v 0.167799 0.354034 0.982534
v 0.174223 0.352241 0.978204
v 0.175795 0.349012 0.979793
v 0.172721 0.349029 0.985698
v 0.171298 0.351996 0.984702
v 0.168937 0.348982 0.990553
v 0.167932 0.351557 0.989234
v 0.165439 0.353041 0.987730
v 0.165499 0.348680 0.992109
v 0.165669 0.346862 0.992630
v 0.163269 0.348994 0.991823
v 0.165402 0.350401 0.991161
v 0.163975 0.350860 0.990536
v 0.196702 0.365401 0.947958
v 0.109957 0.393914 0.899318
v 0.114105 0.392249 0.902733
v 0.113728 0.402529 0.915848
v 0.116115 0.396299 0.913340
v 0.108855 0.407343 0.914482
v 0.102385 0.408509 0.905456
v 0.105655 0.409681 0.910086
v 0.116188 0.392737 0.908374
v 0.105849 0.398042 0.897623
v 0.102499 0.404401 0.899619
v 0.099802 0.391485 0.901486
v 0.095573 0.398597 0.903960
v 0.094899 0.403350 0.909494
v 0.100837 0.406100 0.914168
v 0.104965 0.405460 0.917313
v 0.107232 0.389772 0.903623
v 0.111677 0.389326 0.906755
v 0.114499 0.391835 0.912176
v 0.105837 0.384734 0.910212
v 0.098339 0.383078 0.916671
v 0.091298 0.389870 0.934126
v 0.093202 0.393716 0.928617
v 0.092483 0.391226 0.927538
v 0.090336 0.388032 0.932582
v 0.093155 0.394586 0.922816
v 0.093383 0.392247 0.923157
v 0.094667 0.388601 0.919540
v 0.093085 0.385652 0.924664
v 0.097331 0.384160 0.919259
v 0.097376 0.381570 0.923030
v 0.091401 0.382563 0.929387
v 0.088926 0.384595 0.934424
v 0.090155 0.380118 0.933517
v 0.090358 0.385389 0.937166
v 0.092332 0.388520 0.916868
v 0.096248 0.400596 0.921546
v 0.095459 0.396450 0.929349
v 0.094274 0.391595 0.935628
v 0.093293 0.386085 0.938488
v 0.099707 0.397154 0.930487
v 0.098627 0.391834 0.935403
v 0.098130 0.386457 0.937488
v 0.104309 0.395207 0.930307
v 0.102142 0.390090 0.934266
v 0.108699 0.400800 0.920825
v 0.102511 0.403215 0.921632
v 0.100464 0.386643 0.935864
v 0.091184 0.379239 0.936170
v 0.094537 0.380040 0.937404
v 0.100187 0.380157 0.921600
v 0.095600 0.378397 0.927276
v 0.098466 0.377545 0.927345
v 0.104111 0.380343 0.920742
v 0.101235 0.377601 0.927878
v 0.095206 0.376474 0.932186
v 0.093112 0.377741 0.930712
v 0.110460 0.402200 0.918312
v 0.114000 0.396979 0.915911
v 0.112519 0.396018 0.918027
v 0.108402 0.390538 0.927440
v 0.113293 0.390470 0.915577
v 0.110287 0.386321 0.912350
v 0.107359 0.381716 0.921968
v 0.109314 0.385377 0.924276
v 0.103863 0.379753 0.929090
v 0.104949 0.382429 0.930092
v 0.104406 0.386540 0.932708
v 0.100765 0.379523 0.933501
v 0.098235 0.377059 0.933033
v 0.098713 0.381944 0.936636
v 0.102320 0.381668 0.932972
v 0.101285 0.383856 0.935031
v 0.192548 0.377847 0.945787
v 0.186110 0.377153 0.944191
v 0.188212 0.383141 0.942147
v 0.189809 0.392098 0.938769
v 0.197411 0.399115 0.936144
v 0.184062 0.391271 0.934848
v 0.182522 0.382232 0.938690
v 0.179562 0.373626 0.941274
v 0.180995 0.397154 0.926795
f 780 781 779
f 779 781 782
f 783 784 786
f 786 784 785
f 787 782 788
f 788 782 781
f 790 791 789
f 789 791 787
f 792 790 794
f 794 790 793
f 796 797 795
f 795 797 798
f 800 801 799
f 799 801 802
f 804 805 803
f 803 805 806
f 808 809 807
f 807 809 810
f 811 812 814
f 814 812 813
f 815 816 818
f 818 816 817
f 819 820 784
f 784 820 821
f 784 821 785
f 785 821 822
f 823 812 824
f 824 812 811
f 826 827 825
f 825 827 828
f 830 831 829
f 829 831 832
f 834 830 833
f 833 830 829
f 836 837 835
f 835 837 838
f 839 840 782
f 782 840 779
f 842 843 841
f 841 843 844
f 846 847 845
f 845 847 848
f 850 851 849
f 849 851 852
f 854 855 853
f 853 855 856
f 831 857 832
f 832 857 858
f 860 861 859
f 859 861 862
f 863 864 830
f 830 864 831
f 835 838 865
f 865 838 866
f 867 868 821
f 821 868 822
f 821 820 867
f 867 820 869
f 818 817 870
f 870 817 871
f 872 848 842
f 842 848 847
f 791 839 787
f 787 839 782
f 803 806 847
f 847 806 873
f 874 803 846
f 846 803 847
f 876 877 875
f 875 877 878
f 879 880 882
f 882 880 881
f 884 808 883
f 883 808 807
f 829 832 885
f 885 832 886
f 832 858 886
f 886 858 887
f 889 890 888
f 888 890 891
f 893 783 892
f 892 783 894
f 893 819 783
f 783 819 784
f 814 813 889
f 889 813 895
f 813 896 895
f 895 896 897
f 812 898 813
f 813 898 896
f 812 823 898
f 898 823 899
f 903 904 902
f 902 904 905
f 906 907 792
f 792 907 908
f 811 909 824
f 824 909 910
f 911 872 841
f 841 872 842
f 912 913 915
f 915 913 914
f 917 918 916
f 916 918 919
f 855 920 856
f 856 920 921
f 922 923 798
f 798 923 924
f 926 927 925
f 925 927 850
f 929 930 928
f 928 930 931
f 860 879 861
f 861 879 882
f 879 860 933
f 933 860 932
f 934 935 836
f 836 935 837
f 936 846 925
f 925 846 845
f 937 924 793
f 793 924 794
f 846 936 874
f 874 936 938
f 907 844 908
f 908 844 843
f 940 941 939
f 939 941 942
f 944 945 943
f 943 945 946
f 948 949 947
f 947 949 950
f 952 949 951
f 951 949 948
f 954 955 953
f 953 955 956
f 958 959 957
f 957 959 802
f 960 961 799
f 799 961 962
f 859 963 860
f 860 963 932
f 964 965 966
f 966 965 922
f 936 849 938
f 938 849 967
f 968 913 935
f 935 913 837
f 947 950 917
f 917 950 918
f 925 850 936
f 936 850 849
f 970 971 969
f 969 971 972
f 945 944 827
f 827 944 973
f 974 968 828
f 828 968 935
f 975 976 978
f 978 976 977
f 799 802 960
f 960 802 959
f 924 937 798
f 798 937 795
f 960 959 859
f 859 959 963
f 979 963 958
f 958 963 959
f 980 981 861
f 861 981 862
f 983 984 982
f 982 984 863
f 985 800 962
f 962 800 799
f 957 802 986
f 986 802 801
f 986 987 957
f 957 987 983
f 987 988 983
f 983 988 984
f 990 984 989
f 989 984 988
f 957 983 958
f 958 983 982
f 991 954 866
f 866 954 992
f 864 863 990
f 990 863 984
f 971 995 996
f 995 997 996
f 996 997 998
f 997 796 998
f 998 796 795
f 797 999 798
f 798 999 922
f 1000 1001 1003
f 1003 1001 1002
f 953 1004 954
f 954 1004 992
f 1005 865 992
f 992 865 866
f 998 795 1006
f 1006 795 937
f 912 991 838
f 838 991 866
f 916 1007 929
f 929 1007 930
f 971 970 988
f 988 970 989
f 1008 972 996
f 996 972 971
f 1009 1010 1006
f 1006 1010 1008
f 1011 1012 869
f 869 1012 867
f 1013 1014 871
f 871 1014 870
f 1008 1010 1012
f 1012 1010 1015
f 825 1016 826
f 826 1016 1017
f 1018 969 1013
f 1013 969 1014
f 783 786 894
f 894 786 1019
f 1020 1021 967
f 967 1021 938
f 1022 1023 876
f 876 1023 877
f 934 1024 825
f 825 1024 1016
f 854 1025 855
f 855 1025 1026
f 1028 903 1027
f 1027 903 902
f 1030 1031 1029
f 1029 1031 1032
f 889 888 814
f 814 888 1033
f 1034 811 1033
f 1033 811 814
f 1035 1036 932
f 932 1036 933
f 841 947 911
f 911 947 917
f 844 948 841
f 841 948 947
f 951 948 907
f 907 948 844
f 907 906 951
f 951 906 1037
f 906 1038 1037
f 1037 1038 1039
f 991 912 1040
f 1040 912 915
f 1041 1042 964
f 964 1042 965
f 890 1043 891
f 891 1043 1044
f 789 1045 1046
f 1012 1011 1008
f 1008 1011 972
f 931 1047 848
f 848 1047 845
f 953 956 943
f 943 956 919
f 928 931 872
f 872 931 848
f 1049 999 1048
f 1048 999 985
f 1047 931 1050
f 1050 931 930
f 899 823 887
f 887 823 886
f 825 828 934
f 934 828 935
f 835 1051 836
f 836 1051 1052
f 923 1053 1038
f 1038 1053 1039
f 1054 927 921
f 921 927 856
f 926 1047 853
f 853 1047 1050
f 985 1055 1048
f 1048 1055 1056
f 973 974 827
f 827 974 828
f 837 913 838
f 838 913 912
f 861 882 980
f 980 882 1057
f 927 926 856
f 856 926 853
f 1025 1056 1026
f 1026 1056 1055
f 961 960 862
f 862 960 859
f 826 1017 1059
f 1059 1017 1060
f 1005 1001 1061
f 1061 1001 1000
f 1001 1004 1002
f 1002 1004 946
f 1059 1060 1002
f 1002 1060 1003
f 943 946 953
f 953 946 1004
f 1042 1041 916
f 916 1041 1007
f 792 794 906
f 906 794 1038
f 998 1006 996
f 996 1006 1008
f 865 1005 1062
f 1062 1005 1061
f 1038 794 923
f 923 794 924
f 1022 876 1036
f 1036 876 933
f 836 1052 934
f 934 1052 1024
f 885 1063 829
f 829 1063 833
f 1021 1064 938
f 938 1064 874
f 1012 1015 867
f 867 1015 868
f 824 910 885
f 885 910 1063
f 1031 1030 1027
f 1027 1030 1028
f 1064 804 874
f 874 804 803
f 884 883 1065
f 1065 883 1066
f 1050 930 1067
f 1067 930 1007
f 916 929 917
f 917 929 911
f 961 1068 939
f 939 1068 940
f 1069 1070 1055
f 1055 1070 1071
f 929 928 911
f 911 928 872
f 1040 1053 955
f 955 1053 965
f 922 965 923
f 923 965 1053
f 1051 835 1062
f 1062 835 865
f 952 914 968
f 968 914 913
f 889 895 890
f 890 895 816
f 895 897 816
f 816 897 901
f 890 816 1043
f 1043 816 815
f 1065 1066 1032
f 1032 1066 1029
f 1006 937 1009
f 1009 937 793
f 1001 1005 1004
f 1004 1005 992
f 925 845 926
f 926 845 1047
f 1002 946 1059
f 1059 946 945
f 977 941 978
f 978 941 940
f 823 824 886
f 886 824 885
f 1059 945 826
f 826 945 827
f 939 942 1069
f 1069 942 1070
f 816 901 817
f 1071 1072 1055
f 1055 1072 1026
f 1062 1061 1074
f 1074 1061 1073
f 1062 1074 1051
f 1051 1074 1075
f 1052 1051 1076
f 1076 1051 1075
f 1024 1052 1077
f 1077 1052 1076
f 1061 1000 1073
f 1073 1000 1078
f 1000 1003 1078
f 1078 1003 1079
f 1079 1003 1080
f 1080 1003 1060
f 1081 1082 1078
f 1078 1082 1073
f 1084 1085 1083
f 1083 1085 1086
f 1087 1088 1086
f 1086 1088 1083
f 1086 1085 1090
f 1090 1085 1089
f 1091 1092 1090
f 1090 1092 1093
f 1089 1094 1090
f 1090 1094 1091
f 1095 1082 1089
f 1089 1082 1094
f 1093 1087 1090
f 1090 1087 1086
f 1096 1097 1099
f 1099 1097 1098
f 1097 1096 1087
f 1087 1096 1088
f 1089 1085 1095
f 1095 1085 1084
f 1084 1075 1095
f 1095 1075 1074
f 1084 1100 1075
f 1075 1100 1076
f 1083 1101 1084
f 1084 1101 1100
f 1101 1083 1102
f 1102 1083 1088
f 1082 1095 1073
f 1073 1095 1074
f 1096 1103 1088
f 1088 1103 1102
f 1101 1102 1104
f 1104 1102 1105
f 1102 1103 1105
f 1105 1103 1106
f 1104 1105 1107
f 1107 1105 1108
f 1107 1109 1104
f 1104 1109 1110
f 1111 1108 1106
f 1106 1108 1105
f 1101 1104 1100
f 1100 1104 1110
f 1100 1110 1076
f 1076 1110 1077
f 1103 1096 1112
f 1112 1096 1099
f 1091 1094 1113
f 1113 1094 1082
f 1113 1114 1091
f 1091 1114 1092
f 1082 1081 1113
f 1113 1081 1115
f 1114 1113 1116
f 1116 1113 1115
f 1114 1117 1092
f 1092 1117 1118
f 1024 1077 1016
f 1016 1077 1119
f 1017 1120 1060
f 1060 1120 1080
f 1120 1017 1119
f 1119 1017 1016
f 1119 1109 1120
f 1120 1109 1121
f 1109 1107 1121
f 1121 1107 1122
f 1120 1121 1080
f 1080 1121 1123
f 1119 1077 1109
f 1109 1077 1110
f 1124 1079 1123
f 1123 1079 1080
f 1124 1081 1079
f 1079 1081 1078
f 1125 1115 1124
f 1124 1115 1081
f 1125 1124 1126
f 1126 1124 1123
f 1127 1125 1128
f 1128 1125 1126
f 1121 1122 1123
f 1123 1122 1126
f 1122 1129 1126
f 1126 1129 1128
f 1115 1125 1116
f 1116 1125 1127
f 1131 1116 1130
f 1130 1116 1127
f 1130 1133 1132
f 1132 1133 1134
f 1130 1127 1133
f 1133 1127 1128
f 1130 1132 1131
f 1131 1132 1112
f 1131 1112 1117
f 1117 1112 1099
f 1117 1114 1131
f 1131 1114 1116
f 1107 1108 1122
f 1122 1108 1129
f 1134 1129 1111
f 1111 1129 1108
f 1134 1133 1129
f 1129 1133 1128
f 1132 1134 1106
f 1106 1134 1111
f 1106 1103 1132
f 1132 1103 1112
f 1087 1093 1097
f 1097 1093 1098
f 1098 1118 1099
f 1099 1118 1117
f 1098 1093 1118
f 1118 1093 1092
f 915 914 1039
f 1039 914 1037
f 918 944 919
f 919 944 943
f 950 949 973
f 973 949 974
f 949 952 974
f 974 952 968
f 956 955 1042
f 1042 955 965
f 950 973 918
f 918 973 944
f 915 1039 1040
f 1040 1039 1053
f 956 1042 919
f 919 1042 916
f 1040 955 991
f 991 955 954
f 914 952 1037
f 1037 952 951
f 1136 1137 1135
f 1135 1137 1138
f 1140 1141 1139
f 1139 1141 1142
f 1139 1142 1143
f 1143 1142 1144
f 1145 1146 1148
f 1148 1146 1147
f 854 1149 1025
f 1025 1149 1150
f 1151 1152 1140
f 1140 1152 1141
f 1154 1155 1153
f 1153 1155 1156
f 1067 1007 1158
f 1158 1007 1157
f 1159 1157 1041
f 1041 1157 1007
f 1161 1162 1160
f 1160 1162 1163
f 1164 1146 1152
f 1152 1146 1141
f 854 1067 1149
f 1149 1067 1158
f 1155 1154 1137
f 1137 1154 1165
f 1166 1164 1138
f 1138 1164 1152
f 1167 1161 1144
f 1144 1161 1168
f 1170 1171 1169
f 1169 1171 1172
f 1161 1160 1168
f 1168 1160 1173
f 1174 1143 1168
f 1168 1143 1144
f 1167 1144 1145
f 1145 1144 1142
f 1135 1175 1136
f 1136 1175 1176
f 1151 1177 1135
f 1135 1177 1175
f 1167 1145 1178
f 1178 1145 1148
f 1160 1163 1153
f 1153 1163 1150
f 1135 1138 1151
f 1151 1138 1152
f 1139 1179 1140
f 1140 1179 1180
f 1165 1166 1137
f 1137 1166 1138
f 1141 1146 1142
f 1142 1146 1145
f 1136 1176 1181
f 1181 1176 1182
f 1174 1170 1183
f 1183 1170 1169
f 1170 1173 1171
f 1171 1173 1156
f 1171 1181 1172
f 1172 1181 1182
f 1153 1156 1160
f 1160 1156 1173
f 1143 1174 1184
f 1184 1174 1183
f 1140 1180 1151
f 1151 1180 1177
f 1049 1048 1178
f 1178 1048 1162
f 1179 1139 1184
f 1184 1139 1143
f 1159 1147 1164
f 1164 1147 1146
f 1170 1174 1173
f 1173 1174 1168
f 1171 1156 1181
f 1181 1156 1155
f 1181 1155 1136
f 1136 1155 1137
f 1184 1183 1186
f 1186 1183 1185
f 1184 1186 1179
f 1179 1186 1187
f 1179 1187 1180
f 1180 1187 1188
f 1180 1188 1177
f 1177 1188 1189
f 1183 1169 1185
f 1185 1169 1190
f 1169 1172 1190
f 1190 1172 1191
f 1172 1182 1191
f 1191 1182 1192
f 1193 1194 1190
f 1190 1194 1185
f 1196 1197 1195
f 1195 1197 1198
f 1199 1200 1196
f 1196 1200 1197
f 1197 1200 1202
f 1202 1200 1201
f 1203 1204 1202
f 1202 1204 1205
f 1201 1206 1202
f 1202 1206 1203
f 1205 1198 1202
f 1202 1198 1197
f 1198 1207 1195
f 1195 1207 1208
f 1201 1200 1209
f 1209 1200 1199
f 1199 1187 1209
f 1209 1187 1186
f 1199 1210 1187
f 1187 1210 1188
f 1196 1211 1199
f 1199 1211 1210
f 1212 1211 1195
f 1195 1211 1196
f 1209 1194 1201
f 1201 1194 1206
f 1194 1209 1185
f 1185 1209 1186
f 1213 1212 1208
f 1208 1212 1195
f 1211 1212 1214
f 1214 1212 1215
f 1212 1213 1215
f 1215 1213 1216
f 1214 1215 1217
f 1217 1215 1218
f 1217 1219 1214
f 1214 1219 1220
f 1216 1221 1215
f 1215 1221 1218
f 1214 1220 1211
f 1211 1220 1210
f 1210 1220 1188
f 1188 1220 1189
f 1213 1208 1223
f 1223 1208 1222
f 1208 1207 1222
f 1222 1207 1224
f 1203 1206 1225
f 1225 1206 1194
f 1204 1203 1226
f 1226 1203 1225
f 1194 1193 1225
f 1225 1193 1227
f 1225 1227 1226
f 1226 1227 1228
f 1229 1230 1226
f 1226 1230 1204
f 1224 1230 1222
f 1222 1230 1229
f 1177 1189 1175
f 1175 1189 1231
f 1176 1232 1182
f 1182 1232 1192
f 1232 1176 1231
f 1231 1176 1175
f 1231 1219 1232
f 1232 1219 1233
f 1219 1217 1233
f 1233 1217 1234
f 1232 1233 1192
f 1192 1233 1235
f 1219 1231 1220
f 1220 1231 1189
f 1236 1191 1235
f 1235 1191 1192
f 1236 1193 1191
f 1191 1193 1190
f 1236 1237 1193
f 1193 1237 1227
f 1237 1236 1238
f 1238 1236 1235
f 1239 1237 1240
f 1240 1237 1238
f 1233 1234 1235
f 1235 1234 1238
f 1234 1241 1238
f 1238 1241 1240
f 1237 1239 1227
f 1227 1239 1228
f 1243 1228 1242
f 1242 1228 1239
f 1242 1245 1244
f 1244 1245 1246
f 1242 1239 1245
f 1245 1239 1240
f 1242 1244 1243
f 1243 1244 1223
f 1243 1223 1229
f 1229 1223 1222
f 1229 1226 1243
f 1243 1226 1228
f 1217 1218 1234
f 1234 1218 1241
f 1246 1241 1221
f 1221 1241 1218
f 1246 1245 1241
f 1241 1245 1240
f 1244 1246 1216
f 1216 1246 1221
f 1216 1213 1244
f 1244 1213 1223
f 1198 1205 1207
f 1207 1205 1224
f 1224 1205 1230
f 1230 1205 1204
f 1148 1147 966
f 966 1147 964
f 1149 1154 1150
f 1150 1154 1153
f 1158 1157 1165
f 1165 1157 1166
f 1157 1159 1166
f 1166 1159 1164
f 1163 1162 1056
f 1056 1162 1048
f 1158 1165 1149
f 1149 1165 1154
f 1178 1148 1049
f 1049 1148 966
f 1163 1056 1150
f 1150 1056 1025
f 1178 1162 1167
f 1167 1162 1161
f 1147 1159 964
f 964 1159 1041
f 999 1049 922
f 922 1049 966
f 999 797 985
f 985 797 800
f 797 796 800
f 800 796 801
f 796 997 801
f 801 997 986
f 1247 1248 1250
f 1250 1248 1249
f 1252 1253 1251
f 1251 1253 1254
f 1251 1254 1255
f 1255 1254 1256
f 1258 1259 1257
f 1257 1259 1260
f 1261 1262 1252
f 1252 1262 1253
f 1264 1265 1263
f 1263 1265 1266
f 1267 1268 855
f 855 1268 920
f 1269 1267 1026
f 1026 1267 855
f 1271 1272 1270
f 1270 1272 1273
f 1274 1258 1262
f 1262 1258 1253
f 1264 1275 1265
f 1265 1275 1249
f 1276 1274 1250
f 1250 1274 1262
f 1277 1271 1256
f 1256 1271 1278
f 1279 1280 1282
f 1282 1280 1281
f 1271 1270 1278
f 1278 1270 1283
f 1284 1255 1278
f 1278 1255 1256
f 1277 1256 1257
f 1257 1256 1254
f 1247 1285 1248
f 1248 1285 1286
f 1261 1287 1247
f 1247 1287 1285
f 1257 1260 1277
f 1277 1260 1288
f 1270 1273 1263
f 1263 1273 1289
f 1261 1247 1262
f 1262 1247 1250
f 1251 1290 1252
f 1252 1290 1291
f 1275 1276 1249
f 1249 1276 1250
f 1253 1258 1254
f 1254 1258 1257
f 1248 1286 1292
f 1292 1286 1293
f 1284 1280 1294
f 1294 1280 1279
f 1281 1280 1266
f 1266 1280 1283
f 1292 1293 1281
f 1281 1293 1282
f 1263 1266 1270
f 1270 1266 1283
f 1255 1284 1295
f 1295 1284 1294
f 1252 1291 1261
f 1261 1291 1287
f 1288 1070 1272
f 1272 1070 942
f 1290 1251 1295
f 1295 1251 1255
f 1269 1259 1274
f 1274 1259 1258
f 1280 1284 1283
f 1283 1284 1278
f 1281 1266 1292
f 1292 1266 1265
f 1292 1265 1248
f 1248 1265 1249
f 1295 1294 1297
f 1297 1294 1296
f 1295 1297 1290
f 1290 1297 1298
f 1290 1298 1291
f 1291 1298 1299
f 1291 1299 1287
f 1287 1299 1300
f 1294 1279 1296
f 1296 1279 1301
f 1279 1282 1301
f 1301 1282 1302
f 1302 1282 1303
f 1303 1282 1293
f 1304 1305 1301
f 1301 1305 1296
f 1307 1308 1306
f 1306 1308 1309
f 1310 1311 1307
f 1307 1311 1308
f 1308 1311 1313
f 1313 1311 1312
f 1314 1315 1313
f 1313 1315 1316
f 1312 1317 1313
f 1313 1317 1314
f 1316 1309 1313
f 1313 1309 1308
f 1318 1319 1309
f 1309 1319 1306
f 1311 1310 1312
f 1312 1310 1320
f 1310 1298 1320
f 1320 1298 1297
f 1310 1321 1298
f 1298 1321 1299
f 1307 1322 1310
f 1310 1322 1321
f 1322 1307 1323
f 1323 1307 1306
f 1312 1320 1317
f 1317 1320 1305
f 1305 1320 1296
f 1296 1320 1297
f 1319 1324 1306
f 1306 1324 1323
f 1325 1322 1326
f 1326 1322 1323
f 1324 1327 1323
f 1323 1327 1326
f 1328 1325 1329
f 1329 1325 1326
f 1325 1328 1331
f 1331 1328 1330
f 1327 1332 1326
f 1326 1332 1329
f 1322 1325 1321
f 1321 1325 1331
f 1321 1331 1299
f 1299 1331 1300
f 1324 1319 1334
f 1334 1319 1333
f 1319 1318 1333
f 1333 1318 1335
f 1314 1317 1336
f 1336 1317 1305
f 1315 1314 1337
f 1337 1314 1336
f 1305 1304 1336
f 1336 1304 1338
f 1337 1336 1339
f 1339 1336 1338
f 1337 1340 1315
f 1315 1340 1341
f 1335 1341 1333
f 1333 1341 1340
f 1287 1300 1285
f 1285 1300 1342
f 1286 1343 1293
f 1293 1343 1303
f 1343 1286 1342
f 1342 1286 1285
f 1342 1330 1343
f 1343 1330 1344
f 1330 1328 1344
f 1344 1328 1345
f 1343 1344 1303
f 1303 1344 1346
f 1342 1300 1330
f 1330 1300 1331
f 1347 1302 1346
f 1346 1302 1303
f 1347 1304 1302
f 1302 1304 1301
f 1348 1338 1347
f 1347 1338 1304
f 1348 1347 1349
f 1349 1347 1346
f 1350 1348 1351
f 1351 1348 1349
f 1344 1345 1346
f 1346 1345 1349
f 1345 1352 1349
f 1349 1352 1351
f 1348 1350 1338
f 1338 1350 1339
f 1354 1339 1353
f 1353 1339 1350
f 1353 1356 1355
f 1355 1356 1357
f 1353 1350 1356
f 1356 1350 1351
f 1353 1355 1354
f 1354 1355 1334
f 1354 1334 1340
f 1340 1334 1333
f 1340 1337 1354
f 1354 1337 1339
f 1328 1329 1345
f 1345 1329 1352
f 1357 1352 1332
f 1332 1352 1329
f 1357 1356 1352
f 1352 1356 1351
f 1357 1332 1355
f 1355 1332 1327
f 1327 1324 1355
f 1355 1324 1334
f 1309 1316 1318
f 1318 1316 1335
f 1335 1316 1341
f 1341 1316 1315
f 1259 1072 1260
f 1260 1072 1071
f 1358 1264 1289
f 1289 1264 1263
f 1268 1267 1275
f 1275 1267 1276
f 1267 1269 1276
f 1276 1269 1274
f 941 1273 942
f 942 1273 1272
f 1358 1268 1264
f 1264 1268 1275
f 1260 1071 1288
f 1288 1071 1070
f 1273 941 1289
f 1289 941 977
f 1272 1271 1288
f 1288 1271 1277
f 1259 1269 1072
f 1072 1269 1026
f 1360 1361 1359
f 1359 1361 1362
f 1364 1365 1363
f 1363 1365 1366
f 1363 1366 1367
f 1367 1366 1368
f 1370 1371 1369
f 1369 1371 1372
f 1373 1374 1376
f 1376 1374 1375
f 1377 1378 1364
f 1364 1378 1365
f 1379 1380 1382
f 1382 1380 1381
f 1383 1384 1386
f 1386 1384 1385
f 1387 1385 978
f 978 1385 1384
f 1388 1389 1391
f 1391 1389 1390
f 1378 1392 1365
f 1365 1392 1370
f 1374 1383 1375
f 1375 1383 1386
f 1380 1393 1381
f 1381 1393 1361
f 1394 1392 1362
f 1362 1392 1378
f 1389 1396 1395
f 1395 1396 1368
f 1398 1399 1397
f 1397 1399 1400
f 1388 1401 1389
f 1389 1401 1396
f 1402 1367 1396
f 1396 1367 1368
f 1395 1368 1369
f 1369 1368 1366
f 1359 1403 1360
f 1360 1403 1404
f 1377 1405 1359
f 1359 1405 1403
f 1369 1372 1395
f 1395 1372 1406
f 1379 1388 1376
f 1376 1388 1391
f 1359 1362 1377
f 1377 1362 1378
f 1363 1407 1364
f 1364 1407 1408
f 1393 1394 1361
f 1361 1394 1362
f 1365 1370 1366
f 1366 1370 1369
f 1360 1404 1409
f 1409 1404 1410
f 1402 1398 1411
f 1411 1398 1397
f 1399 1398 1382
f 1382 1398 1401
f 1409 1410 1399
f 1399 1410 1400
f 1388 1379 1401
f 1401 1379 1382
f 1367 1402 1412
f 1412 1402 1411
f 1364 1408 1377
f 1377 1408 1405
f 981 980 1406
f 1406 980 1390
f 1407 1363 1412
f 1412 1363 1367
f 1387 1371 1392
f 1392 1371 1370
f 1398 1402 1401
f 1401 1402 1396
f 1409 1399 1381
f 1381 1399 1382
f 1360 1409 1361
f 1361 1409 1381
f 1412 1411 1414
f 1414 1411 1413
f 1412 1414 1407
f 1407 1414 1415
f 1407 1415 1408
f 1408 1415 1416
f 1408 1416 1405
f 1405 1416 1417
f 1411 1397 1413
f 1413 1397 1418
f 1397 1400 1418
f 1418 1400 1419
f 1419 1400 1420
f 1420 1400 1410
f 1422 1413 1421
f 1421 1413 1418
f 1423 1424 1426
f 1426 1424 1425
f 1427 1428 1424
f 1424 1428 1425
f 1425 1428 1430
f 1430 1428 1429
f 1430 1431 1433
f 1433 1431 1432
f 1429 1434 1430
f 1430 1434 1431
f 1433 1426 1430
f 1430 1426 1425
f 1426 1435 1423
f 1423 1435 1436
f 1428 1427 1429
f 1429 1427 1437
f 1427 1415 1437
f 1437 1415 1414
f 1427 1438 1415
f 1415 1438 1416
f 1439 1438 1424
f 1424 1438 1427
f 1440 1439 1423
f 1423 1439 1424
f 1429 1437 1434
f 1434 1437 1422
f 1422 1437 1413
f 1413 1437 1414
f 1441 1440 1436
f 1436 1440 1423
f 1442 1439 1443
f 1443 1439 1440
f 1441 1444 1440
f 1440 1444 1443
f 1445 1442 1446
f 1446 1442 1443
f 1442 1445 1448
f 1448 1445 1447
f 1444 1449 1443
f 1443 1449 1446
f 1439 1442 1438
f 1438 1442 1448
f 1438 1448 1416
f 1416 1448 1417
f 1436 1450 1441
f 1441 1450 1451
f 1436 1435 1450
f 1450 1435 1452
f 1431 1434 1453
f 1453 1434 1422
f 1431 1453 1432
f 1432 1453 1454
f 1453 1422 1455
f 1455 1422 1421
f 1454 1453 1456
f 1456 1453 1455
f 1457 1458 1454
f 1454 1458 1432
f 1452 1458 1450
f 1450 1458 1457
f 1405 1417 1403
f 1403 1417 1459
f 1404 1460 1410
f 1410 1460 1420
f 1459 1460 1403
f 1403 1460 1404
f 1447 1461 1459
f 1459 1461 1460
f 1445 1462 1447
f 1447 1462 1461
f 1460 1461 1420
f 1420 1461 1463
f 1459 1417 1447
f 1447 1417 1448
f 1464 1419 1463
f 1463 1419 1420
f 1419 1464 1418
f 1418 1464 1421
f 1464 1465 1421
f 1421 1465 1455
f 1465 1464 1466
f 1466 1464 1463
f 1467 1465 1468
f 1468 1465 1466
f 1461 1462 1463
f 1463 1462 1466
f 1462 1469 1466
f 1466 1469 1468
f 1465 1467 1455
f 1455 1467 1456
f 1471 1456 1470
f 1470 1456 1467
f 1470 1473 1472
f 1472 1473 1474
f 1470 1467 1473
f 1473 1467 1468
f 1470 1472 1471
f 1471 1472 1451
f 1471 1451 1457
f 1457 1451 1450
f 1457 1454 1471
f 1471 1454 1456
f 1462 1445 1469
f 1469 1445 1446
f 1474 1469 1449
f 1449 1469 1446
f 1474 1473 1469
f 1469 1473 1468
f 1472 1474 1444
f 1444 1474 1449
f 1444 1441 1472
f 1472 1441 1451
f 1426 1433 1435
f 1435 1433 1452
f 1452 1433 1458
f 1458 1433 1432
f 1371 940 1372
f 1372 940 1068
f 1376 1375 1379
f 1379 1375 1380
f 1393 1386 1394
f 1394 1386 1385
f 1385 1387 1394
f 1394 1387 1392
f 1475 1373 1391
f 1391 1373 1376
f 1375 1386 1380
f 1380 1386 1393
f 1372 1068 1406
f 1406 1068 981
f 1406 1390 1395
f 1395 1390 1389
f 1371 1387 940
f 940 1387 978
f 883 807 1476
f 1476 807 1477
f 1046 904 1479
f 1479 904 1478
f 904 903 1478
f 1478 903 1480
f 1030 1481 1028
f 1028 1481 1482
f 810 1046 1483
f 1483 1046 1479
f 1066 883 1484
f 1484 883 1476
f 807 810 1477
f 1477 810 1483
f 1485 1029 1484
f 1484 1029 1066
f 1028 1482 903
f 903 1482 1480
f 1481 1030 1485
f 1485 1030 1029
f 1484 1486 1485
f 1485 1486 1487
f 1485 1487 1481
f 1481 1487 1488
f 1481 1488 1482
f 1482 1488 1489
f 1482 1489 1480
f 1480 1489 1490
f 1484 1476 1486
f 1486 1476 1491
f 1476 1477 1491
f 1491 1477 1492
f 1477 1483 1492
f 1492 1483 1493
f 1495 1486 1494
f 1494 1486 1491
f 1497 1498 1496
f 1496 1498 1499
f 1500 1501 1497
f 1497 1501 1498
f 1502 1503 1501
f 1501 1503 1498
f 1502 1504 1503
f 1503 1504 1505
f 1506 1499 1503
f 1503 1499 1498
f 1499 1506 1507
f 1507 1506 1508
f 1507 1509 1499
f 1499 1509 1496
f 1502 1501 1510
f 1510 1501 1500
f 1500 1488 1510
f 1510 1488 1487
f 1500 1511 1488
f 1488 1511 1489
f 1497 1512 1500
f 1500 1512 1511
f 1512 1497 1513
f 1513 1497 1496
f 1502 1510 1504
f 1504 1510 1495
f 1495 1510 1486
f 1486 1510 1487
f 1509 1514 1496
f 1496 1514 1513
f 1515 1512 1516
f 1516 1512 1513
f 1514 1517 1513
f 1513 1517 1516
f 1518 1515 1519
f 1519 1515 1516
f 1515 1518 1521
f 1521 1518 1520
f 1517 1522 1516
f 1516 1522 1519
f 1512 1515 1511
f 1511 1515 1521
f 1511 1521 1489
f 1489 1521 1490
f 1514 1509 1524
f 1524 1509 1523
f 1509 1507 1523
f 1523 1507 1508
f 1505 1504 1525
f 1525 1504 1495
f 1526 1505 1527
f 1527 1505 1525
f 1525 1495 1528
f 1528 1495 1494
f 1527 1525 1529
f 1529 1525 1528
f 1527 1530 1526
f 1526 1530 1531
f 1508 1531 1523
f 1523 1531 1530
f 1506 1503 1526
f 1526 1503 1505
f 1508 1506 1531
f 1531 1506 1526
f 1478 1480 1532
f 1532 1480 1490
f 1483 1479 1493
f 1493 1479 1533
f 1532 1533 1478
f 1478 1533 1479
f 1520 1534 1532
f 1532 1534 1533
f 1518 1535 1520
f 1520 1535 1534
f 1533 1534 1493
f 1493 1534 1536
f 1532 1490 1520
f 1520 1490 1521
f 1537 1492 1536
f 1536 1492 1493
f 1492 1537 1491
f 1491 1537 1494
f 1537 1538 1494
f 1494 1538 1528
f 1538 1537 1539
f 1539 1537 1536
f 1540 1538 1541
f 1541 1538 1539
f 1534 1535 1536
f 1536 1535 1539
f 1535 1542 1539
f 1539 1542 1541
f 1538 1540 1528
f 1528 1540 1529
f 1544 1529 1543
f 1543 1529 1540
f 1545 1543 1547
f 1547 1543 1546
f 1543 1540 1546
f 1546 1540 1541
f 1543 1545 1544
f 1544 1545 1524
f 1544 1524 1530
f 1530 1524 1523
f 1530 1527 1544
f 1544 1527 1529
f 1535 1518 1542
f 1542 1518 1519
f 1547 1542 1522
f 1522 1542 1519
f 1547 1546 1542
f 1542 1546 1541
f 1545 1547 1517
f 1517 1547 1522
f 1517 1514 1545
f 1545 1514 1524
f 997 995 986
f 986 995 987
f 987 995 988
f 988 995 971
f 976 1358 977
f 977 1358 1289
f 854 853 1067
f 1067 853 1050
f 1055 985 1069
f 1069 985 962
f 1068 961 981
f 981 961 862
f 1268 1358 920
f 920 1358 976
f 920 976 921
f 921 976 975
f 927 1054 850
f 850 1054 851
f 882 881 1057
f 1057 881 1548
f 1548 1374 1057
f 1057 1374 1373
f 1383 1374 1549
f 1549 1374 1548
f 1549 1548 1550
f 1550 1548 881
f 1550 881 1551
f 1551 881 880
f 933 1552 879
f 879 1552 880
f 1551 880 875
f 875 880 1552
f 1553 1551 878
f 878 1551 875
f 1551 1553 1550
f 1550 1553 1554
f 1550 1554 1549
f 1549 1554 1555
f 978 1384 975
f 975 1384 1555
f 967 849 1556
f 1556 849 852
f 875 1552 876
f 876 1552 933
f 961 939 962
f 962 939 1069
f 1555 1054 975
f 975 1054 921
f 1555 1384 1549
f 1549 1384 1383
f 1391 1390 1475
f 1475 1390 980
f 1373 1475 1057
f 1057 1475 980
f 851 1054 1554
f 1554 1054 1555
f 1554 1553 851
f 851 1553 852
f 878 1556 1553
f 1553 1556 852
f 1556 878 967
f 967 878 877
f 1023 1020 877
f 877 1020 967
f 909 811 1034
f 806 779 873
f 873 779 840
f 805 780 806
f 806 780 779
f 1043 893 1044
f 1044 893 892
f 873 840 847
f 847 840 842
f 840 839 842
f 842 839 843
f 839 791 843
f 843 791 908
f 791 790 908
f 908 790 792
f 809 789 810
f 810 789 1046
f 793 790 809
f 809 790 789
f 809 808 793
f 793 808 1009
f 808 884 1009
f 1009 884 1010
f 1065 1015 884
f 884 1015 1010
f 1032 868 1065
f 1065 868 1015
f 1031 822 1032
f 1032 822 868
f 1031 1027 822
f 822 1027 785
f 1045 905 1046
f 1046 905 904
f 788 781 1019
f 1019 781 894
f 781 780 894
f 894 780 892
f 780 805 892
f 892 805 1044
f 805 804 1044
f 1044 804 891
f 804 1064 891
f 891 1064 888
f 1064 1021 888
f 888 1021 1033
f 1021 1020 1033
f 1033 1020 1034
f 1020 1023 1034
f 1034 1023 909
f 1023 1022 909
f 909 1022 910
f 1043 815 893
f 893 815 819
f 819 815 820
f 820 815 818
f 870 869 818
f 818 869 820
f 1014 1011 870
f 870 1011 869
f 969 972 1014
f 1014 972 1011
f 1036 1063 1022
f 1022 1063 910
f 1035 833 1036
f 1036 833 1063
f 1035 932 979
f 979 932 963
f 834 979 982
f 982 979 958
f 833 1035 834
f 834 1035 979
f 982 863 834
f 834 863 830
f 864 900 831
f 831 900 857
f 990 993 864
f 864 993 900
f 989 994 990
f 990 994 993
f 970 1058 989
f 989 1058 994
f 969 1018 970
f 970 1018 1058
f 1027 902 785
f 785 902 786
f 902 905 786
f 786 905 1019
f 905 1045 1019
f 1019 1045 788
f 788 1045 787
f 787 1045 789
o hand_right
v 0.139205 0.227609 0.975712
v 0.143350 0.225302 0.985094
v 0.137577 0.219968 0.977749
v 0.133406 0.222200 0.970136
v 0.145913 0.207201 0.992264
v 0.140049 0.199902 1.001018
v 0.132560 0.196671 0.986263
v 0.139560 0.203389 0.981472
v 0.126746 0.219885 0.965944
v 0.132908 0.216219 0.971942
v 0.120494 0.221196 0.966932
v 0.113025 0.227655 0.962292
v 0.120539 0.224434 0.960728
v 0.110343 0.231955 0.956131
v 0.108484 0.233097 0.971062
v 0.107700 0.241057 0.957749
v 0.122808 0.256855 0.977974
v 0.133753 0.264555 0.979844
v 0.131475 0.267889 0.962544
v 0.121013 0.258875 0.962013
v 0.150406 0.273789 0.970146
v 0.139865 0.270838 0.965142
v 0.141464 0.268631 0.982542
v 0.150808 0.271317 0.986065
v 0.150617 0.236194 0.982874
v 0.154570 0.234325 0.992994
v 0.149966 0.231805 0.991064
v 0.146234 0.233310 0.981419
v 0.113482 0.214004 0.969995
v 0.110069 0.219195 0.978936
v 0.113312 0.221955 0.972051
v 0.118296 0.214898 0.967122
v 0.171781 0.230266 1.015574
v 0.169282 0.232199 1.028815
v 0.164185 0.229232 1.028909
v 0.167431 0.228443 1.016796
v 0.148996 0.211897 1.021165
v 0.148959 0.219062 1.030379
v 0.137182 0.220288 1.038042
v 0.134340 0.215483 1.028981
v 0.145526 0.204649 1.010563
v 0.133631 0.205910 1.018606
v 0.129702 0.199600 1.006786
v 0.123881 0.195000 0.989898
v 0.178567 0.241111 1.029134
v 0.182140 0.240569 1.019586
v 0.130665 0.218789 0.918762
v 0.135805 0.221715 0.919955
v 0.134474 0.223122 0.921757
v 0.129506 0.220133 0.920114
v 0.179197 0.260957 1.024630
v 0.172438 0.268515 1.025675
v 0.174867 0.266848 1.032305
v 0.179636 0.258703 1.031797
v 0.178548 0.263827 1.015118
v 0.169014 0.270041 1.016297
v 0.127198 0.220988 0.906502
v 0.126663 0.218023 0.910740
v 0.123591 0.221369 0.911515
v 0.124002 0.225271 0.907736
v 0.128579 0.224422 0.962488
v 0.136385 0.228337 0.966339
v 0.126397 0.229472 0.947285
v 0.130154 0.230191 0.954105
v 0.123881 0.227010 0.955360
v 0.120817 0.227351 0.949452
v 0.148915 0.242851 0.961082
v 0.150700 0.240644 0.972401
v 0.145287 0.237584 0.970214
v 0.142464 0.238311 0.957586
v 0.163802 0.245788 0.974407
v 0.160746 0.247914 0.963226
v 0.168560 0.250604 0.965695
v 0.169883 0.247857 0.973002
v 0.152351 0.250889 0.944676
v 0.150796 0.252864 0.939099
v 0.154071 0.252594 0.938777
v 0.155473 0.252044 0.945753
v 0.176284 0.265887 1.039135
v 0.179045 0.256455 1.038654
v 0.171178 0.276909 0.976235
v 0.180744 0.272522 0.980312
v 0.182018 0.275700 0.967873
v 0.171224 0.279980 0.966499
v 0.162323 0.271286 1.025120
v 0.165872 0.271643 1.032052
v 0.130658 0.225484 0.903985
v 0.127771 0.229714 0.905049
v 0.120699 0.208323 1.011526
v 0.115676 0.199893 0.992706
v 0.124811 0.217249 1.024131
v 0.127070 0.224745 1.032362
v 0.128237 0.228452 1.040388
v 0.134374 0.234127 0.950604
v 0.142157 0.232888 0.972172
v 0.155035 0.238477 0.983829
v 0.184037 0.249397 0.983350
v 0.185458 0.246745 0.993525
v 0.176948 0.241811 0.989048
v 0.177155 0.245727 0.981185
v 0.187158 0.265126 0.978725
v 0.186334 0.257839 0.975339
v 0.185439 0.260535 0.966927
v 0.186751 0.268064 0.968608
v 0.108952 0.208717 0.973029
v 0.108035 0.215425 0.985326
v 0.182798 0.251057 1.023255
v 0.180701 0.248644 1.030354
v 0.179051 0.248698 1.038723
v 0.162786 0.230825 1.004276
v 0.164557 0.226925 1.017628
v 0.161355 0.223819 1.016662
v 0.159853 0.229996 1.003895
v 0.149768 0.220492 0.993107
v 0.153146 0.213244 1.004076
v 0.144192 0.215544 0.983177
v 0.157592 0.224815 1.030775
v 0.163571 0.228716 1.039220
v 0.155592 0.224827 1.040135
v 0.171133 0.235006 1.039164
v 0.176806 0.241931 1.038874
v 0.167398 0.273974 1.039979
v 0.147425 0.222658 1.040280
v 0.134422 0.201415 0.974015
v 0.130476 0.199889 0.967182
v 0.130252 0.207477 0.965522
v 0.134216 0.209793 0.971423
v 0.109607 0.234004 0.947413
v 0.115029 0.228424 0.948358
v 0.116181 0.226853 0.956455
v 0.175207 0.234476 1.005327
v 0.184099 0.242850 1.009198
v 0.130415 0.233551 0.943903
v 0.120964 0.228700 0.911956
v 0.120870 0.223884 0.915665
v 0.114135 0.229570 0.933653
v 0.113193 0.235499 0.929667
v 0.131493 0.240096 0.936487
v 0.131069 0.234440 0.940667
v 0.131539 0.235238 0.938774
v 0.133771 0.239840 0.934345
v 0.161601 0.255176 0.943495
v 0.162887 0.254629 0.949355
v 0.122441 0.257867 0.945628
v 0.109730 0.252260 0.947905
v 0.111429 0.251043 0.961535
v 0.155486 0.245840 0.963137
v 0.154553 0.248224 0.953044
v 0.158158 0.250137 0.953854
v 0.136125 0.237046 0.947214
v 0.133555 0.238094 0.941234
v 0.137031 0.240643 0.942965
v 0.140332 0.239833 0.949010
v 0.179978 0.270552 0.993340
v 0.187789 0.262049 0.991356
v 0.127640 0.217367 0.915284
v 0.125515 0.219468 0.916284
v 0.157058 0.243639 0.974207
v 0.115306 0.248248 0.976211
v 0.160014 0.240600 0.984780
v 0.161255 0.274059 0.950392
v 0.168091 0.269286 0.947763
v 0.167633 0.267169 0.943240
v 0.163104 0.271065 0.942250
v 0.138409 0.234913 0.920715
v 0.138422 0.229727 0.923477
v 0.138456 0.227923 0.920496
v 0.139550 0.232432 0.916611
v 0.127654 0.230134 0.943042
v 0.121987 0.227156 0.944142
v 0.124434 0.226593 0.939716
v 0.128988 0.230661 0.939265
v 0.116267 0.228029 0.942544
v 0.118316 0.226527 0.937602
v 0.135326 0.238442 0.915924
v 0.129400 0.237893 0.910992
v 0.122928 0.245864 0.927477
v 0.130457 0.244079 0.928841
v 0.150456 0.270241 1.001198
v 0.161289 0.272518 1.002804
v 0.161846 0.273859 0.987800
v 0.162411 0.276347 0.973083
v 0.162386 0.277294 0.958857
v 0.150195 0.277029 0.956599
v 0.169702 0.274386 0.990306
v 0.129964 0.248073 0.937936
v 0.120590 0.250713 0.937950
v 0.126051 0.253005 0.939893
v 0.167330 0.242254 0.984897
v 0.123663 0.221034 0.919966
v 0.126343 0.248855 1.031524
v 0.134145 0.259864 1.030895
v 0.132132 0.258143 1.022588
v 0.123928 0.245204 1.023238
v 0.134682 0.223934 0.924727
v 0.129015 0.220527 0.923844
v 0.169071 0.257400 0.948963
v 0.166882 0.257807 0.943826
v 0.169103 0.260946 0.942955
v 0.173822 0.260237 0.946407
v 0.166955 0.272554 1.004896
v 0.183476 0.275728 0.959833
v 0.173728 0.279760 0.958463
v 0.160355 0.271336 1.015826
v 0.150715 0.269915 1.014635
v 0.151393 0.270109 1.024317
v 0.139615 0.270065 0.947449
v 0.142807 0.267782 0.997895
v 0.143957 0.267081 1.012307
v 0.144449 0.267157 1.023790
v 0.145060 0.268133 1.032022
v 0.152758 0.271022 1.031730
v 0.124783 0.233785 0.909950
v 0.133293 0.233992 0.905718
v 0.153912 0.273630 1.040189
v 0.145447 0.269665 1.040107
v 0.136081 0.262572 1.010342
v 0.127430 0.255757 1.008411
v 0.135326 0.263323 0.996429
v 0.126415 0.256942 0.993221
v 0.128619 0.269504 0.948947
v 0.146669 0.222055 0.905263
v 0.140751 0.230811 0.908334
v 0.141686 0.229585 0.914042
v 0.148187 0.222651 0.909376
v 0.137894 0.234830 0.911356
v 0.136365 0.229626 0.904653
v 0.117626 0.245261 0.991788
v 0.135559 0.242303 0.938383
v 0.119083 0.239804 1.008433
v 0.108850 0.232158 0.985030
v 0.111337 0.226014 0.996865
v 0.120408 0.231922 1.024217
v 0.115322 0.221294 1.012019
v 0.125235 0.239237 1.039713
v 0.123254 0.237016 1.031581
v 0.111119 0.211635 0.998509
v 0.138701 0.213962 0.917546
v 0.143134 0.218011 0.918031
v 0.127477 0.250611 1.039464
v 0.138521 0.212268 0.976360
v 0.168176 0.237558 0.994736
v 0.162614 0.236621 0.994225
v 0.185363 0.245241 0.999767
v 0.175994 0.238589 0.996247
v 0.135149 0.211594 0.914053
v 0.150196 0.255985 0.935481
v 0.150925 0.255342 0.936744
v 0.129453 0.194805 0.977267
v 0.126823 0.194291 0.970841
v 0.113902 0.195894 0.972901
v 0.120218 0.192682 0.972173
v 0.121643 0.193058 0.980331
v 0.114839 0.196549 0.981738
v 0.165301 0.231501 1.004093
v 0.169008 0.232816 1.003867
v 0.179602 0.267038 1.004930
v 0.186955 0.258472 1.002212
v 0.112064 0.232565 0.940505
v 0.107987 0.241786 0.945714
v 0.110945 0.239114 0.938090
v 0.115686 0.242379 0.929085
v 0.133368 0.244328 0.936297
v 0.128810 0.245578 0.935238
v 0.157838 0.218785 1.010893
v 0.155229 0.226394 1.000472
v 0.129213 0.214882 0.969302
v 0.125693 0.213468 0.965232
v 0.146598 0.243695 0.952375
v 0.140287 0.264290 0.936658
v 0.131531 0.262880 0.938779
v 0.144038 0.245737 0.944144
v 0.135316 0.212402 0.905489
v 0.134406 0.211057 0.910236
v 0.112875 0.246241 0.937693
v 0.166108 0.252347 0.955837
v 0.145175 0.266790 0.940605
v 0.146597 0.261813 0.934274
v 0.186722 0.268360 0.962952
v 0.135300 0.260742 1.039556
v 0.140697 0.226037 0.918629
v 0.146492 0.221623 0.915943
v 0.143286 0.220726 0.902799
v 0.138035 0.217220 0.902425
v 0.184955 0.253877 1.011910
v 0.158938 0.235989 0.993508
v 0.109406 0.205412 0.985692
v 0.109909 0.202205 0.973784
v 0.142946 0.247590 0.940218
v 0.168487 0.275198 0.952808
v 0.152539 0.274463 0.946710
v 0.155512 0.271325 0.937461
v 0.150995 0.266048 0.933812
v 0.150469 0.258921 0.932722
v 0.147562 0.216193 0.902958
v 0.142357 0.212806 0.902615
v 0.139059 0.208667 0.905991
v 0.137513 0.208121 0.910328
v 0.137928 0.209868 0.914282
v 0.150950 0.217695 0.905827
v 0.151719 0.218555 0.909745
v 0.148797 0.219594 0.915266
v 0.154076 0.214626 0.908297
v 0.153144 0.209857 0.905804
v 0.147036 0.199694 0.913818
v 0.144774 0.202893 0.909201
v 0.147465 0.202054 0.909324
v 0.150055 0.199330 0.912750
v 0.153855 0.196694 0.915216
v 0.150792 0.196568 0.916881
v 0.149117 0.205565 0.906505
v 0.153276 0.202037 0.910772
v 0.156294 0.205001 0.910660
v 0.159548 0.201424 0.913568
v 0.157073 0.198615 0.913585
v 0.153429 0.207065 0.907468
v 0.147638 0.206920 0.904665
v 0.155013 0.195448 0.918443
v 0.156319 0.195478 0.916340
v 0.159022 0.197166 0.915611
v 0.159866 0.196628 0.918462
v 0.140524 0.205312 0.912390
v 0.145855 0.200231 0.916125
v 0.150549 0.198280 0.919510
v 0.154794 0.197067 0.920720
v 0.147227 0.202270 0.919498
v 0.151208 0.200550 0.921302
v 0.155045 0.199961 0.922303
v 0.149667 0.205116 0.921691
v 0.152934 0.203034 0.922459
v 0.142096 0.211359 0.917384
v 0.139399 0.208788 0.915299
v 0.155067 0.201933 0.923260
v 0.160064 0.197916 0.920204
v 0.157210 0.208614 0.910727
v 0.160475 0.204019 0.915175
v 0.157667 0.210354 0.912421
v 0.161202 0.205852 0.916457
v 0.162484 0.200474 0.917088
v 0.160805 0.199509 0.915460
v 0.140543 0.213409 0.917109
v 0.145197 0.217587 0.917370
v 0.146611 0.215920 0.917555
v 0.152955 0.208803 0.921788
v 0.150464 0.217526 0.915962
v 0.154280 0.215745 0.912182
v 0.157889 0.210970 0.915454
v 0.156568 0.211041 0.918731
v 0.160248 0.207093 0.918474
v 0.158502 0.207181 0.920337
v 0.155672 0.205575 0.922552
v 0.160839 0.203639 0.920582
v 0.162256 0.201944 0.918654
v 0.158908 0.200623 0.921864
v 0.159549 0.204771 0.921431
v 0.157434 0.202751 0.922319
v 0.151128 0.234294 0.917179
v 0.156530 0.238026 0.917233
v 0.152878 0.240394 0.917402
v 0.148445 0.237149 0.917217
v 0.144962 0.235750 0.904402
v 0.145672 0.232895 0.909999
v 0.141547 0.236830 0.909827
v 0.141665 0.241269 0.904775
v 0.148399 0.241092 0.901145
v 0.145176 0.246688 0.902645
v 0.138060 0.244803 0.908670
v 0.138846 0.239613 0.913628
v 0.132562 0.247032 0.931710
v 0.130998 0.252881 0.928638
v 0.149682 0.251343 0.935186
v 0.150221 0.254507 0.932896
v 0.148138 0.232848 0.914653
v 0.144669 0.235896 0.914474
v 0.156718 0.248483 0.917644
v 0.155460 0.243858 0.920311
v 0.156772 0.243451 0.917096
v 0.158219 0.247072 0.913091
v 0.139209 0.244127 0.935827
v 0.144427 0.248004 0.935881
v 0.135812 0.244377 0.934104
v 0.154850 0.252836 0.912824
v 0.149771 0.254491 0.908477
v 0.142031 0.262559 0.926124
v 0.147726 0.260823 0.927731
v 0.141983 0.237197 0.917365
v 0.151634 0.239414 0.920642
v 0.146856 0.236901 0.920214
v 0.142233 0.251086 0.907757
v 0.152723 0.249646 0.903668
v 0.167352 0.234878 0.904147
v 0.160510 0.244693 0.906140
v 0.161680 0.243455 0.911130
v 0.169284 0.234556 0.908878
v 0.156973 0.249348 0.907974
v 0.155872 0.244130 0.902420
v 0.161496 0.225171 0.916203
v 0.166567 0.229297 0.916228
v 0.158237 0.222878 0.913730
v 0.134600 0.259115 0.927009
v 0.154604 0.225293 0.904166
v 0.155741 0.222764 0.910207
v 0.160283 0.241476 0.915729
v 0.169393 0.232522 0.913459
v 0.163974 0.233684 0.901198
v 0.157092 0.230602 0.900582
v 0.167629 0.228689 0.901239
v 0.162170 0.225122 0.900786
v 0.159159 0.220471 0.904528
v 0.159131 0.219638 0.910342
v 0.160623 0.221007 0.913782
v 0.170740 0.230154 0.904085
v 0.172196 0.230710 0.908660
v 0.170476 0.230192 0.913416
v 0.175386 0.225669 0.907407
v 0.173780 0.222589 0.904259
v 0.171980 0.207472 0.915236
v 0.168231 0.210874 0.911958
v 0.170199 0.211110 0.910221
v 0.173754 0.208038 0.913104
v 0.165572 0.214076 0.907184
v 0.168100 0.213830 0.907015
v 0.170503 0.217246 0.904772
v 0.173935 0.213830 0.908734
v 0.176928 0.217672 0.908430
v 0.180594 0.214053 0.910928
v 0.177893 0.210037 0.911095
v 0.173931 0.219099 0.905443
v 0.176730 0.206592 0.914572
v 0.177130 0.206072 0.917060
v 0.168402 0.218691 0.902630
v 0.161581 0.216570 0.910798
v 0.167343 0.211308 0.914953
v 0.172088 0.208358 0.918408
v 0.178146 0.207622 0.919483
v 0.168580 0.213293 0.918524
v 0.173294 0.210394 0.920665
v 0.178308 0.209973 0.920837
v 0.171056 0.216540 0.921077
v 0.175714 0.213529 0.922247
v 0.164170 0.222846 0.916833
v 0.161742 0.219221 0.914800
v 0.177870 0.212185 0.921704
v 0.181476 0.207423 0.915432
v 0.181976 0.208864 0.918415
v 0.180412 0.207897 0.913949
v 0.178058 0.219457 0.908951
v 0.181639 0.215344 0.912438
v 0.179181 0.221191 0.910982
v 0.182697 0.216239 0.914433
v 0.183575 0.211539 0.914487
v 0.182617 0.210687 0.913400
v 0.163309 0.224003 0.915559
v 0.167535 0.227951 0.915532
v 0.168092 0.227067 0.916725
v 0.174891 0.220326 0.920408
v 0.171648 0.229182 0.914268
v 0.174987 0.227572 0.910643
v 0.179113 0.222649 0.913483
v 0.177992 0.222392 0.917393
v 0.183120 0.217677 0.916038
v 0.181045 0.218891 0.918247
v 0.178264 0.216736 0.921605
v 0.184286 0.213580 0.917900
v 0.184219 0.212192 0.915989
v 0.181556 0.210567 0.919770
v 0.182611 0.215524 0.919374
v 0.180353 0.213206 0.921128
v 0.169829 0.245421 0.925304
v 0.173940 0.248627 0.927973
v 0.171715 0.250122 0.928463
v 0.167601 0.247587 0.925558
v 0.168828 0.249658 0.913101
v 0.167817 0.245931 0.916359
v 0.164161 0.249419 0.916877
v 0.164123 0.254147 0.914020
v 0.173522 0.253097 0.912327
v 0.167723 0.259290 0.913347
v 0.160234 0.257372 0.916313
v 0.160914 0.251711 0.918617
v 0.153070 0.257301 0.929354
v 0.153560 0.263636 0.927441
v 0.168281 0.244838 0.920972
v 0.165474 0.247439 0.921531
v 0.176348 0.256562 0.929053
v 0.174212 0.252181 0.930078
v 0.175785 0.253816 0.928533
v 0.177660 0.257285 0.926195
v 0.157694 0.252075 0.937294
v 0.162340 0.254998 0.940059
v 0.155178 0.253130 0.933040
v 0.175400 0.261810 0.924756
v 0.171036 0.265029 0.919725
v 0.165885 0.269339 0.932835
v 0.168992 0.265741 0.936643
v 0.162839 0.248653 0.922349
v 0.170012 0.248647 0.929811
v 0.165714 0.246962 0.926732
v 0.164258 0.262568 0.917185
v 0.174013 0.261440 0.916374
v 0.191116 0.246922 0.917370
v 0.180050 0.258053 0.919947
v 0.179834 0.255804 0.925513
v 0.191275 0.246628 0.921896
v 0.177669 0.260437 0.921328
v 0.177644 0.257335 0.914962
v 0.181968 0.236235 0.925328
v 0.185305 0.240433 0.927088
v 0.179769 0.235571 0.921470
v 0.158373 0.269016 0.928758
v 0.168496 0.260200 0.940073
v 0.180917 0.237000 0.914025
v 0.179607 0.235478 0.918001
v 0.177622 0.252783 0.927894
v 0.189302 0.244536 0.925798
v 0.188396 0.245742 0.913423
v 0.183585 0.242026 0.911587
v 0.193103 0.242050 0.914305
v 0.188649 0.237868 0.912680
v 0.185746 0.233173 0.915037
v 0.183996 0.232335 0.919177
v 0.183715 0.232902 0.922580
v 0.195181 0.243721 0.918502
v 0.194599 0.243787 0.922436
v 0.190381 0.243269 0.925498
v 0.198247 0.241402 0.920589
v 0.198216 0.237464 0.916729
v 0.199642 0.222595 0.925028
v 0.195387 0.225606 0.922329
v 0.196322 0.226187 0.921732
v 0.200817 0.223126 0.923891
v 0.191876 0.229235 0.917590
v 0.193867 0.228946 0.918176
v 0.195755 0.232103 0.916552
v 0.200444 0.228954 0.919857
v 0.202513 0.234396 0.921524
v 0.205723 0.231050 0.923827
v 0.204357 0.225880 0.922192
v 0.198658 0.235488 0.917649
v 0.203725 0.222300 0.925080
v 0.203317 0.220594 0.925965
v 0.194172 0.233476 0.914904
v 0.188069 0.228768 0.920763
v 0.193607 0.225034 0.924631
v 0.197790 0.221900 0.927569
v 0.201912 0.221500 0.929248
v 0.192998 0.226726 0.928021
v 0.197229 0.223946 0.929944
v 0.200963 0.223464 0.931356
v 0.193555 0.229107 0.930270
v 0.197522 0.226706 0.931673
v 0.186323 0.234103 0.926297
v 0.186472 0.230851 0.923869
v 0.200418 0.225593 0.932139
v 0.207220 0.223427 0.926019
v 0.206514 0.224727 0.929989
v 0.206150 0.224292 0.924909
v 0.202643 0.236195 0.922029
v 0.206944 0.232381 0.925357
v 0.202319 0.237841 0.924337
v 0.206517 0.233916 0.927561
v 0.208573 0.228492 0.926270
v 0.207808 0.228131 0.925407
v 0.184415 0.235603 0.925332
v 0.187023 0.239809 0.926776
v 0.188487 0.238406 0.927581
v 0.195957 0.232970 0.931794
v 0.191736 0.241881 0.926525
v 0.197367 0.241503 0.924306
v 0.200966 0.237796 0.927389
v 0.199096 0.236142 0.930339
v 0.204883 0.234203 0.929838
v 0.202357 0.233652 0.931086
v 0.199454 0.230154 0.933067
v 0.206021 0.230305 0.930697
v 0.208106 0.229645 0.928713
v 0.204510 0.226163 0.931982
v 0.203930 0.230713 0.931986
v 0.202645 0.227601 0.932872
v 0.166142 0.257417 0.940964
v 0.192318 0.258324 0.929061
v 0.195480 0.259483 0.931788
v 0.194724 0.260224 0.932628
v 0.190931 0.258791 0.930749
v 0.188150 0.267169 0.923000
v 0.188508 0.262456 0.923770
v 0.185406 0.264092 0.925836
v 0.185157 0.268721 0.925398
v 0.190634 0.271585 0.924658
v 0.188573 0.272827 0.927258
v 0.183174 0.269438 0.928621
v 0.183037 0.264679 0.929084
v 0.173258 0.267599 0.943220
v 0.173579 0.273190 0.945224
v 0.187433 0.268012 0.957255
v 0.185036 0.262134 0.957414
v 0.189338 0.263448 0.949363
v 0.190670 0.268523 0.950519
v 0.189988 0.259614 0.926190
v 0.187438 0.260110 0.928179
v 0.198427 0.268233 0.937098
v 0.197022 0.263465 0.936699
v 0.197735 0.262597 0.934504
v 0.200215 0.266661 0.934865
v 0.181158 0.259257 0.954327
v 0.176951 0.259314 0.951451
v 0.179916 0.258693 0.947091
v 0.186023 0.260345 0.946806
v 0.176216 0.260934 0.943598
v 0.197051 0.272268 0.935905
v 0.192584 0.275325 0.933078
v 0.185768 0.277657 0.950514
v 0.188834 0.273732 0.951627
v 0.185638 0.260950 0.929783
v 0.193595 0.260499 0.935125
v 0.190148 0.259255 0.932153
v 0.186559 0.274045 0.930296
v 0.194608 0.273678 0.930181
v 0.205703 0.267222 0.926718
v 0.200791 0.270414 0.931533
v 0.201272 0.266134 0.933821
v 0.205987 0.264855 0.929196
v 0.199157 0.270771 0.933112
v 0.197050 0.272404 0.927599
v 0.196937 0.255824 0.926788
v 0.200969 0.258310 0.929752
v 0.194889 0.256260 0.923968
v 0.178137 0.277556 0.947787
v 0.194288 0.262100 0.919003
v 0.194277 0.258036 0.921023
v 0.198704 0.262034 0.933273
v 0.204343 0.261519 0.930599
v 0.202806 0.268507 0.922771
v 0.196961 0.267318 0.919824
v 0.205731 0.264768 0.920505
v 0.199817 0.263859 0.917824
v 0.196437 0.258434 0.918662
v 0.195729 0.256213 0.922051
v 0.196307 0.255285 0.925136
v 0.208245 0.264141 0.925127
v 0.208157 0.262863 0.927831
v 0.205538 0.260703 0.929847
v 0.210343 0.260776 0.923835
v 0.208367 0.258491 0.919968
v 0.205590 0.245882 0.923515
v 0.202729 0.249062 0.922728
v 0.203603 0.249437 0.921937
v 0.205979 0.245974 0.922483
v 0.200115 0.253502 0.920264
v 0.201939 0.252888 0.920132
v 0.203684 0.255952 0.918884
v 0.206854 0.251440 0.919871
v 0.211408 0.253984 0.921417
v 0.213367 0.250178 0.921953
v 0.209269 0.248285 0.920207
v 0.208038 0.256675 0.919620
v 0.208242 0.244200 0.922066
v 0.208472 0.243055 0.922914
v 0.202407 0.257989 0.917778
v 0.197980 0.253124 0.923804
v 0.202191 0.247902 0.925117
v 0.205910 0.244197 0.925425
v 0.209561 0.242640 0.925063
v 0.202080 0.248623 0.927597
v 0.206201 0.244364 0.927755
v 0.209767 0.243108 0.927349
v 0.203547 0.250107 0.930312
v 0.207195 0.245884 0.929618
v 0.200139 0.255039 0.929894
v 0.198355 0.253398 0.927223
v 0.209723 0.244411 0.928547
v 0.212178 0.244164 0.921859
v 0.212743 0.243797 0.924869
v 0.211624 0.245349 0.920749
v 0.212337 0.254794 0.922258
v 0.214701 0.250222 0.923100
v 0.213207 0.255595 0.924398
v 0.215147 0.250256 0.925270
v 0.214710 0.246624 0.922846
v 0.213474 0.247376 0.921505
v 0.198900 0.255525 0.928315
v 0.201830 0.257571 0.929717
v 0.203726 0.257376 0.930824
v 0.206899 0.252590 0.931460
v 0.207511 0.260119 0.929872
v 0.209986 0.261110 0.927001
v 0.212881 0.255547 0.927197
v 0.211069 0.254616 0.930032
v 0.214602 0.249788 0.927376
v 0.212691 0.249524 0.929775
v 0.209769 0.247946 0.930822
v 0.213999 0.245993 0.926931
v 0.214791 0.245940 0.925178
v 0.212480 0.244197 0.926952
v 0.212953 0.246336 0.928550
v 0.211543 0.245367 0.928754
v 0.187134 0.271971 0.955553
v 0.109621 0.205694 0.958660
v 0.113368 0.209839 0.956989
v 0.127351 0.201736 0.954370
v 0.124030 0.207891 0.953441
v 0.126290 0.195218 0.955692
v 0.117302 0.190950 0.960029
v 0.122662 0.191891 0.958771
v 0.118936 0.210848 0.954446
v 0.108269 0.200198 0.960612
v 0.111187 0.193770 0.961551
v 0.105699 0.199669 0.952942
v 0.109010 0.192650 0.953770
v 0.114856 0.189224 0.952261
v 0.121467 0.190761 0.951724
v 0.125320 0.193723 0.950428
v 0.108845 0.205983 0.952185
v 0.113090 0.209747 0.950946
v 0.119702 0.210017 0.949867
v 0.109440 0.207212 0.944248
v 0.108387 0.201421 0.936088
v 0.118033 0.189764 0.924512
v 0.118860 0.189770 0.931223
v 0.116108 0.190571 0.930611
v 0.115322 0.189963 0.924644
v 0.116442 0.190094 0.936192
v 0.115104 0.191358 0.934564
v 0.111352 0.194984 0.935702
v 0.110831 0.194385 0.930278
v 0.109499 0.199604 0.934336
v 0.109526 0.200534 0.930454
v 0.110296 0.194076 0.924873
v 0.113158 0.190498 0.921337
v 0.110228 0.193941 0.920220
v 0.115916 0.191203 0.919810
v 0.109444 0.193887 0.936868
v 0.121038 0.189750 0.941735
v 0.122220 0.190449 0.932949
v 0.121398 0.191504 0.925030
v 0.118484 0.193249 0.919666
v 0.125372 0.193597 0.933763
v 0.123667 0.195101 0.926538
v 0.120698 0.197256 0.921894
v 0.126337 0.198399 0.934195
v 0.123778 0.198990 0.927523
v 0.126840 0.199310 0.946762
v 0.125523 0.193112 0.945190
v 0.121281 0.199281 0.923908
v 0.111374 0.195015 0.917878
v 0.114255 0.197450 0.917791
v 0.109391 0.203924 0.931381
v 0.108349 0.200160 0.925327
v 0.109448 0.203146 0.925336
v 0.111077 0.207227 0.933192
v 0.111254 0.205519 0.925573
v 0.109452 0.200322 0.920430
v 0.108515 0.197954 0.921867
v 0.127034 0.199746 0.950394
v 0.124659 0.205972 0.950519
v 0.124238 0.205668 0.947097
v 0.124031 0.204612 0.935171
v 0.119711 0.209964 0.945785
v 0.113549 0.210030 0.944765
v 0.114369 0.209179 0.933890
v 0.119203 0.208633 0.934849
v 0.114774 0.206501 0.926308
v 0.117720 0.205912 0.927185
v 0.121775 0.202981 0.927338
v 0.115166 0.203518 0.922002
v 0.111875 0.202617 0.920626
v 0.117353 0.200144 0.920273
v 0.117301 0.203778 0.923953
v 0.119268 0.201510 0.923249
v 0.184723 0.261212 0.962182
v 0.179798 0.257325 0.959541
v 0.181448 0.256246 0.965399
v 0.182880 0.252926 0.973848
v 0.187017 0.254885 0.983479
v 0.176666 0.249847 0.972914
v 0.175615 0.253410 0.964081
v 0.173062 0.255665 0.955596
v 0.170893 0.245250 0.980074
f 1558 1559 1557
f 1557 1559 1560
f 1561 1562 1564
f 1564 1562 1563
f 1565 1560 1566
f 1566 1560 1559
f 1568 1569 1567
f 1567 1569 1565
f 1570 1568 1572
f 1572 1568 1571
f 1574 1575 1573
f 1573 1575 1576
f 1578 1579 1577
f 1577 1579 1580
f 1582 1583 1581
f 1581 1583 1584
f 1586 1587 1585
f 1585 1587 1588
f 1589 1590 1592
f 1592 1590 1591
f 1593 1594 1596
f 1596 1594 1595
f 1597 1598 1562
f 1562 1598 1599
f 1562 1599 1563
f 1563 1599 1600
f 1601 1590 1602
f 1602 1590 1589
f 1604 1605 1603
f 1603 1605 1606
f 1608 1609 1607
f 1607 1609 1610
f 1612 1608 1611
f 1611 1608 1607
f 1614 1615 1613
f 1613 1615 1616
f 1617 1618 1560
f 1560 1618 1557
f 1620 1621 1619
f 1619 1621 1622
f 1624 1625 1623
f 1623 1625 1626
f 1628 1629 1627
f 1627 1629 1630
f 1632 1633 1631
f 1631 1633 1634
f 1609 1635 1610
f 1610 1635 1636
f 1638 1639 1637
f 1637 1639 1640
f 1641 1642 1608
f 1608 1642 1609
f 1613 1616 1643
f 1643 1616 1644
f 1645 1646 1599
f 1599 1646 1600
f 1599 1598 1645
f 1645 1598 1647
f 1596 1595 1648
f 1648 1595 1649
f 1650 1626 1620
f 1620 1626 1625
f 1569 1617 1565
f 1565 1617 1560
f 1581 1584 1625
f 1625 1584 1651
f 1652 1581 1624
f 1624 1581 1625
f 1654 1655 1653
f 1653 1655 1656
f 1657 1658 1660
f 1660 1658 1659
f 1662 1586 1661
f 1661 1586 1585
f 1607 1610 1663
f 1663 1610 1664
f 1610 1636 1664
f 1664 1636 1665
f 1667 1668 1666
f 1666 1668 1669
f 1671 1561 1670
f 1670 1561 1672
f 1671 1597 1561
f 1561 1597 1562
f 1592 1591 1667
f 1667 1591 1673
f 1591 1674 1673
f 1673 1674 1675
f 1590 1676 1591
f 1591 1676 1674
f 1590 1601 1676
f 1676 1601 1677
f 1681 1682 1680
f 1680 1682 1683
f 1684 1685 1570
f 1570 1685 1686
f 1589 1687 1602
f 1602 1687 1688
f 1689 1650 1619
f 1619 1650 1620
f 1690 1691 1693
f 1693 1691 1692
f 1695 1696 1694
f 1694 1696 1697
f 1633 1698 1634
f 1634 1698 1699
f 1700 1701 1576
f 1576 1701 1702
f 1704 1705 1703
f 1703 1705 1628
f 1707 1708 1706
f 1706 1708 1709
f 1638 1657 1639
f 1639 1657 1660
f 1657 1638 1711
f 1711 1638 1710
f 1712 1713 1614
f 1614 1713 1615
f 1714 1624 1703
f 1703 1624 1623
f 1715 1702 1571
f 1571 1702 1572
f 1624 1714 1652
f 1652 1714 1716
f 1685 1622 1686
f 1686 1622 1621
f 1718 1719 1717
f 1717 1719 1720
f 1722 1723 1721
f 1721 1723 1724
f 1726 1727 1725
f 1725 1727 1728
f 1730 1727 1729
f 1729 1727 1726
f 1732 1733 1731
f 1731 1733 1734
f 1736 1737 1735
f 1735 1737 1580
f 1738 1739 1577
f 1577 1739 1740
f 1637 1741 1638
f 1638 1741 1710
f 1742 1743 1744
f 1744 1743 1700
f 1714 1627 1716
f 1716 1627 1745
f 1746 1691 1713
f 1713 1691 1615
f 1725 1728 1695
f 1695 1728 1696
f 1703 1628 1714
f 1714 1628 1627
f 1748 1749 1747
f 1747 1749 1750
f 1723 1722 1605
f 1605 1722 1751
f 1752 1746 1606
f 1606 1746 1713
f 1753 1754 1756
f 1756 1754 1755
f 1577 1580 1738
f 1738 1580 1737
f 1702 1715 1576
f 1576 1715 1573
f 1738 1737 1637
f 1637 1737 1741
f 1757 1741 1736
f 1736 1741 1737
f 1758 1759 1639
f 1639 1759 1640
f 1761 1762 1760
f 1760 1762 1641
f 1763 1578 1740
f 1740 1578 1577
f 1735 1580 1764
f 1764 1580 1579
f 1764 1765 1735
f 1735 1765 1761
f 1765 1766 1761
f 1761 1766 1762
f 1768 1762 1767
f 1767 1762 1766
f 1735 1761 1736
f 1736 1761 1760
f 1769 1732 1644
f 1644 1732 1770
f 1642 1641 1768
f 1768 1641 1762
f 1749 1773 1774
f 1773 1775 1774
f 1774 1775 1776
f 1775 1574 1776
f 1776 1574 1573
f 1575 1777 1576
f 1576 1777 1700
f 1778 1779 1781
f 1781 1779 1780
f 1731 1782 1732
f 1732 1782 1770
f 1783 1643 1770
f 1770 1643 1644
f 1776 1573 1784
f 1784 1573 1715
f 1690 1769 1616
f 1616 1769 1644
f 1694 1785 1707
f 1707 1785 1708
f 1749 1748 1766
f 1766 1748 1767
f 1786 1750 1774
f 1774 1750 1749
f 1787 1788 1784
f 1784 1788 1786
f 1789 1790 1647
f 1647 1790 1645
f 1791 1792 1649
f 1649 1792 1648
f 1786 1788 1790
f 1790 1788 1793
f 1603 1794 1604
f 1604 1794 1795
f 1796 1747 1791
f 1791 1747 1792
f 1561 1564 1672
f 1672 1564 1797
f 1798 1799 1745
f 1745 1799 1716
f 1800 1801 1654
f 1654 1801 1655
f 1712 1802 1603
f 1603 1802 1794
f 1632 1803 1633
f 1633 1803 1804
f 1806 1681 1805
f 1805 1681 1680
f 1808 1809 1807
f 1807 1809 1810
f 1667 1666 1592
f 1592 1666 1811
f 1812 1589 1811
f 1811 1589 1592
f 1813 1814 1710
f 1710 1814 1711
f 1619 1725 1689
f 1689 1725 1695
f 1622 1726 1619
f 1619 1726 1725
f 1729 1726 1685
f 1685 1726 1622
f 1685 1684 1729
f 1729 1684 1815
f 1684 1816 1815
f 1815 1816 1817
f 1769 1690 1818
f 1818 1690 1693
f 1819 1820 1742
f 1742 1820 1743
f 1668 1821 1669
f 1669 1821 1822
f 1567 1823 1824
f 1790 1789 1786
f 1786 1789 1750
f 1709 1825 1626
f 1626 1825 1623
f 1731 1734 1721
f 1721 1734 1697
f 1706 1709 1650
f 1650 1709 1626
f 1827 1777 1826
f 1826 1777 1763
f 1825 1709 1828
f 1828 1709 1708
f 1677 1601 1665
f 1665 1601 1664
f 1603 1606 1712
f 1712 1606 1713
f 1613 1829 1614
f 1614 1829 1830
f 1701 1831 1816
f 1816 1831 1817
f 1832 1705 1699
f 1699 1705 1634
f 1704 1825 1631
f 1631 1825 1828
f 1763 1833 1826
f 1826 1833 1834
f 1751 1752 1605
f 1605 1752 1606
f 1615 1691 1616
f 1616 1691 1690
f 1639 1660 1758
f 1758 1660 1835
f 1705 1704 1634
f 1634 1704 1631
f 1803 1834 1804
f 1804 1834 1833
f 1739 1738 1640
f 1640 1738 1637
f 1604 1795 1837
f 1837 1795 1838
f 1783 1779 1839
f 1839 1779 1778
f 1779 1782 1780
f 1780 1782 1724
f 1837 1838 1780
f 1780 1838 1781
f 1721 1724 1731
f 1731 1724 1782
f 1820 1819 1694
f 1694 1819 1785
f 1570 1572 1684
f 1684 1572 1816
f 1776 1784 1774
f 1774 1784 1786
f 1643 1783 1840
f 1840 1783 1839
f 1816 1572 1701
f 1701 1572 1702
f 1800 1654 1814
f 1814 1654 1711
f 1614 1830 1712
f 1712 1830 1802
f 1663 1841 1607
f 1607 1841 1611
f 1799 1842 1716
f 1716 1842 1652
f 1790 1793 1645
f 1645 1793 1646
f 1602 1688 1663
f 1663 1688 1841
f 1809 1808 1805
f 1805 1808 1806
f 1842 1582 1652
f 1652 1582 1581
f 1662 1661 1843
f 1843 1661 1844
f 1828 1708 1845
f 1845 1708 1785
f 1694 1707 1695
f 1695 1707 1689
f 1739 1846 1717
f 1717 1846 1718
f 1847 1848 1833
f 1833 1848 1849
f 1707 1706 1689
f 1689 1706 1650
f 1818 1831 1733
f 1733 1831 1743
f 1700 1743 1701
f 1701 1743 1831
f 1829 1613 1840
f 1840 1613 1643
f 1730 1692 1746
f 1746 1692 1691
f 1667 1673 1668
f 1668 1673 1594
f 1673 1675 1594
f 1594 1675 1679
f 1668 1594 1821
f 1821 1594 1593
f 1843 1844 1810
f 1810 1844 1807
f 1784 1715 1787
f 1787 1715 1571
f 1779 1783 1782
f 1782 1783 1770
f 1703 1623 1704
f 1704 1623 1825
f 1780 1724 1837
f 1837 1724 1723
f 1755 1719 1756
f 1756 1719 1718
f 1601 1602 1664
f 1664 1602 1663
f 1837 1723 1604
f 1604 1723 1605
f 1717 1720 1847
f 1847 1720 1848
f 1594 1679 1595
f 1849 1850 1833
f 1833 1850 1804
f 1840 1839 1852
f 1852 1839 1851
f 1840 1852 1829
f 1829 1852 1853
f 1830 1829 1854
f 1854 1829 1853
f 1802 1830 1855
f 1855 1830 1854
f 1839 1778 1851
f 1851 1778 1856
f 1778 1781 1856
f 1856 1781 1857
f 1857 1781 1858
f 1858 1781 1838
f 1859 1860 1856
f 1856 1860 1851
f 1862 1863 1861
f 1861 1863 1864
f 1865 1866 1864
f 1864 1866 1861
f 1864 1863 1868
f 1868 1863 1867
f 1869 1870 1868
f 1868 1870 1871
f 1867 1872 1868
f 1868 1872 1869
f 1873 1860 1867
f 1867 1860 1872
f 1871 1865 1868
f 1868 1865 1864
f 1874 1875 1877
f 1877 1875 1876
f 1875 1874 1865
f 1865 1874 1866
f 1867 1863 1873
f 1873 1863 1862
f 1862 1853 1873
f 1873 1853 1852
f 1862 1878 1853
f 1853 1878 1854
f 1861 1879 1862
f 1862 1879 1878
f 1879 1861 1880
f 1880 1861 1866
f 1860 1873 1851
f 1851 1873 1852
f 1874 1881 1866
f 1866 1881 1880
f 1879 1880 1882
f 1882 1880 1883
f 1880 1881 1883
f 1883 1881 1884
f 1882 1883 1885
f 1885 1883 1886
f 1885 1887 1882
f 1882 1887 1888
f 1889 1886 1884
f 1884 1886 1883
f 1879 1882 1878
f 1878 1882 1888
f 1878 1888 1854
f 1854 1888 1855
f 1881 1874 1890
f 1890 1874 1877
f 1869 1872 1891
f 1891 1872 1860
f 1891 1892 1869
f 1869 1892 1870
f 1860 1859 1891
f 1891 1859 1893
f 1892 1891 1894
f 1894 1891 1893
f 1892 1895 1870
f 1870 1895 1896
f 1802 1855 1794
f 1794 1855 1897
f 1795 1898 1838
f 1838 1898 1858
f 1898 1795 1897
f 1897 1795 1794
f 1897 1887 1898
f 1898 1887 1899
f 1887 1885 1899
f 1899 1885 1900
f 1898 1899 1858
f 1858 1899 1901
f 1897 1855 1887
f 1887 1855 1888
f 1902 1857 1901
f 1901 1857 1858
f 1902 1859 1857
f 1857 1859 1856
f 1903 1893 1902
f 1902 1893 1859
f 1903 1902 1904
f 1904 1902 1901
f 1905 1903 1906
f 1906 1903 1904
f 1899 1900 1901
f 1901 1900 1904
f 1900 1907 1904
f 1904 1907 1906
f 1893 1903 1894
f 1894 1903 1905
f 1909 1894 1908
f 1908 1894 1905
f 1908 1911 1910
f 1910 1911 1912
f 1908 1905 1911
f 1911 1905 1906
f 1908 1910 1909
f 1909 1910 1890
f 1909 1890 1895
f 1895 1890 1877
f 1895 1892 1909
f 1909 1892 1894
f 1885 1886 1900
f 1900 1886 1907
f 1912 1907 1889
f 1889 1907 1886
f 1912 1911 1907
f 1907 1911 1906
f 1910 1912 1884
f 1884 1912 1889
f 1884 1881 1910
f 1910 1881 1890
f 1865 1871 1875
f 1875 1871 1876
f 1876 1896 1877
f 1877 1896 1895
f 1876 1871 1896
f 1896 1871 1870
f 1693 1692 1817
f 1817 1692 1815
f 1696 1722 1697
f 1697 1722 1721
f 1728 1727 1751
f 1751 1727 1752
f 1727 1730 1752
f 1752 1730 1746
f 1734 1733 1820
f 1820 1733 1743
f 1728 1751 1696
f 1696 1751 1722
f 1693 1817 1818
f 1818 1817 1831
f 1734 1820 1697
f 1697 1820 1694
f 1818 1733 1769
f 1769 1733 1732
f 1692 1730 1815
f 1815 1730 1729
f 1914 1915 1913
f 1913 1915 1916
f 1918 1919 1917
f 1917 1919 1920
f 1917 1920 1921
f 1921 1920 1922
f 1923 1924 1926
f 1926 1924 1925
f 1632 1927 1803
f 1803 1927 1928
f 1929 1930 1918
f 1918 1930 1919
f 1932 1933 1931
f 1931 1933 1934
f 1845 1785 1936
f 1936 1785 1935
f 1937 1935 1819
f 1819 1935 1785
f 1939 1940 1938
f 1938 1940 1941
f 1942 1924 1930
f 1930 1924 1919
f 1632 1845 1927
f 1927 1845 1936
f 1933 1932 1915
f 1915 1932 1943
f 1944 1942 1916
f 1916 1942 1930
f 1945 1939 1922
f 1922 1939 1946
f 1948 1949 1947
f 1947 1949 1950
f 1939 1938 1946
f 1946 1938 1951
f 1952 1921 1946
f 1946 1921 1922
f 1945 1922 1923
f 1923 1922 1920
f 1913 1953 1914
f 1914 1953 1954
f 1929 1955 1913
f 1913 1955 1953
f 1945 1923 1956
f 1956 1923 1926
f 1938 1941 1931
f 1931 1941 1928
f 1913 1916 1929
f 1929 1916 1930
f 1917 1957 1918
f 1918 1957 1958
f 1943 1944 1915
f 1915 1944 1916
f 1919 1924 1920
f 1920 1924 1923
f 1914 1954 1959
f 1959 1954 1960
f 1952 1948 1961
f 1961 1948 1947
f 1948 1951 1949
f 1949 1951 1934
f 1949 1959 1950
f 1950 1959 1960
f 1931 1934 1938
f 1938 1934 1951
f 1921 1952 1962
f 1962 1952 1961
f 1918 1958 1929
f 1929 1958 1955
f 1827 1826 1956
f 1956 1826 1940
f 1957 1917 1962
f 1962 1917 1921
f 1937 1925 1942
f 1942 1925 1924
f 1948 1952 1951
f 1951 1952 1946
f 1949 1934 1959
f 1959 1934 1933
f 1959 1933 1914
f 1914 1933 1915
f 1962 1961 1964
f 1964 1961 1963
f 1962 1964 1957
f 1957 1964 1965
f 1957 1965 1958
f 1958 1965 1966
f 1958 1966 1955
f 1955 1966 1967
f 1961 1947 1963
f 1963 1947 1968
f 1947 1950 1968
f 1968 1950 1969
f 1950 1960 1969
f 1969 1960 1970
f 1971 1972 1968
f 1968 1972 1963
f 1974 1975 1973
f 1973 1975 1976
f 1977 1978 1974
f 1974 1978 1975
f 1975 1978 1980
f 1980 1978 1979
f 1981 1982 1980
f 1980 1982 1983
f 1979 1984 1980
f 1980 1984 1981
f 1983 1976 1980
f 1980 1976 1975
f 1976 1985 1973
f 1973 1985 1986
f 1979 1978 1987
f 1987 1978 1977
f 1977 1965 1987
f 1987 1965 1964
f 1977 1988 1965
f 1965 1988 1966
f 1974 1989 1977
f 1977 1989 1988
f 1990 1989 1973
f 1973 1989 1974
f 1987 1972 1979
f 1979 1972 1984
f 1972 1987 1963
f 1963 1987 1964
f 1991 1990 1986
f 1986 1990 1973
f 1989 1990 1992
f 1992 1990 1993
f 1990 1991 1993
f 1993 1991 1994
f 1992 1993 1995
f 1995 1993 1996
f 1995 1997 1992
f 1992 1997 1998
f 1994 1999 1993
f 1993 1999 1996
f 1992 1998 1989
f 1989 1998 1988
f 1988 1998 1966
f 1966 1998 1967
f 1991 1986 2001
f 2001 1986 2000
f 1986 1985 2000
f 2000 1985 2002
f 1981 1984 2003
f 2003 1984 1972
f 1982 1981 2004
f 2004 1981 2003
f 1972 1971 2003
f 2003 1971 2005
f 2003 2005 2004
f 2004 2005 2006
f 2007 2008 2004
f 2004 2008 1982
f 2002 2008 2000
f 2000 2008 2007
f 1955 1967 1953
f 1953 1967 2009
f 1954 2010 1960
f 1960 2010 1970
f 2010 1954 2009
f 2009 1954 1953
f 2009 1997 2010
f 2010 1997 2011
f 1997 1995 2011
f 2011 1995 2012
f 2010 2011 1970
f 1970 2011 2013
f 1997 2009 1998
f 1998 2009 1967
f 2014 1969 2013
f 2013 1969 1970
f 2014 1971 1969
f 1969 1971 1968
f 2014 2015 1971
f 1971 2015 2005
f 2015 2014 2016
f 2016 2014 2013
f 2017 2015 2018
f 2018 2015 2016
f 2011 2012 2013
f 2013 2012 2016
f 2012 2019 2016
f 2016 2019 2018
f 2015 2017 2005
f 2005 2017 2006
f 2021 2006 2020
f 2020 2006 2017
f 2020 2023 2022
f 2022 2023 2024
f 2020 2017 2023
f 2023 2017 2018
f 2020 2022 2021
f 2021 2022 2001
f 2021 2001 2007
f 2007 2001 2000
f 2007 2004 2021
f 2021 2004 2006
f 1995 1996 2012
f 2012 1996 2019
f 2024 2019 1999
f 1999 2019 1996
f 2024 2023 2019
f 2019 2023 2018
f 2022 2024 1994
f 1994 2024 1999
f 1994 1991 2022
f 2022 1991 2001
f 1976 1983 1985
f 1985 1983 2002
f 2002 1983 2008
f 2008 1983 1982
f 1926 1925 1744
f 1744 1925 1742
f 1927 1932 1928
f 1928 1932 1931
f 1936 1935 1943
f 1943 1935 1944
f 1935 1937 1944
f 1944 1937 1942
f 1941 1940 1834
f 1834 1940 1826
f 1936 1943 1927
f 1927 1943 1932
f 1956 1926 1827
f 1827 1926 1744
f 1941 1834 1928
f 1928 1834 1803
f 1956 1940 1945
f 1945 1940 1939
f 1925 1937 1742
f 1742 1937 1819
f 1777 1827 1700
f 1700 1827 1744
f 1777 1575 1763
f 1763 1575 1578
f 1575 1574 1578
f 1578 1574 1579
f 1574 1775 1579
f 1579 1775 1764
f 2025 2026 2028
f 2028 2026 2027
f 2030 2031 2029
f 2029 2031 2032
f 2029 2032 2033
f 2033 2032 2034
f 2036 2037 2035
f 2035 2037 2038
f 2039 2040 2030
f 2030 2040 2031
f 2042 2043 2041
f 2041 2043 2044
f 2045 2046 1633
f 1633 2046 1698
f 2047 2045 1804
f 1804 2045 1633
f 2049 2050 2048
f 2048 2050 2051
f 2052 2036 2040
f 2040 2036 2031
f 2042 2053 2043
f 2043 2053 2027
f 2054 2052 2028
f 2028 2052 2040
f 2055 2049 2034
f 2034 2049 2056
f 2057 2058 2060
f 2060 2058 2059
f 2049 2048 2056
f 2056 2048 2061
f 2062 2033 2056
f 2056 2033 2034
f 2055 2034 2035
f 2035 2034 2032
f 2025 2063 2026
f 2026 2063 2064
f 2039 2065 2025
f 2025 2065 2063
f 2035 2038 2055
f 2055 2038 2066
f 2048 2051 2041
f 2041 2051 2067
f 2039 2025 2040
f 2040 2025 2028
f 2029 2068 2030
f 2030 2068 2069
f 2053 2054 2027
f 2027 2054 2028
f 2031 2036 2032
f 2032 2036 2035
f 2026 2064 2070
f 2070 2064 2071
f 2062 2058 2072
f 2072 2058 2057
f 2059 2058 2044
f 2044 2058 2061
f 2070 2071 2059
f 2059 2071 2060
f 2041 2044 2048
f 2048 2044 2061
f 2033 2062 2073
f 2073 2062 2072
f 2030 2069 2039
f 2039 2069 2065
f 2066 1848 2050
f 2050 1848 1720
f 2068 2029 2073
f 2073 2029 2033
f 2047 2037 2052
f 2052 2037 2036
f 2058 2062 2061
f 2061 2062 2056
f 2059 2044 2070
f 2070 2044 2043
f 2070 2043 2026
f 2026 2043 2027
f 2073 2072 2075
f 2075 2072 2074
f 2073 2075 2068
f 2068 2075 2076
f 2068 2076 2069
f 2069 2076 2077
f 2069 2077 2065
f 2065 2077 2078
f 2072 2057 2074
f 2074 2057 2079
f 2057 2060 2079
f 2079 2060 2080
f 2080 2060 2081
f 2081 2060 2071
f 2082 2083 2079
f 2079 2083 2074
f 2085 2086 2084
f 2084 2086 2087
f 2088 2089 2085
f 2085 2089 2086
f 2086 2089 2091
f 2091 2089 2090
f 2092 2093 2091
f 2091 2093 2094
f 2090 2095 2091
f 2091 2095 2092
f 2094 2087 2091
f 2091 2087 2086
f 2096 2097 2087
f 2087 2097 2084
f 2089 2088 2090
f 2090 2088 2098
f 2088 2076 2098
f 2098 2076 2075
f 2088 2099 2076
f 2076 2099 2077
f 2085 2100 2088
f 2088 2100 2099
f 2100 2085 2101
f 2101 2085 2084
f 2090 2098 2095
f 2095 2098 2083
f 2083 2098 2074
f 2074 2098 2075
f 2097 2102 2084
f 2084 2102 2101
f 2103 2100 2104
f 2104 2100 2101
f 2102 2105 2101
f 2101 2105 2104
f 2106 2103 2107
f 2107 2103 2104
f 2103 2106 2109
f 2109 2106 2108
f 2105 2110 2104
f 2104 2110 2107
f 2100 2103 2099
f 2099 2103 2109
f 2099 2109 2077
f 2077 2109 2078
f 2102 2097 2112
f 2112 2097 2111
f 2097 2096 2111
f 2111 2096 2113
f 2092 2095 2114
f 2114 2095 2083
f 2093 2092 2115
f 2115 2092 2114
f 2083 2082 2114
f 2114 2082 2116
f 2115 2114 2117
f 2117 2114 2116
f 2115 2118 2093
f 2093 2118 2119
f 2113 2119 2111
f 2111 2119 2118
f 2065 2078 2063
f 2063 2078 2120
f 2064 2121 2071
f 2071 2121 2081
f 2121 2064 2120
f 2120 2064 2063
f 2120 2108 2121
f 2121 2108 2122
f 2108 2106 2122
f 2122 2106 2123
f 2121 2122 2081
f 2081 2122 2124
f 2120 2078 2108
f 2108 2078 2109
f 2125 2080 2124
f 2124 2080 2081
f 2125 2082 2080
f 2080 2082 2079
f 2126 2116 2125
f 2125 2116 2082
f 2126 2125 2127
f 2127 2125 2124
f 2128 2126 2129
f 2129 2126 2127
f 2122 2123 2124
f 2124 2123 2127
f 2123 2130 2127
f 2127 2130 2129
f 2126 2128 2116
f 2116 2128 2117
f 2132 2117 2131
f 2131 2117 2128
f 2131 2134 2133
f 2133 2134 2135
f 2131 2128 2134
f 2134 2128 2129
f 2131 2133 2132
f 2132 2133 2112
f 2132 2112 2118
f 2118 2112 2111
f 2118 2115 2132
f 2132 2115 2117
f 2106 2107 2123
f 2123 2107 2130
f 2135 2130 2110
f 2110 2130 2107
f 2135 2134 2130
f 2130 2134 2129
f 2135 2110 2133
f 2133 2110 2105
f 2105 2102 2133
f 2133 2102 2112
f 2087 2094 2096
f 2096 2094 2113
f 2113 2094 2119
f 2119 2094 2093
f 2037 1850 2038
f 2038 1850 1849
f 2136 2042 2067
f 2067 2042 2041
f 2046 2045 2053
f 2053 2045 2054
f 2045 2047 2054
f 2054 2047 2052
f 1719 2051 1720
f 1720 2051 2050
f 2136 2046 2042
f 2042 2046 2053
f 2038 1849 2066
f 2066 1849 1848
f 2051 1719 2067
f 2067 1719 1755
f 2050 2049 2066
f 2066 2049 2055
f 2037 2047 1850
f 1850 2047 1804
f 2138 2139 2137
f 2137 2139 2140
f 2142 2143 2141
f 2141 2143 2144
f 2141 2144 2145
f 2145 2144 2146
f 2148 2149 2147
f 2147 2149 2150
f 2151 2152 2154
f 2154 2152 2153
f 2155 2156 2142
f 2142 2156 2143
f 2157 2158 2160
f 2160 2158 2159
f 2161 2162 2164
f 2164 2162 2163
f 2165 2163 1756
f 1756 2163 2162
f 2166 2167 2169
f 2169 2167 2168
f 2156 2170 2143
f 2143 2170 2148
f 2152 2161 2153
f 2153 2161 2164
f 2158 2171 2159
f 2159 2171 2139
f 2172 2170 2140
f 2140 2170 2156
f 2167 2174 2173
f 2173 2174 2146
f 2176 2177 2175
f 2175 2177 2178
f 2166 2179 2167
f 2167 2179 2174
f 2180 2145 2174
f 2174 2145 2146
f 2173 2146 2147
f 2147 2146 2144
f 2137 2181 2138
f 2138 2181 2182
f 2155 2183 2137
f 2137 2183 2181
f 2147 2150 2173
f 2173 2150 2184
f 2157 2166 2154
f 2154 2166 2169
f 2137 2140 2155
f 2155 2140 2156
f 2141 2185 2142
f 2142 2185 2186
f 2171 2172 2139
f 2139 2172 2140
f 2143 2148 2144
f 2144 2148 2147
f 2138 2182 2187
f 2187 2182 2188
f 2180 2176 2189
f 2189 2176 2175
f 2177 2176 2160
f 2160 2176 2179
f 2187 2188 2177
f 2177 2188 2178
f 2166 2157 2179
f 2179 2157 2160
f 2145 2180 2190
f 2190 2180 2189
f 2142 2186 2155
f 2155 2186 2183
f 1759 1758 2184
f 2184 1758 2168
f 2185 2141 2190
f 2190 2141 2145
f 2165 2149 2170
f 2170 2149 2148
f 2176 2180 2179
f 2179 2180 2174
f 2187 2177 2159
f 2159 2177 2160
f 2138 2187 2139
f 2139 2187 2159
f 2190 2189 2192
f 2192 2189 2191
f 2190 2192 2185
f 2185 2192 2193
f 2185 2193 2186
f 2186 2193 2194
f 2186 2194 2183
f 2183 2194 2195
f 2189 2175 2191
f 2191 2175 2196
f 2175 2178 2196
f 2196 2178 2197
f 2197 2178 2198
f 2198 2178 2188
f 2200 2191 2199
f 2199 2191 2196
f 2201 2202 2204
f 2204 2202 2203
f 2205 2206 2202
f 2202 2206 2203
f 2203 2206 2208
f 2208 2206 2207
f 2208 2209 2211
f 2211 2209 2210
f 2207 2212 2208
f 2208 2212 2209
f 2211 2204 2208
f 2208 2204 2203
f 2204 2213 2201
f 2201 2213 2214
f 2206 2205 2207
f 2207 2205 2215
f 2205 2193 2215
f 2215 2193 2192
f 2205 2216 2193
f 2193 2216 2194
f 2217 2216 2202
f 2202 2216 2205
f 2218 2217 2201
f 2201 2217 2202
f 2207 2215 2212
f 2212 2215 2200
f 2200 2215 2191
f 2191 2215 2192
f 2219 2218 2214
f 2214 2218 2201
f 2220 2217 2221
f 2221 2217 2218
f 2219 2222 2218
f 2218 2222 2221
f 2223 2220 2224
f 2224 2220 2221
f 2220 2223 2226
f 2226 2223 2225
f 2222 2227 2221
f 2221 2227 2224
f 2217 2220 2216
f 2216 2220 2226
f 2216 2226 2194
f 2194 2226 2195
f 2214 2228 2219
f 2219 2228 2229
f 2214 2213 2228
f 2228 2213 2230
f 2209 2212 2231
f 2231 2212 2200
f 2209 2231 2210
f 2210 2231 2232
f 2231 2200 2233
f 2233 2200 2199
f 2232 2231 2234
f 2234 2231 2233
f 2235 2236 2232
f 2232 2236 2210
f 2230 2236 2228
f 2228 2236 2235
f 2183 2195 2181
f 2181 2195 2237
f 2182 2238 2188
f 2188 2238 2198
f 2237 2238 2181
f 2181 2238 2182
f 2225 2239 2237
f 2237 2239 2238
f 2223 2240 2225
f 2225 2240 2239
f 2238 2239 2198
f 2198 2239 2241
f 2237 2195 2225
f 2225 2195 2226
f 2242 2197 2241
f 2241 2197 2198
f 2197 2242 2196
f 2196 2242 2199
f 2242 2243 2199
f 2199 2243 2233
f 2243 2242 2244
f 2244 2242 2241
f 2245 2243 2246
f 2246 2243 2244
f 2239 2240 2241
f 2241 2240 2244
f 2240 2247 2244
f 2244 2247 2246
f 2243 2245 2233
f 2233 2245 2234
f 2249 2234 2248
f 2248 2234 2245
f 2248 2251 2250
f 2250 2251 2252
f 2248 2245 2251
f 2251 2245 2246
f 2248 2250 2249
f 2249 2250 2229
f 2249 2229 2235
f 2235 2229 2228
f 2235 2232 2249
f 2249 2232 2234
f 2240 2223 2247
f 2247 2223 2224
f 2252 2247 2227
f 2227 2247 2224
f 2252 2251 2247
f 2247 2251 2246
f 2250 2252 2222
f 2222 2252 2227
f 2222 2219 2250
f 2250 2219 2229
f 2204 2211 2213
f 2213 2211 2230
f 2230 2211 2236
f 2236 2211 2210
f 2149 1718 2150
f 2150 1718 1846
f 2154 2153 2157
f 2157 2153 2158
f 2171 2164 2172
f 2172 2164 2163
f 2163 2165 2172
f 2172 2165 2170
f 2253 2151 2169
f 2169 2151 2154
f 2153 2164 2158
f 2158 2164 2171
f 2150 1846 2184
f 2184 1846 1759
f 2184 2168 2173
f 2173 2168 2167
f 2149 2165 1718
f 1718 2165 1756
f 1661 1585 2254
f 2254 1585 2255
f 1824 1682 2257
f 2257 1682 2256
f 1682 1681 2256
f 2256 1681 2258
f 1808 2259 1806
f 1806 2259 2260
f 1588 1824 2261
f 2261 1824 2257
f 1844 1661 2262
f 2262 1661 2254
f 1585 1588 2255
f 2255 1588 2261
f 2263 1807 2262
f 2262 1807 1844
f 1806 2260 1681
f 1681 2260 2258
f 2259 1808 2263
f 2263 1808 1807
f 2262 2264 2263
f 2263 2264 2265
f 2263 2265 2259
f 2259 2265 2266
f 2259 2266 2260
f 2260 2266 2267
f 2260 2267 2258
f 2258 2267 2268
f 2262 2254 2264
f 2264 2254 2269
f 2254 2255 2269
f 2269 2255 2270
f 2255 2261 2270
f 2270 2261 2271
f 2273 2264 2272
f 2272 2264 2269
f 2275 2276 2274
f 2274 2276 2277
f 2278 2279 2275
f 2275 2279 2276
f 2280 2281 2279
f 2279 2281 2276
f 2280 2282 2281
f 2281 2282 2283
f 2284 2277 2281
f 2281 2277 2276
f 2277 2284 2285
f 2285 2284 2286
f 2285 2287 2277
f 2277 2287 2274
f 2280 2279 2288
f 2288 2279 2278
f 2278 2266 2288
f 2288 2266 2265
f 2278 2289 2266
f 2266 2289 2267
f 2275 2290 2278
f 2278 2290 2289
f 2290 2275 2291
f 2291 2275 2274
f 2280 2288 2282
f 2282 2288 2273
f 2273 2288 2264
f 2264 2288 2265
f 2287 2292 2274
f 2274 2292 2291
f 2293 2290 2294
f 2294 2290 2291
f 2292 2295 2291
f 2291 2295 2294
f 2296 2293 2297
f 2297 2293 2294
f 2293 2296 2299
f 2299 2296 2298
f 2295 2300 2294
f 2294 2300 2297
f 2290 2293 2289
f 2289 2293 2299
f 2289 2299 2267
f 2267 2299 2268
f 2292 2287 2302
f 2302 2287 2301
f 2287 2285 2301
f 2301 2285 2286
f 2283 2282 2303
f 2303 2282 2273
f 2304 2283 2305
f 2305 2283 2303
f 2303 2273 2306
f 2306 2273 2272
f 2305 2303 2307
f 2307 2303 2306
f 2305 2308 2304
f 2304 2308 2309
f 2286 2309 2301
f 2301 2309 2308
f 2284 2281 2304
f 2304 2281 2283
f 2286 2284 2309
f 2309 2284 2304
f 2256 2258 2310
f 2310 2258 2268
f 2261 2257 2271
f 2271 2257 2311
f 2310 2311 2256
f 2256 2311 2257
f 2298 2312 2310
f 2310 2312 2311
f 2296 2313 2298
f 2298 2313 2312
f 2311 2312 2271
f 2271 2312 2314
f 2310 2268 2298
f 2298 2268 2299
f 2315 2270 2314
f 2314 2270 2271
f 2270 2315 2269
f 2269 2315 2272
f 2315 2316 2272
f 2272 2316 2306
f 2316 2315 2317
f 2317 2315 2314
f 2318 2316 2319
f 2319 2316 2317
f 2312 2313 2314
f 2314 2313 2317
f 2313 2320 2317
f 2317 2320 2319
f 2316 2318 2306
f 2306 2318 2307
f 2322 2307 2321
f 2321 2307 2318
f 2323 2321 2325
f 2325 2321 2324
f 2321 2318 2324
f 2324 2318 2319
f 2321 2323 2322
f 2322 2323 2302
f 2322 2302 2308
f 2308 2302 2301
f 2308 2305 2322
f 2322 2305 2307
f 2313 2296 2320
f 2320 2296 2297
f 2325 2320 2300
f 2300 2320 2297
f 2325 2324 2320
f 2320 2324 2319
f 2323 2325 2295
f 2295 2325 2300
f 2295 2292 2323
f 2323 2292 2302
f 1775 1773 1764
f 1764 1773 1765
f 1765 1773 1766
f 1766 1773 1749
f 1754 2136 1755
f 1755 2136 2067
f 1632 1631 1845
f 1845 1631 1828
f 1833 1763 1847
f 1847 1763 1740
f 1846 1739 1759
f 1759 1739 1640
f 2046 2136 1698
f 1698 2136 1754
f 1698 1754 1699
f 1699 1754 1753
f 1705 1832 1628
f 1628 1832 1629
f 1660 1659 1835
f 1835 1659 2326
f 2326 2152 1835
f 1835 2152 2151
f 2161 2152 2327
f 2327 2152 2326
f 2327 2326 2328
f 2328 2326 1659
f 2328 1659 2329
f 2329 1659 1658
f 1711 2330 1657
f 1657 2330 1658
f 2329 1658 1653
f 1653 1658 2330
f 2331 2329 1656
f 1656 2329 1653
f 2329 2331 2328
f 2328 2331 2332
f 2328 2332 2327
f 2327 2332 2333
f 1756 2162 1753
f 1753 2162 2333
f 1745 1627 2334
f 2334 1627 1630
f 1653 2330 1654
f 1654 2330 1711
f 1739 1717 1740
f 1740 1717 1847
f 2333 1832 1753
f 1753 1832 1699
f 2333 2162 2327
f 2327 2162 2161
f 2169 2168 2253
f 2253 2168 1758
f 2151 2253 1835
f 1835 2253 1758
f 1629 1832 2332
f 2332 1832 2333
f 2332 2331 1629
f 1629 2331 1630
f 1656 2334 2331
f 2331 2334 1630
f 2334 1656 1745
f 1745 1656 1655
f 1801 1798 1655
f 1655 1798 1745
f 1687 1589 1812
f 1584 1557 1651
f 1651 1557 1618
f 1583 1558 1584
f 1584 1558 1557
f 1821 1671 1822
f 1822 1671 1670
f 1651 1618 1625
f 1625 1618 1620
f 1618 1617 1620
f 1620 1617 1621
f 1617 1569 1621
f 1621 1569 1686
f 1569 1568 1686
f 1686 1568 1570
f 1587 1567 1588
f 1588 1567 1824
f 1571 1568 1587
f 1587 1568 1567
f 1587 1586 1571
f 1571 1586 1787
f 1586 1662 1787
f 1787 1662 1788
f 1843 1793 1662
f 1662 1793 1788
f 1810 1646 1843
f 1843 1646 1793
f 1809 1600 1810
f 1810 1600 1646
f 1809 1805 1600
f 1600 1805 1563
f 1823 1683 1824
f 1824 1683 1682
f 1566 1559 1797
f 1797 1559 1672
f 1559 1558 1672
f 1672 1558 1670
f 1558 1583 1670
f 1670 1583 1822
f 1583 1582 1822
f 1822 1582 1669
f 1582 1842 1669
f 1669 1842 1666
f 1842 1799 1666
f 1666 1799 1811
f 1799 1798 1811
f 1811 1798 1812
f 1798 1801 1812
f 1812 1801 1687
f 1801 1800 1687
f 1687 1800 1688
f 1821 1593 1671
f 1671 1593 1597
f 1597 1593 1598
f 1598 1593 1596
f 1648 1647 1596
f 1596 1647 1598
f 1792 1789 1648
f 1648 1789 1647
f 1747 1750 1792
f 1792 1750 1789
f 1814 1841 1800
f 1800 1841 1688
f 1813 1611 1814
f 1814 1611 1841
f 1813 1710 1757
f 1757 1710 1741
f 1612 1757 1760
f 1760 1757 1736
f 1611 1813 1612
f 1612 1813 1757
f 1760 1641 1612
f 1612 1641 1608
f 1642 1678 1609
f 1609 1678 1635
f 1768 1771 1642
f 1642 1771 1678
f 1767 1772 1768
f 1768 1772 1771
f 1748 1836 1767
f 1767 1836 1772
f 1747 1796 1748
f 1748 1796 1836
f 1805 1680 1563
f 1563 1680 1564
f 1680 1683 1564
f 1564 1683 1797
f 1683 1823 1797
f 1797 1823 1566
f 1566 1823 1565
f 1565 1823 1567
