o hand_left
v -0.255108 0.567662 0.871539
v -0.246612 0.572649 0.869434
v -0.245295 0.561225 0.869910
v -0.254457 0.557128 0.871129
v -0.225112 0.571323 0.866898
v -0.217447 0.571409 0.857270
v -0.219779 0.556207 0.860104
v -0.225374 0.558321 0.868388
v -0.254933 0.548402 0.868856
v -0.244624 0.552447 0.870057
v -0.255012 0.544787 0.863056
v -0.268735 0.544929 0.859758
v -0.265599 0.546781 0.866732
v -0.277954 0.544317 0.860991
v -0.270227 0.551371 0.850367
v -0.285564 0.549576 0.857213
v -0.282335 0.580167 0.854693
v -0.283570 0.592170 0.861186
v -0.296911 0.583369 0.869888
v -0.293613 0.571649 0.863083
v -0.290787 0.601298 0.879286
v -0.294669 0.591087 0.874513
v -0.282604 0.600290 0.865070
v -0.279618 0.608868 0.869882
v -0.254712 0.584703 0.874864
v -0.246895 0.590866 0.872014
v -0.247698 0.584710 0.870175
v -0.254725 0.579154 0.872822
v -0.244649 0.538952 0.854303
v -0.250676 0.547644 0.847370
v -0.255308 0.545394 0.854062
v -0.245191 0.539050 0.859912
v -0.225111 0.610740 0.871670
v -0.220120 0.618105 0.861473
v -0.219595 0.613642 0.857729
v -0.224842 0.608026 0.867726
v -0.217026 0.592542 0.851427
v -0.217004 0.600936 0.845550
v -0.217181 0.599725 0.831566
v -0.219734 0.591039 0.834963
v -0.217065 0.581881 0.855369
v -0.217752 0.580803 0.841257
v -0.217869 0.570196 0.845619
v -0.219376 0.554569 0.850781
v -0.223465 0.628844 0.867661
v -0.227128 0.624897 0.876315
v -0.277317 0.522903 0.896381
v -0.276699 0.527684 0.899975
v -0.277556 0.529492 0.897363
v -0.278304 0.524509 0.894216
v -0.240859 0.639034 0.868993
v -0.248273 0.640930 0.862441
v -0.242553 0.644952 0.860366
v -0.235027 0.641930 0.865141
v -0.248524 0.635117 0.874072
v -0.255736 0.634753 0.865424
v -0.286839 0.515451 0.900733
v -0.282640 0.515810 0.897662
v -0.286161 0.517482 0.894659
v -0.290886 0.517900 0.897488
v -0.263112 0.553076 0.871744
v -0.262031 0.562396 0.874930
v -0.276701 0.548149 0.878186
v -0.272374 0.554112 0.877428
v -0.271210 0.549267 0.872087
v -0.275883 0.545098 0.872785
v -0.272069 0.576077 0.886315
v -0.263691 0.581988 0.880873
v -0.264312 0.575770 0.878429
v -0.272647 0.567807 0.883897
v -0.262113 0.593300 0.889302
v -0.270818 0.586753 0.893642
v -0.268986 0.594056 0.897863
v -0.262409 0.597017 0.894683
v -0.285708 0.574108 0.898229
v -0.289603 0.571560 0.899611
v -0.287833 0.574076 0.902363
v -0.284728 0.577448 0.899980
v -0.237527 0.648951 0.857323
v -0.229660 0.644116 0.860702
v -0.283526 0.618072 0.891383
v -0.274662 0.622905 0.896574
v -0.284933 0.618131 0.905313
v -0.292447 0.614283 0.897120
v -0.253983 0.637069 0.854689
v -0.249276 0.643160 0.853105
v -0.290108 0.518359 0.905294
v -0.293861 0.520792 0.902390
v -0.226316 0.571907 0.835412
v -0.225305 0.553927 0.842701
v -0.226896 0.585264 0.830447
v -0.227354 0.594699 0.826875
v -0.224944 0.601533 0.822665
v -0.275878 0.557075 0.882443
v -0.260669 0.571899 0.875318
v -0.254384 0.589242 0.877388
v -0.253317 0.611257 0.899131
v -0.245217 0.615901 0.894269
v -0.246687 0.605802 0.890865
v -0.253902 0.604045 0.895460
v -0.267540 0.620682 0.903102
v -0.263730 0.613654 0.905128
v -0.271327 0.610623 0.909487
v -0.276680 0.616762 0.909091
v -0.239600 0.537614 0.848509
v -0.245153 0.549766 0.841995
v -0.232821 0.633927 0.873610
v -0.227764 0.635374 0.867854
v -0.223667 0.639228 0.861484
v -0.235472 0.599710 0.871693
v -0.224575 0.606076 0.865107
v -0.224434 0.602041 0.863446
v -0.236697 0.597124 0.869860
v -0.236826 0.578868 0.869518
v -0.225363 0.585234 0.865269
v -0.235723 0.566615 0.871348
v -0.217763 0.608637 0.851788
v -0.213534 0.618741 0.851063
v -0.212832 0.612698 0.844597
v -0.215826 0.626656 0.856384
v -0.219181 0.633911 0.860350
v -0.246111 0.649973 0.849066
v -0.213973 0.607267 0.838246
v -0.226499 0.549016 0.868566
v -0.226716 0.540767 0.868550
v -0.234508 0.541175 0.869851
v -0.235111 0.548986 0.870454
v -0.285435 0.541654 0.865124
v -0.278929 0.541750 0.868831
v -0.272307 0.544907 0.865563
v -0.232693 0.609368 0.880251
v -0.233942 0.621409 0.883974
v -0.279712 0.550568 0.883177
v -0.293116 0.521768 0.893007
v -0.287832 0.520916 0.890125
v -0.287997 0.533925 0.874746
v -0.294584 0.534780 0.877347
v -0.286972 0.550146 0.888008
v -0.280710 0.548610 0.884830
v -0.281439 0.547683 0.886183
v -0.285678 0.548609 0.891289
v -0.285786 0.582309 0.906312
v -0.282512 0.585227 0.903740
v -0.301142 0.562901 0.874634
v -0.300148 0.553744 0.864071
v -0.290678 0.560374 0.856679
v -0.271069 0.582616 0.889805
v -0.278619 0.578067 0.895062
v -0.278328 0.581677 0.897209
v -0.279185 0.557912 0.885608
v -0.283464 0.553522 0.887143
v -0.284078 0.558362 0.888301
v -0.279054 0.562859 0.887379
v -0.265537 0.628160 0.888064
v -0.257393 0.625752 0.896095
v -0.279362 0.518596 0.895853
v -0.281487 0.520071 0.893226
v -0.262840 0.588253 0.884417
v -0.278941 0.568930 0.850934
v -0.253789 0.593810 0.880441
v -0.297955 0.595405 0.899836
v -0.292972 0.594808 0.906421
v -0.293576 0.589870 0.910242
v -0.298421 0.588662 0.906848
v -0.285416 0.538028 0.902387
v -0.280290 0.536417 0.899954
v -0.279875 0.533393 0.901737
v -0.284580 0.534411 0.905339
v -0.277954 0.545962 0.880313
v -0.277752 0.542354 0.875390
v -0.278010 0.539904 0.878763
v -0.278981 0.544042 0.883202
v -0.281498 0.539196 0.871528
v -0.281950 0.536101 0.875184
v -0.291664 0.536069 0.903284
v -0.296380 0.530361 0.901403
v -0.298574 0.543701 0.887780
v -0.292838 0.546292 0.892703
v -0.270439 0.616633 0.860343
v -0.267637 0.624658 0.867554
v -0.276915 0.617298 0.877185
v -0.287455 0.610985 0.886597
v -0.296735 0.603544 0.894978
v -0.300871 0.595316 0.887060
v -0.273455 0.623349 0.881648
v -0.294571 0.557077 0.884288
v -0.299612 0.552894 0.879130
v -0.299124 0.558892 0.880708
v -0.252509 0.598771 0.885887
v -0.282527 0.522960 0.889350
v -0.245645 0.607899 0.824906
v -0.251429 0.618442 0.830376
v -0.255590 0.611576 0.834041
v -0.248567 0.599658 0.828505
v -0.277262 0.532124 0.895448
v -0.277858 0.527194 0.891108
v -0.282687 0.589782 0.908614
v -0.286250 0.586030 0.910484
v -0.288217 0.587459 0.912322
v -0.284663 0.591956 0.913465
v -0.264688 0.628860 0.870633
v -0.288833 0.611296 0.912090
v -0.295581 0.608955 0.903736
v -0.259823 0.630789 0.858893
v -0.262644 0.624202 0.852252
v -0.257095 0.630139 0.846810
v -0.302929 0.580734 0.885252
v -0.273024 0.609206 0.856642
v -0.264095 0.617582 0.848676
v -0.257507 0.624375 0.842020
v -0.253360 0.629995 0.837388
v -0.253207 0.635692 0.843194
v -0.295967 0.525314 0.897775
v -0.294079 0.526214 0.906865
v -0.250061 0.642854 0.838526
v -0.249815 0.635860 0.832447
v -0.264391 0.609530 0.844191
v -0.263389 0.599394 0.839375
v -0.272881 0.601670 0.852200
v -0.272795 0.590943 0.847929
v -0.306892 0.575204 0.876234
v -0.280187 0.523184 0.917590
v -0.287230 0.528509 0.911200
v -0.282982 0.531650 0.908588
v -0.277814 0.526671 0.916482
v -0.289762 0.532088 0.907373
v -0.290230 0.523794 0.909821
v -0.267528 0.577450 0.843352
v -0.288098 0.556194 0.888669
v -0.254274 0.584885 0.834655
v -0.262126 0.559603 0.841994
v -0.250493 0.565222 0.837018
v -0.239557 0.590847 0.826275
v -0.238602 0.575038 0.830503
v -0.234276 0.606127 0.819932
v -0.238141 0.599379 0.823587
v -0.236032 0.559535 0.836129
v -0.270988 0.522180 0.903973
v -0.271935 0.526920 0.907403
v -0.242010 0.614101 0.820724
v -0.235607 0.556631 0.871114
v -0.243280 0.601687 0.880983
v -0.244853 0.597824 0.877085
v -0.240591 0.618227 0.890496
v -0.240548 0.607272 0.886056
v -0.272546 0.517049 0.902960
v -0.292210 0.571169 0.900779
v -0.290743 0.572808 0.900058
v -0.220474 0.547480 0.862190
v -0.221247 0.540536 0.863073
v -0.224971 0.536175 0.851018
v -0.220731 0.537826 0.856639
v -0.219782 0.545688 0.853658
v -0.224227 0.544376 0.847326
v -0.234764 0.601552 0.873599
v -0.234411 0.604272 0.876453
v -0.256333 0.632061 0.880911
v -0.248795 0.628985 0.889134
v -0.287701 0.539005 0.869751
v -0.293490 0.545335 0.864583
v -0.294458 0.541458 0.870797
v -0.298800 0.539807 0.880650
v -0.290688 0.555107 0.887630
v -0.292883 0.551595 0.887049
v -0.225215 0.594089 0.864535
v -0.237625 0.589945 0.868840
v -0.243389 0.546843 0.868352
v -0.241936 0.540432 0.866911
v -0.278180 0.570537 0.889822
v -0.302034 0.571486 0.893411
v -0.304464 0.567125 0.885209
v -0.284981 0.565920 0.892615
v -0.277591 0.512440 0.907957
v -0.274442 0.514067 0.904457
v -0.299141 0.546326 0.873360
v -0.276362 0.588543 0.901930
v -0.300495 0.578179 0.893245
v -0.298176 0.571918 0.899308
v -0.280260 0.612721 0.912998
v -0.246819 0.624562 0.825803
v -0.278484 0.531628 0.904939
v -0.274293 0.529382 0.911379
v -0.281978 0.519437 0.916318
v -0.281731 0.514861 0.912120
v -0.240577 0.630384 0.881949
v -0.246151 0.594927 0.874791
v -0.233425 0.547243 0.841689
v -0.232027 0.536771 0.847786
v -0.288815 0.564540 0.893115
v -0.295925 0.600794 0.902869
v -0.302330 0.588805 0.895028
v -0.302551 0.581964 0.902447
v -0.300368 0.575238 0.899893
v -0.294661 0.571305 0.900008
v -0.277056 0.518443 0.919746
v -0.276617 0.513694 0.915742
v -0.272670 0.511623 0.911231
v -0.270383 0.513308 0.907418
v -0.269587 0.517112 0.905326
v -0.275264 0.522560 0.920744
v -0.273335 0.525768 0.919161
v -0.272090 0.528588 0.913555
v -0.270642 0.523214 0.922258
v -0.269087 0.518186 0.923278
v -0.258739 0.512958 0.915201
v -0.264656 0.511692 0.915256
v -0.263125 0.512326 0.917578
v -0.258235 0.513341 0.918415
v -0.253682 0.514439 0.920751
v -0.253455 0.514076 0.917221
v -0.266886 0.513902 0.920009
v -0.260461 0.515494 0.921890
v -0.261740 0.518819 0.924212
v -0.256454 0.519270 0.926049
v -0.255169 0.516206 0.924202
v -0.266054 0.517292 0.923046
v -0.269405 0.513223 0.919505
v -0.250394 0.515961 0.920222
v -0.251390 0.515274 0.922452
v -0.252282 0.517173 0.925059
v -0.249796 0.518858 0.924357
v -0.265756 0.513426 0.909588
v -0.258109 0.514196 0.912959
v -0.253147 0.516733 0.915515
v -0.250219 0.518359 0.918708
v -0.257075 0.518136 0.912202
v -0.253463 0.519640 0.914973
v -0.251213 0.521431 0.917836
v -0.257002 0.522422 0.912883
v -0.253977 0.522773 0.915606
v -0.266811 0.521398 0.907393
v -0.266961 0.517206 0.906686
v -0.252017 0.523344 0.917198
v -0.249593 0.520891 0.923459
v -0.263964 0.521783 0.924533
v -0.256983 0.522450 0.925781
v -0.264013 0.524119 0.923834
v -0.257267 0.524789 0.925497
v -0.252669 0.521886 0.926959
v -0.253519 0.519511 0.926450
v -0.269768 0.522283 0.905799
v -0.270882 0.527069 0.909424
v -0.268463 0.526482 0.910784
v -0.258506 0.526399 0.915290
v -0.269286 0.528255 0.914819
v -0.269017 0.526309 0.920366
v -0.262499 0.526391 0.922462
v -0.260912 0.527789 0.919670
v -0.257179 0.526414 0.923475
v -0.256583 0.526832 0.921001
v -0.254875 0.525758 0.917642
v -0.253195 0.525482 0.923352
v -0.252797 0.523787 0.925769
v -0.250805 0.523280 0.921333
v -0.253869 0.526180 0.921649
v -0.252482 0.524410 0.919593
v -0.279265 0.544227 0.911600
v -0.279144 0.549425 0.915261
v -0.282024 0.550519 0.911831
v -0.282042 0.546036 0.908807
v -0.289852 0.535985 0.915700
v -0.284681 0.537159 0.912236
v -0.288765 0.538441 0.908826
v -0.294655 0.538574 0.912698
v -0.293743 0.539964 0.920524
v -0.297935 0.543118 0.917001
v -0.297685 0.541614 0.908132
v -0.291491 0.541401 0.904501
v -0.294623 0.554132 0.888766
v -0.300795 0.555280 0.890552
v -0.288199 0.567420 0.899312
v -0.290555 0.568232 0.901618
v -0.281115 0.540672 0.911125
v -0.284597 0.541895 0.907941
v -0.286926 0.558014 0.915483
v -0.283206 0.555935 0.911947
v -0.282737 0.554048 0.915191
v -0.286493 0.555315 0.919034
v -0.287567 0.558006 0.890526
v -0.288257 0.562955 0.894934
v -0.290095 0.555546 0.889067
v -0.293001 0.556896 0.918015
v -0.298672 0.553018 0.917750
v -0.303128 0.565031 0.901431
v -0.298271 0.567580 0.904351
v -0.286557 0.543505 0.903747
v -0.281824 0.551571 0.908350
v -0.282665 0.547425 0.905102
v -0.300460 0.547013 0.912501
v -0.295805 0.549255 0.922046
v -0.279554 0.545822 0.933009
v -0.287770 0.550825 0.925647
v -0.283722 0.552934 0.923065
v -0.275624 0.548751 0.931438
v -0.291071 0.553594 0.921897
v -0.291649 0.546299 0.925140
v -0.268566 0.541584 0.921598
v -0.268999 0.546877 0.925096
v -0.270029 0.537263 0.920939
v -0.304004 0.559873 0.894871
v -0.278901 0.532822 0.924125
v -0.273199 0.534391 0.921275
v -0.280489 0.552849 0.919062
v -0.271483 0.549321 0.928728
v -0.282100 0.541973 0.932583
v -0.283479 0.536217 0.928092
v -0.277343 0.540102 0.935730
v -0.277580 0.534673 0.932174
v -0.273264 0.531526 0.927793
v -0.269000 0.533687 0.924259
v -0.267092 0.536979 0.923158
v -0.275154 0.544036 0.936159
v -0.271901 0.547247 0.934358
v -0.269282 0.548201 0.929956
v -0.268498 0.544246 0.938596
v -0.269253 0.539766 0.939566
v -0.252635 0.532733 0.934166
v -0.258410 0.532032 0.932443
v -0.259016 0.532308 0.935013
v -0.253791 0.532924 0.936750
v -0.264738 0.530943 0.932454
v -0.263735 0.531886 0.934679
v -0.266576 0.534487 0.937402
v -0.260453 0.535285 0.938552
v -0.262055 0.539461 0.940555
v -0.256709 0.539553 0.942708
v -0.254979 0.535346 0.941025
v -0.266105 0.537765 0.939549
v -0.250795 0.533867 0.938600
v -0.248601 0.534862 0.937560
v -0.269778 0.533628 0.936655
v -0.265438 0.532729 0.926652
v -0.257045 0.533389 0.929975
v -0.251031 0.534963 0.932342
v -0.247596 0.537663 0.936788
v -0.255495 0.537147 0.928676
v -0.250398 0.538117 0.931779
v -0.248150 0.540188 0.935823
v -0.254975 0.541914 0.928774
v -0.250483 0.542337 0.932396
v -0.264530 0.541478 0.924280
v -0.264485 0.536723 0.924085
v -0.249158 0.542073 0.934665
v -0.249060 0.537097 0.941864
v -0.247763 0.539853 0.940391
v -0.250747 0.536208 0.941839
v -0.262479 0.541542 0.940937
v -0.256156 0.541723 0.942567
v -0.261800 0.544318 0.940457
v -0.255018 0.543877 0.942233
v -0.251614 0.540731 0.943605
v -0.252163 0.539097 0.943545
v -0.266773 0.541306 0.923664
v -0.267709 0.546132 0.926526
v -0.265850 0.546363 0.926896
v -0.256470 0.546179 0.931673
v -0.267517 0.548417 0.930939
v -0.267679 0.546998 0.936169
v -0.261117 0.546540 0.938755
v -0.258750 0.547681 0.935660
v -0.254704 0.545881 0.941382
v -0.254739 0.546895 0.938240
v -0.252085 0.545590 0.934379
v -0.250369 0.544234 0.941892
v -0.250785 0.542257 0.943164
v -0.248088 0.541620 0.939021
v -0.251235 0.545636 0.939389
v -0.249328 0.543701 0.936875
v -0.280995 0.563003 0.920872
v -0.281500 0.567889 0.923936
v -0.283229 0.569332 0.921131
v -0.283155 0.564513 0.918233
v -0.291199 0.555504 0.923113
v -0.286601 0.555814 0.921222
v -0.289390 0.557436 0.917744
v -0.294798 0.557639 0.918653
v -0.293728 0.557644 0.927813
v -0.298764 0.560773 0.922250
v -0.297449 0.560251 0.914361
v -0.291433 0.559442 0.914244
v -0.293697 0.568795 0.902986
v -0.299961 0.569979 0.904325
v -0.283158 0.558954 0.920467
v -0.285354 0.560433 0.917622
v -0.288281 0.575048 0.924814
v -0.284418 0.573259 0.922253
v -0.285647 0.572335 0.924895
v -0.289284 0.572787 0.927441
v -0.285453 0.574644 0.904367
v -0.285844 0.579691 0.907459
v -0.288283 0.570728 0.903566
v -0.294751 0.573798 0.925735
v -0.300483 0.569948 0.923221
v -0.300237 0.580946 0.913521
v -0.294922 0.583669 0.914753
v -0.286730 0.561528 0.914682
v -0.282327 0.570097 0.918485
v -0.282922 0.565343 0.915721
v -0.300685 0.564585 0.917829
v -0.298402 0.566087 0.927241
v -0.283151 0.560843 0.943297
v -0.292436 0.568134 0.932136
v -0.287496 0.570983 0.930335
v -0.280130 0.564049 0.942503
v -0.294324 0.570585 0.929274
v -0.295103 0.563135 0.931131
v -0.271881 0.558791 0.932490
v -0.273369 0.563212 0.935492
v -0.274142 0.555196 0.931034
v -0.303201 0.574932 0.908353
v -0.288877 0.584020 0.912951
v -0.279588 0.550654 0.933689
v -0.276240 0.552540 0.931563
v -0.284198 0.570807 0.927522
v -0.276571 0.565339 0.939717
v -0.285267 0.556739 0.941511
v -0.284430 0.552259 0.937076
v -0.281064 0.555490 0.945416
v -0.279956 0.550984 0.941037
v -0.275507 0.549325 0.937305
v -0.272548 0.551776 0.934744
v -0.270834 0.554699 0.933940
v -0.279083 0.559953 0.946712
v -0.276650 0.562899 0.945458
v -0.275248 0.564480 0.940657
v -0.275250 0.560041 0.949111
v -0.274966 0.554531 0.949472
v -0.258442 0.550372 0.947544
v -0.263395 0.550193 0.944299
v -0.264003 0.550218 0.945380
v -0.259333 0.549993 0.948995
v -0.269810 0.549024 0.942247
v -0.268882 0.549378 0.943998
v -0.271756 0.550504 0.946512
v -0.266316 0.551027 0.950090
v -0.268675 0.556109 0.952398
v -0.263983 0.555665 0.954786
v -0.261628 0.550843 0.953149
v -0.272863 0.553805 0.949482
v -0.257241 0.550445 0.951505
v -0.255566 0.549935 0.950689
v -0.274103 0.550147 0.945509
v -0.268238 0.550842 0.937907
v -0.261871 0.551400 0.942035
v -0.256726 0.551660 0.945161
v -0.254322 0.552836 0.948768
v -0.260993 0.554974 0.940931
v -0.256736 0.554743 0.944354
v -0.254586 0.555677 0.947650
v -0.261080 0.558287 0.941318
v -0.257512 0.557907 0.944616
v -0.268793 0.558489 0.935732
v -0.268039 0.554454 0.935935
v -0.255732 0.557671 0.947224
v -0.256652 0.552156 0.954810
v -0.255094 0.555878 0.953507
v -0.258237 0.551797 0.954205
v -0.269596 0.557721 0.952621
v -0.263636 0.557778 0.955787
v -0.269305 0.560507 0.952020
v -0.263367 0.560402 0.955089
v -0.259807 0.555871 0.956746
v -0.260315 0.554925 0.956175
v -0.270844 0.558643 0.934368
v -0.272576 0.562745 0.936929
v -0.270654 0.562489 0.937975
v -0.262328 0.562207 0.943782
v -0.273135 0.564365 0.941669
v -0.273071 0.562817 0.947584
v -0.267566 0.562614 0.950089
v -0.264862 0.563561 0.947488
v -0.262450 0.562133 0.953052
v -0.261816 0.562568 0.950276
v -0.258659 0.561398 0.946642
v -0.258781 0.560206 0.953571
v -0.259137 0.558415 0.955940
v -0.255293 0.558202 0.951327
v -0.258720 0.561304 0.951301
v -0.256204 0.559713 0.949496
v -0.286718 0.582789 0.910565
v -0.280543 0.579266 0.928092
v -0.280352 0.582827 0.930610
v -0.280883 0.583542 0.929976
v -0.280703 0.580620 0.926594
v -0.291174 0.575609 0.926399
v -0.286506 0.574841 0.925974
v -0.288021 0.576723 0.922712
v -0.292479 0.577666 0.923139
v -0.294346 0.579063 0.928946
v -0.295067 0.581279 0.926494
v -0.292603 0.580804 0.920574
v -0.288080 0.579687 0.919758
v -0.289654 0.591701 0.908652
v -0.294039 0.595188 0.908663
v -0.281891 0.607580 0.917670
v -0.277657 0.605094 0.915596
v -0.279817 0.599819 0.922408
v -0.283651 0.602490 0.923303
v -0.282917 0.576499 0.926587
v -0.283279 0.578038 0.923743
v -0.286418 0.590534 0.933687
v -0.282322 0.588512 0.931867
v -0.282058 0.586598 0.932634
v -0.285296 0.588721 0.935310
v -0.277410 0.600194 0.914069
v -0.280222 0.596279 0.912595
v -0.279718 0.594022 0.915886
v -0.278788 0.595798 0.920161
v -0.283597 0.591107 0.913190
v -0.290828 0.590373 0.932894
v -0.295174 0.588042 0.929339
v -0.292842 0.604317 0.918923
v -0.288396 0.604653 0.921474
v -0.284037 0.579693 0.922075
v -0.280612 0.585585 0.928452
v -0.280996 0.582258 0.926028
v -0.295741 0.584205 0.923973
v -0.294061 0.585432 0.931615
v -0.287573 0.583029 0.942241
v -0.289716 0.587159 0.936777
v -0.284926 0.588047 0.936310
v -0.284599 0.584558 0.941662
v -0.289780 0.588077 0.935085
v -0.293325 0.583359 0.934382
v -0.278034 0.577345 0.933093
v -0.278933 0.581780 0.936311
v -0.279536 0.574472 0.931855
v -0.295393 0.600268 0.912130
v -0.286468 0.571752 0.933058
v -0.282116 0.572177 0.932183
v -0.281734 0.585682 0.933566
v -0.281259 0.584320 0.939500
v -0.290355 0.579263 0.940647
v -0.290780 0.574838 0.935894
v -0.287509 0.576750 0.943864
v -0.287660 0.572673 0.939222
v -0.282347 0.570697 0.935751
v -0.279473 0.572797 0.933957
v -0.277684 0.575416 0.933573
v -0.285379 0.581450 0.944808
v -0.283346 0.583454 0.943787
v -0.280721 0.583822 0.940683
v -0.282900 0.579834 0.947390
v -0.281813 0.575165 0.946946
v -0.268649 0.574393 0.944833
v -0.271741 0.573625 0.941981
v -0.272354 0.573302 0.942974
v -0.269052 0.573596 0.945472
v -0.276562 0.571747 0.939632
v -0.276056 0.572056 0.941463
v -0.279431 0.572222 0.943131
v -0.275036 0.572929 0.946357
v -0.277276 0.576356 0.949917
v -0.273654 0.576462 0.951995
v -0.272089 0.573183 0.948844
v -0.280173 0.574359 0.946951
v -0.267626 0.573458 0.947917
v -0.266285 0.573970 0.948078
v -0.281692 0.571313 0.942057
v -0.275240 0.574123 0.936560
v -0.269942 0.575309 0.940961
v -0.266499 0.575750 0.944838
v -0.265346 0.576138 0.948582
v -0.270012 0.577661 0.940089
v -0.266013 0.577983 0.944468
v -0.265117 0.578381 0.948078
v -0.270779 0.580901 0.940490
v -0.267055 0.580352 0.944659
v -0.275512 0.580677 0.936452
v -0.274670 0.577335 0.935813
v -0.266070 0.579774 0.947531
v -0.267878 0.574460 0.951685
v -0.266713 0.577245 0.951458
v -0.269296 0.573623 0.951288
v -0.277849 0.577563 0.950414
v -0.273433 0.577885 0.952908
v -0.278015 0.579988 0.950475
v -0.272854 0.579975 0.952700
v -0.270110 0.576746 0.953475
v -0.271136 0.575385 0.952535
v -0.276713 0.579020 0.934988
v -0.278130 0.581741 0.937160
v -0.277483 0.583191 0.939104
v -0.272971 0.583569 0.942931
v -0.280443 0.584309 0.942866
v -0.282299 0.582708 0.946008
v -0.277195 0.582388 0.949402
v -0.275466 0.584128 0.947013
v -0.271776 0.581586 0.951695
v -0.270746 0.583095 0.949271
v -0.268862 0.582714 0.946447
v -0.268283 0.580028 0.951758
v -0.268787 0.578676 0.952988
v -0.266486 0.579134 0.950586
v -0.268085 0.581257 0.950287
v -0.267032 0.580772 0.949047
v -0.286021 0.607456 0.917768
v -0.238144 0.525223 0.856014
v -0.241352 0.527168 0.860216
v -0.230819 0.529522 0.872635
v -0.237629 0.528788 0.870728
v -0.224397 0.528268 0.870375
v -0.221010 0.525327 0.860209
v -0.221197 0.527728 0.865423
v -0.241327 0.528012 0.866031
v -0.232595 0.524249 0.853397
v -0.225184 0.524352 0.854558
v -0.234721 0.515268 0.855524
v -0.226395 0.515116 0.857105
v -0.221548 0.515976 0.862365
v -0.221740 0.521050 0.868326
v -0.224031 0.523402 0.872365
v -0.239851 0.519798 0.859318
v -0.242178 0.522530 0.863403
v -0.240894 0.525086 0.869330
v -0.242726 0.514693 0.865126
v -0.239530 0.506305 0.869537
v -0.228374 0.500221 0.884819
v -0.226650 0.505138 0.880193
v -0.228464 0.503443 0.878848
v -0.229543 0.498796 0.882973
v -0.226480 0.506930 0.874640
v -0.228515 0.505735 0.874946
v -0.232649 0.505637 0.871617
v -0.233766 0.501555 0.875904
v -0.237831 0.505438 0.871772
v -0.239657 0.503211 0.875206
v -0.235007 0.497447 0.879835
v -0.231516 0.495387 0.884178
v -0.236000 0.494186 0.883351
v -0.231385 0.496336 0.887225
v -0.231813 0.504342 0.868584
v -0.223238 0.513022 0.874291
v -0.225520 0.508327 0.881519
v -0.228417 0.503227 0.887055
v -0.232261 0.498752 0.889273
v -0.227077 0.511909 0.883625
v -0.230548 0.506960 0.887894
v -0.234614 0.503121 0.889513
v -0.231146 0.514638 0.884465
v -0.233957 0.509142 0.887563
v -0.229578 0.523412 0.876457
v -0.224309 0.519479 0.875884
v -0.235836 0.505511 0.888533
v -0.237049 0.493900 0.886086
v -0.238084 0.496720 0.888185
v -0.242488 0.505049 0.874494
v -0.240966 0.499057 0.878614
v -0.243214 0.500892 0.879391
v -0.244500 0.508537 0.874646
v -0.244602 0.503057 0.880609
v -0.241896 0.496561 0.883131
v -0.239839 0.495913 0.881256
v -0.229418 0.526047 0.874447
v -0.235861 0.526695 0.872846
v -0.235919 0.524480 0.874563
v -0.237488 0.516121 0.882506
v -0.241304 0.522659 0.872255
v -0.243566 0.518647 0.868279
v -0.244963 0.511652 0.876671
v -0.242669 0.514750 0.879493
v -0.244071 0.506072 0.882540
v -0.242304 0.508179 0.883901
v -0.238299 0.509409 0.886471
v -0.242208 0.502399 0.885975
v -0.242965 0.499125 0.884748
v -0.238792 0.501314 0.888604
v -0.241272 0.504973 0.885966
v -0.238694 0.504839 0.887789
v -0.274678 0.607876 0.911770
v -0.274062 0.601523 0.909831
v -0.269505 0.604739 0.907478
v -0.261624 0.607730 0.903784
v -0.256558 0.616431 0.900884
v -0.261727 0.601865 0.899803
v -0.269752 0.598910 0.903998
v -0.276528 0.594325 0.907186
v -0.256212 0.599837 0.891356
f 2 3 1
f 1 3 4
f 5 6 8
f 8 6 7
f 9 4 10
f 10 4 3
f 12 13 11
f 11 13 9
f 14 12 16
f 16 12 15
f 18 19 17
f 17 19 20
f 22 23 21
f 21 23 24
f 26 27 25
f 25 27 28
f 30 31 29
f 29 31 32
f 33 34 36
f 36 34 35
f 37 38 40
f 40 38 39
f 41 42 6
f 6 42 43
f 6 43 7
f 7 43 44
f 45 34 46
f 46 34 33
f 48 49 47
f 47 49 50
f 52 53 51
f 51 53 54
f 56 52 55
f 55 52 51
f 58 59 57
f 57 59 60
f 61 62 4
f 4 62 1
f 64 65 63
f 63 65 66
f 68 69 67
f 67 69 70
f 72 73 71
f 71 73 74
f 76 77 75
f 75 77 78
f 53 79 54
f 54 79 80
f 82 83 81
f 81 83 84
f 85 86 52
f 52 86 53
f 57 60 87
f 87 60 88
f 89 90 43
f 43 90 44
f 43 42 89
f 89 42 91
f 40 39 92
f 92 39 93
f 94 70 64
f 64 70 69
f 13 61 9
f 9 61 4
f 25 28 69
f 69 28 95
f 96 25 68
f 68 25 69
f 98 99 97
f 97 99 100
f 101 102 104
f 104 102 103
f 106 30 105
f 105 30 29
f 51 54 107
f 107 54 108
f 54 80 108
f 108 80 109
f 111 112 110
f 110 112 113
f 115 5 114
f 114 5 116
f 115 41 5
f 5 41 6
f 36 35 111
f 111 35 117
f 35 118 117
f 117 118 119
f 34 120 35
f 35 120 118
f 34 45 120
f 120 45 121
f 125 126 124
f 124 126 127
f 128 129 14
f 14 129 130
f 33 131 46
f 46 131 132
f 133 94 63
f 63 94 64
f 134 135 137
f 137 135 136
f 139 140 138
f 138 140 141
f 77 142 78
f 78 142 143
f 144 145 20
f 20 145 146
f 148 149 147
f 147 149 72
f 151 152 150
f 150 152 153
f 82 101 83
f 83 101 104
f 101 82 155
f 155 82 154
f 156 157 58
f 58 157 59
f 158 68 147
f 147 68 67
f 159 146 15
f 15 146 16
f 68 158 96
f 96 158 160
f 129 66 130
f 130 66 65
f 162 163 161
f 161 163 164
f 166 167 165
f 165 167 168
f 170 171 169
f 169 171 172
f 174 171 173
f 173 171 170
f 176 177 175
f 175 177 178
f 180 181 179
f 179 181 24
f 182 183 21
f 21 183 184
f 81 185 82
f 82 185 154
f 186 187 188
f 188 187 144
f 158 71 160
f 160 71 189
f 190 135 157
f 157 135 59
f 169 172 139
f 139 172 140
f 147 72 158
f 158 72 71
f 192 193 191
f 191 193 194
f 167 166 49
f 49 166 195
f 196 190 50
f 50 190 157
f 197 198 200
f 200 198 199
f 21 24 182
f 182 24 181
f 146 159 20
f 20 159 17
f 182 181 81
f 81 181 185
f 201 185 180
f 180 185 181
f 202 203 83
f 83 203 84
f 205 206 204
f 204 206 85
f 207 22 184
f 184 22 21
f 179 24 208
f 208 24 23
f 208 209 179
f 179 209 205
f 209 210 205
f 205 210 206
f 212 206 211
f 211 206 210
f 179 205 180
f 180 205 204
f 213 176 88
f 88 176 214
f 86 85 212
f 212 85 206
f 193 217 218
f 217 219 218
f 218 219 220
f 219 18 220
f 220 18 17
f 19 221 20
f 20 221 144
f 222 223 225
f 225 223 224
f 175 226 176
f 176 226 214
f 227 87 214
f 214 87 88
f 220 17 228
f 228 17 159
f 134 213 60
f 60 213 88
f 138 229 151
f 151 229 152
f 193 192 210
f 210 192 211
f 230 194 218
f 218 194 193
f 231 232 228
f 228 232 230
f 233 234 91
f 91 234 89
f 235 236 93
f 93 236 92
f 230 232 234
f 234 232 237
f 47 238 48
f 48 238 239
f 240 191 235
f 235 191 236
f 5 8 116
f 116 8 241
f 242 243 189
f 189 243 160
f 244 245 98
f 98 245 99
f 156 246 47
f 47 246 238
f 76 247 77
f 77 247 248
f 250 125 249
f 249 125 124
f 252 253 251
f 251 253 254
f 111 110 36
f 36 110 255
f 256 33 255
f 255 33 36
f 257 258 154
f 154 258 155
f 63 169 133
f 133 169 139
f 66 170 63
f 63 170 169
f 173 170 129
f 129 170 66
f 129 128 173
f 173 128 259
f 128 260 259
f 259 260 261
f 213 134 262
f 262 134 137
f 263 264 186
f 186 264 187
f 112 265 113
f 113 265 266
f 11 267 268
f 234 233 230
f 230 233 194
f 153 269 70
f 70 269 67
f 175 178 165
f 165 178 141
f 150 153 94
f 94 153 70
f 271 221 270
f 270 221 207
f 269 153 272
f 272 153 152
f 121 45 109
f 109 45 108
f 47 50 156
f 156 50 157
f 57 273 58
f 58 273 274
f 145 275 260
f 260 275 261
f 276 149 143
f 143 149 78
f 148 269 75
f 75 269 272
f 207 277 270
f 270 277 278
f 195 196 49
f 49 196 50
f 59 135 60
f 60 135 134
f 83 104 202
f 202 104 279
f 149 148 78
f 78 148 75
f 247 278 248
f 248 278 277
f 183 182 84
f 84 182 81
f 48 239 281
f 281 239 282
f 227 223 283
f 283 223 222
f 223 226 224
f 224 226 168
f 281 282 224
f 224 282 225
f 165 168 175
f 175 168 226
f 264 263 138
f 138 263 229
f 14 16 128
f 128 16 260
f 220 228 218
f 218 228 230
f 87 227 284
f 284 227 283
f 260 16 145
f 145 16 146
f 244 98 258
f 258 98 155
f 58 274 156
f 156 274 246
f 107 285 51
f 51 285 55
f 243 286 160
f 160 286 96
f 234 237 89
f 89 237 90
f 46 132 107
f 107 132 285
f 253 252 249
f 249 252 250
f 286 26 96
f 96 26 25
f 106 105 287
f 287 105 288
f 272 152 289
f 289 152 229
f 138 151 139
f 139 151 133
f 183 290 161
f 161 290 162
f 291 292 277
f 277 292 293
f 151 150 133
f 133 150 94
f 262 275 177
f 177 275 187
f 144 187 145
f 145 187 275
f 273 57 284
f 284 57 87
f 174 136 190
f 190 136 135
f 111 117 112
f 112 117 38
f 117 119 38
f 38 119 123
f 112 38 265
f 265 38 37
f 287 288 254
f 254 288 251
f 228 159 231
f 231 159 15
f 223 227 226
f 226 227 214
f 147 67 148
f 148 67 269
f 224 168 281
f 281 168 167
f 199 163 200
f 200 163 162
f 45 46 108
f 108 46 107
f 281 167 48
f 48 167 49
f 161 164 291
f 291 164 292
f 38 123 39
f 293 294 277
f 277 294 248
f 284 283 296
f 296 283 295
f 284 296 273
f 273 296 297
f 274 273 298
f 298 273 297
f 246 274 299
f 299 274 298
f 283 222 295
f 295 222 300
f 222 225 300
f 300 225 301
f 301 225 302
f 302 225 282
f 303 304 300
f 300 304 295
f 306 307 305
f 305 307 308
f 309 310 308
f 308 310 305
f 308 307 312
f 312 307 311
f 313 314 312
f 312 314 315
f 311 316 312
f 312 316 313
f 317 304 311
f 311 304 316
f 315 309 312
f 312 309 308
f 318 319 321
f 321 319 320
f 319 318 309
f 309 318 310
f 311 307 317
f 317 307 306
f 306 297 317
f 317 297 296
f 306 322 297
f 297 322 298
f 305 323 306
f 306 323 322
f 323 305 324
f 324 305 310
f 304 317 295
f 295 317 296
f 318 325 310
f 310 325 324
f 323 324 326
f 326 324 327
f 324 325 327
f 327 325 328
f 326 327 329
f 329 327 330
f 329 331 326
f 326 331 332
f 333 330 328
f 328 330 327
f 323 326 322
f 322 326 332
f 322 332 298
f 298 332 299
f 325 318 334
f 334 318 321
f 313 316 335
f 335 316 304
f 335 336 313
f 313 336 314
f 304 303 335
f 335 303 337
f 336 335 338
f 338 335 337
f 336 339 314
f 314 339 340
f 246 299 238
f 238 299 341
f 239 342 282
f 282 342 302
f 342 239 341
f 341 239 238
f 341 331 342
f 342 331 343
f 331 329 343
f 343 329 344
f 342 343 302
f 302 343 345
f 341 299 331
f 331 299 332
f 346 301 345
f 345 301 302
f 346 303 301
f 301 303 300
f 347 337 346
f 346 337 303
f 347 346 348
f 348 346 345
f 349 347 350
f 350 347 348
f 343 344 345
f 345 344 348
f 344 351 348
f 348 351 350
f 337 347 338
f 338 347 349
f 353 338 352
f 352 338 349
f 352 355 354
f 354 355 356
f 352 349 355
f 355 349 350
f 352 354 353
f 353 354 334
f 353 334 339
f 339 334 321
f 339 336 353
f 353 336 338
f 329 330 344
f 344 330 351
f 356 351 333
f 333 351 330
f 356 355 351
f 351 355 350
f 354 356 328
f 328 356 333
f 328 325 354
f 354 325 334
f 309 315 319
f 319 315 320
f 320 340 321
f 321 340 339
f 320 315 340
f 340 315 314
f 137 136 261
f 261 136 259
f 140 166 141
f 141 166 165
f 172 171 195
f 195 171 196
f 171 174 196
f 196 174 190
f 178 177 264
f 264 177 187
f 172 195 140
f 140 195 166
f 137 261 262
f 262 261 275
f 178 264 141
f 141 264 138
f 262 177 213
f 213 177 176
f 136 174 259
f 259 174 173
f 358 359 357
f 357 359 360
f 362 363 361
f 361 363 364
f 361 364 365
f 365 364 366
f 367 368 370
f 370 368 369
f 76 371 247
f 247 371 372
f 373 374 362
f 362 374 363
f 376 377 375
f 375 377 378
f 289 229 380
f 380 229 379
f 381 379 263
f 263 379 229
f 383 384 382
f 382 384 385
f 386 368 374
f 374 368 363
f 76 289 371
f 371 289 380
f 377 376 359
f 359 376 387
f 388 386 360
f 360 386 374
f 389 383 366
f 366 383 390
f 392 393 391
f 391 393 394
f 383 382 390
f 390 382 395
f 396 365 390
f 390 365 366
f 389 366 367
f 367 366 364
f 357 397 358
f 358 397 398
f 373 399 357
f 357 399 397
f 389 367 400
f 400 367 370
f 382 385 375
f 375 385 372
f 357 360 373
f 373 360 374
f 361 401 362
f 362 401 402
f 387 388 359
f 359 388 360
f 363 368 364
f 364 368 367
f 358 398 403
f 403 398 404
f 396 392 405
f 405 392 391
f 392 395 393
f 393 395 378
f 393 403 394
f 394 403 404
f 375 378 382
f 382 378 395
f 365 396 406
f 406 396 405
f 362 402 373
f 373 402 399
f 271 270 400
f 400 270 384
f 401 361 406
f 406 361 365
f 381 369 386
f 386 369 368
f 392 396 395
f 395 396 390
f 393 378 403
f 403 378 377
f 403 377 358
f 358 377 359
f 406 405 408
f 408 405 407
f 406 408 401
f 401 408 409
f 401 409 402
f 402 409 410
f 402 410 399
f 399 410 411
f 405 391 407
f 407 391 412
f 391 394 412
f 412 394 413
f 394 404 413
f 413 404 414
f 415 416 412
f 412 416 407
f 418 419 417
f 417 419 420
f 421 422 418
f 418 422 419
f 419 422 424
f 424 422 423
f 425 426 424
f 424 426 427
f 423 428 424
f 424 428 425
f 427 420 424
f 424 420 419
f 420 429 417
f 417 429 430
f 423 422 431
f 431 422 421
f 421 409 431
f 431 409 408
f 421 432 409
f 409 432 410
f 418 433 421
f 421 433 432
f 434 433 417
f 417 433 418
f 431 416 423
f 423 416 428
f 416 431 407
f 407 431 408
f 435 434 430
f 430 434 417
f 433 434 436
f 436 434 437
f 434 435 437
f 437 435 438
f 436 437 439
f 439 437 440
f 439 441 436
f 436 441 442
f 438 443 437
f 437 443 440
f 436 442 433
f 433 442 432
f 432 442 410
f 410 442 411
f 435 430 445
f 445 430 444
f 430 429 444
f 444 429 446
f 425 428 447
f 447 428 416
f 426 425 448
f 448 425 447
f 416 415 447
f 447 415 449
f 447 449 448
f 448 449 450
f 451 452 448
f 448 452 426
f 446 452 444
f 444 452 451
f 399 411 397
f 397 411 453
f 398 454 404
f 404 454 414
f 454 398 453
f 453 398 397
f 453 441 454
f 454 441 455
f 441 439 455
f 455 439 456
f 454 455 414
f 414 455 457
f 441 453 442
f 442 453 411
f 458 413 457
f 457 413 414
f 458 415 413
f 413 415 412
f 458 459 415
f 415 459 449
f 459 458 460
f 460 458 457
f 461 459 462
f 462 459 460
f 455 456 457
f 457 456 460
f 456 463 460
f 460 463 462
f 459 461 449
f 449 461 450
f 465 450 464
f 464 450 461
f 464 467 466
f 466 467 468
f 464 461 467
f 467 461 462
f 464 466 465
f 465 466 445
f 465 445 451
f 451 445 444
f 451 448 465
f 465 448 450
f 439 440 456
f 456 440 463
f 468 463 443
f 443 463 440
f 468 467 463
f 463 467 462
f 466 468 438
f 438 468 443
f 438 435 466
f 466 435 445
f 420 427 429
f 429 427 446
f 446 427 452
f 452 427 426
f 370 369 188
f 188 369 186
f 371 376 372
f 372 376 375
f 380 379 387
f 387 379 388
f 379 381 388
f 388 381 386
f 385 384 278
f 278 384 270
f 380 387 371
f 371 387 376
f 400 370 271
f 271 370 188
f 385 278 372
f 372 278 247
f 400 384 389
f 389 384 383
f 369 381 186
f 186 381 263
f 221 271 144
f 144 271 188
f 221 19 207
f 207 19 22
f 19 18 22
f 22 18 23
f 18 219 23
f 23 219 208
f 469 470 472
f 472 470 471
f 474 475 473
f 473 475 476
f 473 476 477
f 477 476 478
f 480 481 479
f 479 481 482
f 483 484 474
f 474 484 475
f 486 487 485
f 485 487 488
f 489 490 77
f 77 490 142
f 491 489 248
f 248 489 77
f 493 494 492
f 492 494 495
f 496 480 484
f 484 480 475
f 486 497 487
f 487 497 471
f 498 496 472
f 472 496 484
f 499 493 478
f 478 493 500
f 501 502 504
f 504 502 503
f 493 492 500
f 500 492 505
f 506 477 500
f 500 477 478
f 499 478 479
f 479 478 476
f 469 507 470
f 470 507 508
f 483 509 469
f 469 509 507
f 479 482 499
f 499 482 510
f 492 495 485
f 485 495 511
f 483 469 484
f 484 469 472
f 473 512 474
f 474 512 513
f 497 498 471
f 471 498 472
f 475 480 476
f 476 480 479
f 470 508 514
f 514 508 515
f 506 502 516
f 516 502 501
f 503 502 488
f 488 502 505
f 514 515 503
f 503 515 504
f 485 488 492
f 492 488 505
f 477 506 517
f 517 506 516
f 474 513 483
f 483 513 509
f 510 292 494
f 494 292 164
f 512 473 517
f 517 473 477
f 491 481 496
f 496 481 480
f 502 506 505
f 505 506 500
f 503 488 514
f 514 488 487
f 514 487 470
f 470 487 471
f 517 516 519
f 519 516 518
f 517 519 512
f 512 519 520
f 512 520 513
f 513 520 521
f 513 521 509
f 509 521 522
f 516 501 518
f 518 501 523
f 501 504 523
f 523 504 524
f 524 504 525
f 525 504 515
f 526 527 523
f 523 527 518
f 529 530 528
f 528 530 531
f 532 533 529
f 529 533 530
f 530 533 535
f 535 533 534
f 536 537 535
f 535 537 538
f 534 539 535
f 535 539 536
f 538 531 535
f 535 531 530
f 540 541 531
f 531 541 528
f 533 532 534
f 534 532 542
f 532 520 542
f 542 520 519
f 532 543 520
f 520 543 521
f 529 544 532
f 532 544 543
f 544 529 545
f 545 529 528
f 534 542 539
f 539 542 527
f 527 542 518
f 518 542 519
f 541 546 528
f 528 546 545
f 547 544 548
f 548 544 545
f 546 549 545
f 545 549 548
f 550 547 551
f 551 547 548
f 547 550 553
f 553 550 552
f 549 554 548
f 548 554 551
f 544 547 543
f 543 547 553
f 543 553 521
f 521 553 522
f 546 541 556
f 556 541 555
f 541 540 555
f 555 540 557
f 536 539 558
f 558 539 527
f 537 536 559
f 559 536 558
f 527 526 558
f 558 526 560
f 559 558 561
f 561 558 560
f 559 562 537
f 537 562 563
f 557 563 555
f 555 563 562
f 509 522 507
f 507 522 564
f 508 565 515
f 515 565 525
f 565 508 564
f 564 508 507
f 564 552 565
f 565 552 566
f 552 550 566
f 566 550 567
f 565 566 525
f 525 566 568
f 564 522 552
f 552 522 553
f 569 524 568
f 568 524 525
f 569 526 524
f 524 526 523
f 570 560 569
f 569 560 526
f 570 569 571
f 571 569 568
f 572 570 573
f 573 570 571
f 566 567 568
f 568 567 571
f 567 574 571
f 571 574 573
f 570 572 560
f 560 572 561
f 576 561 575
f 575 561 572
f 575 578 577
f 577 578 579
f 575 572 578
f 578 572 573
f 575 577 576
f 576 577 556
f 576 556 562
f 562 556 555
f 562 559 576
f 576 559 561
f 550 551 567
f 567 551 574
f 579 574 554
f 554 574 551
f 579 578 574
f 574 578 573
f 579 554 577
f 577 554 549
f 549 546 577
f 577 546 556
f 531 538 540
f 540 538 557
f 557 538 563
f 563 538 537
f 481 294 482
f 482 294 293
f 580 486 511
f 511 486 485
f 490 489 497
f 497 489 498
f 489 491 498
f 498 491 496
f 163 495 164
f 164 495 494
f 580 490 486
f 486 490 497
f 482 293 510
f 510 293 292
f 495 163 511
f 511 163 199
f 494 493 510
f 510 493 499
f 481 491 294
f 294 491 248
f 582 583 581
f 581 583 584
f 586 587 585
f 585 587 588
f 585 588 589
f 589 588 590
f 592 593 591
f 591 593 594
f 595 596 598
f 598 596 597
f 599 600 586
f 586 600 587
f 601 602 604
f 604 602 603
f 605 606 608
f 608 606 607
f 609 607 200
f 200 607 606
f 610 611 613
f 613 611 612
f 600 614 587
f 587 614 592
f 596 605 597
f 597 605 608
f 602 615 603
f 603 615 583
f 616 614 584
f 584 614 600
f 611 618 617
f 617 618 590
f 620 621 619
f 619 621 622
f 610 623 611
f 611 623 618
f 624 589 618
f 618 589 590
f 617 590 591
f 591 590 588
f 581 625 582
f 582 625 626
f 599 627 581
f 581 627 625
f 591 594 617
f 617 594 628
f 601 610 598
f 598 610 613
f 581 584 599
f 599 584 600
f 585 629 586
f 586 629 630
f 615 616 583
f 583 616 584
f 587 592 588
f 588 592 591
f 582 626 631
f 631 626 632
f 624 620 633
f 633 620 619
f 621 620 604
f 604 620 623
f 631 632 621
f 621 632 622
f 610 601 623
f 623 601 604
f 589 624 634
f 634 624 633
f 586 630 599
f 599 630 627
f 203 202 628
f 628 202 612
f 629 585 634
f 634 585 589
f 609 593 614
f 614 593 592
f 620 624 623
f 623 624 618
f 631 621 603
f 603 621 604
f 582 631 583
f 583 631 603
f 634 633 636
f 636 633 635
f 634 636 629
f 629 636 637
f 629 637 630
f 630 637 638
f 630 638 627
f 627 638 639
f 633 619 635
f 635 619 640
f 619 622 640
f 640 622 641
f 641 622 642
f 642 622 632
f 644 635 643
f 643 635 640
f 645 646 648
f 648 646 647
f 649 650 646
f 646 650 647
f 647 650 652
f 652 650 651
f 652 653 655
f 655 653 654
f 651 656 652
f 652 656 653
f 655 648 652
f 652 648 647
f 648 657 645
f 645 657 658
f 650 649 651
f 651 649 659
f 649 637 659
f 659 637 636
f 649 660 637
f 637 660 638
f 661 660 646
f 646 660 649
f 662 661 645
f 645 661 646
f 651 659 656
f 656 659 644
f 644 659 635
f 635 659 636
f 663 662 658
f 658 662 645
f 664 661 665
f 665 661 662
f 663 666 662
f 662 666 665
f 667 664 668
f 668 664 665
f 664 667 670
f 670 667 669
f 666 671 665
f 665 671 668
f 661 664 660
f 660 664 670
f 660 670 638
f 638 670 639
f 658 672 663
f 663 672 673
f 658 657 672
f 672 657 674
f 653 656 675
f 675 656 644
f 653 675 654
f 654 675 676
f 675 644 677
f 677 644 643
f 676 675 678
f 678 675 677
f 679 680 676
f 676 680 654
f 674 680 672
f 672 680 679
f 627 639 625
f 625 639 681
f 626 682 632
f 632 682 642
f 681 682 625
f 625 682 626
f 669 683 681
f 681 683 682
f 667 684 669
f 669 684 683
f 682 683 642
f 642 683 685
f 681 639 669
f 669 639 670
f 686 641 685
f 685 641 642
f 641 686 640
f 640 686 643
f 686 687 643
f 643 687 677
f 687 686 688
f 688 686 685
f 689 687 690
f 690 687 688
f 683 684 685
f 685 684 688
f 684 691 688
f 688 691 690
f 687 689 677
f 677 689 678
f 693 678 692
f 692 678 689
f 692 695 694
f 694 695 696
f 692 689 695
f 695 689 690
f 692 694 693
f 693 694 673
f 693 673 679
f 679 673 672
f 679 676 693
f 693 676 678
f 684 667 691
f 691 667 668
f 696 691 671
f 671 691 668
f 696 695 691
f 691 695 690
f 694 696 666
f 666 696 671
f 666 663 694
f 694 663 673
f 648 655 657
f 657 655 674
f 674 655 680
f 680 655 654
f 593 162 594
f 594 162 290
f 598 597 601
f 601 597 602
f 615 608 616
f 616 608 607
f 607 609 616
f 616 609 614
f 697 595 613
f 613 595 598
f 597 608 602
f 602 608 615
f 594 290 628
f 628 290 203
f 628 612 617
f 617 612 611
f 593 609 162
f 162 609 200
f 105 29 698
f 698 29 699
f 268 126 701
f 701 126 700
f 126 125 700
f 700 125 702
f 252 703 250
f 250 703 704
f 32 268 705
f 705 268 701
f 288 105 706
f 706 105 698
f 29 32 699
f 699 32 705
f 707 251 706
f 706 251 288
f 250 704 125
f 125 704 702
f 703 252 707
f 707 252 251
f 706 708 707
f 707 708 709
f 707 709 703
f 703 709 710
f 703 710 704
f 704 710 711
f 704 711 702
f 702 711 712
f 706 698 708
f 708 698 713
f 698 699 713
f 713 699 714
f 699 705 714
f 714 705 715
f 717 708 716
f 716 708 713
f 719 720 718
f 718 720 721
f 722 723 719
f 719 723 720
f 724 725 723
f 723 725 720
f 724 726 725
f 725 726 727
f 728 721 725
f 725 721 720
f 721 728 729
f 729 728 730
f 729 731 721
f 721 731 718
f 724 723 732
f 732 723 722
f 722 710 732
f 732 710 709
f 722 733 710
f 710 733 711
f 719 734 722
f 722 734 733
f 734 719 735
f 735 719 718
f 724 732 726
f 726 732 717
f 717 732 708
f 708 732 709
f 731 736 718
f 718 736 735
f 737 734 738
f 738 734 735
f 736 739 735
f 735 739 738
f 740 737 741
f 741 737 738
f 737 740 743
f 743 740 742
f 739 744 738
f 738 744 741
f 734 737 733
f 733 737 743
f 733 743 711
f 711 743 712
f 736 731 746
f 746 731 745
f 731 729 745
f 745 729 730
f 727 726 747
f 747 726 717
f 748 727 749
f 749 727 747
f 747 717 750
f 750 717 716
f 749 747 751
f 751 747 750
f 749 752 748
f 748 752 753
f 730 753 745
f 745 753 752
f 728 725 748
f 748 725 727
f 730 728 753
f 753 728 748
f 700 702 754
f 754 702 712
f 705 701 715
f 715 701 755
f 754 755 700
f 700 755 701
f 742 756 754
f 754 756 755
f 740 757 742
f 742 757 756
f 755 756 715
f 715 756 758
f 754 712 742
f 742 712 743
f 759 714 758
f 758 714 715
f 714 759 713
f 713 759 716
f 759 760 716
f 716 760 750
f 760 759 761
f 761 759 758
f 762 760 763
f 763 760 761
f 756 757 758
f 758 757 761
f 757 764 761
f 761 764 763
f 760 762 750
f 750 762 751
f 766 751 765
f 765 751 762
f 767 765 769
f 769 765 768
f 765 762 768
f 768 762 763
f 765 767 766
f 766 767 746
f 766 746 752
f 752 746 745
f 752 749 766
f 766 749 751
f 757 740 764
f 764 740 741
f 769 764 744
f 744 764 741
f 769 768 764
f 764 768 763
f 767 769 739
f 739 769 744
f 739 736 767
f 767 736 746
f 219 217 208
f 208 217 209
f 209 217 210
f 210 217 193
f 198 580 199
f 199 580 511
f 76 75 289
f 289 75 272
f 277 207 291
f 291 207 184
f 290 183 203
f 203 183 84
f 490 580 142
f 142 580 198
f 142 198 143
f 143 198 197
f 149 276 72
f 72 276 73
f 104 103 279
f 279 103 770
f 770 596 279
f 279 596 595
f 605 596 771
f 771 596 770
f 771 770 772
f 772 770 103
f 772 103 773
f 773 103 102
f 155 774 101
f 101 774 102
f 773 102 97
f 97 102 774
f 775 773 100
f 100 773 97
f 773 775 772
f 772 775 776
f 772 776 771
f 771 776 777
f 200 606 197
f 197 606 777
f 189 71 778
f 778 71 74
f 97 774 98
f 98 774 155
f 183 161 184
f 184 161 291
f 777 276 197
f 197 276 143
f 777 606 771
f 771 606 605
f 613 612 697
f 697 612 202
f 595 697 279
f 279 697 202
f 73 276 776
f 776 276 777
f 776 775 73
f 73 775 74
f 100 778 775
f 775 778 74
f 778 100 189
f 189 100 99
f 245 242 99
f 99 242 189
f 131 33 256
f 28 1 95
f 95 1 62
f 27 2 28
f 28 2 1
f 265 115 266
f 266 115 114
f 95 62 69
f 69 62 64
f 62 61 64
f 64 61 65
f 61 13 65
f 65 13 130
f 13 12 130
f 130 12 14
f 31 11 32
f 32 11 268
f 15 12 31
f 31 12 11
f 31 30 15
f 15 30 231
f 30 106 231
f 231 106 232
f 287 237 106
f 106 237 232
f 254 90 287
f 287 90 237
f 253 44 254
f 254 44 90
f 253 249 44
f 44 249 7
f 267 127 268
f 268 127 126
f 10 3 241
f 241 3 116
f 3 2 116
f 116 2 114
f 2 27 114
f 114 27 266
f 27 26 266
f 266 26 113
f 26 286 113
f 113 286 110
f 286 243 110
f 110 243 255
f 243 242 255
f 255 242 256
f 242 245 256
f 256 245 131
f 245 244 131
f 131 244 132
f 265 37 115
f 115 37 41
f 41 37 42
f 42 37 40
f 92 91 40
f 40 91 42
f 236 233 92
f 92 233 91
f 191 194 236
f 236 194 233
f 258 285 244
f 244 285 132
f 257 55 258
f 258 55 285
f 257 154 201
f 201 154 185
f 56 201 204
f 204 201 180
f 55 257 56
f 56 257 201
f 204 85 56
f 56 85 52
f 86 122 53
f 53 122 79
f 212 215 86
f 86 215 122
f 211 216 212
f 212 216 215
f 192 280 211
f 211 280 216
f 191 240 192
f 192 240 280
f 249 124 7
f 7 124 8
f 124 127 8
f 8 127 241
f 127 267 241
f 241 267 10
f 10 267 9
f 9 267 11
o hand_right
v 0.123370 0.430047 0.908253
v 0.127992 0.439447 0.907205
v 0.117077 0.439016 0.908938
v 0.113313 0.429495 0.908743
v 0.123363 0.460710 0.907247
v 0.120967 0.469044 0.898409
v 0.106489 0.463206 0.902772
v 0.110943 0.457680 0.910231
v 0.105428 0.428025 0.907256
v 0.108767 0.438258 0.909977
v 0.103042 0.427464 0.902198
v 0.102267 0.415142 0.896378
v 0.103686 0.417880 0.903320
v 0.101680 0.406333 0.895981
v 0.108024 0.415569 0.886546
v 0.107608 0.400373 0.890875
v 0.136956 0.407045 0.887139
v 0.149279 0.406281 0.892849
v 0.142187 0.392513 0.899937
v 0.129976 0.394942 0.894159
v 0.159826 0.398760 0.909288
v 0.149905 0.394493 0.904450
v 0.157441 0.407533 0.896473
v 0.165899 0.410761 0.901312
v 0.139836 0.431763 0.910570
v 0.145250 0.440603 0.908506
v 0.139518 0.439596 0.906912
v 0.134421 0.431492 0.908828
v 0.096234 0.434799 0.896675
v 0.102865 0.433295 0.887017
v 0.102606 0.427929 0.893277
v 0.097615 0.434196 0.902064
v 0.162630 0.464002 0.910302
v 0.168959 0.470925 0.900584
v 0.164280 0.471489 0.897078
v 0.159712 0.464592 0.906473
v 0.142391 0.473116 0.891671
v 0.150619 0.474491 0.885632
v 0.148684 0.475812 0.871966
v 0.140203 0.472042 0.875272
v 0.131534 0.471421 0.895935
v 0.129508 0.471980 0.881993
v 0.118279 0.469341 0.886881
v 0.103196 0.463447 0.893838
v 0.180261 0.467914 0.905892
v 0.177123 0.462817 0.914100
v 0.080946 0.390261 0.934985
v 0.085761 0.390529 0.938414
v 0.087702 0.391523 0.934766
v 0.082736 0.390853 0.931781
v 0.192149 0.451653 0.904526
v 0.194440 0.445343 0.896969
v 0.197764 0.451671 0.895562
v 0.194270 0.458181 0.901411
v 0.189169 0.443080 0.908659
v 0.189153 0.436996 0.899134
v 0.077347 0.378088 0.933581
v 0.076014 0.383045 0.933109
v 0.078137 0.382067 0.928522
v 0.080167 0.377038 0.928757
v 0.109423 0.420564 0.908015
v 0.118512 0.422264 0.910729
v 0.104793 0.405498 0.913187
v 0.110987 0.410939 0.912203
v 0.105795 0.412313 0.907392
v 0.101550 0.406833 0.907885
v 0.133263 0.412236 0.920109
v 0.138143 0.421826 0.915485
v 0.131955 0.420917 0.913221
v 0.124971 0.411130 0.917972
v 0.149631 0.423414 0.923660
v 0.144052 0.413585 0.927236
v 0.151262 0.415565 0.931481
v 0.153564 0.422794 0.928879
v 0.132451 0.396768 0.930879
v 0.129674 0.390329 0.932445
v 0.131848 0.390254 0.934750
v 0.135720 0.397143 0.932447
v 0.201093 0.457406 0.893090
v 0.195695 0.464235 0.897663
v 0.176024 0.405843 0.921727
v 0.180156 0.414045 0.928103
v 0.177196 0.402893 0.935537
v 0.173601 0.396941 0.926485
v 0.190771 0.440293 0.888644
v 0.196281 0.445768 0.887520
v 0.081627 0.374233 0.935968
v 0.084489 0.373506 0.931545
v 0.120581 0.462413 0.875719
v 0.102791 0.458251 0.885433
v 0.134344 0.464649 0.869895
v 0.144074 0.465781 0.865961
v 0.150715 0.469407 0.862014
v 0.114320 0.407026 0.916682
v 0.127741 0.424542 0.910804
v 0.144362 0.432188 0.912927
v 0.166993 0.432761 0.933914
v 0.170648 0.441873 0.929884
v 0.160669 0.439747 0.926711
v 0.159787 0.431835 0.930455
v 0.177589 0.419722 0.935686
v 0.170384 0.422143 0.938568
v 0.168054 0.413700 0.942277
v 0.174818 0.409854 0.940723
v 0.092282 0.439116 0.891854
v 0.102904 0.439261 0.882122
v 0.186509 0.458469 0.910341
v 0.187173 0.464318 0.905279
v 0.190292 0.469539 0.899394
v 0.152791 0.452879 0.909277
v 0.157619 0.465104 0.903919
v 0.153558 0.465249 0.902332
v 0.150418 0.451884 0.907339
v 0.133048 0.450319 0.907986
v 0.137043 0.462916 0.904589
v 0.121364 0.449086 0.911116
v 0.158792 0.473610 0.891525
v 0.168436 0.478765 0.891104
v 0.162021 0.479694 0.884998
v 0.176789 0.476641 0.895799
v 0.184516 0.473558 0.899045
v 0.202526 0.450106 0.883709
v 0.156382 0.478852 0.878784
v 0.102649 0.454390 0.911437
v 0.095637 0.451004 0.912701
v 0.099002 0.444085 0.913192
v 0.105210 0.446308 0.912317
v 0.099444 0.397963 0.898590
v 0.098614 0.403778 0.903568
v 0.101627 0.411442 0.901147
v 0.162405 0.455264 0.917858
v 0.174654 0.454796 0.920918
v 0.107786 0.401549 0.917562
v 0.083761 0.377777 0.923901
v 0.081281 0.383152 0.923582
v 0.092115 0.390829 0.908791
v 0.094526 0.384270 0.908973
v 0.108251 0.391866 0.921207
v 0.106000 0.398585 0.919556
v 0.105278 0.396702 0.920883
v 0.107326 0.391429 0.924309
v 0.139895 0.393590 0.938032
v 0.143239 0.399699 0.936056
v 0.122496 0.384894 0.904369
v 0.113271 0.386646 0.894509
v 0.118646 0.397041 0.889260
v 0.139817 0.413433 0.923494
v 0.136086 0.404774 0.928135
v 0.139716 0.404988 0.930192
v 0.115571 0.403181 0.919376
v 0.111385 0.397557 0.920670
v 0.116269 0.397946 0.921796
v 0.120684 0.403715 0.920942
v 0.184304 0.424224 0.920581
v 0.181563 0.430829 0.929737
v 0.077413 0.387473 0.933364
v 0.079247 0.387335 0.929427
v 0.144463 0.422822 0.918888
v 0.125561 0.409478 0.884621
v 0.148986 0.432829 0.915851
v 0.156846 0.387634 0.928290
v 0.155892 0.390546 0.935394
v 0.151442 0.387033 0.938245
v 0.151807 0.382691 0.933881
v 0.098508 0.385166 0.935219
v 0.095532 0.390157 0.935068
v 0.092587 0.388850 0.937647
v 0.095229 0.383708 0.938557
v 0.102525 0.401895 0.916061
v 0.098651 0.402928 0.911157
v 0.096384 0.400184 0.915296
v 0.101005 0.398918 0.918984
v 0.095907 0.399312 0.906825
v 0.093047 0.396759 0.911001
v 0.098229 0.378870 0.933329
v 0.093861 0.373957 0.929560
v 0.104906 0.379465 0.916907
v 0.106584 0.383964 0.923324
v 0.172268 0.421483 0.892809
v 0.180339 0.424113 0.900024
v 0.174311 0.413387 0.908618
v 0.169427 0.402040 0.916656
v 0.163501 0.391909 0.924192
v 0.155732 0.388032 0.915725
v 0.180121 0.416781 0.913275
v 0.114782 0.385654 0.916708
v 0.112800 0.383350 0.908722
v 0.118162 0.383367 0.910971
v 0.154035 0.433891 0.921242
v 0.081939 0.388590 0.924894
v 0.159320 0.449384 0.861289
v 0.170737 0.444031 0.865543
v 0.164480 0.438806 0.868863
v 0.151492 0.445167 0.864726
v 0.090327 0.393429 0.932117
v 0.085114 0.393186 0.928202
v 0.148420 0.398989 0.940371
v 0.144773 0.393299 0.941118
v 0.147356 0.390693 0.942053
v 0.151539 0.396043 0.944233
v 0.184352 0.427044 0.903308
v 0.172841 0.396534 0.940969
v 0.170500 0.391649 0.932486
v 0.185305 0.433390 0.892242
v 0.178689 0.430796 0.885524
v 0.183789 0.437523 0.880656
v 0.141231 0.383016 0.913644
v 0.164961 0.418654 0.889059
v 0.172054 0.429177 0.882033
v 0.177840 0.437151 0.876051
v 0.182787 0.442392 0.871822
v 0.188736 0.442391 0.877416
v 0.088522 0.374429 0.926780
v 0.090235 0.372890 0.935156
v 0.195307 0.446827 0.872969
v 0.188022 0.447132 0.867219
v 0.163836 0.428658 0.877857
v 0.153352 0.429220 0.873601
v 0.157234 0.418605 0.884983
v 0.146335 0.418138 0.881224
v 0.135826 0.382227 0.904356
v 0.085241 0.376999 0.951219
v 0.091254 0.376980 0.942246
v 0.092577 0.382663 0.942511
v 0.087454 0.380622 0.951967
v 0.094676 0.377777 0.937707
v 0.087421 0.373663 0.939512
v 0.132307 0.422284 0.878130
v 0.113340 0.391997 0.923050
v 0.137607 0.437050 0.870791
v 0.114481 0.425294 0.878816
v 0.117936 0.437785 0.874959
v 0.141277 0.453295 0.863974
v 0.125385 0.451377 0.869237
v 0.156134 0.461043 0.857930
v 0.149780 0.456047 0.861206
v 0.109859 0.450292 0.876638
v 0.079222 0.390675 0.945635
v 0.084376 0.389887 0.948044
v 0.164981 0.454140 0.857430
v 0.111844 0.447388 0.912027
v 0.155843 0.443951 0.917465
v 0.152011 0.442529 0.913525
v 0.172390 0.447138 0.926638
v 0.161344 0.446573 0.922668
v 0.074836 0.388333 0.943694
v 0.130020 0.384545 0.932263
v 0.131386 0.385994 0.931738
v 0.098437 0.459436 0.905973
v 0.092362 0.455943 0.907859
v 0.087185 0.451138 0.896596
v 0.088285 0.455552 0.902269
v 0.094893 0.459553 0.898002
v 0.093813 0.455146 0.891631
v 0.154562 0.453366 0.911252
v 0.157337 0.453549 0.914053
v 0.187090 0.434355 0.914523
v 0.183737 0.440396 0.923767
v 0.096693 0.393740 0.903481
v 0.104062 0.391054 0.896187
v 0.100266 0.387636 0.902625
v 0.100476 0.380499 0.910469
v 0.112569 0.387481 0.921706
v 0.110446 0.386812 0.918434
v 0.145900 0.463837 0.903579
v 0.143677 0.450715 0.906514
v 0.104078 0.438338 0.909181
v 0.099610 0.437336 0.909228
v 0.128336 0.405223 0.923206
v 0.133123 0.377598 0.920084
v 0.128473 0.377216 0.912654
v 0.124198 0.397487 0.925585
v 0.073018 0.380224 0.944632
v 0.072917 0.385088 0.943678
v 0.106234 0.383650 0.903413
v 0.146490 0.406926 0.935015
v 0.139335 0.381686 0.921377
v 0.132733 0.379360 0.927354
v 0.172018 0.404813 0.944073
v 0.176156 0.449780 0.861424
v 0.090640 0.387946 0.941809
v 0.087955 0.386928 0.950035
v 0.082161 0.374870 0.949094
v 0.077157 0.375600 0.945835
v 0.184097 0.449446 0.917680
v 0.149193 0.441295 0.911195
v 0.098106 0.448197 0.884494
v 0.089329 0.445211 0.892417
v 0.122087 0.392653 0.927038
v 0.162349 0.390068 0.931580
v 0.151272 0.382533 0.922451
v 0.146557 0.377339 0.928908
v 0.138977 0.377108 0.928111
v 0.132780 0.380209 0.930699
v 0.080393 0.376128 0.954237
v 0.075223 0.376845 0.951289
v 0.071203 0.381479 0.950187
v 0.071251 0.385979 0.948892
v 0.074166 0.389192 0.947850
v 0.083577 0.378267 0.956443
v 0.085486 0.381639 0.956852
v 0.086674 0.386953 0.953479
v 0.082675 0.380259 0.960748
v 0.077843 0.378615 0.961897
v 0.067648 0.387641 0.962746
v 0.068913 0.383710 0.958551
v 0.069254 0.383281 0.961228
v 0.068334 0.385832 0.965384
v 0.067948 0.387206 0.970335
v 0.066949 0.389683 0.967957
v 0.072622 0.380188 0.960569
v 0.071805 0.383074 0.966533
v 0.075735 0.382088 0.967766
v 0.074416 0.383841 0.972800
v 0.070767 0.384620 0.971937
v 0.075856 0.379958 0.963695
v 0.072999 0.378990 0.958597
v 0.068011 0.390076 0.972450
v 0.068149 0.387646 0.973211
v 0.070695 0.386044 0.974664
v 0.071147 0.388681 0.976186
v 0.069840 0.387479 0.953794
v 0.068145 0.390006 0.961721
v 0.068955 0.392083 0.967340
v 0.069848 0.392188 0.971864
v 0.071199 0.392684 0.962350
v 0.071599 0.393396 0.967140
v 0.072825 0.393456 0.971010
v 0.075140 0.393940 0.963454
v 0.074709 0.393938 0.967667
v 0.077203 0.391409 0.951972
v 0.073245 0.390092 0.951100
v 0.074712 0.394213 0.970293
v 0.072764 0.390249 0.975954
v 0.079309 0.381898 0.966865
v 0.077435 0.385110 0.972759
v 0.081263 0.383249 0.966664
v 0.079613 0.386140 0.972682
v 0.075486 0.386446 0.976481
v 0.073553 0.385315 0.975147
v 0.079043 0.390663 0.948282
v 0.084278 0.389607 0.950835
v 0.082923 0.390252 0.954007
v 0.079665 0.393071 0.964747
v 0.085495 0.387850 0.956740
v 0.084533 0.383545 0.960918
v 0.082495 0.385903 0.967076
v 0.082642 0.389266 0.966383
v 0.080675 0.388218 0.971520
v 0.080337 0.390434 0.970232
v 0.078092 0.393262 0.968919
v 0.078255 0.390183 0.974118
v 0.077034 0.388030 0.975835
v 0.074972 0.392040 0.974022
v 0.078816 0.391245 0.972508
v 0.076315 0.392735 0.971780
v 0.106761 0.377300 0.948429
v 0.112519 0.376848 0.951459
v 0.112513 0.375399 0.947552
v 0.107729 0.375698 0.944987
v 0.101685 0.363913 0.947135
v 0.101072 0.370357 0.946899
v 0.102227 0.367643 0.941713
v 0.104550 0.361046 0.941875
v 0.107139 0.359355 0.949025
v 0.110413 0.357489 0.943586
v 0.106852 0.361857 0.936405
v 0.104299 0.368693 0.937081
v 0.113217 0.379868 0.921937
v 0.116226 0.373786 0.919869
v 0.125186 0.385937 0.933718
v 0.127213 0.382399 0.933889
v 0.103481 0.375039 0.947387
v 0.104167 0.372892 0.943088
v 0.120847 0.372595 0.947876
v 0.117089 0.376580 0.947538
v 0.116875 0.374547 0.949748
v 0.119627 0.369875 0.950968
v 0.115021 0.386825 0.926699
v 0.120419 0.387085 0.930013
v 0.113245 0.384059 0.924570
v 0.122360 0.366079 0.946446
v 0.120340 0.360279 0.943156
v 0.128445 0.370154 0.926973
v 0.129818 0.374261 0.931739
v 0.104799 0.373732 0.939292
v 0.111716 0.377870 0.945695
v 0.107441 0.377526 0.942564
v 0.113817 0.359259 0.938153
v 0.116793 0.358940 0.948753
v 0.112277 0.368455 0.966226
v 0.117246 0.365099 0.956152
v 0.118125 0.370267 0.955770
v 0.114155 0.373224 0.966325
v 0.119622 0.364140 0.950874
v 0.113618 0.360923 0.953918
v 0.104462 0.382030 0.961162
v 0.110325 0.381334 0.963670
v 0.100383 0.380059 0.960270
v 0.122702 0.370064 0.921495
v 0.098180 0.369703 0.959516
v 0.098202 0.376391 0.959425
v 0.116966 0.374872 0.953723
v 0.113666 0.378162 0.965697
v 0.108956 0.365499 0.964965
v 0.102928 0.364775 0.960744
v 0.106605 0.367933 0.969943
v 0.100858 0.367919 0.967008
v 0.096382 0.372778 0.965116
v 0.097248 0.378464 0.963701
v 0.099976 0.381383 0.963349
v 0.110096 0.370570 0.971047
v 0.112419 0.374887 0.970677
v 0.112291 0.379211 0.967833
v 0.109366 0.375424 0.976229
v 0.105277 0.373469 0.976992
v 0.094564 0.388309 0.980034
v 0.094772 0.383921 0.975898
v 0.095498 0.382357 0.977901
v 0.095314 0.386238 0.981827
v 0.094932 0.378203 0.973113
v 0.095962 0.378363 0.975490
v 0.099416 0.375396 0.976519
v 0.099192 0.380329 0.980273
v 0.103821 0.379078 0.981151
v 0.103192 0.382718 0.985568
v 0.098512 0.383922 0.985027
v 0.102797 0.375649 0.978481
v 0.095925 0.388243 0.984796
v 0.096349 0.390814 0.984785
v 0.099090 0.372815 0.974507
v 0.095993 0.380368 0.967488
v 0.095509 0.386445 0.974229
v 0.096203 0.390976 0.979020
v 0.098773 0.392663 0.984423
v 0.098687 0.389185 0.973587
v 0.099061 0.392495 0.978664
v 0.101183 0.393204 0.983215
v 0.103217 0.390698 0.973706
v 0.103247 0.393170 0.978994
v 0.104036 0.384145 0.965270
v 0.099338 0.383189 0.965377
v 0.103038 0.393286 0.981652
v 0.099198 0.389102 0.988357
v 0.101420 0.391502 0.987481
v 0.098647 0.387447 0.987627
v 0.105957 0.379069 0.981209
v 0.105180 0.383789 0.985586
v 0.108459 0.380436 0.980946
v 0.107001 0.385421 0.985681
v 0.103481 0.387014 0.988617
v 0.101979 0.386176 0.988401
v 0.104213 0.382400 0.963689
v 0.109499 0.381522 0.965547
v 0.109403 0.383016 0.966784
v 0.108044 0.389188 0.975405
v 0.112259 0.380354 0.969593
v 0.111604 0.377727 0.974303
v 0.110260 0.382252 0.979647
v 0.110500 0.385887 0.977882
v 0.108766 0.386538 0.984964
v 0.109303 0.388092 0.982102
v 0.106982 0.391721 0.979902
v 0.106386 0.389666 0.987461
v 0.104736 0.388286 0.988509
v 0.103003 0.392230 0.986040
v 0.107563 0.390324 0.984778
v 0.104960 0.392580 0.983477
v 0.125493 0.380814 0.955080
v 0.130682 0.381974 0.957408
v 0.131695 0.381741 0.954524
v 0.126793 0.380064 0.952247
v 0.123807 0.368042 0.954936
v 0.121695 0.372539 0.954509
v 0.123463 0.371434 0.950174
v 0.126208 0.366798 0.949255
v 0.127904 0.365938 0.958400
v 0.131463 0.364070 0.951011
v 0.128504 0.367173 0.944102
v 0.125021 0.371794 0.946185
v 0.131154 0.378240 0.934255
v 0.135462 0.373319 0.932917
v 0.122785 0.377159 0.954485
v 0.124176 0.376432 0.951181
v 0.139431 0.379829 0.955847
v 0.135600 0.382672 0.954997
v 0.136253 0.380343 0.957039
v 0.138752 0.376793 0.958268
v 0.132451 0.388317 0.937754
v 0.138085 0.389684 0.939728
v 0.130333 0.383727 0.936574
v 0.141520 0.373510 0.954497
v 0.140407 0.367340 0.950539
v 0.147396 0.375808 0.940106
v 0.147537 0.381335 0.942762
v 0.124741 0.376638 0.948142
v 0.130963 0.383752 0.952547
v 0.126446 0.381491 0.950155
v 0.134611 0.365835 0.945805
v 0.136932 0.365921 0.955541
v 0.130175 0.373633 0.975750
v 0.137480 0.370985 0.961713
v 0.137570 0.376955 0.961239
v 0.131577 0.377906 0.975482
v 0.139415 0.371042 0.958377
v 0.134046 0.366661 0.960526
v 0.121060 0.384790 0.969286
v 0.126382 0.384877 0.970943
v 0.118448 0.381486 0.967842
v 0.142232 0.371889 0.934842
v 0.144609 0.387388 0.942964
v 0.117405 0.374148 0.969481
v 0.117076 0.378332 0.968152
v 0.135341 0.380296 0.959622
v 0.130611 0.382212 0.973729
v 0.126934 0.370435 0.974050
v 0.121612 0.370042 0.970916
v 0.125529 0.372568 0.979281
v 0.120018 0.372482 0.976472
v 0.115789 0.376225 0.974929
v 0.115856 0.380347 0.973161
v 0.117431 0.383373 0.972407
v 0.128923 0.375818 0.980467
v 0.130122 0.379504 0.979655
v 0.129524 0.382579 0.975445
v 0.128361 0.378445 0.984021
v 0.123642 0.376022 0.985397
v 0.112995 0.387986 0.990708
v 0.113757 0.384830 0.985914
v 0.114356 0.384037 0.986675
v 0.113456 0.386688 0.991746
v 0.114711 0.379522 0.981746
v 0.115165 0.380034 0.983684
v 0.118077 0.377516 0.984643
v 0.117493 0.381256 0.989885
v 0.123486 0.381160 0.990217
v 0.122020 0.384069 0.994181
v 0.116462 0.384076 0.994417
v 0.122265 0.377417 0.986377
v 0.113877 0.387885 0.994712
v 0.112471 0.389250 0.994737
v 0.118394 0.375733 0.982825
v 0.114178 0.382765 0.978071
v 0.113463 0.387250 0.984262
v 0.112606 0.390721 0.989024
v 0.113886 0.392193 0.993016
v 0.115837 0.389974 0.982999
v 0.115024 0.392417 0.987791
v 0.116046 0.393698 0.991438
v 0.118821 0.391350 0.982686
v 0.118129 0.393225 0.987176
v 0.120306 0.386398 0.974336
v 0.116581 0.385103 0.975663
v 0.118045 0.393864 0.990278
v 0.116185 0.388261 0.997625
v 0.118332 0.391716 0.996449
v 0.116317 0.386978 0.996456
v 0.125293 0.381129 0.989755
v 0.124041 0.385098 0.994882
v 0.127360 0.382836 0.988810
v 0.125961 0.386797 0.993895
v 0.121241 0.386961 0.997498
v 0.120420 0.386266 0.996931
v 0.121031 0.385064 0.971935
v 0.125969 0.384967 0.973074
v 0.125136 0.386235 0.975097
v 0.123357 0.391523 0.983843
v 0.128821 0.384065 0.977317
v 0.129332 0.381925 0.982955
v 0.127828 0.385768 0.987392
v 0.126664 0.389077 0.985965
v 0.126415 0.388951 0.992142
v 0.125536 0.390402 0.989834
v 0.122157 0.393439 0.987994
v 0.123466 0.390825 0.994349
v 0.122885 0.389008 0.996611
v 0.119661 0.393327 0.994056
v 0.123609 0.392029 0.992161
v 0.120696 0.393847 0.991803
v 0.142015 0.389556 0.941761
v 0.141814 0.389445 0.961561
v 0.145289 0.390525 0.963788
v 0.146523 0.390503 0.962568
v 0.143317 0.390288 0.959645
v 0.142471 0.378842 0.957327
v 0.139941 0.382773 0.958165
v 0.141751 0.383065 0.954358
v 0.144307 0.379322 0.953533
v 0.147070 0.376855 0.958881
v 0.149027 0.377635 0.955855
v 0.146727 0.380762 0.950801
v 0.144079 0.384767 0.951287
v 0.153636 0.390804 0.939020
v 0.158221 0.387772 0.937629
v 0.168099 0.400793 0.947380
v 0.164136 0.404555 0.947128
v 0.160518 0.399233 0.952780
v 0.164470 0.396461 0.952718
v 0.140077 0.386518 0.959646
v 0.141402 0.387611 0.956513
v 0.155945 0.387533 0.963629
v 0.152364 0.390822 0.963182
v 0.150170 0.390069 0.964558
v 0.153666 0.387340 0.966014
v 0.158958 0.403833 0.946075
v 0.155317 0.401222 0.944406
v 0.153426 0.399332 0.947128
v 0.155977 0.399476 0.951211
v 0.151231 0.395454 0.944066
v 0.157157 0.383701 0.961909
v 0.155889 0.379514 0.957799
v 0.168271 0.389426 0.946643
v 0.167678 0.393241 0.949875
v 0.143077 0.388114 0.954411
v 0.148481 0.391981 0.960781
v 0.145062 0.391026 0.958556
v 0.151480 0.378424 0.953099
v 0.153354 0.378993 0.960589
v 0.149793 0.381455 0.973097
v 0.153917 0.382689 0.966582
v 0.152608 0.387362 0.967505
v 0.149548 0.384692 0.973464
v 0.154797 0.383126 0.964688
v 0.151568 0.378291 0.963660
v 0.138977 0.389063 0.968056
v 0.143779 0.389583 0.970469
v 0.137042 0.386747 0.966546
v 0.163989 0.386830 0.940254
v 0.138031 0.379309 0.965713
v 0.136230 0.383376 0.966116
v 0.148857 0.389848 0.966012
v 0.147472 0.387863 0.972507
v 0.147639 0.377809 0.971042
v 0.142981 0.376354 0.967059
v 0.144965 0.378076 0.974890
v 0.140323 0.377029 0.970985
v 0.135581 0.381028 0.969685
v 0.135379 0.384799 0.968927
v 0.136503 0.387787 0.969135
v 0.147759 0.381760 0.976390
v 0.148042 0.384875 0.976142
v 0.146622 0.388004 0.974262
v 0.145664 0.382271 0.979867
v 0.141467 0.379950 0.979913
v 0.131886 0.388717 0.983343
v 0.132699 0.387267 0.979530
v 0.133066 0.386256 0.980090
v 0.131646 0.387693 0.983690
v 0.133913 0.383799 0.975405
v 0.134248 0.383549 0.977135
v 0.136847 0.380970 0.977396
v 0.135253 0.383080 0.982044
v 0.139970 0.382698 0.984635
v 0.138132 0.384354 0.987969
v 0.134052 0.384249 0.985482
v 0.139731 0.380458 0.980598
v 0.131174 0.387640 0.986435
v 0.130711 0.388780 0.987112
v 0.137229 0.379545 0.975709
v 0.134121 0.387174 0.973070
v 0.132528 0.389824 0.979366
v 0.131497 0.390931 0.984246
v 0.131836 0.390596 0.988058
v 0.134180 0.391591 0.978546
v 0.132778 0.392878 0.984214
v 0.133253 0.392454 0.987848
v 0.137161 0.393130 0.978623
v 0.135288 0.393689 0.984024
v 0.139360 0.391251 0.972655
v 0.136118 0.389765 0.972511
v 0.134787 0.392897 0.987011
v 0.132878 0.386824 0.989737
v 0.134105 0.389491 0.990240
v 0.133098 0.385542 0.988811
v 0.141320 0.382972 0.984866
v 0.139222 0.385127 0.988931
v 0.143277 0.384539 0.984908
v 0.140314 0.387002 0.989098
v 0.136365 0.386286 0.990689
v 0.135817 0.385093 0.989335
v 0.139297 0.390220 0.970615
v 0.143075 0.389921 0.971962
v 0.143263 0.390649 0.974235
v 0.140987 0.392691 0.979968
v 0.146469 0.388236 0.976561
v 0.147024 0.384980 0.978714
v 0.144161 0.387039 0.984182
v 0.143748 0.390089 0.982668
v 0.140592 0.389133 0.988662
v 0.140446 0.391612 0.986885
v 0.138470 0.393506 0.985021
v 0.137228 0.390237 0.990049
v 0.136831 0.388582 0.990887
v 0.135188 0.391169 0.989603
v 0.137667 0.391695 0.988823
v 0.136421 0.392454 0.988059
v 0.169153 0.396863 0.946727
v 0.083266 0.434768 0.902112
v 0.087212 0.432605 0.905432
v 0.088495 0.442983 0.918464
v 0.089942 0.436440 0.915973
v 0.084308 0.448438 0.917128
v 0.077771 0.450409 0.908213
v 0.081316 0.451167 0.912769
v 0.089413 0.432859 0.911019
v 0.079668 0.439403 0.900458
v 0.077203 0.446225 0.902429
v 0.072842 0.433769 0.904623
v 0.069609 0.441450 0.907056
v 0.069706 0.446389 0.912512
v 0.076169 0.448402 0.917009
v 0.080276 0.447232 0.920051
v 0.080083 0.431149 0.906617
v 0.084477 0.430173 0.909624
v 0.087727 0.432329 0.914922
v 0.078113 0.426483 0.913379
v 0.070575 0.425977 0.920030
v 0.064937 0.434049 0.937511
v 0.067200 0.437463 0.931844
v 0.066136 0.435067 0.930847
v 0.063708 0.432316 0.936043
v 0.067123 0.438201 0.926017
v 0.067054 0.435860 0.926399
v 0.067743 0.432007 0.922842
v 0.065927 0.429408 0.928118
v 0.069796 0.427244 0.922627
v 0.069588 0.424753 0.926495
v 0.063958 0.426676 0.932981
v 0.061893 0.429145 0.938031
v 0.062491 0.424511 0.937226
v 0.063482 0.429818 0.940721
v 0.065347 0.432182 0.920208
v 0.070963 0.443724 0.924578
v 0.069804 0.439898 0.932482
v 0.068146 0.435411 0.938918
v 0.066519 0.430158 0.941957
v 0.074142 0.440052 0.933538
v 0.072486 0.435053 0.938605
v 0.071342 0.429848 0.940846
v 0.078451 0.437484 0.933316
v 0.075717 0.432812 0.937446
v 0.083368 0.442177 0.923591
v 0.077563 0.445469 0.924492
v 0.073638 0.429673 0.939167
v 0.063474 0.423578 0.939897
v 0.066940 0.423970 0.941025
v 0.072150 0.422946 0.925028
v 0.067521 0.421944 0.930898
v 0.070250 0.420718 0.930913
v 0.076042 0.422586 0.924082
v 0.073010 0.420421 0.931386
v 0.067001 0.420204 0.935884
v 0.065050 0.421694 0.934418
v 0.085283 0.443229 0.920990
v 0.088013 0.437521 0.918593
v 0.086443 0.436889 0.920786
v 0.081809 0.432223 0.930467
v 0.086393 0.431267 0.918446
v 0.082788 0.427514 0.915395
v 0.079467 0.423542 0.925209
v 0.081942 0.426939 0.927401
v 0.075932 0.422231 0.932484
v 0.077387 0.424760 0.933393
v 0.077448 0.428955 0.935920
v 0.072946 0.422529 0.936986
v 0.070099 0.420408 0.936646
v 0.071311 0.425281 0.940105
v 0.074753 0.424425 0.936363
v 0.074069 0.426784 0.938391
v 0.165957 0.409327 0.944264
v 0.159461 0.409155 0.942776
v 0.162109 0.414809 0.940824
v 0.164368 0.423575 0.937719
v 0.172444 0.429989 0.935073
v 0.158470 0.423309 0.933956
v 0.156300 0.414390 0.937523
v 0.152616 0.406143 0.939989
v 0.155661 0.429634 0.926203
f 780 781 779
f 779 781 782
f 783 784 786
f 786 784 785
f 787 782 788
f 788 782 781
f 790 791 789
f 789 791 787
f 792 790 794
f 794 790 793
f 796 797 795
f 795 797 798
f 800 801 799
f 799 801 802
f 804 805 803
f 803 805 806
f 808 809 807
f 807 809 810
f 811 812 814
f 814 812 813
f 815 816 818
f 818 816 817
f 819 820 784
f 784 820 821
f 784 821 785
f 785 821 822
f 823 812 824
f 824 812 811
f 826 827 825
f 825 827 828
f 830 831 829
f 829 831 832
f 834 830 833
f 833 830 829
f 836 837 835
f 835 837 838
f 839 840 782
f 782 840 779
f 842 843 841
f 841 843 844
f 846 847 845
f 845 847 848
f 850 851 849
f 849 851 852
f 854 855 853
f 853 855 856
f 831 857 832
f 832 857 858
f 860 861 859
f 859 861 862
f 863 864 830
f 830 864 831
f 835 838 865
f 865 838 866
f 867 868 821
f 821 868 822
f 821 820 867
f 867 820 869
f 818 817 870
f 870 817 871
f 872 848 842
f 842 848 847
f 791 839 787
f 787 839 782
f 803 806 847
f 847 806 873
f 874 803 846
f 846 803 847
f 876 877 875
f 875 877 878
f 879 880 882
f 882 880 881
f 884 808 883
f 883 808 807
f 829 832 885
f 885 832 886
f 832 858 886
f 886 858 887
f 889 890 888
f 888 890 891
f 893 783 892
f 892 783 894
f 893 819 783
f 783 819 784
f 814 813 889
f 889 813 895
f 813 896 895
f 895 896 897
f 812 898 813
f 813 898 896
f 812 823 898
f 898 823 899
f 903 904 902
f 902 904 905
f 906 907 792
f 792 907 908
f 811 909 824
f 824 909 910
f 911 872 841
f 841 872 842
f 912 913 915
f 915 913 914
f 917 918 916
f 916 918 919
f 855 920 856
f 856 920 921
f 922 923 798
f 798 923 924
f 926 927 925
f 925 927 850
f 929 930 928
f 928 930 931
f 860 879 861
f 861 879 882
f 879 860 933
f 933 860 932
f 934 935 836
f 836 935 837
f 936 846 925
f 925 846 845
f 937 924 793
f 793 924 794
f 846 936 874
f 874 936 938
f 907 844 908
f 908 844 843
f 940 941 939
f 939 941 942
f 944 945 943
f 943 945 946
f 948 949 947
f 947 949 950
f 952 949 951
f 951 949 948
f 954 955 953
f 953 955 956
f 958 959 957
f 957 959 802
f 960 961 799
f 799 961 962
f 859 963 860
f 860 963 932
f 964 965 966
f 966 965 922
f 936 849 938
f 938 849 967
f 968 913 935
f 935 913 837
f 947 950 917
f 917 950 918
f 925 850 936
f 936 850 849
f 970 971 969
f 969 971 972
f 945 944 827
f 827 944 973
f 974 968 828
f 828 968 935
f 975 976 978
f 978 976 977
f 799 802 960
f 960 802 959
f 924 937 798
f 798 937 795
f 960 959 859
f 859 959 963
f 979 963 958
f 958 963 959
f 980 981 861
f 861 981 862
f 983 984 982
f 982 984 863
f 985 800 962
f 962 800 799
f 957 802 986
f 986 802 801
f 986 987 957
f 957 987 983
f 987 988 983
f 983 988 984
f 990 984 989
f 989 984 988
f 957 983 958
f 958 983 982
f 991 954 866
f 866 954 992
f 864 863 990
f 990 863 984
f 971 995 996
f 995 997 996
f 996 997 998
f 997 796 998
f 998 796 795
f 797 999 798
f 798 999 922
f 1000 1001 1003
f 1003 1001 1002
f 953 1004 954
f 954 1004 992
f 1005 865 992
f 992 865 866
f 998 795 1006
f 1006 795 937
f 912 991 838
f 838 991 866
f 916 1007 929
f 929 1007 930
f 971 970 988
f 988 970 989
f 1008 972 996
f 996 972 971
f 1009 1010 1006
f 1006 1010 1008
f 1011 1012 869
f 869 1012 867
f 1013 1014 871
f 871 1014 870
f 1008 1010 1012
f 1012 1010 1015
f 825 1016 826
f 826 1016 1017
f 1018 969 1013
f 1013 969 1014
f 783 786 894
f 894 786 1019
f 1020 1021 967
f 967 1021 938
f 1022 1023 876
f 876 1023 877
f 934 1024 825
f 825 1024 1016
f 854 1025 855
f 855 1025 1026
f 1028 903 1027
f 1027 903 902
f 1030 1031 1029
f 1029 1031 1032
f 889 888 814
f 814 888 1033
f 1034 811 1033
f 1033 811 814
f 1035 1036 932
f 932 1036 933
f 841 947 911
f 911 947 917
f 844 948 841
f 841 948 947
f 951 948 907
f 907 948 844
f 907 906 951
f 951 906 1037
f 906 1038 1037
f 1037 1038 1039
f 991 912 1040
f 1040 912 915
f 1041 1042 964
f 964 1042 965
f 890 1043 891
f 891 1043 1044
f 789 1045 1046
f 1012 1011 1008
f 1008 1011 972
f 931 1047 848
f 848 1047 845
f 953 956 943
f 943 956 919
f 928 931 872
f 872 931 848
f 1049 999 1048
f 1048 999 985
f 1047 931 1050
f 1050 931 930
f 899 823 887
f 887 823 886
f 825 828 934
f 934 828 935
f 835 1051 836
f 836 1051 1052
f 923 1053 1038
f 1038 1053 1039
f 1054 927 921
f 921 927 856
f 926 1047 853
f 853 1047 1050
f 985 1055 1048
f 1048 1055 1056
f 973 974 827
f 827 974 828
f 837 913 838
f 838 913 912
f 861 882 980
f 980 882 1057
f 927 926 856
f 856 926 853
f 1025 1056 1026
f 1026 1056 1055
f 961 960 862
f 862 960 859
f 826 1017 1059
f 1059 1017 1060
f 1005 1001 1061
f 1061 1001 1000
f 1001 1004 1002
f 1002 1004 946
f 1059 1060 1002
f 1002 1060 1003
f 943 946 953
f 953 946 1004
f 1042 1041 916
f 916 1041 1007
f 792 794 906
f 906 794 1038
f 998 1006 996
f 996 1006 1008
f 865 1005 1062
f 1062 1005 1061
f 1038 794 923
f 923 794 924
f 1022 876 1036
f 1036 876 933
f 836 1052 934
f 934 1052 1024
f 885 1063 829
f 829 1063 833
f 1021 1064 938
f 938 1064 874
f 1012 1015 867
f 867 1015 868
f 824 910 885
f 885 910 1063
f 1031 1030 1027
f 1027 1030 1028
f 1064 804 874
f 874 804 803
f 884 883 1065
f 1065 883 1066
f 1050 930 1067
f 1067 930 1007
f 916 929 917
f 917 929 911
f 961 1068 939
f 939 1068 940
f 1069 1070 1055
f 1055 1070 1071
f 929 928 911
f 911 928 872
f 1040 1053 955
f 955 1053 965
f 922 965 923
f 923 965 1053
f 1051 835 1062
f 1062 835 865
f 952 914 968
f 968 914 913
f 889 895 890
f 890 895 816
f 895 897 816
f 816 897 901
f 890 816 1043
f 1043 816 815
f 1065 1066 1032
f 1032 1066 1029
f 1006 937 1009
f 1009 937 793
f 1001 1005 1004
f 1004 1005 992
f 925 845 926
f 926 845 1047
f 1002 946 1059
f 1059 946 945
f 977 941 978
f 978 941 940
f 823 824 886
f 886 824 885
f 1059 945 826
f 826 945 827
f 939 942 1069
f 1069 942 1070
f 816 901 817
f 1071 1072 1055
f 1055 1072 1026
f 1062 1061 1074
f 1074 1061 1073
f 1062 1074 1051
f 1051 1074 1075
f 1052 1051 1076
f 1076 1051 1075
f 1024 1052 1077
f 1077 1052 1076
f 1061 1000 1073
f 1073 1000 1078
f 1000 1003 1078
f 1078 1003 1079
f 1079 1003 1080
f 1080 1003 1060
f 1081 1082 1078
f 1078 1082 1073
f 1084 1085 1083
f 1083 1085 1086
f 1087 1088 1086
f 1086 1088 1083
f 1086 1085 1090
f 1090 1085 1089
f 1091 1092 1090
f 1090 1092 1093
f 1089 1094 1090
f 1090 1094 1091
f 1095 1082 1089
f 1089 1082 1094
f 1093 1087 1090
f 1090 1087 1086
f 1096 1097 1099
f 1099 1097 1098
f 1097 1096 1087
f 1087 1096 1088
f 1089 1085 1095
f 1095 1085 1084
f 1084 1075 1095
f 1095 1075 1074
f 1084 1100 1075
f 1075 1100 1076
f 1083 1101 1084
f 1084 1101 1100
f 1101 1083 1102
f 1102 1083 1088
f 1082 1095 1073
f 1073 1095 1074
f 1096 1103 1088
f 1088 1103 1102
f 1101 1102 1104
f 1104 1102 1105
f 1102 1103 1105
f 1105 1103 1106
f 1104 1105 1107
f 1107 1105 1108
f 1107 1109 1104
f 1104 1109 1110
f 1111 1108 1106
f 1106 1108 1105
f 1101 1104 1100
f 1100 1104 1110
f 1100 1110 1076
f 1076 1110 1077
f 1103 1096 1112
f 1112 1096 1099
f 1091 1094 1113
f 1113 1094 1082
f 1113 1114 1091
f 1091 1114 1092
f 1082 1081 1113
f 1113 1081 1115
f 1114 1113 1116
f 1116 1113 1115
f 1114 1117 1092
f 1092 1117 1118
f 1024 1077 1016
f 1016 1077 1119
f 1017 1120 1060
f 1060 1120 1080
f 1120 1017 1119
f 1119 1017 1016
f 1119 1109 1120
f 1120 1109 1121
f 1109 1107 1121
f 1121 1107 1122
f 1120 1121 1080
f 1080 1121 1123
f 1119 1077 1109
f 1109 1077 1110
f 1124 1079 1123
f 1123 1079 1080
f 1124 1081 1079
f 1079 1081 1078
f 1125 1115 1124
f 1124 1115 1081
f 1125 1124 1126
f 1126 1124 1123
f 1127 1125 1128
f 1128 1125 1126
f 1121 1122 1123
f 1123 1122 1126
f 1122 1129 1126
f 1126 1129 1128
f 1115 1125 1116
f 1116 1125 1127
f 1131 1116 1130
f 1130 1116 1127
f 1130 1133 1132
f 1132 1133 1134
f 1130 1127 1133
f 1133 1127 1128
f 1130 1132 1131
f 1131 1132 1112
f 1131 1112 1117
f 1117 1112 1099
f 1117 1114 1131
f 1131 1114 1116
f 1107 1108 1122
f 1122 1108 1129
f 1134 1129 1111
f 1111 1129 1108
f 1134 1133 1129
f 1129 1133 1128
f 1132 1134 1106
f 1106 1134 1111
f 1106 1103 1132
f 1132 1103 1112
f 1087 1093 1097
f 1097 1093 1098
f 1098 1118 1099
f 1099 1118 1117
f 1098 1093 1118
f 1118 1093 1092
f 915 914 1039
f 1039 914 1037
f 918 944 919
f 919 944 943
f 950 949 973
f 973 949 974
f 949 952 974
f 974 952 968
f 956 955 1042
f 1042 955 965
f 950 973 918
f 918 973 944
f 915 1039 1040
f 1040 1039 1053
f 956 1042 919
f 919 1042 916
f 1040 955 991
f 991 955 954
f 914 952 1037
f 1037 952 951
f 1136 1137 1135
f 1135 1137 1138
f 1140 1141 1139
f 1139 1141 1142
f 1139 1142 1143
f 1143 1142 1144
f 1145 1146 1148
f 1148 1146 1147
f 854 1149 1025
f 1025 1149 1150
f 1151 1152 1140
f 1140 1152 1141
f 1154 1155 1153
f 1153 1155 1156
f 1067 1007 1158
f 1158 1007 1157
f 1159 1157 1041
f 1041 1157 1007
f 1161 1162 1160
f 1160 1162 1163
f 1164 1146 1152
f 1152 1146 1141
f 854 1067 1149
f 1149 1067 1158
f 1155 1154 1137
f 1137 1154 1165
f 1166 1164 1138
f 1138 1164 1152
f 1167 1161 1144
f 1144 1161 1168
f 1170 1171 1169
f 1169 1171 1172
f 1161 1160 1168
f 1168 1160 1173
f 1174 1143 1168
f 1168 1143 1144
f 1167 1144 1145
f 1145 1144 1142
f 1135 1175 1136
f 1136 1175 1176
f 1151 1177 1135
f 1135 1177 1175
f 1167 1145 1178
f 1178 1145 1148
f 1160 1163 1153
f 1153 1163 1150
f 1135 1138 1151
f 1151 1138 1152
f 1139 1179 1140
f 1140 1179 1180
f 1165 1166 1137
f 1137 1166 1138
f 1141 1146 1142
f 1142 1146 1145
f 1136 1176 1181
f 1181 1176 1182
f 1174 1170 1183
f 1183 1170 1169
f 1170 1173 1171
f 1171 1173 1156
f 1171 1181 1172
f 1172 1181 1182
f 1153 1156 1160
f 1160 1156 1173
f 1143 1174 1184
f 1184 1174 1183
f 1140 1180 1151
f 1151 1180 1177
f 1049 1048 1178
f 1178 1048 1162
f 1179 1139 1184
f 1184 1139 1143
f 1159 1147 1164
f 1164 1147 1146
f 1170 1174 1173
f 1173 1174 1168
f 1171 1156 1181
f 1181 1156 1155
f 1181 1155 1136
f 1136 1155 1137
f 1184 1183 1186
f 1186 1183 1185
f 1184 1186 1179
f 1179 1186 1187
f 1179 1187 1180
f 1180 1187 1188
f 1180 1188 1177
f 1177 1188 1189
f 1183 1169 1185
f 1185 1169 1190
f 1169 1172 1190
f 1190 1172 1191
f 1172 1182 1191
f 1191 1182 1192
f 1193 1194 1190
f 1190 1194 1185
f 1196 1197 1195
f 1195 1197 1198
f 1199 1200 1196
f 1196 1200 1197
f 1197 1200 1202
f 1202 1200 1201
f 1203 1204 1202
f 1202 1204 1205
f 1201 1206 1202
f 1202 1206 1203
f 1205 1198 1202
f 1202 1198 1197
f 1198 1207 1195
f 1195 1207 1208
f 1201 1200 1209
f 1209 1200 1199
f 1199 1187 1209
f 1209 1187 1186
f 1199 1210 1187
f 1187 1210 1188
f 1196 1211 1199
f 1199 1211 1210
f 1212 1211 1195
f 1195 1211 1196
f 1209 1194 1201
f 1201 1194 1206
f 1194 1209 1185
f 1185 1209 1186
f 1213 1212 1208
f 1208 1212 1195
f 1211 1212 1214
f 1214 1212 1215
f 1212 1213 1215
f 1215 1213 1216
f 1214 1215 1217
f 1217 1215 1218
f 1217 1219 1214
f 1214 1219 1220
f 1216 1221 1215
f 1215 1221 1218
f 1214 1220 1211
f 1211 1220 1210
f 1210 1220 1188
f 1188 1220 1189
f 1213 1208 1223
f 1223 1208 1222
f 1208 1207 1222
f 1222 1207 1224
f 1203 1206 1225
f 1225 1206 1194
f 1204 1203 1226
f 1226 1203 1225
f 1194 1193 1225
f 1225 1193 1227
f 1225 1227 1226
f 1226 1227 1228
f 1229 1230 1226
f 1226 1230 1204
f 1224 1230 1222
f 1222 1230 1229
f 1177 1189 1175
f 1175 1189 1231
f 1176 1232 1182
f 1182 1232 1192
f 1232 1176 1231
f 1231 1176 1175
f 1231 1219 1232
f 1232 1219 1233
f 1219 1217 1233
f 1233 1217 1234
f 1232 1233 1192
f 1192 1233 1235
f 1219 1231 1220
f 1220 1231 1189
f 1236 1191 1235
f 1235 1191 1192
f 1236 1193 1191
f 1191 1193 1190
f 1236 1237 1193
f 1193 1237 1227
f 1237 1236 1238
f 1238 1236 1235
f 1239 1237 1240
f 1240 1237 1238
f 1233 1234 1235
f 1235 1234 1238
f 1234 1241 1238
f 1238 1241 1240
f 1237 1239 1227
f 1227 1239 1228
f 1243 1228 1242
f 1242 1228 1239
f 1242 1245 1244
f 1244 1245 1246
f 1242 1239 1245
f 1245 1239 1240
f 1242 1244 1243
f 1243 1244 1223
f 1243 1223 1229
f 1229 1223 1222
f 1229 1226 1243
f 1243 1226 1228
f 1217 1218 1234
f 1234 1218 1241
f 1246 1241 1221
f 1221 1241 1218
f 1246 1245 1241
f 1241 1245 1240
f 1244 1246 1216
f 1216 1246 1221
f 1216 1213 1244
f 1244 1213 1223
f 1198 1205 1207
f 1207 1205 1224
f 1224 1205 1230
f 1230 1205 1204
f 1148 1147 966
f 966 1147 964
f 1149 1154 1150
f 1150 1154 1153
f 1158 1157 1165
f 1165 1157 1166
f 1157 1159 1166
f 1166 1159 1164
f 1163 1162 1056
f 1056 1162 1048
f 1158 1165 1149
f 1149 1165 1154
f 1178 1148 1049
f 1049 1148 966
f 1163 1056 1150
f 1150 1056 1025
f 1178 1162 1167
f 1167 1162 1161
f 1147 1159 964
f 964 1159 1041
f 999 1049 922
f 922 1049 966
f 999 797 985
f 985 797 800
f 797 796 800
f 800 796 801
f 796 997 801
f 801 997 986
f 1247 1248 1250
f 1250 1248 1249
f 1252 1253 1251
f 1251 1253 1254
f 1251 1254 1255
f 1255 1254 1256
f 1258 1259 1257
f 1257 1259 1260
f 1261 1262 1252
f 1252 1262 1253
f 1264 1265 1263
f 1263 1265 1266
f 1267 1268 855
f 855 1268 920
f 1269 1267 1026
f 1026 1267 855
f 1271 1272 1270
f 1270 1272 1273
f 1274 1258 1262
f 1262 1258 1253
f 1264 1275 1265
f 1265 1275 1249
f 1276 1274 1250
f 1250 1274 1262
f 1277 1271 1256
f 1256 1271 1278
f 1279 1280 1282
f 1282 1280 1281
f 1271 1270 1278
f 1278 1270 1283
f 1284 1255 1278
f 1278 1255 1256
f 1277 1256 1257
f 1257 1256 1254
f 1247 1285 1248
f 1248 1285 1286
f 1261 1287 1247
f 1247 1287 1285
f 1257 1260 1277
f 1277 1260 1288
f 1270 1273 1263
f 1263 1273 1289
f 1261 1247 1262
f 1262 1247 1250
f 1251 1290 1252
f 1252 1290 1291
f 1275 1276 1249
f 1249 1276 1250
f 1253 1258 1254
f 1254 1258 1257
f 1248 1286 1292
f 1292 1286 1293
f 1284 1280 1294
f 1294 1280 1279
f 1281 1280 1266
f 1266 1280 1283
f 1292 1293 1281
f 1281 1293 1282
f 1263 1266 1270
f 1270 1266 1283
f 1255 1284 1295
f 1295 1284 1294
f 1252 1291 1261
f 1261 1291 1287
f 1288 1070 1272
f 1272 1070 942
f 1290 1251 1295
f 1295 1251 1255
f 1269 1259 1274
f 1274 1259 1258
f 1280 1284 1283
f 1283 1284 1278
f 1281 1266 1292
f 1292 1266 1265
f 1292 1265 1248
f 1248 1265 1249
f 1295 1294 1297
f 1297 1294 1296
f 1295 1297 1290
f 1290 1297 1298
f 1290 1298 1291
f 1291 1298 1299
f 1291 1299 1287
f 1287 1299 1300
f 1294 1279 1296
f 1296 1279 1301
f 1279 1282 1301
f 1301 1282 1302
f 1302 1282 1303
f 1303 1282 1293
f 1304 1305 1301
f 1301 1305 1296
f 1307 1308 1306
f 1306 1308 1309
f 1310 1311 1307
f 1307 1311 1308
f 1308 1311 1313
f 1313 1311 1312
f 1314 1315 1313
f 1313 1315 1316
f 1312 1317 1313
f 1313 1317 1314
f 1316 1309 1313
f 1313 1309 1308
f 1318 1319 1309
f 1309 1319 1306
f 1311 1310 1312
f 1312 1310 1320
f 1310 1298 1320
f 1320 1298 1297
f 1310 1321 1298
f 1298 1321 1299
f 1307 1322 1310
f 1310 1322 1321
f 1322 1307 1323
f 1323 1307 1306
f 1312 1320 1317
f 1317 1320 1305
f 1305 1320 1296
f 1296 1320 1297
f 1319 1324 1306
f 1306 1324 1323
f 1325 1322 1326
f 1326 1322 1323
f 1324 1327 1323
f 1323 1327 1326
f 1328 1325 1329
f 1329 1325 1326
f 1325 1328 1331
f 1331 1328 1330
f 1327 1332 1326
f 1326 1332 1329
f 1322 1325 1321
f 1321 1325 1331
f 1321 1331 1299
f 1299 1331 1300
f 1324 1319 1334
f 1334 1319 1333
f 1319 1318 1333
f 1333 1318 1335
f 1314 1317 1336
f 1336 1317 1305
f 1315 1314 1337
f 1337 1314 1336
f 1305 1304 1336
f 1336 1304 1338
f 1337 1336 1339
f 1339 1336 1338
f 1337 1340 1315
f 1315 1340 1341
f 1335 1341 1333
f 1333 1341 1340
f 1287 1300 1285
f 1285 1300 1342
f 1286 1343 1293
f 1293 1343 1303
f 1343 1286 1342
f 1342 1286 1285
f 1342 1330 1343
f 1343 1330 1344
f 1330 1328 1344
f 1344 1328 1345
f 1343 1344 1303
f 1303 1344 1346
f 1342 1300 1330
f 1330 1300 1331
f 1347 1302 1346
f 1346 1302 1303
f 1347 1304 1302
f 1302 1304 1301
f 1348 1338 1347
f 1347 1338 1304
f 1348 1347 1349
f 1349 1347 1346
f 1350 1348 1351
f 1351 1348 1349
f 1344 1345 1346
f 1346 1345 1349
f 1345 1352 1349
f 1349 1352 1351
f 1348 1350 1338
f 1338 1350 1339
f 1354 1339 1353
f 1353 1339 1350
f 1353 1356 1355
f 1355 1356 1357
f 1353 1350 1356
f 1356 1350 1351
f 1353 1355 1354
f 1354 1355 1334
f 1354 1334 1340
f 1340 1334 1333
f 1340 1337 1354
f 1354 1337 1339
f 1328 1329 1345
f 1345 1329 1352
f 1357 1352 1332
f 1332 1352 1329
f 1357 1356 1352
f 1352 1356 1351
f 1357 1332 1355
f 1355 1332 1327
f 1327 1324 1355
f 1355 1324 1334
f 1309 1316 1318
f 1318 1316 1335
f 1335 1316 1341
f 1341 1316 1315
f 1259 1072 1260
f 1260 1072 1071
f 1358 1264 1289
f 1289 1264 1263
f 1268 1267 1275
f 1275 1267 1276
f 1267 1269 1276
f 1276 1269 1274
f 941 1273 942
f 942 1273 1272
f 1358 1268 1264
f 1264 1268 1275
f 1260 1071 1288
f 1288 1071 1070
f 1273 941 1289
f 1289 941 977
f 1272 1271 1288
f 1288 1271 1277
f 1259 1269 1072
f 1072 1269 1026
f 1360 1361 1359
f 1359 1361 1362
f 1364 1365 1363
f 1363 1365 1366
f 1363 1366 1367
f 1367 1366 1368
f 1370 1371 1369
f 1369 1371 1372
f 1373 1374 1376
f 1376 1374 1375
f 1377 1378 1364
f 1364 1378 1365
f 1379 1380 1382
f 1382 1380 1381
f 1383 1384 1386
f 1386 1384 1385
f 1387 1385 978
f 978 1385 1384
f 1388 1389 1391
f 1391 1389 1390
f 1378 1392 1365
f 1365 1392 1370
f 1374 1383 1375
f 1375 1383 1386
f 1380 1393 1381
f 1381 1393 1361
f 1394 1392 1362
f 1362 1392 1378
f 1389 1396 1395
f 1395 1396 1368
f 1398 1399 1397
f 1397 1399 1400
f 1388 1401 1389
f 1389 1401 1396
f 1402 1367 1396
f 1396 1367 1368
f 1395 1368 1369
f 1369 1368 1366
f 1359 1403 1360
f 1360 1403 1404
f 1377 1405 1359
f 1359 1405 1403
f 1369 1372 1395
f 1395 1372 1406
f 1379 1388 1376
f 1376 1388 1391
f 1359 1362 1377
f 1377 1362 1378
f 1363 1407 1364
f 1364 1407 1408
f 1393 1394 1361
f 1361 1394 1362
f 1365 1370 1366
f 1366 1370 1369
f 1360 1404 1409
f 1409 1404 1410
f 1402 1398 1411
f 1411 1398 1397
f 1399 1398 1382
f 1382 1398 1401
f 1409 1410 1399
f 1399 1410 1400
f 1388 1379 1401
f 1401 1379 1382
f 1367 1402 1412
f 1412 1402 1411
f 1364 1408 1377
f 1377 1408 1405
f 981 980 1406
f 1406 980 1390
f 1407 1363 1412
f 1412 1363 1367
f 1387 1371 1392
f 1392 1371 1370
f 1398 1402 1401
f 1401 1402 1396
f 1409 1399 1381
f 1381 1399 1382
f 1360 1409 1361
f 1361 1409 1381
f 1412 1411 1414
f 1414 1411 1413
f 1412 1414 1407
f 1407 1414 1415
f 1407 1415 1408
f 1408 1415 1416
f 1408 1416 1405
f 1405 1416 1417
f 1411 1397 1413
f 1413 1397 1418
f 1397 1400 1418
f 1418 1400 1419
f 1419 1400 1420
f 1420 1400 1410
f 1422 1413 1421
f 1421 1413 1418
f 1423 1424 1426
f 1426 1424 1425
f 1427 1428 1424
f 1424 1428 1425
f 1425 1428 1430
f 1430 1428 1429
f 1430 1431 1433
f 1433 1431 1432
f 1429 1434 1430
f 1430 1434 1431
f 1433 1426 1430
f 1430 1426 1425
f 1426 1435 1423
f 1423 1435 1436
f 1428 1427 1429
f 1429 1427 1437
f 1427 1415 1437
f 1437 1415 1414
f 1427 1438 1415
f 1415 1438 1416
f 1439 1438 1424
f 1424 1438 1427
f 1440 1439 1423
f 1423 1439 1424
f 1429 1437 1434
f 1434 1437 1422
f 1422 1437 1413
f 1413 1437 1414
f 1441 1440 1436
f 1436 1440 1423
f 1442 1439 1443
f 1443 1439 1440
f 1441 1444 1440
f 1440 1444 1443
f 1445 1442 1446
f 1446 1442 1443
f 1442 1445 1448
f 1448 1445 1447
f 1444 1449 1443
f 1443 1449 1446
f 1439 1442 1438
f 1438 1442 1448
f 1438 1448 1416
f 1416 1448 1417
f 1436 1450 1441
f 1441 1450 1451
f 1436 1435 1450
f 1450 1435 1452
f 1431 1434 1453
f 1453 1434 1422
f 1431 1453 1432
f 1432 1453 1454
f 1453 1422 1455
f 1455 1422 1421
f 1454 1453 1456
f 1456 1453 1455
f 1457 1458 1454
f 1454 1458 1432
f 1452 1458 1450
f 1450 1458 1457
f 1405 1417 1403
f 1403 1417 1459
f 1404 1460 1410
f 1410 1460 1420
f 1459 1460 1403
f 1403 1460 1404
f 1447 1461 1459
f 1459 1461 1460
f 1445 1462 1447
f 1447 1462 1461
f 1460 1461 1420
f 1420 1461 1463
f 1459 1417 1447
f 1447 1417 1448
f 1464 1419 1463
f 1463 1419 1420
f 1419 1464 1418
f 1418 1464 1421
f 1464 1465 1421
f 1421 1465 1455
f 1465 1464 1466
f 1466 1464 1463
f 1467 1465 1468
f 1468 1465 1466
f 1461 1462 1463
f 1463 1462 1466
f 1462 1469 1466
f 1466 1469 1468
f 1465 1467 1455
f 1455 1467 1456
f 1471 1456 1470
f 1470 1456 1467
f 1470 1473 1472
f 1472 1473 1474
f 1470 1467 1473
f 1473 1467 1468
f 1470 1472 1471
f 1471 1472 1451
f 1471 1451 1457
f 1457 1451 1450
f 1457 1454 1471
f 1471 1454 1456
f 1462 1445 1469
f 1469 1445 1446
f 1474 1469 1449
f 1449 1469 1446
f 1474 1473 1469
f 1469 1473 1468
f 1472 1474 1444
f 1444 1474 1449
f 1444 1441 1472
f 1472 1441 1451
f 1426 1433 1435
f 1435 1433 1452
f 1452 1433 1458
f 1458 1433 1432
f 1371 940 1372
f 1372 940 1068
f 1376 1375 1379
f 1379 1375 1380
f 1393 1386 1394
f 1394 1386 1385
f 1385 1387 1394
f 1394 1387 1392
f 1475 1373 1391
f 1391 1373 1376
f 1375 1386 1380
f 1380 1386 1393
f 1372 1068 1406
f 1406 1068 981
f 1406 1390 1395
f 1395 1390 1389
f 1371 1387 940
f 940 1387 978
f 883 807 1476
f 1476 807 1477
f 1046 904 1479
f 1479 904 1478
f 904 903 1478
f 1478 903 1480
f 1030 1481 1028
f 1028 1481 1482
f 810 1046 1483
f 1483 1046 1479
f 1066 883 1484
f 1484 883 1476
f 807 810 1477
f 1477 810 1483
f 1485 1029 1484
f 1484 1029 1066
f 1028 1482 903
f 903 1482 1480
f 1481 1030 1485
f 1485 1030 1029
f 1484 1486 1485
f 1485 1486 1487
f 1485 1487 1481
f 1481 1487 1488
f 1481 1488 1482
f 1482 1488 1489
f 1482 1489 1480
f 1480 1489 1490
f 1484 1476 1486
f 1486 1476 1491
f 1476 1477 1491
f 1491 1477 1492
f 1477 1483 1492
f 1492 1483 1493
f 1495 1486 1494
f 1494 1486 1491
f 1497 1498 1496
f 1496 1498 1499
f 1500 1501 1497
f 1497 1501 1498
f 1502 1503 1501
f 1501 1503 1498
f 1502 1504 1503
f 1503 1504 1505
f 1506 1499 1503
f 1503 1499 1498
f 1499 1506 1507
f 1507 1506 1508
f 1507 1509 1499
f 1499 1509 1496
f 1502 1501 1510
f 1510 1501 1500
f 1500 1488 1510
f 1510 1488 1487
f 1500 1511 1488
f 1488 1511 1489
f 1497 1512 1500
f 1500 1512 1511
f 1512 1497 1513
f 1513 1497 1496
f 1502 1510 1504
f 1504 1510 1495
f 1495 1510 1486
f 1486 1510 1487
f 1509 1514 1496
f 1496 1514 1513
f 1515 1512 1516
f 1516 1512 1513
f 1514 1517 1513
f 1513 1517 1516
f 1518 1515 1519
f 1519 1515 1516
f 1515 1518 1521
f 1521 1518 1520
f 1517 1522 1516
f 1516 1522 1519
f 1512 1515 1511
f 1511 1515 1521
f 1511 1521 1489
f 1489 1521 1490
f 1514 1509 1524
f 1524 1509 1523
f 1509 1507 1523
f 1523 1507 1508
f 1505 1504 1525
f 1525 1504 1495
f 1526 1505 1527
f 1527 1505 1525
f 1525 1495 1528
f 1528 1495 1494
f 1527 1525 1529
f 1529 1525 1528
f 1527 1530 1526
f 1526 1530 1531
f 1508 1531 1523
f 1523 1531 1530
f 1506 1503 1526
f 1526 1503 1505
f 1508 1506 1531
f 1531 1506 1526
f 1478 1480 1532
f 1532 1480 1490
f 1483 1479 1493
f 1493 1479 1533
f 1532 1533 1478
f 1478 1533 1479
f 1520 1534 1532
f 1532 1534 1533
f 1518 1535 1520
f 1520 1535 1534
f 1533 1534 1493
f 1493 1534 1536
f 1532 1490 1520
f 1520 1490 1521
f 1537 1492 1536
f 1536 1492 1493
f 1492 1537 1491
f 1491 1537 1494
f 1537 1538 1494
f 1494 1538 1528
f 1538 1537 1539
f 1539 1537 1536
f 1540 1538 1541
f 1541 1538 1539
f 1534 1535 1536
f 1536 1535 1539
f 1535 1542 1539
f 1539 1542 1541
f 1538 1540 1528
f 1528 1540 1529
f 1544 1529 1543
f 1543 1529 1540
f 1545 1543 1547
f 1547 1543 1546
f 1543 1540 1546
f 1546 1540 1541
f 1543 1545 1544
f 1544 1545 1524
f 1544 1524 1530
f 1530 1524 1523
f 1530 1527 1544
f 1544 1527 1529
f 1535 1518 1542
f 1542 1518 1519
f 1547 1542 1522
f 1522 1542 1519
f 1547 1546 1542
f 1542 1546 1541
f 1545 1547 1517
f 1517 1547 1522
f 1517 1514 1545
f 1545 1514 1524
f 997 995 986
f 986 995 987
f 987 995 988
f 988 995 971
f 976 1358 977
f 977 1358 1289
f 854 853 1067
f 1067 853 1050
f 1055 985 1069
f 1069 985 962
f 1068 961 981
f 981 961 862
f 1268 1358 920
f 920 1358 976
f 920 976 921
f 921 976 975
f 927 1054 850
f 850 1054 851
f 882 881 1057
f 1057 881 1548
f 1548 1374 1057
f 1057 1374 1373
f 1383 1374 1549
f 1549 1374 1548
f 1549 1548 1550
f 1550 1548 881
f 1550 881 1551
f 1551 881 880
f 933 1552 879
f 879 1552 880
f 1551 880 875
f 875 880 1552
f 1553 1551 878
f 878 1551 875
f 1551 1553 1550
f 1550 1553 1554
f 1550 1554 1549
f 1549 1554 1555
f 978 1384 975
f 975 1384 1555
f 967 849 1556
f 1556 849 852
f 875 1552 876
f 876 1552 933
f 961 939 962
f 962 939 1069
f 1555 1054 975
f 975 1054 921
f 1555 1384 1549
f 1549 1384 1383
f 1391 1390 1475
f 1475 1390 980
f 1373 1475 1057
f 1057 1475 980
f 851 1054 1554
f 1554 1054 1555
f 1554 1553 851
f 851 1553 852
f 878 1556 1553
f 1553 1556 852
f 1556 878 967
f 967 878 877
f 1023 1020 877
f 877 1020 967
f 909 811 1034
f 806 779 873
f 873 779 840
f 805 780 806
f 806 780 779
f 1043 893 1044
f 1044 893 892
f 873 840 847
f 847 840 842
f 840 839 842
f 842 839 843
f 839 791 843
f 843 791 908
f 791 790 908
f 908 790 792
f 809 789 810
f 810 789 1046
f 793 790 809
f 809 790 789
f 809 808 793
f 793 808 1009
f 808 884 1009
f 1009 884 1010
f 1065 1015 884
f 884 1015 1010
f 1032 868 1065
f 1065 868 1015
f 1031 822 1032
f 1032 822 868
f 1031 1027 822
f 822 1027 785
f 1045 905 1046
f 1046 905 904
f 788 781 1019
f 1019 781 894
f 781 780 894
f 894 780 892
f 780 805 892
f 892 805 1044
f 805 804 1044
f 1044 804 891
f 804 1064 891
f 891 1064 888
f 1064 1021 888
f 888 1021 1033
f 1021 1020 1033
f 1033 1020 1034
f 1020 1023 1034
f 1034 1023 909
f 1023 1022 909
f 909 1022 910
f 1043 815 893
f 893 815 819
f 819 815 820
f 820 815 818
f 870 869 818
f 818 869 820
f 1014 1011 870
f 870 1011 869
f 969 972 1014
f 1014 972 1011
f 1036 1063 1022
f 1022 1063 910
f 1035 833 1036
f 1036 833 1063
f 1035 932 979
f 979 932 963
f 834 979 982
f 982 979 958
f 833 1035 834
f 834 1035 979
f 982 863 834
f 834 863 830
f 864 900 831
f 831 900 857
f 990 993 864
f 864 993 900
f 989 994 990
f 990 994 993
f 970 1058 989
f 989 1058 994
f 969 1018 970
f 970 1018 1058
f 1027 902 785
f 785 902 786
f 902 905 786
f 786 905 1019
f 905 1045 1019
f 1019 1045 788
f 788 1045 787
f 787 1045 789
o hand_right
v 0.265579 0.158696 0.955568
v 0.267036 0.164450 0.964184
v 0.263790 0.154525 0.961360
v 0.262011 0.149855 0.954458
v 0.270041 0.155818 0.980587
v 0.263607 0.154353 0.991356
v 0.260041 0.141009 0.981354
v 0.266577 0.144522 0.973820
v 0.256697 0.143866 0.951930
v 0.261042 0.146842 0.958703
v 0.249648 0.144079 0.950714
v 0.243966 0.143090 0.942900
v 0.252150 0.141577 0.944836
v 0.243019 0.141048 0.935387
v 0.236717 0.151371 0.945116
v 0.239210 0.148210 0.930585
v 0.246012 0.176049 0.935170
v 0.254981 0.185708 0.932334
v 0.257249 0.176278 0.917880
v 0.248560 0.166723 0.922648
v 0.272375 0.190624 0.921185
v 0.264103 0.182384 0.918533
v 0.261053 0.192492 0.932292
v 0.268637 0.199286 0.934004
v 0.273636 0.172310 0.956050
v 0.274808 0.178703 0.965078
v 0.271185 0.174526 0.964982
v 0.270161 0.168194 0.956545
v 0.241860 0.140112 0.956791
v 0.237084 0.147759 0.960105
v 0.241392 0.146195 0.953456
v 0.246930 0.139873 0.954242
v 0.285448 0.195170 0.985830
v 0.279145 0.204409 0.993584
v 0.274655 0.200922 0.995124
v 0.281229 0.193425 0.987482
v 0.264889 0.178834 0.999766
v 0.261212 0.190175 1.001480
v 0.247656 0.192770 1.004679
v 0.248222 0.182522 1.001223
v 0.265569 0.165552 0.996265
v 0.251907 0.168506 1.000101
v 0.252497 0.155230 0.995039
v 0.251167 0.140481 0.984642
v 0.286802 0.213536 0.988713
v 0.292923 0.207976 0.982737
v 0.269351 0.112738 0.910023
v 0.273955 0.116593 0.909227
v 0.272379 0.118453 0.910266
v 0.268071 0.114311 0.910721
v 0.286212 0.224862 0.971809
v 0.278555 0.229002 0.966502
v 0.279234 0.232791 0.972651
v 0.284916 0.228025 0.978509
v 0.287887 0.220551 0.962995
v 0.277713 0.223050 0.958389
v 0.265333 0.108540 0.898632
v 0.265377 0.107806 0.903750
v 0.261949 0.110529 0.903155
v 0.261576 0.112389 0.898024
v 0.259573 0.144724 0.947110
v 0.265579 0.152102 0.948092
v 0.261665 0.136098 0.931557
v 0.263066 0.143369 0.937366
v 0.257095 0.140023 0.939734
v 0.255675 0.134797 0.934049
v 0.277322 0.162332 0.935723
v 0.276119 0.168637 0.945506
v 0.271940 0.163550 0.945457
v 0.272722 0.155008 0.935620
v 0.287406 0.177256 0.944897
v 0.287368 0.170636 0.935121
v 0.293788 0.176332 0.935931
v 0.293336 0.179515 0.943180
v 0.284288 0.158209 0.918971
v 0.284038 0.155272 0.913266
v 0.287452 0.156205 0.913208
v 0.286889 0.160728 0.919118
v 0.278803 0.236926 0.978329
v 0.282723 0.230703 0.984864
v 0.290098 0.202553 0.925539
v 0.298606 0.204774 0.932553
v 0.302957 0.199274 0.921655
v 0.292520 0.198425 0.916568
v 0.268733 0.227772 0.962992
v 0.270148 0.233506 0.968080
v 0.267952 0.111840 0.894049
v 0.264422 0.115685 0.893336
v 0.241321 0.162447 0.992125
v 0.242040 0.144043 0.983209
v 0.240442 0.177930 0.995587
v 0.239175 0.189346 0.996474
v 0.237445 0.197606 0.999659
v 0.267764 0.144835 0.932613
v 0.268941 0.160684 0.949760
v 0.277313 0.175749 0.955637
v 0.303741 0.191287 0.951130
v 0.302584 0.196399 0.960358
v 0.296332 0.187621 0.959599
v 0.298241 0.185355 0.951326
v 0.306066 0.200302 0.937311
v 0.307124 0.192720 0.939868
v 0.308287 0.188907 0.931935
v 0.308164 0.195675 0.928041
v 0.237592 0.137181 0.962254
v 0.234242 0.148522 0.967099
v 0.291241 0.217965 0.978134
v 0.287567 0.220262 0.984598
v 0.283663 0.225252 0.990301
v 0.279996 0.185735 0.976459
v 0.278501 0.192040 0.988821
v 0.276195 0.188214 0.989951
v 0.277443 0.184076 0.976501
v 0.271683 0.167588 0.973572
v 0.273259 0.169899 0.986765
v 0.269134 0.156195 0.968295
v 0.268480 0.197081 0.998772
v 0.271252 0.207069 1.002716
v 0.263907 0.202645 1.005138
v 0.277685 0.213615 0.999193
v 0.282315 0.219925 0.994845
v 0.269111 0.240715 0.972266
v 0.256381 0.198893 1.005793
v 0.263175 0.137320 0.968812
v 0.260282 0.131083 0.964319
v 0.259481 0.135748 0.958137
v 0.262373 0.141849 0.961457
v 0.243741 0.136792 0.926827
v 0.249750 0.133858 0.931571
v 0.249182 0.138800 0.939699
v 0.291036 0.192483 0.976034
v 0.297399 0.203413 0.974015
v 0.265823 0.137855 0.926424
v 0.258049 0.116493 0.899580
v 0.258727 0.113948 0.905095
v 0.250589 0.125821 0.916439
v 0.249146 0.128881 0.910264
v 0.266757 0.138530 0.915422
v 0.266503 0.136000 0.921661
v 0.266797 0.135533 0.918849
v 0.268681 0.137617 0.912819
v 0.293247 0.163231 0.915425
v 0.292753 0.166973 0.920669
v 0.254284 0.156023 0.911824
v 0.242278 0.150749 0.916833
v 0.240789 0.158552 0.926888
v 0.282639 0.167632 0.935882
v 0.284316 0.162475 0.926950
v 0.287300 0.165387 0.926596
v 0.269910 0.145225 0.928245
v 0.268859 0.140780 0.922163
v 0.271288 0.145374 0.922718
v 0.272886 0.149859 0.928143
v 0.294484 0.211604 0.943066
v 0.303524 0.206489 0.948474
v 0.266554 0.109439 0.907946
v 0.264258 0.111335 0.908049
v 0.281303 0.173713 0.945453
v 0.240390 0.166966 0.939178
v 0.281533 0.179258 0.955416
v 0.287925 0.181251 0.907992
v 0.295728 0.178084 0.910063
v 0.296599 0.173436 0.907461
v 0.291775 0.174462 0.903657
v 0.274310 0.128398 0.903271
v 0.275034 0.125076 0.908009
v 0.275523 0.122667 0.906666
v 0.275855 0.124995 0.901107
v 0.263206 0.133083 0.925626
v 0.257595 0.130608 0.928116
v 0.260518 0.127636 0.923404
v 0.264611 0.131482 0.921266
v 0.251882 0.129490 0.925337
v 0.254727 0.125692 0.921373
v 0.270760 0.128948 0.897689
v 0.264962 0.125379 0.894064
v 0.257534 0.138093 0.903623
v 0.265017 0.138258 0.905992
v 0.264216 0.208218 0.945383
v 0.273807 0.213903 0.946208
v 0.278356 0.205291 0.934745
v 0.282691 0.197687 0.922759
v 0.286506 0.189169 0.912133
v 0.275466 0.184175 0.909624
v 0.285071 0.209478 0.937056
v 0.264382 0.145324 0.912247
v 0.254228 0.146316 0.910156
v 0.259676 0.149572 0.910369
v 0.288268 0.182552 0.955209
v 0.261816 0.113848 0.909893
v 0.235477 0.205907 0.978960
v 0.241688 0.215512 0.971719
v 0.242297 0.208356 0.966811
v 0.235967 0.197284 0.975431
v 0.272114 0.120018 0.911958
v 0.267071 0.115941 0.913136
v 0.298304 0.170441 0.919099
v 0.297681 0.166835 0.914272
v 0.299403 0.169087 0.911404
v 0.303067 0.172183 0.915667
v 0.278614 0.216867 0.948328
v 0.306694 0.194368 0.916119
v 0.297224 0.193756 0.911297
v 0.269436 0.221241 0.956136
v 0.260758 0.216764 0.955145
v 0.258686 0.223358 0.961953
v 0.268664 0.170523 0.906559
v 0.258152 0.202197 0.943857
v 0.255317 0.211354 0.954672
v 0.252579 0.218978 0.962814
v 0.250754 0.225167 0.968048
v 0.257817 0.229182 0.966740
v 0.260996 0.120660 0.895396
v 0.269240 0.120490 0.891439
v 0.256244 0.236827 0.971067
v 0.248688 0.231591 0.972768
v 0.248916 0.204677 0.955492
v 0.242068 0.196202 0.957947
v 0.251989 0.195997 0.945048
v 0.245180 0.186935 0.946223
v 0.257983 0.168136 0.907083
v 0.284407 0.111572 0.895294
v 0.277171 0.119911 0.894531
v 0.278406 0.121565 0.900024
v 0.286038 0.114099 0.898448
v 0.273762 0.124458 0.895575
v 0.272944 0.116589 0.892226
v 0.238592 0.175478 0.952487
v 0.270679 0.142614 0.917418
v 0.236122 0.182673 0.968333
v 0.233394 0.159831 0.955787
v 0.233445 0.163626 0.968736
v 0.234179 0.187407 0.985120
v 0.234049 0.170729 0.983289
v 0.233351 0.204045 0.991314
v 0.234090 0.196610 0.986963
v 0.234780 0.154749 0.979641
v 0.278203 0.108982 0.910405
v 0.281960 0.113322 0.908586
v 0.234104 0.212615 0.983457
v 0.265425 0.147891 0.964340
v 0.286910 0.185843 0.965559
v 0.281868 0.183303 0.965212
v 0.300939 0.199352 0.965817
v 0.293812 0.189737 0.966831
v 0.274973 0.104829 0.908818
v 0.283758 0.155171 0.908102
v 0.284309 0.156119 0.909520
v 0.258534 0.133590 0.975261
v 0.256736 0.128450 0.970568
v 0.243509 0.128543 0.970587
v 0.250247 0.126773 0.972315
v 0.250498 0.132781 0.978361
v 0.243174 0.134958 0.976966
v 0.282329 0.186803 0.976093
v 0.285745 0.188626 0.975426
v 0.291331 0.216518 0.953673
v 0.300145 0.210755 0.958557
v 0.247459 0.131587 0.920880
v 0.241665 0.141613 0.920868
v 0.245961 0.135555 0.915349
v 0.250812 0.134812 0.906517
v 0.268574 0.142181 0.913525
v 0.263236 0.141914 0.911165
v 0.275121 0.179779 0.988821
v 0.274395 0.178030 0.975980
v 0.257675 0.143225 0.956715
v 0.254543 0.139117 0.954013
v 0.277469 0.156577 0.928688
v 0.272518 0.160062 0.902156
v 0.263892 0.157910 0.903420
v 0.277065 0.151863 0.921074
v 0.274742 0.101701 0.900961
v 0.274225 0.102523 0.905814
v 0.247026 0.141579 0.911557
v 0.294066 0.170463 0.927402
v 0.275894 0.165635 0.904562
v 0.279549 0.158171 0.902959
v 0.309739 0.192133 0.923813
v 0.240271 0.222062 0.977384
v 0.278061 0.120421 0.905705
v 0.284679 0.115912 0.904846
v 0.281178 0.108891 0.894095
v 0.276595 0.104860 0.895832
v 0.296105 0.213223 0.968385
v 0.278639 0.181383 0.964739
v 0.236400 0.142688 0.974052
v 0.238809 0.133204 0.967078
v 0.276850 0.149865 0.916745
v 0.294149 0.185562 0.909866
v 0.280259 0.176947 0.904263
v 0.285275 0.169743 0.899480
v 0.282630 0.162418 0.900172
v 0.283773 0.156356 0.904014
v 0.285797 0.105257 0.895954
v 0.281301 0.101728 0.897635
v 0.278702 0.099337 0.902718
v 0.277717 0.100461 0.906886
v 0.278229 0.103782 0.909574
v 0.289317 0.107976 0.897201
v 0.290418 0.110461 0.900096
v 0.287754 0.113784 0.904869
v 0.293164 0.106066 0.900265
v 0.292248 0.100648 0.900383
v 0.287870 0.094886 0.912580
v 0.284911 0.095768 0.907477
v 0.287566 0.095009 0.907521
v 0.290742 0.094056 0.911346
v 0.294983 0.092798 0.914131
v 0.292152 0.093404 0.916070
v 0.288687 0.096978 0.903336
v 0.293528 0.095671 0.908025
v 0.296329 0.098303 0.906245
v 0.300122 0.096407 0.909919
v 0.297843 0.093875 0.911447
v 0.292963 0.098755 0.902931
v 0.287045 0.097552 0.901471
v 0.296586 0.093090 0.917366
v 0.297622 0.092218 0.915292
v 0.300090 0.093471 0.913582
v 0.301330 0.094180 0.916258
v 0.280859 0.099262 0.909682
v 0.286880 0.096367 0.914563
v 0.292076 0.096109 0.917743
v 0.296530 0.095528 0.918782
v 0.288447 0.099750 0.916473
v 0.292779 0.098934 0.918278
v 0.296754 0.098829 0.918920
v 0.290939 0.103262 0.916805
v 0.294455 0.101676 0.917994
v 0.282463 0.106948 0.911071
v 0.279723 0.103604 0.910788
v 0.296754 0.101030 0.918953
v 0.301669 0.096097 0.917290
v 0.297022 0.101625 0.904650
v 0.301062 0.099436 0.910163
v 0.297582 0.103955 0.905311
v 0.301839 0.101669 0.910411
v 0.303524 0.097085 0.913082
v 0.301691 0.095526 0.912247
v 0.280427 0.108461 0.910138
v 0.284581 0.112701 0.908021
v 0.286547 0.111237 0.908708
v 0.293997 0.106641 0.914925
v 0.290109 0.112032 0.906168
v 0.293756 0.108777 0.903117
v 0.298104 0.105854 0.907708
v 0.297106 0.107339 0.910758
v 0.301028 0.103679 0.911806
v 0.299471 0.104537 0.913635
v 0.297022 0.104028 0.916660
v 0.302097 0.101449 0.915105
v 0.303387 0.099087 0.913907
v 0.300516 0.099259 0.917769
v 0.300824 0.102845 0.915535
v 0.298945 0.101377 0.917448
v 0.292322 0.126586 0.904970
v 0.297103 0.130816 0.903526
v 0.293050 0.132371 0.902107
v 0.289281 0.128575 0.903287
v 0.288400 0.120032 0.892989
v 0.288423 0.120692 0.899190
v 0.284122 0.123021 0.896743
v 0.284647 0.124089 0.890241
v 0.291674 0.123357 0.887837
v 0.287698 0.128106 0.885923
v 0.279886 0.128196 0.891152
v 0.280334 0.126831 0.898206
v 0.268740 0.141366 0.907785
v 0.267181 0.143837 0.901577
v 0.283813 0.150877 0.910479
v 0.284381 0.152210 0.906738
v 0.290020 0.123479 0.903353
v 0.286385 0.125310 0.901354
v 0.295381 0.140307 0.898433
v 0.294223 0.137734 0.903119
v 0.296544 0.135499 0.900561
v 0.298218 0.136642 0.895341
v 0.274456 0.143035 0.913776
v 0.279017 0.147401 0.912473
v 0.271632 0.141410 0.911663
v 0.294023 0.140842 0.891850
v 0.289828 0.138724 0.886819
v 0.277018 0.152889 0.895230
v 0.282340 0.153756 0.898484
v 0.282905 0.127587 0.903015
v 0.291048 0.133493 0.905500
v 0.286970 0.130065 0.906036
v 0.283253 0.133725 0.887298
v 0.294288 0.132751 0.885746
v 0.310083 0.123135 0.894962
v 0.301966 0.131412 0.890944
v 0.302449 0.133109 0.895908
v 0.311370 0.125510 0.899239
v 0.297686 0.135606 0.889699
v 0.298104 0.128121 0.887777
v 0.303842 0.119978 0.909734
v 0.308384 0.124342 0.908041
v 0.301211 0.116273 0.908612
v 0.270176 0.148807 0.896862
v 0.298752 0.112933 0.899040
v 0.299256 0.114004 0.905548
v 0.300614 0.133551 0.900734
v 0.311157 0.126086 0.904154
v 0.307306 0.120060 0.892933
v 0.301117 0.115933 0.893484
v 0.311265 0.116207 0.895878
v 0.306310 0.112277 0.896799
v 0.303309 0.109808 0.901941
v 0.302638 0.111961 0.907233
v 0.303614 0.115052 0.909601
v 0.313870 0.119197 0.897654
v 0.314811 0.122188 0.901243
v 0.312678 0.124026 0.905367
v 0.318509 0.117382 0.903422
v 0.317418 0.112943 0.902282
v 0.314517 0.105199 0.918909
v 0.311185 0.106207 0.914001
v 0.313343 0.105671 0.912609
v 0.316557 0.104804 0.916997
v 0.309203 0.106355 0.908066
v 0.311677 0.106256 0.908321
v 0.314296 0.108325 0.904972
v 0.317169 0.107728 0.910453
v 0.320090 0.111126 0.908578
v 0.323487 0.109588 0.912927
v 0.320879 0.105962 0.914770
v 0.317522 0.110561 0.904999
v 0.319331 0.104575 0.919313
v 0.319392 0.105360 0.921748
v 0.312555 0.108312 0.902276
v 0.304790 0.109900 0.909351
v 0.309878 0.108000 0.916239
v 0.314157 0.107547 0.921201
v 0.320020 0.107973 0.923193
v 0.310548 0.111585 0.918422
v 0.314972 0.110528 0.922269
v 0.319924 0.110681 0.923204
v 0.312569 0.115857 0.919241
v 0.317060 0.114233 0.922337
v 0.306349 0.118622 0.911522
v 0.304324 0.114198 0.911430
v 0.319307 0.112980 0.922802
v 0.323875 0.106133 0.920179
v 0.323918 0.108875 0.922106
v 0.323016 0.105744 0.918563
v 0.321087 0.113043 0.908294
v 0.324257 0.111554 0.913718
v 0.321858 0.115663 0.909254
v 0.324963 0.113401 0.915127
v 0.325976 0.109437 0.917589
v 0.325206 0.108080 0.916975
v 0.305856 0.118881 0.909713
v 0.309741 0.122824 0.908084
v 0.310075 0.122603 0.909691
v 0.316346 0.119149 0.917197
v 0.313832 0.123520 0.906917
v 0.317603 0.120656 0.905122
v 0.321428 0.118168 0.910651
v 0.319774 0.119768 0.913989
v 0.325164 0.115480 0.915817
v 0.322775 0.117413 0.916872
v 0.319598 0.116937 0.920504
v 0.326175 0.112931 0.919608
v 0.326388 0.110789 0.918635
v 0.323272 0.110973 0.922375
v 0.324254 0.115187 0.919717
v 0.321824 0.113814 0.922097
v 0.306593 0.144247 0.905909
v 0.310026 0.148960 0.906166
v 0.307243 0.150635 0.905773
v 0.303885 0.146070 0.905005
v 0.305318 0.140858 0.893511
v 0.304708 0.139535 0.898286
v 0.300824 0.141983 0.897109
v 0.300289 0.144163 0.892129
v 0.309413 0.143734 0.890705
v 0.302928 0.148457 0.888628
v 0.295693 0.147515 0.892099
v 0.297206 0.144435 0.897179
v 0.287014 0.153726 0.902507
v 0.286468 0.157404 0.896956
v 0.305200 0.141257 0.902710
v 0.302150 0.143195 0.901864
v 0.310137 0.157739 0.902567
v 0.308614 0.154617 0.906085
v 0.310571 0.154360 0.903624
v 0.312082 0.156020 0.899713
v 0.291177 0.155812 0.912050
v 0.294580 0.160975 0.912405
v 0.289303 0.153289 0.908021
v 0.308904 0.159035 0.896007
v 0.304422 0.157788 0.890264
v 0.296341 0.167994 0.897527
v 0.299404 0.168398 0.902876
v 0.299253 0.144464 0.901983
v 0.305245 0.150788 0.907885
v 0.301836 0.146486 0.906469
v 0.298561 0.152857 0.889764
v 0.308456 0.153129 0.889419
v 0.327289 0.142961 0.897523
v 0.315040 0.153060 0.894140
v 0.314979 0.154064 0.900068
v 0.327680 0.144892 0.901592
v 0.312052 0.155746 0.893947
v 0.312850 0.149336 0.890426
v 0.319499 0.137187 0.909914
v 0.322472 0.141865 0.909274
v 0.317144 0.134649 0.907005
v 0.289823 0.163414 0.894509
v 0.299395 0.166335 0.909144
v 0.317888 0.132350 0.899717
v 0.316832 0.132905 0.904007
v 0.313105 0.152741 0.903755
v 0.326022 0.144923 0.905981
v 0.324601 0.139941 0.894706
v 0.320126 0.135523 0.895024
v 0.329140 0.137335 0.897100
v 0.324755 0.132867 0.897561
v 0.322133 0.129764 0.901863
v 0.320688 0.130825 0.906037
v 0.320689 0.132854 0.908890
v 0.331426 0.140560 0.900074
v 0.331253 0.142388 0.903618
v 0.327220 0.143434 0.906700
v 0.334756 0.139130 0.902883
v 0.334489 0.134004 0.900987
v 0.336294 0.123420 0.914164
v 0.331953 0.125424 0.910791
v 0.332833 0.125647 0.909931
v 0.337406 0.123364 0.912845
v 0.328232 0.127093 0.905360
v 0.330173 0.126966 0.905793
v 0.332016 0.129113 0.903044
v 0.336866 0.127192 0.906882
v 0.339154 0.132722 0.906176
v 0.342559 0.130277 0.909366
v 0.340921 0.124980 0.909982
v 0.334985 0.132479 0.902526
v 0.340377 0.122882 0.914109
v 0.339946 0.121708 0.915636
v 0.330388 0.129810 0.901208
v 0.324699 0.128163 0.908590
v 0.330330 0.125937 0.913212
v 0.334616 0.123939 0.916884
v 0.338829 0.123934 0.918358
v 0.329936 0.128838 0.915682
v 0.334267 0.126782 0.918285
v 0.338084 0.126645 0.919556
v 0.330678 0.131898 0.916775
v 0.334732 0.129978 0.918765
v 0.323367 0.135445 0.911558
v 0.323274 0.131395 0.910674
v 0.337651 0.128936 0.919474
v 0.343939 0.124053 0.914339
v 0.343583 0.126850 0.917518
v 0.342842 0.124461 0.913005
v 0.339331 0.134576 0.905968
v 0.343896 0.132052 0.910226
v 0.339158 0.137008 0.907448
v 0.343613 0.134341 0.911689
v 0.345512 0.128682 0.912513
v 0.344678 0.128059 0.911866
v 0.321572 0.136532 0.910195
v 0.324085 0.140937 0.909478
v 0.325564 0.139777 0.910829
v 0.333254 0.135871 0.916470
v 0.328735 0.142381 0.908322
v 0.334201 0.140800 0.906230
v 0.338022 0.138251 0.910293
v 0.336328 0.138052 0.913728
v 0.342122 0.135597 0.913715
v 0.339674 0.135759 0.915204
v 0.336841 0.133540 0.918554
v 0.343287 0.132281 0.915992
v 0.345230 0.130741 0.914340
v 0.341762 0.129098 0.918882
v 0.341269 0.133310 0.917100
v 0.339974 0.130905 0.919207
v 0.297575 0.164309 0.911625
v 0.324551 0.163484 0.908238
v 0.326706 0.166786 0.909827
v 0.325571 0.167937 0.909481
v 0.322572 0.164820 0.908634
v 0.321771 0.165123 0.897155
v 0.322088 0.162309 0.901013
v 0.318238 0.164094 0.900712
v 0.317874 0.167020 0.897149
v 0.323607 0.169786 0.895683
v 0.320431 0.171862 0.896075
v 0.314900 0.169216 0.898468
v 0.314983 0.166127 0.902143
v 0.301816 0.175246 0.908830
v 0.301120 0.180549 0.906407
v 0.312042 0.188259 0.920101
v 0.310373 0.183658 0.923992
v 0.316225 0.180270 0.917994
v 0.316734 0.184878 0.915455
v 0.323041 0.162087 0.904945
v 0.319793 0.163269 0.905449
v 0.327401 0.177493 0.907319
v 0.326523 0.173528 0.910177
v 0.327731 0.171581 0.909569
v 0.329647 0.175273 0.907299
v 0.307821 0.178588 0.923314
v 0.304674 0.175595 0.920665
v 0.308398 0.173148 0.918365
v 0.313982 0.175591 0.917962
v 0.305364 0.171518 0.913933
v 0.326090 0.179224 0.903492
v 0.322362 0.178469 0.898779
v 0.311195 0.190085 0.908507
v 0.314214 0.188801 0.912392
v 0.317591 0.164522 0.905584
v 0.323896 0.169575 0.910690
v 0.321457 0.165948 0.909023
v 0.317469 0.174322 0.896860
v 0.325217 0.175866 0.898348
v 0.337431 0.171236 0.902586
v 0.330792 0.175853 0.902987
v 0.331036 0.174205 0.907649
v 0.337395 0.170763 0.905817
v 0.328854 0.176815 0.903032
v 0.328375 0.173933 0.898128
v 0.330892 0.160393 0.908742
v 0.333461 0.165001 0.909873
v 0.329631 0.158724 0.906075
v 0.304519 0.186394 0.905709
v 0.329799 0.160240 0.898591
v 0.329591 0.158188 0.902612
v 0.329133 0.170334 0.909678
v 0.335915 0.168636 0.908711
v 0.335753 0.169430 0.898573
v 0.331715 0.165190 0.896186
v 0.339314 0.166329 0.899318
v 0.335055 0.162143 0.897231
v 0.332695 0.157517 0.900448
v 0.331486 0.157039 0.904115
v 0.331413 0.157855 0.907240
v 0.340662 0.168527 0.903261
v 0.340088 0.168568 0.906291
v 0.337675 0.167299 0.909020
v 0.343696 0.165763 0.904255
v 0.343447 0.161969 0.901303
v 0.343800 0.150546 0.908550
v 0.340439 0.152356 0.906790
v 0.341194 0.152735 0.905889
v 0.344254 0.150361 0.907538
v 0.337219 0.154899 0.903118
v 0.338955 0.154931 0.903046
v 0.340053 0.157781 0.901082
v 0.344000 0.154924 0.903425
v 0.347403 0.159023 0.904241
v 0.350156 0.156239 0.905957
v 0.347024 0.152809 0.904769
v 0.343737 0.160000 0.901512
v 0.346875 0.149322 0.907763
v 0.347241 0.148594 0.908906
v 0.338770 0.158644 0.899743
v 0.334456 0.155057 0.906229
v 0.339817 0.151862 0.909222
v 0.344229 0.149705 0.910768
v 0.348052 0.149259 0.911005
v 0.338978 0.153377 0.911188
v 0.344077 0.150697 0.912913
v 0.347792 0.150464 0.913055
v 0.339295 0.156042 0.913278
v 0.344203 0.153060 0.914142
v 0.334253 0.159745 0.911099
v 0.333829 0.156758 0.909076
v 0.347172 0.152063 0.913652
v 0.350516 0.150411 0.907692
v 0.350791 0.151128 0.910610
v 0.349887 0.150977 0.906342
v 0.347822 0.160284 0.904810
v 0.351162 0.157019 0.907048
v 0.347946 0.161982 0.906691
v 0.351213 0.157801 0.909112
v 0.352177 0.153672 0.907915
v 0.350978 0.153565 0.906447
v 0.332873 0.160283 0.910055
v 0.334828 0.163979 0.910335
v 0.336632 0.163453 0.911278
v 0.341354 0.159571 0.913700
v 0.339669 0.166368 0.909677
v 0.342354 0.166910 0.906904
v 0.346922 0.162607 0.909210
v 0.344853 0.162052 0.911941
v 0.350446 0.157872 0.911208
v 0.348253 0.157742 0.913379
v 0.345782 0.155944 0.914691
v 0.351051 0.154135 0.911875
v 0.352085 0.153792 0.910290
v 0.350073 0.152112 0.912370
v 0.349669 0.154621 0.913223
v 0.348562 0.153471 0.913645
v 0.311757 0.189825 0.916133
v 0.240373 0.126662 0.953186
v 0.243899 0.129563 0.949704
v 0.258980 0.124095 0.953454
v 0.255127 0.127739 0.948681
v 0.258385 0.119613 0.958604
v 0.249240 0.116887 0.964099
v 0.254674 0.118059 0.962881
v 0.249578 0.129737 0.947447
v 0.239316 0.123192 0.957999
v 0.242649 0.119062 0.963025
v 0.237775 0.117353 0.951618
v 0.241602 0.112536 0.957002
v 0.247970 0.109863 0.958586
v 0.254746 0.112652 0.957999
v 0.258479 0.115164 0.955529
v 0.240821 0.122977 0.947805
v 0.244799 0.126023 0.945186
v 0.251419 0.126713 0.944706
v 0.243098 0.119589 0.940672
v 0.244600 0.110254 0.937337
v 0.258242 0.096501 0.936042
v 0.257101 0.100305 0.941625
v 0.254612 0.100114 0.940212
v 0.255651 0.096235 0.935527
v 0.253322 0.102679 0.945134
v 0.252403 0.102687 0.942907
v 0.248203 0.105467 0.941235
v 0.249465 0.101984 0.936859
v 0.246495 0.108143 0.937160
v 0.247675 0.106786 0.933333
v 0.250551 0.098695 0.932434
v 0.254514 0.094399 0.932097
v 0.251796 0.096029 0.928660
v 0.257508 0.094661 0.931018
v 0.245747 0.104618 0.942666
v 0.256466 0.106100 0.950446
v 0.259878 0.102255 0.943171
v 0.261285 0.098742 0.936093
v 0.259897 0.096777 0.930262
v 0.262546 0.105799 0.942484
v 0.262822 0.102882 0.935609
v 0.261135 0.101639 0.930137
v 0.263007 0.110140 0.940161
v 0.262352 0.106608 0.934128
v 0.260239 0.117761 0.949402
v 0.259874 0.111662 0.951788
v 0.260959 0.104460 0.930677
v 0.253512 0.095896 0.926389
v 0.256111 0.098434 0.925583
v 0.246965 0.110003 0.932193
v 0.248162 0.103516 0.929074
v 0.248919 0.106156 0.927654
v 0.247838 0.113985 0.932029
v 0.250380 0.108537 0.926828
v 0.250568 0.101236 0.925176
v 0.249439 0.099889 0.927460
v 0.259632 0.120181 0.951837
v 0.256612 0.124698 0.947924
v 0.257062 0.122545 0.945757
v 0.259949 0.115222 0.936953
v 0.252620 0.124425 0.941772
v 0.246895 0.122865 0.940140
v 0.250674 0.116524 0.931993
v 0.255109 0.117430 0.933759
v 0.253459 0.110414 0.927475
v 0.256088 0.110964 0.929013
v 0.260138 0.109390 0.931406
v 0.255327 0.105770 0.925742
v 0.252650 0.103675 0.924523
v 0.258180 0.102543 0.926639
v 0.256771 0.107404 0.927512
v 0.259063 0.105569 0.928557
v 0.308850 0.186063 0.928013
v 0.305368 0.180233 0.928253
v 0.305432 0.183761 0.933356
v 0.304852 0.187302 0.941809
v 0.305869 0.196095 0.947768
v 0.299576 0.182769 0.942543
v 0.300604 0.179251 0.933686
v 0.300312 0.174611 0.925747
v 0.292642 0.182543 0.950126
f 1558 1559 1557
f 1557 1559 1560
f 1561 1562 1564
f 1564 1562 1563
f 1565 1560 1566
f 1566 1560 1559
f 1568 1569 1567
f 1567 1569 1565
f 1570 1568 1572
f 1572 1568 1571
f 1574 1575 1573
f 1573 1575 1576
f 1578 1579 1577
f 1577 1579 1580
f 1582 1583 1581
f 1581 1583 1584
f 1586 1587 1585
f 1585 1587 1588
f 1589 1590 1592
f 1592 1590 1591
f 1593 1594 1596
f 1596 1594 1595
f 1597 1598 1562
f 1562 1598 1599
f 1562 1599 1563
f 1563 1599 1600
f 1601 1590 1602
f 1602 1590 1589
f 1604 1605 1603
f 1603 1605 1606
f 1608 1609 1607
f 1607 1609 1610
f 1612 1608 1611
f 1611 1608 1607
f 1614 1615 1613
f 1613 1615 1616
f 1617 1618 1560
f 1560 1618 1557
f 1620 1621 1619
f 1619 1621 1622
f 1624 1625 1623
f 1623 1625 1626
f 1628 1629 1627
f 1627 1629 1630
f 1632 1633 1631
f 1631 1633 1634
f 1609 1635 1610
f 1610 1635 1636
f 1638 1639 1637
f 1637 1639 1640
f 1641 1642 1608
f 1608 1642 1609
f 1613 1616 1643
f 1643 1616 1644
f 1645 1646 1599
f 1599 1646 1600
f 1599 1598 1645
f 1645 1598 1647
f 1596 1595 1648
f 1648 1595 1649
f 1650 1626 1620
f 1620 1626 1625
f 1569 1617 1565
f 1565 1617 1560
f 1581 1584 1625
f 1625 1584 1651
f 1652 1581 1624
f 1624 1581 1625
f 1654 1655 1653
f 1653 1655 1656
f 1657 1658 1660
f 1660 1658 1659
f 1662 1586 1661
f 1661 1586 1585
f 1607 1610 1663
f 1663 1610 1664
f 1610 1636 1664
f 1664 1636 1665
f 1667 1668 1666
f 1666 1668 1669
f 1671 1561 1670
f 1670 1561 1672
f 1671 1597 1561
f 1561 1597 1562
f 1592 1591 1667
f 1667 1591 1673
f 1591 1674 1673
f 1673 1674 1675
f 1590 1676 1591
f 1591 1676 1674
f 1590 1601 1676
f 1676 1601 1677
f 1681 1682 1680
f 1680 1682 1683
f 1684 1685 1570
f 1570 1685 1686
f 1589 1687 1602
f 1602 1687 1688
f 1689 1650 1619
f 1619 1650 1620
f 1690 1691 1693
f 1693 1691 1692
f 1695 1696 1694
f 1694 1696 1697
f 1633 1698 1634
f 1634 1698 1699
f 1700 1701 1576
f 1576 1701 1702
f 1704 1705 1703
f 1703 1705 1628
f 1707 1708 1706
f 1706 1708 1709
f 1638 1657 1639
f 1639 1657 1660
f 1657 1638 1711
f 1711 1638 1710
f 1712 1713 1614
f 1614 1713 1615
f 1714 1624 1703
f 1703 1624 1623
f 1715 1702 1571
f 1571 1702 1572
f 1624 1714 1652
f 1652 1714 1716
f 1685 1622 1686
f 1686 1622 1621
f 1718 1719 1717
f 1717 1719 1720
f 1722 1723 1721
f 1721 1723 1724
f 1726 1727 1725
f 1725 1727 1728
f 1730 1727 1729
f 1729 1727 1726
f 1732 1733 1731
f 1731 1733 1734
f 1736 1737 1735
f 1735 1737 1580
f 1738 1739 1577
f 1577 1739 1740
f 1637 1741 1638
f 1638 1741 1710
f 1742 1743 1744
f 1744 1743 1700
f 1714 1627 1716
f 1716 1627 1745
f 1746 1691 1713
f 1713 1691 1615
f 1725 1728 1695
f 1695 1728 1696
f 1703 1628 1714
f 1714 1628 1627
f 1748 1749 1747
f 1747 1749 1750
f 1723 1722 1605
f 1605 1722 1751
f 1752 1746 1606
f 1606 1746 1713
f 1753 1754 1756
f 1756 1754 1755
f 1577 1580 1738
f 1738 1580 1737
f 1702 1715 1576
f 1576 1715 1573
f 1738 1737 1637
f 1637 1737 1741
f 1757 1741 1736
f 1736 1741 1737
f 1758 1759 1639
f 1639 1759 1640
f 1761 1762 1760
f 1760 1762 1641
f 1763 1578 1740
f 1740 1578 1577
f 1735 1580 1764
f 1764 1580 1579
f 1764 1765 1735
f 1735 1765 1761
f 1765 1766 1761
f 1761 1766 1762
f 1768 1762 1767
f 1767 1762 1766
f 1735 1761 1736
f 1736 1761 1760
f 1769 1732 1644
f 1644 1732 1770
f 1642 1641 1768
f 1768 1641 1762
f 1749 1773 1774
f 1773 1775 1774
f 1774 1775 1776
f 1775 1574 1776
f 1776 1574 1573
f 1575 1777 1576
f 1576 1777 1700
f 1778 1779 1781
f 1781 1779 1780
f 1731 1782 1732
f 1732 1782 1770
f 1783 1643 1770
f 1770 1643 1644
f 1776 1573 1784
f 1784 1573 1715
f 1690 1769 1616
f 1616 1769 1644
f 1694 1785 1707
f 1707 1785 1708
f 1749 1748 1766
f 1766 1748 1767
f 1786 1750 1774
f 1774 1750 1749
f 1787 1788 1784
f 1784 1788 1786
f 1789 1790 1647
f 1647 1790 1645
f 1791 1792 1649
f 1649 1792 1648
f 1786 1788 1790
f 1790 1788 1793
f 1603 1794 1604
f 1604 1794 1795
f 1796 1747 1791
f 1791 1747 1792
f 1561 1564 1672
f 1672 1564 1797
f 1798 1799 1745
f 1745 1799 1716
f 1800 1801 1654
f 1654 1801 1655
f 1712 1802 1603
f 1603 1802 1794
f 1632 1803 1633
f 1633 1803 1804
f 1806 1681 1805
f 1805 1681 1680
f 1808 1809 1807
f 1807 1809 1810
f 1667 1666 1592
f 1592 1666 1811
f 1812 1589 1811
f 1811 1589 1592
f 1813 1814 1710
f 1710 1814 1711
f 1619 1725 1689
f 1689 1725 1695
f 1622 1726 1619
f 1619 1726 1725
f 1729 1726 1685
f 1685 1726 1622
f 1685 1684 1729
f 1729 1684 1815
f 1684 1816 1815
f 1815 1816 1817
f 1769 1690 1818
f 1818 1690 1693
f 1819 1820 1742
f 1742 1820 1743
f 1668 1821 1669
f 1669 1821 1822
f 1567 1823 1824
f 1790 1789 1786
f 1786 1789 1750
f 1709 1825 1626
f 1626 1825 1623
f 1731 1734 1721
f 1721 1734 1697
f 1706 1709 1650
f 1650 1709 1626
f 1827 1777 1826
f 1826 1777 1763
f 1825 1709 1828
f 1828 1709 1708
f 1677 1601 1665
f 1665 1601 1664
f 1603 1606 1712
f 1712 1606 1713
f 1613 1829 1614
f 1614 1829 1830
f 1701 1831 1816
f 1816 1831 1817
f 1832 1705 1699
f 1699 1705 1634
f 1704 1825 1631
f 1631 1825 1828
f 1763 1833 1826
f 1826 1833 1834
f 1751 1752 1605
f 1605 1752 1606
f 1615 1691 1616
f 1616 1691 1690
f 1639 1660 1758
f 1758 1660 1835
f 1705 1704 1634
f 1634 1704 1631
f 1803 1834 1804
f 1804 1834 1833
f 1739 1738 1640
f 1640 1738 1637
f 1604 1795 1837
f 1837 1795 1838
f 1783 1779 1839
f 1839 1779 1778
f 1779 1782 1780
f 1780 1782 1724
f 1837 1838 1780
f 1780 1838 1781
f 1721 1724 1731
f 1731 1724 1782
f 1820 1819 1694
f 1694 1819 1785
f 1570 1572 1684
f 1684 1572 1816
f 1776 1784 1774
f 1774 1784 1786
f 1643 1783 1840
f 1840 1783 1839
f 1816 1572 1701
f 1701 1572 1702
f 1800 1654 1814
f 1814 1654 1711
f 1614 1830 1712
f 1712 1830 1802
f 1663 1841 1607
f 1607 1841 1611
f 1799 1842 1716
f 1716 1842 1652
f 1790 1793 1645
f 1645 1793 1646
f 1602 1688 1663
f 1663 1688 1841
f 1809 1808 1805
f 1805 1808 1806
f 1842 1582 1652
f 1652 1582 1581
f 1662 1661 1843
f 1843 1661 1844
f 1828 1708 1845
f 1845 1708 1785
f 1694 1707 1695
f 1695 1707 1689
f 1739 1846 1717
f 1717 1846 1718
f 1847 1848 1833
f 1833 1848 1849
f 1707 1706 1689
f 1689 1706 1650
f 1818 1831 1733
f 1733 1831 1743
f 1700 1743 1701
f 1701 1743 1831
f 1829 1613 1840
f 1840 1613 1643
f 1730 1692 1746
f 1746 1692 1691
f 1667 1673 1668
f 1668 1673 1594
f 1673 1675 1594
f 1594 1675 1679
f 1668 1594 1821
f 1821 1594 1593
f 1843 1844 1810
f 1810 1844 1807
f 1784 1715 1787
f 1787 1715 1571
f 1779 1783 1782
f 1782 1783 1770
f 1703 1623 1704
f 1704 1623 1825
f 1780 1724 1837
f 1837 1724 1723
f 1755 1719 1756
f 1756 1719 1718
f 1601 1602 1664
f 1664 1602 1663
f 1837 1723 1604
f 1604 1723 1605
f 1717 1720 1847
f 1847 1720 1848
f 1594 1679 1595
f 1849 1850 1833
f 1833 1850 1804
f 1840 1839 1852
f 1852 1839 1851
f 1840 1852 1829
f 1829 1852 1853
f 1830 1829 1854
f 1854 1829 1853
f 1802 1830 1855
f 1855 1830 1854
f 1839 1778 1851
f 1851 1778 1856
f 1778 1781 1856
f 1856 1781 1857
f 1857 1781 1858
f 1858 1781 1838
f 1859 1860 1856
f 1856 1860 1851
f 1862 1863 1861
f 1861 1863 1864
f 1865 1866 1864
f 1864 1866 1861
f 1864 1863 1868
f 1868 1863 1867
f 1869 1870 1868
f 1868 1870 1871
f 1867 1872 1868
f 1868 1872 1869
f 1873 1860 1867
f 1867 1860 1872
f 1871 1865 1868
f 1868 1865 1864
f 1874 1875 1877
f 1877 1875 1876
f 1875 1874 1865
f 1865 1874 1866
f 1867 1863 1873
f 1873 1863 1862
f 1862 1853 1873
f 1873 1853 1852
f 1862 1878 1853
f 1853 1878 1854
f 1861 1879 1862
f 1862 1879 1878
f 1879 1861 1880
f 1880 1861 1866
f 1860 1873 1851
f 1851 1873 1852
f 1874 1881 1866
f 1866 1881 1880
f 1879 1880 1882
f 1882 1880 1883
f 1880 1881 1883
f 1883 1881 1884
f 1882 1883 1885
f 1885 1883 1886
f 1885 1887 1882
f 1882 1887 1888
f 1889 1886 1884
f 1884 1886 1883
f 1879 1882 1878
f 1878 1882 1888
f 1878 1888 1854
f 1854 1888 1855
f 1881 1874 1890
f 1890 1874 1877
f 1869 1872 1891
f 1891 1872 1860
f 1891 1892 1869
f 1869 1892 1870
f 1860 1859 1891
f 1891 1859 1893
f 1892 1891 1894
f 1894 1891 1893
f 1892 1895 1870
f 1870 1895 1896
f 1802 1855 1794
f 1794 1855 1897
f 1795 1898 1838
f 1838 1898 1858
f 1898 1795 1897
f 1897 1795 1794
f 1897 1887 1898
f 1898 1887 1899
f 1887 1885 1899
f 1899 1885 1900
f 1898 1899 1858
f 1858 1899 1901
f 1897 1855 1887
f 1887 1855 1888
f 1902 1857 1901
f 1901 1857 1858
f 1902 1859 1857
f 1857 1859 1856
f 1903 1893 1902
f 1902 1893 1859
f 1903 1902 1904
f 1904 1902 1901
f 1905 1903 1906
f 1906 1903 1904
f 1899 1900 1901
f 1901 1900 1904
f 1900 1907 1904
f 1904 1907 1906
f 1893 1903 1894
f 1894 1903 1905
f 1909 1894 1908
f 1908 1894 1905
f 1908 1911 1910
f 1910 1911 1912
f 1908 1905 1911
f 1911 1905 1906
f 1908 1910 1909
f 1909 1910 1890
f 1909 1890 1895
f 1895 1890 1877
f 1895 1892 1909
f 1909 1892 1894
f 1885 1886 1900
f 1900 1886 1907
f 1912 1907 1889
f 1889 1907 1886
f 1912 1911 1907
f 1907 1911 1906
f 1910 1912 1884
f 1884 1912 1889
f 1884 1881 1910
f 1910 1881 1890
f 1865 1871 1875
f 1875 1871 1876
f 1876 1896 1877
f 1877 1896 1895
f 1876 1871 1896
f 1896 1871 1870
f 1693 1692 1817
f 1817 1692 1815
f 1696 1722 1697
f 1697 1722 1721
f 1728 1727 1751
f 1751 1727 1752
f 1727 1730 1752
f 1752 1730 1746
f 1734 1733 1820
f 1820 1733 1743
f 1728 1751 1696
f 1696 1751 1722
f 1693 1817 1818
f 1818 1817 1831
f 1734 1820 1697
f 1697 1820 1694
f 1818 1733 1769
f 1769 1733 1732
f 1692 1730 1815
f 1815 1730 1729
f 1914 1915 1913
f 1913 1915 1916
f 1918 1919 1917
f 1917 1919 1920
f 1917 1920 1921
f 1921 1920 1922
f 1923 1924 1926
f 1926 1924 1925
f 1632 1927 1803
f 1803 1927 1928
f 1929 1930 1918
f 1918 1930 1919
f 1932 1933 1931
f 1931 1933 1934
f 1845 1785 1936
f 1936 1785 1935
f 1937 1935 1819
f 1819 1935 1785
f 1939 1940 1938
f 1938 1940 1941
f 1942 1924 1930
f 1930 1924 1919
f 1632 1845 1927
f 1927 1845 1936
f 1933 1932 1915
f 1915 1932 1943
f 1944 1942 1916
f 1916 1942 1930
f 1945 1939 1922
f 1922 1939 1946
f 1948 1949 1947
f 1947 1949 1950
f 1939 1938 1946
f 1946 1938 1951
f 1952 1921 1946
f 1946 1921 1922
f 1945 1922 1923
f 1923 1922 1920
f 1913 1953 1914
f 1914 1953 1954
f 1929 1955 1913
f 1913 1955 1953
f 1945 1923 1956
f 1956 1923 1926
f 1938 1941 1931
f 1931 1941 1928
f 1913 1916 1929
f 1929 1916 1930
f 1917 1957 1918
f 1918 1957 1958
f 1943 1944 1915
f 1915 1944 1916
f 1919 1924 1920
f 1920 1924 1923
f 1914 1954 1959
f 1959 1954 1960
f 1952 1948 1961
f 1961 1948 1947
f 1948 1951 1949
f 1949 1951 1934
f 1949 1959 1950
f 1950 1959 1960
f 1931 1934 1938
f 1938 1934 1951
f 1921 1952 1962
f 1962 1952 1961
f 1918 1958 1929
f 1929 1958 1955
f 1827 1826 1956
f 1956 1826 1940
f 1957 1917 1962
f 1962 1917 1921
f 1937 1925 1942
f 1942 1925 1924
f 1948 1952 1951
f 1951 1952 1946
f 1949 1934 1959
f 1959 1934 1933
f 1959 1933 1914
f 1914 1933 1915
f 1962 1961 1964
f 1964 1961 1963
f 1962 1964 1957
f 1957 1964 1965
f 1957 1965 1958
f 1958 1965 1966
f 1958 1966 1955
f 1955 1966 1967
f 1961 1947 1963
f 1963 1947 1968
f 1947 1950 1968
f 1968 1950 1969
f 1950 1960 1969
f 1969 1960 1970
f 1971 1972 1968
f 1968 1972 1963
f 1974 1975 1973
f 1973 1975 1976
f 1977 1978 1974
f 1974 1978 1975
f 1975 1978 1980
f 1980 1978 1979
f 1981 1982 1980
f 1980 1982 1983
f 1979 1984 1980
f 1980 1984 1981
f 1983 1976 1980
f 1980 1976 1975
f 1976 1985 1973
f 1973 1985 1986
f 1979 1978 1987
f 1987 1978 1977
f 1977 1965 1987
f 1987 1965 1964
f 1977 1988 1965
f 1965 1988 1966
f 1974 1989 1977
f 1977 1989 1988
f 1990 1989 1973
f 1973 1989 1974
f 1987 1972 1979
f 1979 1972 1984
f 1972 1987 1963
f 1963 1987 1964
f 1991 1990 1986
f 1986 1990 1973
f 1989 1990 1992
f 1992 1990 1993
f 1990 1991 1993
f 1993 1991 1994
f 1992 1993 1995
f 1995 1993 1996
f 1995 1997 1992
f 1992 1997 1998
f 1994 1999 1993
f 1993 1999 1996
f 1992 1998 1989
f 1989 1998 1988
f 1988 1998 1966
f 1966 1998 1967
f 1991 1986 2001
f 2001 1986 2000
f 1986 1985 2000
f 2000 1985 2002
f 1981 1984 2003
f 2003 1984 1972
f 1982 1981 2004
f 2004 1981 2003
f 1972 1971 2003
f 2003 1971 2005
f 2003 2005 2004
f 2004 2005 2006
f 2007 2008 2004
f 2004 2008 1982
f 2002 2008 2000
f 2000 2008 2007
f 1955 1967 1953
f 1953 1967 2009
f 1954 2010 1960
f 1960 2010 1970
f 2010 1954 2009
f 2009 1954 1953
f 2009 1997 2010
f 2010 1997 2011
f 1997 1995 2011
f 2011 1995 2012
f 2010 2011 1970
f 1970 2011 2013
f 1997 2009 1998
f 1998 2009 1967
f 2014 1969 2013
f 2013 1969 1970
f 2014 1971 1969
f 1969 1971 1968
f 2014 2015 1971
f 1971 2015 2005
f 2015 2014 2016
f 2016 2014 2013
f 2017 2015 2018
f 2018 2015 2016
f 2011 2012 2013
f 2013 2012 2016
f 2012 2019 2016
f 2016 2019 2018
f 2015 2017 2005
f 2005 2017 2006
f 2021 2006 2020
f 2020 2006 2017
f 2020 2023 2022
f 2022 2023 2024
f 2020 2017 2023
f 2023 2017 2018
f 2020 2022 2021
f 2021 2022 2001
f 2021 2001 2007
f 2007 2001 2000
f 2007 2004 2021
f 2021 2004 2006
f 1995 1996 2012
f 2012 1996 2019
f 2024 2019 1999
f 1999 2019 1996
f 2024 2023 2019
f 2019 2023 2018
f 2022 2024 1994
f 1994 2024 1999
f 1994 1991 2022
f 2022 1991 2001
f 1976 1983 1985
f 1985 1983 2002
f 2002 1983 2008
f 2008 1983 1982
f 1926 1925 1744
f 1744 1925 1742
f 1927 1932 1928
f 1928 1932 1931
f 1936 1935 1943
f 1943 1935 1944
f 1935 1937 1944
f 1944 1937 1942
f 1941 1940 1834
f 1834 1940 1826
f 1936 1943 1927
f 1927 1943 1932
f 1956 1926 1827
f 1827 1926 1744
f 1941 1834 1928
f 1928 1834 1803
f 1956 1940 1945
f 1945 1940 1939
f 1925 1937 1742
f 1742 1937 1819
f 1777 1827 1700
f 1700 1827 1744
f 1777 1575 1763
f 1763 1575 1578
f 1575 1574 1578
f 1578 1574 1579
f 1574 1775 1579
f 1579 1775 1764
f 2025 2026 2028
f 2028 2026 2027
f 2030 2031 2029
f 2029 2031 2032
f 2029 2032 2033
f 2033 2032 2034
f 2036 2037 2035
f 2035 2037 2038
f 2039 2040 2030
f 2030 2040 2031
f 2042 2043 2041
f 2041 2043 2044
f 2045 2046 1633
f 1633 2046 1698
f 2047 2045 1804
f 1804 2045 1633
f 2049 2050 2048
f 2048 2050 2051
f 2052 2036 2040
f 2040 2036 2031
f 2042 2053 2043
f 2043 2053 2027
f 2054 2052 2028
f 2028 2052 2040
f 2055 2049 2034
f 2034 2049 2056
f 2057 2058 2060
f 2060 2058 2059
f 2049 2048 2056
f 2056 2048 2061
f 2062 2033 2056
f 2056 2033 2034
f 2055 2034 2035
f 2035 2034 2032
f 2025 2063 2026
f 2026 2063 2064
f 2039 2065 2025
f 2025 2065 2063
f 2035 2038 2055
f 2055 2038 2066
f 2048 2051 2041
f 2041 2051 2067
f 2039 2025 2040
f 2040 2025 2028
f 2029 2068 2030
f 2030 2068 2069
f 2053 2054 2027
f 2027 2054 2028
f 2031 2036 2032
f 2032 2036 2035
f 2026 2064 2070
f 2070 2064 2071
f 2062 2058 2072
f 2072 2058 2057
f 2059 2058 2044
f 2044 2058 2061
f 2070 2071 2059
f 2059 2071 2060
f 2041 2044 2048
f 2048 2044 2061
f 2033 2062 2073
f 2073 2062 2072
f 2030 2069 2039
f 2039 2069 2065
f 2066 1848 2050
f 2050 1848 1720
f 2068 2029 2073
f 2073 2029 2033
f 2047 2037 2052
f 2052 2037 2036
f 2058 2062 2061
f 2061 2062 2056
f 2059 2044 2070
f 2070 2044 2043
f 2070 2043 2026
f 2026 2043 2027
f 2073 2072 2075
f 2075 2072 2074
f 2073 2075 2068
f 2068 2075 2076
f 2068 2076 2069
f 2069 2076 2077
f 2069 2077 2065
f 2065 2077 2078
f 2072 2057 2074
f 2074 2057 2079
f 2057 2060 2079
f 2079 2060 2080
f 2080 2060 2081
f 2081 2060 2071
f 2082 2083 2079
f 2079 2083 2074
f 2085 2086 2084
f 2084 2086 2087
f 2088 2089 2085
f 2085 2089 2086
f 2086 2089 2091
f 2091 2089 2090
f 2092 2093 2091
f 2091 2093 2094
f 2090 2095 2091
f 2091 2095 2092
f 2094 2087 2091
f 2091 2087 2086
f 2096 2097 2087
f 2087 2097 2084
f 2089 2088 2090
f 2090 2088 2098
f 2088 2076 2098
f 2098 2076 2075
f 2088 2099 2076
f 2076 2099 2077
f 2085 2100 2088
f 2088 2100 2099
f 2100 2085 2101
f 2101 2085 2084
f 2090 2098 2095
f 2095 2098 2083
f 2083 2098 2074
f 2074 2098 2075
f 2097 2102 2084
f 2084 2102 2101
f 2103 2100 2104
f 2104 2100 2101
f 2102 2105 2101
f 2101 2105 2104
f 2106 2103 2107
f 2107 2103 2104
f 2103 2106 2109
f 2109 2106 2108
f 2105 2110 2104
f 2104 2110 2107
f 2100 2103 2099
f 2099 2103 2109
f 2099 2109 2077
f 2077 2109 2078
f 2102 2097 2112
f 2112 2097 2111
f 2097 2096 2111
f 2111 2096 2113
f 2092 2095 2114
f 2114 2095 2083
f 2093 2092 2115
f 2115 2092 2114
f 2083 2082 2114
f 2114 2082 2116
f 2115 2114 2117
f 2117 2114 2116
f 2115 2118 2093
f 2093 2118 2119
f 2113 2119 2111
f 2111 2119 2118
f 2065 2078 2063
f 2063 2078 2120
f 2064 2121 2071
f 2071 2121 2081
f 2121 2064 2120
f 2120 2064 2063
f 2120 2108 2121
f 2121 2108 2122
f 2108 2106 2122
f 2122 2106 2123
f 2121 2122 2081
f 2081 2122 2124
f 2120 2078 2108
f 2108 2078 2109
f 2125 2080 2124
f 2124 2080 2081
f 2125 2082 2080
f 2080 2082 2079
f 2126 2116 2125
f 2125 2116 2082
f 2126 2125 2127
f 2127 2125 2124
f 2128 2126 2129
f 2129 2126 2127
f 2122 2123 2124
f 2124 2123 2127
f 2123 2130 2127
f 2127 2130 2129
f 2126 2128 2116
f 2116 2128 2117
f 2132 2117 2131
f 2131 2117 2128
f 2131 2134 2133
f 2133 2134 2135
f 2131 2128 2134
f 2134 2128 2129
f 2131 2133 2132
f 2132 2133 2112
f 2132 2112 2118
f 2118 2112 2111
f 2118 2115 2132
f 2132 2115 2117
f 2106 2107 2123
f 2123 2107 2130
f 2135 2130 2110
f 2110 2130 2107
f 2135 2134 2130
f 2130 2134 2129
f 2135 2110 2133
f 2133 2110 2105
f 2105 2102 2133
f 2133 2102 2112
f 2087 2094 2096
f 2096 2094 2113
f 2113 2094 2119
f 2119 2094 2093
f 2037 1850 2038
f 2038 1850 1849
f 2136 2042 2067
f 2067 2042 2041
f 2046 2045 2053
f 2053 2045 2054
f 2045 2047 2054
f 2054 2047 2052
f 1719 2051 1720
f 1720 2051 2050
f 2136 2046 2042
f 2042 2046 2053
f 2038 1849 2066
f 2066 1849 1848
f 2051 1719 2067
f 2067 1719 1755
f 2050 2049 2066
f 2066 2049 2055
f 2037 2047 1850
f 1850 2047 1804
f 2138 2139 2137
f 2137 2139 2140
f 2142 2143 2141
f 2141 2143 2144
f 2141 2144 2145
f 2145 2144 2146
f 2148 2149 2147
f 2147 2149 2150
f 2151 2152 2154
f 2154 2152 2153
f 2155 2156 2142
f 2142 2156 2143
f 2157 2158 2160
f 2160 2158 2159
f 2161 2162 2164
f 2164 2162 2163
f 2165 2163 1756
f 1756 2163 2162
f 2166 2167 2169
f 2169 2167 2168
f 2156 2170 2143
f 2143 2170 2148
f 2152 2161 2153
f 2153 2161 2164
f 2158 2171 2159
f 2159 2171 2139
f 2172 2170 2140
f 2140 2170 2156
f 2167 2174 2173
f 2173 2174 2146
f 2176 2177 2175
f 2175 2177 2178
f 2166 2179 2167
f 2167 2179 2174
f 2180 2145 2174
f 2174 2145 2146
f 2173 2146 2147
f 2147 2146 2144
f 2137 2181 2138
f 2138 2181 2182
f 2155 2183 2137
f 2137 2183 2181
f 2147 2150 2173
f 2173 2150 2184
f 2157 2166 2154
f 2154 2166 2169
f 2137 2140 2155
f 2155 2140 2156
f 2141 2185 2142
f 2142 2185 2186
f 2171 2172 2139
f 2139 2172 2140
f 2143 2148 2144
f 2144 2148 2147
f 2138 2182 2187
f 2187 2182 2188
f 2180 2176 2189
f 2189 2176 2175
f 2177 2176 2160
f 2160 2176 2179
f 2187 2188 2177
f 2177 2188 2178
f 2166 2157 2179
f 2179 2157 2160
f 2145 2180 2190
f 2190 2180 2189
f 2142 2186 2155
f 2155 2186 2183
f 1759 1758 2184
f 2184 1758 2168
f 2185 2141 2190
f 2190 2141 2145
f 2165 2149 2170
f 2170 2149 2148
f 2176 2180 2179
f 2179 2180 2174
f 2187 2177 2159
f 2159 2177 2160
f 2138 2187 2139
f 2139 2187 2159
f 2190 2189 2192
f 2192 2189 2191
f 2190 2192 2185
f 2185 2192 2193
f 2185 2193 2186
f 2186 2193 2194
f 2186 2194 2183
f 2183 2194 2195
f 2189 2175 2191
f 2191 2175 2196
f 2175 2178 2196
f 2196 2178 2197
f 2197 2178 2198
f 2198 2178 2188
f 2200 2191 2199
f 2199 2191 2196
f 2201 2202 2204
f 2204 2202 2203
f 2205 2206 2202
f 2202 2206 2203
f 2203 2206 2208
f 2208 2206 2207
f 2208 2209 2211
f 2211 2209 2210
f 2207 2212 2208
f 2208 2212 2209
f 2211 2204 2208
f 2208 2204 2203
f 2204 2213 2201
f 2201 2213 2214
f 2206 2205 2207
f 2207 2205 2215
f 2205 2193 2215
f 2215 2193 2192
f 2205 2216 2193
f 2193 2216 2194
f 2217 2216 2202
f 2202 2216 2205
f 2218 2217 2201
f 2201 2217 2202
f 2207 2215 2212
f 2212 2215 2200
f 2200 2215 2191
f 2191 2215 2192
f 2219 2218 2214
f 2214 2218 2201
f 2220 2217 2221
f 2221 2217 2218
f 2219 2222 2218
f 2218 2222 2221
f 2223 2220 2224
f 2224 2220 2221
f 2220 2223 2226
f 2226 2223 2225
f 2222 2227 2221
f 2221 2227 2224
f 2217 2220 2216
f 2216 2220 2226
f 2216 2226 2194
f 2194 2226 2195
f 2214 2228 2219
f 2219 2228 2229
f 2214 2213 2228
f 2228 2213 2230
f 2209 2212 2231
f 2231 2212 2200
f 2209 2231 2210
f 2210 2231 2232
f 2231 2200 2233
f 2233 2200 2199
f 2232 2231 2234
f 2234 2231 2233
f 2235 2236 2232
f 2232 2236 2210
f 2230 2236 2228
f 2228 2236 2235
f 2183 2195 2181
f 2181 2195 2237
f 2182 2238 2188
f 2188 2238 2198
f 2237 2238 2181
f 2181 2238 2182
f 2225 2239 2237
f 2237 2239 2238
f 2223 2240 2225
f 2225 2240 2239
f 2238 2239 2198
f 2198 2239 2241
f 2237 2195 2225
f 2225 2195 2226
f 2242 2197 2241
f 2241 2197 2198
f 2197 2242 2196
f 2196 2242 2199
f 2242 2243 2199
f 2199 2243 2233
f 2243 2242 2244
f 2244 2242 2241
f 2245 2243 2246
f 2246 2243 2244
f 2239 2240 2241
f 2241 2240 2244
f 2240 2247 2244
f 2244 2247 2246
f 2243 2245 2233
f 2233 2245 2234
f 2249 2234 2248
f 2248 2234 2245
f 2248 2251 2250
f 2250 2251 2252
f 2248 2245 2251
f 2251 2245 2246
f 2248 2250 2249
f 2249 2250 2229
f 2249 2229 2235
f 2235 2229 2228
f 2235 2232 2249
f 2249 2232 2234
f 2240 2223 2247
f 2247 2223 2224
f 2252 2247 2227
f 2227 2247 2224
f 2252 2251 2247
f 2247 2251 2246
f 2250 2252 2222
f 2222 2252 2227
f 2222 2219 2250
f 2250 2219 2229
f 2204 2211 2213
f 2213 2211 2230
f 2230 2211 2236
f 2236 2211 2210
f 2149 1718 2150
f 2150 1718 1846
f 2154 2153 2157
f 2157 2153 2158
f 2171 2164 2172
f 2172 2164 2163
f 2163 2165 2172
f 2172 2165 2170
f 2253 2151 2169
f 2169 2151 2154
f 2153 2164 2158
f 2158 2164 2171
f 2150 1846 2184
f 2184 1846 1759
f 2184 2168 2173
f 2173 2168 2167
f 2149 2165 1718
f 1718 2165 1756
f 1661 1585 2254
f 2254 1585 2255
f 1824 1682 2257
f 2257 1682 2256
f 1682 1681 2256
f 2256 1681 2258
f 1808 2259 1806
f 1806 2259 2260
f 1588 1824 2261
f 2261 1824 2257
f 1844 1661 2262
f 2262 1661 2254
f 1585 1588 2255
f 2255 1588 2261
f 2263 1807 2262
f 2262 1807 1844
f 1806 2260 1681
f 1681 2260 2258
f 2259 1808 2263
f 2263 1808 1807
f 2262 2264 2263
f 2263 2264 2265
f 2263 2265 2259
f 2259 2265 2266
f 2259 2266 2260
f 2260 2266 2267
f 2260 2267 2258
f 2258 2267 2268
f 2262 2254 2264
f 2264 2254 2269
f 2254 2255 2269
f 2269 2255 2270
f 2255 2261 2270
f 2270 2261 2271
f 2273 2264 2272
f 2272 2264 2269
f 2275 2276 2274
f 2274 2276 2277
f 2278 2279 2275
f 2275 2279 2276
f 2280 2281 2279
f 2279 2281 2276
f 2280 2282 2281
f 2281 2282 2283
f 2284 2277 2281
f 2281 2277 2276
f 2277 2284 2285
f 2285 2284 2286
f 2285 2287 2277
f 2277 2287 2274
f 2280 2279 2288
f 2288 2279 2278
f 2278 2266 2288
f 2288 2266 2265
f 2278 2289 2266
f 2266 2289 2267
f 2275 2290 2278
f 2278 2290 2289
f 2290 2275 2291
f 2291 2275 2274
f 2280 2288 2282
f 2282 2288 2273
f 2273 2288 2264
f 2264 2288 2265
f 2287 2292 2274
f 2274 2292 2291
f 2293 2290 2294
f 2294 2290 2291
f 2292 2295 2291
f 2291 2295 2294
f 2296 2293 2297
f 2297 2293 2294
f 2293 2296 2299
f 2299 2296 2298
f 2295 2300 2294
f 2294 2300 2297
f 2290 2293 2289
f 2289 2293 2299
f 2289 2299 2267
f 2267 2299 2268
f 2292 2287 2302
f 2302 2287 2301
f 2287 2285 2301
f 2301 2285 2286
f 2283 2282 2303
f 2303 2282 2273
f 2304 2283 2305
f 2305 2283 2303
f 2303 2273 2306
f 2306 2273 2272
f 2305 2303 2307
f 2307 2303 2306
f 2305 2308 2304
f 2304 2308 2309
f 2286 2309 2301
f 2301 2309 2308
f 2284 2281 2304
f 2304 2281 2283
f 2286 2284 2309
f 2309 2284 2304
f 2256 2258 2310
f 2310 2258 2268
f 2261 2257 2271
f 2271 2257 2311
f 2310 2311 2256
f 2256 2311 2257
f 2298 2312 2310
f 2310 2312 2311
f 2296 2313 2298
f 2298 2313 2312
f 2311 2312 2271
f 2271 2312 2314
f 2310 2268 2298
f 2298 2268 2299
f 2315 2270 2314
f 2314 2270 2271
f 2270 2315 2269
f 2269 2315 2272
f 2315 2316 2272
f 2272 2316 2306
f 2316 2315 2317
f 2317 2315 2314
f 2318 2316 2319
f 2319 2316 2317
f 2312 2313 2314
f 2314 2313 2317
f 2313 2320 2317
f 2317 2320 2319
f 2316 2318 2306
f 2306 2318 2307
f 2322 2307 2321
f 2321 2307 2318
f 2323 2321 2325
f 2325 2321 2324
f 2321 2318 2324
f 2324 2318 2319
f 2321 2323 2322
f 2322 2323 2302
f 2322 2302 2308
f 2308 2302 2301
f 2308 2305 2322
f 2322 2305 2307
f 2313 2296 2320
f 2320 2296 2297
f 2325 2320 2300
f 2300 2320 2297
f 2325 2324 2320
f 2320 2324 2319
f 2323 2325 2295
f 2295 2325 2300
f 2295 2292 2323
f 2323 2292 2302
f 1775 1773 1764
f 1764 1773 1765
f 1765 1773 1766
f 1766 1773 1749
f 1754 2136 1755
f 1755 2136 2067
f 1632 1631 1845
f 1845 1631 1828
f 1833 1763 1847
f 1847 1763 1740
f 1846 1739 1759
f 1759 1739 1640
f 2046 2136 1698
f 1698 2136 1754
f 1698 1754 1699
f 1699 1754 1753
f 1705 1832 1628
f 1628 1832 1629
f 1660 1659 1835
f 1835 1659 2326
f 2326 2152 1835
f 1835 2152 2151
f 2161 2152 2327
f 2327 2152 2326
f 2327 2326 2328
f 2328 2326 1659
f 2328 1659 2329
f 2329 1659 1658
f 1711 2330 1657
f 1657 2330 1658
f 2329 1658 1653
f 1653 1658 2330
f 2331 2329 1656
f 1656 2329 1653
f 2329 2331 2328
f 2328 2331 2332
f 2328 2332 2327
f 2327 2332 2333
f 1756 2162 1753
f 1753 2162 2333
f 1745 1627 2334
f 2334 1627 1630
f 1653 2330 1654
f 1654 2330 1711
f 1739 1717 1740
f 1740 1717 1847
f 2333 1832 1753
f 1753 1832 1699
f 2333 2162 2327
f 2327 2162 2161
f 2169 2168 2253
f 2253 2168 1758
f 2151 2253 1835
f 1835 2253 1758
f 1629 1832 2332
f 2332 1832 2333
f 2332 2331 1629
f 1629 2331 1630
f 1656 2334 2331
f 2331 2334 1630
f 2334 1656 1745
f 1745 1656 1655
f 1801 1798 1655
f 1655 1798 1745
f 1687 1589 1812
f 1584 1557 1651
f 1651 1557 1618
f 1583 1558 1584
f 1584 1558 1557
f 1821 1671 1822
f 1822 1671 1670
f 1651 1618 1625
f 1625 1618 1620
f 1618 1617 1620
f 1620 1617 1621
f 1617 1569 1621
f 1621 1569 1686
f 1569 1568 1686
f 1686 1568 1570
f 1587 1567 1588
f 1588 1567 1824
f 1571 1568 1587
f 1587 1568 1567
f 1587 1586 1571
f 1571 1586 1787
f 1586 1662 1787
f 1787 1662 1788
f 1843 1793 1662
f 1662 1793 1788
f 1810 1646 1843
f 1843 1646 1793
f 1809 1600 1810
f 1810 1600 1646
f 1809 1805 1600
f 1600 1805 1563
f 1823 1683 1824
f 1824 1683 1682
f 1566 1559 1797
f 1797 1559 1672
f 1559 1558 1672
f 1672 1558 1670
f 1558 1583 1670
f 1670 1583 1822
f 1583 1582 1822
f 1822 1582 1669
f 1582 1842 1669
f 1669 1842 1666
f 1842 1799 1666
f 1666 1799 1811
f 1799 1798 1811
f 1811 1798 1812
f 1798 1801 1812
f 1812 1801 1687
f 1801 1800 1687
f 1687 1800 1688
f 1821 1593 1671
f 1671 1593 1597
f 1597 1593 1598
f 1598 1593 1596
f 1648 1647 1596
f 1596 1647 1598
f 1792 1789 1648
f 1648 1789 1647
f 1747 1750 1792
f 1792 1750 1789
f 1814 1841 1800
f 1800 1841 1688
f 1813 1611 1814
f 1814 1611 1841
f 1813 1710 1757
f 1757 1710 1741
f 1612 1757 1760
f 1760 1757 1736
f 1611 1813 1612
f 1612 1813 1757
f 1760 1641 1612
f 1612 1641 1608
f 1642 1678 1609
f 1609 1678 1635
f 1768 1771 1642
f 1642 1771 1678
f 1767 1772 1768
f 1768 1772 1771
f 1748 1836 1767
f 1767 1836 1772
f 1747 1796 1748
f 1748 1796 1836
f 1805 1680 1563
f 1563 1680 1564
f 1680 1683 1564
f 1564 1683 1797
f 1683 1823 1797
f 1797 1823 1566
f 1566 1823 1565
f 1565 1823 1567
