o hand_left
v -0.201635 0.488995 0.818371
v -0.197506 0.496958 0.812650
v -0.200729 0.487267 0.809786
v -0.205322 0.480712 0.814922
v -0.191142 0.497295 0.793219
v -0.196172 0.501169 0.782268
v -0.200827 0.485216 0.783769
v -0.194817 0.484764 0.792769
v -0.210303 0.474518 0.813188
v -0.203431 0.479644 0.807904
v -0.215715 0.473855 0.812346
v -0.225214 0.472221 0.819718
v -0.217618 0.471032 0.818926
v -0.228986 0.468775 0.826368
v -0.231346 0.481596 0.820048
v -0.233418 0.473920 0.833280
v -0.223918 0.501214 0.840034
v -0.215198 0.507981 0.847787
v -0.217191 0.493818 0.858353
v -0.225109 0.487817 0.848825
v -0.200649 0.505917 0.863263
v -0.209823 0.498652 0.861104
v -0.208866 0.513278 0.851396
v -0.200650 0.518955 0.853744
v -0.193084 0.501105 0.824805
v -0.189511 0.509811 0.819300
v -0.193268 0.506086 0.817096
v -0.196553 0.497734 0.822141
v -0.220063 0.471686 0.802238
v -0.226363 0.482123 0.804241
v -0.223158 0.477370 0.809962
v -0.215272 0.470185 0.804645
v -0.173053 0.530769 0.808311
v -0.176546 0.542895 0.803522
v -0.180827 0.540951 0.800004
v -0.176982 0.530443 0.805484
v -0.191729 0.524934 0.786118
v -0.193652 0.535798 0.788084
v -0.205617 0.541234 0.783473
v -0.207067 0.530852 0.783077
v -0.192833 0.512371 0.783601
v -0.205176 0.517783 0.779305
v -0.206779 0.504303 0.778225
v -0.209332 0.486250 0.779582
v -0.169447 0.548494 0.812623
v -0.165445 0.540275 0.817109
v -0.208204 0.426797 0.839423
v -0.203129 0.429623 0.840681
v -0.205435 0.433196 0.839783
v -0.210254 0.429946 0.838888
v -0.173067 0.553058 0.831958
v -0.181241 0.556271 0.836895
v -0.178887 0.561859 0.832847
v -0.172495 0.558546 0.826794
v -0.173844 0.545727 0.838692
v -0.184399 0.548047 0.841898
v -0.213047 0.421833 0.850169
v -0.213157 0.421827 0.844980
v -0.216656 0.425591 0.845965
v -0.216524 0.426317 0.851442
v -0.210302 0.474192 0.819712
v -0.203991 0.480676 0.822878
v -0.213871 0.461816 0.830037
v -0.209687 0.469675 0.828888
v -0.215306 0.468227 0.824402
v -0.219029 0.462250 0.826993
v -0.194810 0.484444 0.840168
v -0.193348 0.493846 0.833447
v -0.197716 0.489644 0.830794
v -0.199850 0.478356 0.836661
v -0.181901 0.499857 0.839246
v -0.184629 0.490358 0.845638
v -0.177835 0.494926 0.848200
v -0.176377 0.500395 0.842682
v -0.192257 0.474032 0.854882
v -0.194045 0.469671 0.857953
v -0.191176 0.470189 0.858949
v -0.189439 0.476074 0.856129
v -0.177663 0.567746 0.829068
v -0.172865 0.563607 0.821558
v -0.181638 0.515686 0.867124
v -0.171707 0.519027 0.863107
v -0.170312 0.508572 0.871955
v -0.181718 0.507965 0.874346
v -0.191547 0.555466 0.837734
v -0.188563 0.562389 0.835521
v -0.209891 0.423815 0.855210
v -0.212903 0.428212 0.856225
v -0.217781 0.510118 0.782553
v -0.218647 0.488737 0.781665
v -0.216468 0.525810 0.785341
v -0.216042 0.536598 0.788355
v -0.215994 0.545503 0.787897
v -0.206254 0.468887 0.834349
v -0.199826 0.488785 0.825268
v -0.189377 0.503694 0.827100
v -0.163664 0.512341 0.841748
v -0.162291 0.520329 0.835023
v -0.169170 0.513001 0.831320
v -0.169386 0.507811 0.838329
v -0.163777 0.515437 0.858316
v -0.162732 0.509249 0.853224
v -0.163615 0.502665 0.859402
v -0.164075 0.507041 0.865660
v -0.223902 0.472167 0.795512
v -0.228161 0.486274 0.797832
v -0.167268 0.548134 0.824602
v -0.169100 0.553123 0.818911
v -0.171075 0.560269 0.814772
v -0.181427 0.519630 0.812520
v -0.179564 0.530121 0.803336
v -0.182064 0.527500 0.800591
v -0.184175 0.518473 0.811546
v -0.190729 0.503528 0.805741
v -0.186863 0.511167 0.795269
v -0.193477 0.491888 0.804145
v -0.186429 0.539746 0.794220
v -0.181742 0.549697 0.794656
v -0.188694 0.547658 0.789492
v -0.175813 0.553506 0.801467
v -0.171700 0.557163 0.808479
v -0.188070 0.570780 0.834094
v -0.196183 0.545673 0.786206
v -0.198313 0.476175 0.792425
v -0.200503 0.468594 0.791321
v -0.202047 0.468993 0.799118
v -0.199822 0.476388 0.801197
v -0.230621 0.462576 0.833534
v -0.224976 0.461112 0.828248
v -0.222607 0.467815 0.822504
v -0.170091 0.523965 0.817190
v -0.163566 0.532264 0.824138
v -0.210291 0.461007 0.835079
v -0.219306 0.431884 0.851232
v -0.219666 0.430909 0.845310
v -0.227031 0.448701 0.839573
v -0.227107 0.449323 0.846517
v -0.209647 0.457551 0.843845
v -0.210358 0.457643 0.836665
v -0.209802 0.456111 0.838293
v -0.206859 0.455406 0.844196
v -0.184161 0.476012 0.860817
v -0.182726 0.481365 0.858106
v -0.222409 0.473545 0.855660
v -0.232993 0.471875 0.848235
v -0.232370 0.482227 0.840650
v -0.189278 0.488598 0.842995
v -0.190053 0.480576 0.849454
v -0.186979 0.482672 0.851332
v -0.204949 0.467446 0.838661
v -0.207451 0.461609 0.840733
v -0.204841 0.465486 0.844092
v -0.201697 0.471060 0.841419
v -0.172718 0.529588 0.854997
v -0.163159 0.525384 0.849756
v -0.211591 0.423826 0.841064
v -0.214445 0.427198 0.841182
v -0.187939 0.497710 0.836315
v -0.229049 0.494473 0.832202
v -0.185073 0.506245 0.829368
v -0.189061 0.490292 0.874208
v -0.182213 0.487502 0.871825
v -0.181568 0.481105 0.871959
v -0.186503 0.481195 0.875231
v -0.201852 0.441395 0.848795
v -0.202338 0.439849 0.843177
v -0.201366 0.435723 0.843882
v -0.200391 0.436652 0.849584
v -0.214135 0.456989 0.832251
v -0.219569 0.456427 0.829715
v -0.217848 0.451510 0.832123
v -0.212874 0.453622 0.834851
v -0.225362 0.455259 0.832050
v -0.223615 0.449826 0.834349
v -0.204823 0.440680 0.854621
v -0.210853 0.437501 0.857957
v -0.216888 0.453971 0.854716
v -0.209467 0.453698 0.851200
v -0.201541 0.531944 0.845790
v -0.191636 0.535971 0.848879
v -0.190559 0.523227 0.857050
v -0.189776 0.511300 0.866358
v -0.189292 0.499370 0.873862
v -0.200781 0.495469 0.872214
v -0.183276 0.526952 0.857862
v -0.213499 0.463263 0.851654
v -0.221425 0.464247 0.852974
v -0.218130 0.466599 0.854885
v -0.178352 0.508157 0.831984
v -0.217237 0.432034 0.840359
v -0.221790 0.546146 0.809180
v -0.216478 0.551506 0.820211
v -0.217757 0.543061 0.822307
v -0.223008 0.536740 0.809554
v -0.206515 0.437230 0.838432
v -0.212156 0.434301 0.837014
v -0.177346 0.482976 0.861421
v -0.179585 0.477764 0.863765
v -0.178601 0.478087 0.866876
v -0.174065 0.482339 0.865190
v -0.186334 0.538703 0.848985
v -0.168129 0.499498 0.874925
v -0.178800 0.500450 0.877556
v -0.192981 0.546914 0.841711
v -0.201948 0.543837 0.839378
v -0.201779 0.552622 0.835106
v -0.208868 0.483165 0.868284
v -0.208278 0.526808 0.843900
v -0.207780 0.539558 0.836866
v -0.207829 0.549863 0.831633
v -0.207759 0.557710 0.828702
v -0.201021 0.559875 0.832710
v -0.215382 0.434124 0.855927
v -0.207471 0.431543 0.858527
v -0.200930 0.568859 0.831224
v -0.208142 0.565790 0.826280
v -0.214295 0.534717 0.832503
v -0.221146 0.528612 0.826019
v -0.214370 0.522491 0.839381
v -0.221404 0.515440 0.833748
v -0.219654 0.482302 0.865726
v -0.194005 0.421122 0.854436
v -0.199821 0.430092 0.855541
v -0.198057 0.432324 0.850391
v -0.191798 0.423391 0.851579
v -0.202472 0.435332 0.855094
v -0.204439 0.427223 0.857503
v -0.227172 0.507433 0.822960
v -0.206947 0.461505 0.846814
v -0.225665 0.520133 0.811065
v -0.231912 0.493713 0.813169
v -0.229018 0.502279 0.803022
v -0.223708 0.531265 0.797273
v -0.225655 0.514827 0.792794
v -0.221114 0.549139 0.797009
v -0.222229 0.540598 0.798662
v -0.226196 0.497524 0.789494
v -0.199582 0.420638 0.839393
v -0.195344 0.423950 0.841592
v -0.221410 0.554216 0.807181
v -0.197097 0.483271 0.802919
v -0.177033 0.514921 0.823535
v -0.182222 0.513245 0.822052
v -0.162422 0.525078 0.830745
v -0.169732 0.517812 0.825041
v -0.203563 0.417134 0.840452
v -0.195085 0.467932 0.861629
v -0.195202 0.469501 0.861273
v -0.202008 0.476120 0.784112
v -0.203428 0.469840 0.784281
v -0.216755 0.469463 0.783340
v -0.209832 0.469252 0.781414
v -0.209616 0.476954 0.780070
v -0.217137 0.477801 0.781768
v -0.179048 0.520162 0.813563
v -0.175700 0.521076 0.815407
v -0.172951 0.538255 0.846411
v -0.163752 0.533270 0.841468
v -0.229041 0.456142 0.837321
v -0.232999 0.465239 0.841246
v -0.229761 0.457974 0.844115
v -0.224164 0.453106 0.851893
v -0.209349 0.460224 0.849064
v -0.212354 0.459553 0.849231
v -0.184076 0.519891 0.798184
v -0.187637 0.513191 0.809063
v -0.205696 0.475371 0.806585
v -0.207544 0.469468 0.804664
v -0.196661 0.476712 0.844392
v -0.206065 0.471375 0.867797
v -0.214750 0.471034 0.864949
v -0.199157 0.469889 0.849311
v -0.204849 0.413731 0.848104
v -0.204964 0.414837 0.843234
v -0.227868 0.461701 0.849822
v -0.179872 0.486640 0.853703
v -0.202732 0.477414 0.868997
v -0.199353 0.469131 0.866835
v -0.163557 0.501020 0.868174
v -0.215981 0.559849 0.817110
v -0.198578 0.431965 0.844745
v -0.192454 0.425723 0.845440
v -0.197639 0.418998 0.855440
v -0.202676 0.416082 0.853433
v -0.165299 0.539570 0.832640
v -0.185632 0.511742 0.821235
v -0.224713 0.482948 0.788086
v -0.221936 0.471267 0.788841
v -0.200810 0.466893 0.851975
v -0.183388 0.494082 0.875142
v -0.197486 0.486195 0.874702
v -0.194304 0.476841 0.876260
v -0.198093 0.471741 0.872157
v -0.197431 0.467955 0.866074
v -0.193822 0.415042 0.853845
v -0.198940 0.412504 0.852003
v -0.201689 0.410573 0.846712
v -0.202083 0.411852 0.842439
v -0.200797 0.415122 0.839875
v -0.189862 0.417067 0.852732
v -0.188128 0.419193 0.849829
v -0.189857 0.422935 0.845099
v -0.186312 0.414312 0.849747
v -0.188262 0.409135 0.849733
v -0.193362 0.404025 0.837350
v -0.196267 0.405636 0.842360
v -0.193730 0.404359 0.842409
v -0.190693 0.402646 0.838702
v -0.186687 0.400458 0.836070
v -0.189326 0.401605 0.834005
v -0.192363 0.406154 0.846632
v -0.187673 0.403745 0.842109
v -0.184470 0.405863 0.843937
v -0.180976 0.403114 0.840387
v -0.183667 0.400997 0.838849
v -0.187812 0.407059 0.847164
v -0.194061 0.407109 0.848505
v -0.184962 0.400325 0.832822
v -0.184160 0.399303 0.834992
v -0.181446 0.400042 0.836785
v -0.180050 0.400459 0.834073
v -0.199397 0.409835 0.839837
v -0.193967 0.405648 0.835300
v -0.188807 0.404250 0.832263
v -0.184488 0.402717 0.831347
v -0.191675 0.408577 0.833355
v -0.187508 0.406862 0.831692
v -0.183571 0.405917 0.831151
v -0.188488 0.411530 0.833035
v -0.185294 0.409208 0.831986
v -0.196161 0.417161 0.838365
v -0.199456 0.414355 0.838574
v -0.183117 0.408044 0.831123
v -0.179306 0.402265 0.832983
v -0.183181 0.409025 0.845542
v -0.179423 0.405894 0.840166
v -0.182172 0.411210 0.844828
v -0.178229 0.407937 0.839895
v -0.177373 0.402970 0.837311
v -0.179494 0.401809 0.838136
v -0.197690 0.419285 0.839584
v -0.193023 0.422504 0.841915
v -0.191426 0.420632 0.840829
v -0.184846 0.414232 0.834981
v -0.187890 0.420727 0.843539
v -0.185067 0.416783 0.846779
v -0.181190 0.412905 0.842371
v -0.181763 0.414491 0.839242
v -0.178588 0.410040 0.838381
v -0.179873 0.411157 0.836461
v -0.182307 0.410996 0.833339
v -0.177849 0.407523 0.835127
v -0.177074 0.404982 0.836436
v -0.179788 0.405594 0.832420
v -0.178838 0.409120 0.834623
v -0.180918 0.407997 0.832651
v -0.187785 0.437836 0.851970
v -0.183136 0.440978 0.854977
v -0.187045 0.443717 0.855564
v -0.190817 0.440861 0.852979
v -0.194231 0.429369 0.860971
v -0.193193 0.431560 0.855275
v -0.197443 0.434366 0.856824
v -0.198068 0.433212 0.863560
v -0.191607 0.431054 0.867396
v -0.195326 0.435624 0.869401
v -0.202063 0.437840 0.864147
v -0.201109 0.439028 0.857144
v -0.210625 0.457490 0.854376
v -0.212487 0.457498 0.860844
v -0.194765 0.465192 0.856997
v -0.194340 0.464885 0.860677
v -0.190558 0.434921 0.852471
v -0.194375 0.437602 0.853699
v -0.184842 0.449557 0.862948
v -0.185934 0.449069 0.857570
v -0.183712 0.445511 0.858700
v -0.182697 0.445158 0.864141
v -0.204178 0.460486 0.850095
v -0.199524 0.463219 0.853602
v -0.207392 0.458702 0.851077
v -0.186909 0.447679 0.868992
v -0.191737 0.444414 0.872623
v -0.202574 0.461801 0.870752
v -0.196858 0.463095 0.868495
v -0.198022 0.441154 0.853151
v -0.189258 0.446596 0.853585
v -0.193469 0.444123 0.851603
v -0.198617 0.440973 0.869940
v -0.188326 0.439006 0.871856
v -0.172494 0.429684 0.864351
v -0.180433 0.438266 0.867979
v -0.178990 0.440961 0.863751
v -0.170015 0.432592 0.861187
v -0.183979 0.442638 0.869078
v -0.184898 0.434713 0.869729
v -0.175379 0.430254 0.848584
v -0.170944 0.433547 0.851978
v -0.178529 0.426856 0.848327
v -0.209587 0.459739 0.867149
v -0.183404 0.422184 0.856027
v -0.181351 0.424387 0.850265
v -0.179941 0.442439 0.858897
v -0.168986 0.434082 0.856667
v -0.175908 0.426730 0.864895
v -0.182048 0.423626 0.862332
v -0.172186 0.422431 0.861836
v -0.177232 0.420039 0.859379
v -0.179346 0.419288 0.853793
v -0.178450 0.422424 0.849324
v -0.176370 0.425633 0.847945
v -0.168803 0.424884 0.861538
v -0.166454 0.428351 0.859335
v -0.167088 0.431591 0.855599
v -0.163149 0.423079 0.855776
v -0.165540 0.418802 0.855414
v -0.168103 0.416797 0.836953
v -0.171688 0.417373 0.841880
v -0.169956 0.415845 0.843148
v -0.166451 0.415442 0.838785
v -0.174247 0.416453 0.847523
v -0.171935 0.415713 0.847364
v -0.169278 0.416038 0.851347
v -0.165987 0.416369 0.845918
v -0.162532 0.418162 0.848829
v -0.159058 0.417066 0.844208
v -0.162245 0.414921 0.841348
v -0.165634 0.417252 0.852083
v -0.163530 0.415129 0.836543
v -0.162995 0.416369 0.834348
v -0.171202 0.415794 0.853859
v -0.177231 0.421056 0.847114
v -0.172209 0.419995 0.840138
v -0.167585 0.419669 0.835318
v -0.161555 0.418990 0.833619
v -0.170407 0.423697 0.839006
v -0.165934 0.422506 0.835084
v -0.160975 0.421546 0.834348
v -0.167276 0.427297 0.839510
v -0.162983 0.425388 0.836125
v -0.173237 0.429346 0.847611
v -0.176289 0.425658 0.846250
v -0.161049 0.423753 0.835351
v -0.158687 0.415564 0.836234
v -0.157692 0.418538 0.835021
v -0.159776 0.415061 0.837655
v -0.161125 0.419633 0.849681
v -0.157761 0.418890 0.843997
v -0.159589 0.422163 0.849484
v -0.156450 0.420787 0.843109
v -0.156119 0.417435 0.839660
v -0.157298 0.416254 0.839869
v -0.173518 0.428887 0.849225
v -0.169459 0.431627 0.852235
v -0.169044 0.431732 0.850744
v -0.163051 0.428824 0.842610
v -0.165654 0.430949 0.853924
v -0.163032 0.426920 0.855002
v -0.159159 0.424987 0.848818
v -0.159965 0.427754 0.845955
v -0.155571 0.422798 0.843055
v -0.157253 0.425492 0.842461
v -0.160034 0.426799 0.838703
v -0.154743 0.421099 0.838617
v -0.155242 0.418828 0.839007
v -0.157751 0.420737 0.835308
v -0.156026 0.423757 0.839069
v -0.158470 0.423696 0.836315
v -0.178005 0.451756 0.859889
v -0.173648 0.455021 0.861971
v -0.176111 0.457256 0.862845
v -0.180408 0.453989 0.861178
v -0.182339 0.444025 0.869230
v -0.182248 0.445011 0.864319
v -0.185740 0.447783 0.866014
v -0.186844 0.447669 0.871414
v -0.178379 0.444177 0.873373
v -0.183991 0.449147 0.876794
v -0.190495 0.451832 0.872742
v -0.188751 0.451013 0.866916
v -0.195440 0.464317 0.866343
v -0.196156 0.465051 0.872829
v -0.180596 0.448185 0.861274
v -0.183269 0.450547 0.862525
v -0.172648 0.461000 0.869471
v -0.174085 0.460328 0.864834
v -0.172599 0.458533 0.866724
v -0.171569 0.457936 0.871008
v -0.189067 0.469048 0.859494
v -0.184688 0.472532 0.861769
v -0.192267 0.465744 0.861570
v -0.174729 0.459561 0.875705
v -0.180336 0.457171 0.879822
v -0.184401 0.471335 0.877805
v -0.180447 0.473256 0.873591
v -0.185858 0.452680 0.862925
v -0.177732 0.458913 0.861168
v -0.182136 0.455680 0.860190
v -0.187040 0.454490 0.877528
v -0.177520 0.451993 0.878679
v -0.160143 0.441278 0.867820
v -0.170229 0.451983 0.874929
v -0.169024 0.455396 0.870120
v -0.158598 0.444605 0.865218
v -0.172655 0.455254 0.876078
v -0.173911 0.447881 0.876471
v -0.167117 0.444145 0.854320
v -0.163045 0.446747 0.856966
v -0.170665 0.441444 0.855728
v -0.192102 0.468014 0.877936
v -0.179625 0.474341 0.867269
v -0.172035 0.436176 0.861258
v -0.172028 0.438872 0.857677
v -0.170399 0.456306 0.866063
v -0.159463 0.446965 0.861439
v -0.164084 0.438295 0.869192
v -0.169786 0.436132 0.866863
v -0.160912 0.435592 0.865475
v -0.166860 0.433574 0.863497
v -0.170072 0.434359 0.858750
v -0.170387 0.438109 0.855589
v -0.169047 0.441003 0.853945
v -0.157299 0.439306 0.863800
v -0.156321 0.442702 0.861727
v -0.159258 0.446278 0.860006
v -0.154792 0.438549 0.860331
v -0.157102 0.433576 0.859613
v -0.159742 0.432815 0.842149
v -0.162886 0.433573 0.847441
v -0.161987 0.433017 0.848059
v -0.158670 0.431666 0.842967
v -0.165693 0.432775 0.853801
v -0.163950 0.432377 0.852966
v -0.161360 0.431781 0.855897
v -0.157590 0.431004 0.850324
v -0.153126 0.434012 0.853268
v -0.150867 0.432846 0.848078
v -0.154683 0.429884 0.845118
v -0.157249 0.433110 0.857407
v -0.156209 0.431043 0.840608
v -0.157134 0.431302 0.838945
v -0.162631 0.431570 0.858241
v -0.168137 0.436806 0.852425
v -0.164167 0.436013 0.846103
v -0.161045 0.435357 0.840766
v -0.157312 0.434904 0.838135
v -0.163402 0.439770 0.845558
v -0.160262 0.438404 0.841152
v -0.156837 0.437830 0.838884
v -0.161341 0.442452 0.845911
v -0.158468 0.440875 0.842264
v -0.165809 0.444164 0.853156
v -0.168003 0.440901 0.852306
v -0.156223 0.439597 0.840350
v -0.152473 0.430887 0.839967
v -0.151644 0.434940 0.838933
v -0.153163 0.430580 0.841558
v -0.152178 0.435187 0.854348
v -0.148981 0.434251 0.847915
v -0.151283 0.437913 0.854313
v -0.148274 0.436841 0.847988
v -0.148928 0.432572 0.843467
v -0.149885 0.431971 0.843975
v -0.166382 0.443925 0.853997
v -0.162634 0.446325 0.856657
v -0.162297 0.446452 0.855693
v -0.157238 0.444621 0.847730
v -0.158563 0.446236 0.858510
v -0.154285 0.441979 0.858466
v -0.151780 0.440958 0.852871
v -0.153402 0.443653 0.850381
v -0.149177 0.439478 0.847430
v -0.151248 0.441488 0.847031
v -0.154938 0.442727 0.843867
v -0.149470 0.438080 0.843322
v -0.148332 0.435235 0.843215
v -0.152371 0.438018 0.839687
v -0.150888 0.440231 0.843606
v -0.153214 0.440114 0.840990
v -0.181254 0.474175 0.864157
v -0.168394 0.464098 0.865337
v -0.164483 0.465751 0.866102
v -0.164882 0.466679 0.866762
v -0.169133 0.466028 0.865594
v -0.174041 0.461385 0.874987
v -0.173666 0.461204 0.870202
v -0.175949 0.464430 0.871493
v -0.176163 0.464862 0.876118
v -0.170920 0.462785 0.879081
v -0.172138 0.466060 0.879869
v -0.176897 0.468848 0.876174
v -0.177016 0.468427 0.871438
v -0.180646 0.484185 0.871054
v -0.180298 0.487086 0.875672
v -0.162701 0.494116 0.869225
v -0.163579 0.493463 0.864180
v -0.162551 0.484854 0.866883
v -0.161726 0.486511 0.871216
v -0.171526 0.462451 0.867022
v -0.173340 0.465211 0.867238
v -0.159630 0.470613 0.873966
v -0.161200 0.469930 0.869336
v -0.161387 0.467777 0.868853
v -0.158830 0.467995 0.872845
v -0.166821 0.489877 0.862074
v -0.170706 0.486949 0.862727
v -0.170068 0.483205 0.863068
v -0.165984 0.482578 0.864412
v -0.175401 0.481694 0.865564
v -0.161340 0.470756 0.878077
v -0.166452 0.470452 0.881399
v -0.166966 0.490005 0.879122
v -0.163492 0.489110 0.875549
v -0.174174 0.467389 0.867901
v -0.165084 0.469224 0.866581
v -0.168962 0.467651 0.866020
v -0.173045 0.470017 0.880429
v -0.165489 0.466841 0.880367
v -0.156322 0.459060 0.874805
v -0.159289 0.465637 0.876973
v -0.158166 0.466847 0.872353
v -0.155336 0.460743 0.872020
v -0.160340 0.467424 0.877140
v -0.163986 0.463567 0.879558
v -0.164701 0.459736 0.863242
v -0.159936 0.461645 0.865273
v -0.167541 0.457928 0.864142
v -0.175371 0.489724 0.879154
v -0.169509 0.454683 0.870783
v -0.169047 0.455730 0.866406
v -0.160883 0.466489 0.868389
v -0.156500 0.461897 0.868403
v -0.160205 0.456660 0.876736
v -0.166542 0.455486 0.875859
v -0.158341 0.452989 0.873838
v -0.164613 0.452071 0.872940
v -0.167538 0.452685 0.867288
v -0.167255 0.455447 0.864367
v -0.165749 0.457881 0.862816
v -0.154586 0.456167 0.872392
v -0.153873 0.458400 0.870445
v -0.155644 0.460613 0.867701
v -0.152994 0.453501 0.869686
v -0.156009 0.449897 0.868447
v -0.157331 0.449801 0.855095
v -0.160267 0.451058 0.857981
v -0.159719 0.450211 0.858690
v -0.157317 0.448780 0.855535
v -0.163522 0.451194 0.862594
v -0.161903 0.450287 0.862308
v -0.160675 0.449605 0.865748
v -0.157377 0.448008 0.861602
v -0.152611 0.448747 0.864072
v -0.150609 0.447342 0.860562
v -0.155016 0.446491 0.858814
v -0.156403 0.449085 0.866777
v -0.155335 0.447114 0.854269
v -0.154846 0.447413 0.852951
v -0.162157 0.449690 0.867730
v -0.164478 0.454906 0.861038
v -0.160007 0.452951 0.856142
v -0.156410 0.450822 0.852985
v -0.153106 0.448824 0.852068
v -0.159329 0.455430 0.856169
v -0.155356 0.452866 0.852508
v -0.152155 0.450963 0.851853
v -0.157133 0.457883 0.856985
v -0.153846 0.454726 0.853574
v -0.160660 0.460394 0.861511
v -0.163111 0.457970 0.860491
v -0.151819 0.452460 0.852767
v -0.151738 0.445669 0.854761
v -0.150189 0.448020 0.853584
v -0.152624 0.445267 0.856154
v -0.151523 0.449471 0.864692
v -0.149002 0.447951 0.860419
v -0.150029 0.451418 0.864910
v -0.147882 0.449755 0.859836
v -0.149030 0.446526 0.857100
v -0.150664 0.446011 0.858064
v -0.162352 0.460052 0.862481
v -0.159144 0.461014 0.864504
v -0.157067 0.460943 0.863897
v -0.153712 0.458687 0.859360
v -0.153830 0.459674 0.867072
v -0.152413 0.456593 0.869063
v -0.149496 0.453996 0.864023
v -0.150322 0.456772 0.862130
v -0.147692 0.451651 0.858711
v -0.148728 0.454288 0.857524
v -0.151095 0.455634 0.855453
v -0.148360 0.450172 0.855200
v -0.148202 0.448345 0.855770
v -0.149762 0.450088 0.853335
v -0.148822 0.452060 0.854921
v -0.150057 0.452383 0.853804
v -0.164240 0.493605 0.873086
v -0.219998 0.458094 0.796586
v -0.216678 0.458500 0.801125
v -0.201476 0.457287 0.795149
v -0.205513 0.457033 0.800923
v -0.201793 0.456823 0.788312
v -0.210742 0.457398 0.781861
v -0.205408 0.457949 0.783814
v -0.211125 0.457556 0.802968
v -0.220895 0.458203 0.790515
v -0.217466 0.458158 0.783947
v -0.221826 0.449480 0.791849
v -0.217940 0.449422 0.784644
v -0.211484 0.448867 0.781747
v -0.204873 0.451363 0.784200
v -0.201244 0.452081 0.787803
v -0.218952 0.451890 0.798416
v -0.215165 0.452945 0.802295
v -0.208675 0.453659 0.803176
v -0.216074 0.444885 0.801849
v -0.213682 0.435692 0.798503
v -0.198589 0.425577 0.790927
v -0.200504 0.431939 0.789000
v -0.202859 0.430654 0.789997
v -0.201106 0.424790 0.791202
v -0.204758 0.435602 0.787730
v -0.205538 0.434138 0.789462
v -0.209870 0.434843 0.792468
v -0.207878 0.429475 0.793791
v -0.211528 0.434157 0.797335
v -0.209891 0.430756 0.799511
v -0.206175 0.424186 0.795182
v -0.201816 0.421056 0.792701
v -0.204440 0.419847 0.796423
v -0.198745 0.420866 0.793661
v -0.212484 0.434838 0.790754
v -0.202203 0.441813 0.785807
v -0.197978 0.434641 0.788992
v -0.195705 0.427624 0.792252
v -0.196461 0.422287 0.795569
v -0.195532 0.437179 0.791751
v -0.194497 0.430664 0.795242
v -0.195651 0.426104 0.798733
v -0.195279 0.439119 0.796313
v -0.195211 0.432555 0.798757
v -0.199282 0.450476 0.794129
v -0.199274 0.447274 0.788373
v -0.196148 0.428604 0.800083
v -0.202468 0.418494 0.798125
v -0.200029 0.420237 0.800305
v -0.210830 0.432478 0.802375
v -0.208729 0.425568 0.800806
v -0.208154 0.426802 0.803548
v -0.210247 0.435537 0.804990
v -0.206825 0.428284 0.805647
v -0.205833 0.421566 0.802428
v -0.207028 0.421826 0.799810
v -0.200299 0.453708 0.793838
v -0.203538 0.454487 0.799607
v -0.202642 0.451598 0.799859
v -0.198596 0.440703 0.802015
v -0.206967 0.450164 0.804032
v -0.212449 0.447442 0.804320
v -0.207628 0.437751 0.806604
v -0.203401 0.439954 0.805821
v -0.203965 0.430469 0.806296
v -0.201506 0.432126 0.805435
v -0.197506 0.432786 0.802603
v -0.201522 0.425972 0.804755
v -0.203919 0.423282 0.804436
v -0.198420 0.424318 0.802041
v -0.200380 0.428491 0.804393
v -0.197976 0.427951 0.802437
v -0.164178 0.498330 0.861782
v -0.167849 0.494030 0.858536
v -0.166530 0.499121 0.855411
v -0.164914 0.505304 0.848909
v -0.161976 0.515250 0.846997
v -0.170217 0.502202 0.845571
v -0.171510 0.495870 0.852528
v -0.173730 0.488843 0.857536
v -0.175255 0.505697 0.837369
f 2 3 1
f 1 3 4
f 5 6 8
f 8 6 7
f 9 4 10
f 10 4 3
f 12 13 11
f 11 13 9
f 14 12 16
f 16 12 15
f 18 19 17
f 17 19 20
f 22 23 21
f 21 23 24
f 26 27 25
f 25 27 28
f 30 31 29
f 29 31 32
f 33 34 36
f 36 34 35
f 37 38 40
f 40 38 39
f 41 42 6
f 6 42 43
f 6 43 7
f 7 43 44
f 45 34 46
f 46 34 33
f 48 49 47
f 47 49 50
f 52 53 51
f 51 53 54
f 56 52 55
f 55 52 51
f 58 59 57
f 57 59 60
f 61 62 4
f 4 62 1
f 64 65 63
f 63 65 66
f 68 69 67
f 67 69 70
f 72 73 71
f 71 73 74
f 76 77 75
f 75 77 78
f 53 79 54
f 54 79 80
f 82 83 81
f 81 83 84
f 85 86 52
f 52 86 53
f 57 60 87
f 87 60 88
f 89 90 43
f 43 90 44
f 43 42 89
f 89 42 91
f 40 39 92
f 92 39 93
f 94 70 64
f 64 70 69
f 13 61 9
f 9 61 4
f 25 28 69
f 69 28 95
f 96 25 68
f 68 25 69
f 98 99 97
f 97 99 100
f 101 102 104
f 104 102 103
f 106 30 105
f 105 30 29
f 51 54 107
f 107 54 108
f 54 80 108
f 108 80 109
f 111 112 110
f 110 112 113
f 115 5 114
f 114 5 116
f 115 41 5
f 5 41 6
f 36 35 111
f 111 35 117
f 35 118 117
f 117 118 119
f 34 120 35
f 35 120 118
f 34 45 120
f 120 45 121
f 125 126 124
f 124 126 127
f 128 129 14
f 14 129 130
f 33 131 46
f 46 131 132
f 133 94 63
f 63 94 64
f 134 135 137
f 137 135 136
f 139 140 138
f 138 140 141
f 77 142 78
f 78 142 143
f 144 145 20
f 20 145 146
f 148 149 147
f 147 149 72
f 151 152 150
f 150 152 153
f 82 101 83
f 83 101 104
f 101 82 155
f 155 82 154
f 156 157 58
f 58 157 59
f 158 68 147
f 147 68 67
f 159 146 15
f 15 146 16
f 68 158 96
f 96 158 160
f 129 66 130
f 130 66 65
f 162 163 161
f 161 163 164
f 166 167 165
f 165 167 168
f 170 171 169
f 169 171 172
f 174 171 173
f 173 171 170
f 176 177 175
f 175 177 178
f 180 181 179
f 179 181 24
f 182 183 21
f 21 183 184
f 81 185 82
f 82 185 154
f 186 187 188
f 188 187 144
f 158 71 160
f 160 71 189
f 190 135 157
f 157 135 59
f 169 172 139
f 139 172 140
f 147 72 158
f 158 72 71
f 192 193 191
f 191 193 194
f 167 166 49
f 49 166 195
f 196 190 50
f 50 190 157
f 197 198 200
f 200 198 199
f 21 24 182
f 182 24 181
f 146 159 20
f 20 159 17
f 182 181 81
f 81 181 185
f 201 185 180
f 180 185 181
f 202 203 83
f 83 203 84
f 205 206 204
f 204 206 85
f 207 22 184
f 184 22 21
f 179 24 208
f 208 24 23
f 208 209 179
f 179 209 205
f 209 210 205
f 205 210 206
f 212 206 211
f 211 206 210
f 179 205 180
f 180 205 204
f 213 176 88
f 88 176 214
f 86 85 212
f 212 85 206
f 193 217 218
f 217 219 218
f 218 219 220
f 219 18 220
f 220 18 17
f 19 221 20
f 20 221 144
f 222 223 225
f 225 223 224
f 175 226 176
f 176 226 214
f 227 87 214
f 214 87 88
f 220 17 228
f 228 17 159
f 134 213 60
f 60 213 88
f 138 229 151
f 151 229 152
f 193 192 210
f 210 192 211
f 230 194 218
f 218 194 193
f 231 232 228
f 228 232 230
f 233 234 91
f 91 234 89
f 235 236 93
f 93 236 92
f 230 232 234
f 234 232 237
f 47 238 48
f 48 238 239
f 240 191 235
f 235 191 236
f 5 8 116
f 116 8 241
f 242 243 189
f 189 243 160
f 244 245 98
f 98 245 99
f 156 246 47
f 47 246 238
f 76 247 77
f 77 247 248
f 250 125 249
f 249 125 124
f 252 253 251
f 251 253 254
f 111 110 36
f 36 110 255
f 256 33 255
f 255 33 36
f 257 258 154
f 154 258 155
f 63 169 133
f 133 169 139
f 66 170 63
f 63 170 169
f 173 170 129
f 129 170 66
f 129 128 173
f 173 128 259
f 128 260 259
f 259 260 261
f 213 134 262
f 262 134 137
f 263 264 186
f 186 264 187
f 112 265 113
f 113 265 266
f 11 267 268
f 234 233 230
f 230 233 194
f 153 269 70
f 70 269 67
f 175 178 165
f 165 178 141
f 150 153 94
f 94 153 70
f 271 221 270
f 270 221 207
f 269 153 272
f 272 153 152
f 121 45 109
f 109 45 108
f 47 50 156
f 156 50 157
f 57 273 58
f 58 273 274
f 145 275 260
f 260 275 261
f 276 149 143
f 143 149 78
f 148 269 75
f 75 269 272
f 207 277 270
f 270 277 278
f 195 196 49
f 49 196 50
f 59 135 60
f 60 135 134
f 83 104 202
f 202 104 279
f 149 148 78
f 78 148 75
f 247 278 248
f 248 278 277
f 183 182 84
f 84 182 81
f 48 239 281
f 281 239 282
f 227 223 283
f 283 223 222
f 223 226 224
f 224 226 168
f 281 282 224
f 224 282 225
f 165 168 175
f 175 168 226
f 264 263 138
f 138 263 229
f 14 16 128
f 128 16 260
f 220 228 218
f 218 228 230
f 87 227 284
f 284 227 283
f 260 16 145
f 145 16 146
f 244 98 258
f 258 98 155
f 58 274 156
f 156 274 246
f 107 285 51
f 51 285 55
f 243 286 160
f 160 286 96
f 234 237 89
f 89 237 90
f 46 132 107
f 107 132 285
f 253 252 249
f 249 252 250
f 286 26 96
f 96 26 25
f 106 105 287
f 287 105 288
f 272 152 289
f 289 152 229
f 138 151 139
f 139 151 133
f 183 290 161
f 161 290 162
f 291 292 277
f 277 292 293
f 151 150 133
f 133 150 94
f 262 275 177
f 177 275 187
f 144 187 145
f 145 187 275
f 273 57 284
f 284 57 87
f 174 136 190
f 190 136 135
f 111 117 112
f 112 117 38
f 117 119 38
f 38 119 123
f 112 38 265
f 265 38 37
f 287 288 254
f 254 288 251
f 228 159 231
f 231 159 15
f 223 227 226
f 226 227 214
f 147 67 148
f 148 67 269
f 224 168 281
f 281 168 167
f 199 163 200
f 200 163 162
f 45 46 108
f 108 46 107
f 281 167 48
f 48 167 49
f 161 164 291
f 291 164 292
f 38 123 39
f 293 294 277
f 277 294 248
f 284 283 296
f 296 283 295
f 284 296 273
f 273 296 297
f 274 273 298
f 298 273 297
f 246 274 299
f 299 274 298
f 283 222 295
f 295 222 300
f 222 225 300
f 300 225 301
f 301 225 302
f 302 225 282
f 303 304 300
f 300 304 295
f 306 307 305
f 305 307 308
f 309 310 308
f 308 310 305
f 308 307 312
f 312 307 311
f 313 314 312
f 312 314 315
f 311 316 312
f 312 316 313
f 317 304 311
f 311 304 316
f 315 309 312
f 312 309 308
f 318 319 321
f 321 319 320
f 319 318 309
f 309 318 310
f 311 307 317
f 317 307 306
f 306 297 317
f 317 297 296
f 306 322 297
f 297 322 298
f 305 323 306
f 306 323 322
f 323 305 324
f 324 305 310
f 304 317 295
f 295 317 296
f 318 325 310
f 310 325 324
f 323 324 326
f 326 324 327
f 324 325 327
f 327 325 328
f 326 327 329
f 329 327 330
f 329 331 326
f 326 331 332
f 333 330 328
f 328 330 327
f 323 326 322
f 322 326 332
f 322 332 298
f 298 332 299
f 325 318 334
f 334 318 321
f 313 316 335
f 335 316 304
f 335 336 313
f 313 336 314
f 304 303 335
f 335 303 337
f 336 335 338
f 338 335 337
f 336 339 314
f 314 339 340
f 246 299 238
f 238 299 341
f 239 342 282
f 282 342 302
f 342 239 341
f 341 239 238
f 341 331 342
f 342 331 343
f 331 329 343
f 343 329 344
f 342 343 302
f 302 343 345
f 341 299 331
f 331 299 332
f 346 301 345
f 345 301 302
f 346 303 301
f 301 303 300
f 347 337 346
f 346 337 303
f 347 346 348
f 348 346 345
f 349 347 350
f 350 347 348
f 343 344 345
f 345 344 348
f 344 351 348
f 348 351 350
f 337 347 338
f 338 347 349
f 353 338 352
f 352 338 349
f 352 355 354
f 354 355 356
f 352 349 355
f 355 349 350
f 352 354 353
f 353 354 334
f 353 334 339
f 339 334 321
f 339 336 353
f 353 336 338
f 329 330 344
f 344 330 351
f 356 351 333
f 333 351 330
f 356 355 351
f 351 355 350
f 354 356 328
f 328 356 333
f 328 325 354
f 354 325 334
f 309 315 319
f 319 315 320
f 320 340 321
f 321 340 339
f 320 315 340
f 340 315 314
f 137 136 261
f 261 136 259
f 140 166 141
f 141 166 165
f 172 171 195
f 195 171 196
f 171 174 196
f 196 174 190
f 178 177 264
f 264 177 187
f 172 195 140
f 140 195 166
f 137 261 262
f 262 261 275
f 178 264 141
f 141 264 138
f 262 177 213
f 213 177 176
f 136 174 259
f 259 174 173
f 358 359 357
f 357 359 360
f 362 363 361
f 361 363 364
f 361 364 365
f 365 364 366
f 367 368 370
f 370 368 369
f 76 371 247
f 247 371 372
f 373 374 362
f 362 374 363
f 376 377 375
f 375 377 378
f 289 229 380
f 380 229 379
f 381 379 263
f 263 379 229
f 383 384 382
f 382 384 385
f 386 368 374
f 374 368 363
f 76 289 371
f 371 289 380
f 377 376 359
f 359 376 387
f 388 386 360
f 360 386 374
f 389 383 366
f 366 383 390
f 392 393 391
f 391 393 394
f 383 382 390
f 390 382 395
f 396 365 390
f 390 365 366
f 389 366 367
f 367 366 364
f 357 397 358
f 358 397 398
f 373 399 357
f 357 399 397
f 389 367 400
f 400 367 370
f 382 385 375
f 375 385 372
f 357 360 373
f 373 360 374
f 361 401 362
f 362 401 402
f 387 388 359
f 359 388 360
f 363 368 364
f 364 368 367
f 358 398 403
f 403 398 404
f 396 392 405
f 405 392 391
f 392 395 393
f 393 395 378
f 393 403 394
f 394 403 404
f 375 378 382
f 382 378 395
f 365 396 406
f 406 396 405
f 362 402 373
f 373 402 399
f 271 270 400
f 400 270 384
f 401 361 406
f 406 361 365
f 381 369 386
f 386 369 368
f 392 396 395
f 395 396 390
f 393 378 403
f 403 378 377
f 403 377 358
f 358 377 359
f 406 405 408
f 408 405 407
f 406 408 401
f 401 408 409
f 401 409 402
f 402 409 410
f 402 410 399
f 399 410 411
f 405 391 407
f 407 391 412
f 391 394 412
f 412 394 413
f 394 404 413
f 413 404 414
f 415 416 412
f 412 416 407
f 418 419 417
f 417 419 420
f 421 422 418
f 418 422 419
f 419 422 424
f 424 422 423
f 425 426 424
f 424 426 427
f 423 428 424
f 424 428 425
f 427 420 424
f 424 420 419
f 420 429 417
f 417 429 430
f 423 422 431
f 431 422 421
f 421 409 431
f 431 409 408
f 421 432 409
f 409 432 410
f 418 433 421
f 421 433 432
f 434 433 417
f 417 433 418
f 431 416 423
f 423 416 428
f 416 431 407
f 407 431 408
f 435 434 430
f 430 434 417
f 433 434 436
f 436 434 437
f 434 435 437
f 437 435 438
f 436 437 439
f 439 437 440
f 439 441 436
f 436 441 442
f 438 443 437
f 437 443 440
f 436 442 433
f 433 442 432
f 432 442 410
f 410 442 411
f 435 430 445
f 445 430 444
f 430 429 444
f 444 429 446
f 425 428 447
f 447 428 416
f 426 425 448
f 448 425 447
f 416 415 447
f 447 415 449
f 447 449 448
f 448 449 450
f 451 452 448
f 448 452 426
f 446 452 444
f 444 452 451
f 399 411 397
f 397 411 453
f 398 454 404
f 404 454 414
f 454 398 453
f 453 398 397
f 453 441 454
f 454 441 455
f 441 439 455
f 455 439 456
f 454 455 414
f 414 455 457
f 441 453 442
f 442 453 411
f 458 413 457
f 457 413 414
f 458 415 413
f 413 415 412
f 458 459 415
f 415 459 449
f 459 458 460
f 460 458 457
f 461 459 462
f 462 459 460
f 455 456 457
f 457 456 460
f 456 463 460
f 460 463 462
f 459 461 449
f 449 461 450
f 465 450 464
f 464 450 461
f 464 467 466
f 466 467 468
f 464 461 467
f 467 461 462
f 464 466 465
f 465 466 445
f 465 445 451
f 451 445 444
f 451 448 465
f 465 448 450
f 439 440 456
f 456 440 463
f 468 463 443
f 443 463 440
f 468 467 463
f 463 467 462
f 466 468 438
f 438 468 443
f 438 435 466
f 466 435 445
f 420 427 429
f 429 427 446
f 446 427 452
f 452 427 426
f 370 369 188
f 188 369 186
f 371 376 372
f 372 376 375
f 380 379 387
f 387 379 388
f 379 381 388
f 388 381 386
f 385 384 278
f 278 384 270
f 380 387 371
f 371 387 376
f 400 370 271
f 271 370 188
f 385 278 372
f 372 278 247
f 400 384 389
f 389 384 383
f 369 381 186
f 186 381 263
f 221 271 144
f 144 271 188
f 221 19 207
f 207 19 22
f 19 18 22
f 22 18 23
f 18 219 23
f 23 219 208
f 469 470 472
f 472 470 471
f 474 475 473
f 473 475 476
f 473 476 477
f 477 476 478
f 480 481 479
f 479 481 482
f 483 484 474
f 474 484 475
f 486 487 485
f 485 487 488
f 489 490 77
f 77 490 142
f 491 489 248
f 248 489 77
f 493 494 492
f 492 494 495
f 496 480 484
f 484 480 475
f 486 497 487
f 487 497 471
f 498 496 472
f 472 496 484
f 499 493 478
f 478 493 500
f 501 502 504
f 504 502 503
f 493 492 500
f 500 492 505
f 506 477 500
f 500 477 478
f 499 478 479
f 479 478 476
f 469 507 470
f 470 507 508
f 483 509 469
f 469 509 507
f 479 482 499
f 499 482 510
f 492 495 485
f 485 495 511
f 483 469 484
f 484 469 472
f 473 512 474
f 474 512 513
f 497 498 471
f 471 498 472
f 475 480 476
f 476 480 479
f 470 508 514
f 514 508 515
f 506 502 516
f 516 502 501
f 503 502 488
f 488 502 505
f 514 515 503
f 503 515 504
f 485 488 492
f 492 488 505
f 477 506 517
f 517 506 516
f 474 513 483
f 483 513 509
f 510 292 494
f 494 292 164
f 512 473 517
f 517 473 477
f 491 481 496
f 496 481 480
f 502 506 505
f 505 506 500
f 503 488 514
f 514 488 487
f 514 487 470
f 470 487 471
f 517 516 519
f 519 516 518
f 517 519 512
f 512 519 520
f 512 520 513
f 513 520 521
f 513 521 509
f 509 521 522
f 516 501 518
f 518 501 523
f 501 504 523
f 523 504 524
f 524 504 525
f 525 504 515
f 526 527 523
f 523 527 518
f 529 530 528
f 528 530 531
f 532 533 529
f 529 533 530
f 530 533 535
f 535 533 534
f 536 537 535
f 535 537 538
f 534 539 535
f 535 539 536
f 538 531 535
f 535 531 530
f 540 541 531
f 531 541 528
f 533 532 534
f 534 532 542
f 532 520 542
f 542 520 519
f 532 543 520
f 520 543 521
f 529 544 532
f 532 544 543
f 544 529 545
f 545 529 528
f 534 542 539
f 539 542 527
f 527 542 518
f 518 542 519
f 541 546 528
f 528 546 545
f 547 544 548
f 548 544 545
f 546 549 545
f 545 549 548
f 550 547 551
f 551 547 548
f 547 550 553
f 553 550 552
f 549 554 548
f 548 554 551
f 544 547 543
f 543 547 553
f 543 553 521
f 521 553 522
f 546 541 556
f 556 541 555
f 541 540 555
f 555 540 557
f 536 539 558
f 558 539 527
f 537 536 559
f 559 536 558
f 527 526 558
f 558 526 560
f 559 558 561
f 561 558 560
f 559 562 537
f 537 562 563
f 557 563 555
f 555 563 562
f 509 522 507
f 507 522 564
f 508 565 515
f 515 565 525
f 565 508 564
f 564 508 507
f 564 552 565
f 565 552 566
f 552 550 566
f 566 550 567
f 565 566 525
f 525 566 568
f 564 522 552
f 552 522 553
f 569 524 568
f 568 524 525
f 569 526 524
f 524 526 523
f 570 560 569
f 569 560 526
f 570 569 571
f 571 569 568
f 572 570 573
f 573 570 571
f 566 567 568
f 568 567 571
f 567 574 571
f 571 574 573
f 570 572 560
f 560 572 561
f 576 561 575
f 575 561 572
f 575 578 577
f 577 578 579
f 575 572 578
f 578 572 573
f 575 577 576
f 576 577 556
f 576 556 562
f 562 556 555
f 562 559 576
f 576 559 561
f 550 551 567
f 567 551 574
f 579 574 554
f 554 574 551
f 579 578 574
f 574 578 573
f 579 554 577
f 577 554 549
f 549 546 577
f 577 546 556
f 531 538 540
f 540 538 557
f 557 538 563
f 563 538 537
f 481 294 482
f 482 294 293
f 580 486 511
f 511 486 485
f 490 489 497
f 497 489 498
f 489 491 498
f 498 491 496
f 163 495 164
f 164 495 494
f 580 490 486
f 486 490 497
f 482 293 510
f 510 293 292
f 495 163 511
f 511 163 199
f 494 493 510
f 510 493 499
f 481 491 294
f 294 491 248
f 582 583 581
f 581 583 584
f 586 587 585
f 585 587 588
f 585 588 589
f 589 588 590
f 592 593 591
f 591 593 594
f 595 596 598
f 598 596 597
f 599 600 586
f 586 600 587
f 601 602 604
f 604 602 603
f 605 606 608
f 608 606 607
f 609 607 200
f 200 607 606
f 610 611 613
f 613 611 612
f 600 614 587
f 587 614 592
f 596 605 597
f 597 605 608
f 602 615 603
f 603 615 583
f 616 614 584
f 584 614 600
f 611 618 617
f 617 618 590
f 620 621 619
f 619 621 622
f 610 623 611
f 611 623 618
f 624 589 618
f 618 589 590
f 617 590 591
f 591 590 588
f 581 625 582
f 582 625 626
f 599 627 581
f 581 627 625
f 591 594 617
f 617 594 628
f 601 610 598
f 598 610 613
f 581 584 599
f 599 584 600
f 585 629 586
f 586 629 630
f 615 616 583
f 583 616 584
f 587 592 588
f 588 592 591
f 582 626 631
f 631 626 632
f 624 620 633
f 633 620 619
f 621 620 604
f 604 620 623
f 631 632 621
f 621 632 622
f 610 601 623
f 623 601 604
f 589 624 634
f 634 624 633
f 586 630 599
f 599 630 627
f 203 202 628
f 628 202 612
f 629 585 634
f 634 585 589
f 609 593 614
f 614 593 592
f 620 624 623
f 623 624 618
f 631 621 603
f 603 621 604
f 582 631 583
f 583 631 603
f 634 633 636
f 636 633 635
f 634 636 629
f 629 636 637
f 629 637 630
f 630 637 638
f 630 638 627
f 627 638 639
f 633 619 635
f 635 619 640
f 619 622 640
f 640 622 641
f 641 622 642
f 642 622 632
f 644 635 643
f 643 635 640
f 645 646 648
f 648 646 647
f 649 650 646
f 646 650 647
f 647 650 652
f 652 650 651
f 652 653 655
f 655 653 654
f 651 656 652
f 652 656 653
f 655 648 652
f 652 648 647
f 648 657 645
f 645 657 658
f 650 649 651
f 651 649 659
f 649 637 659
f 659 637 636
f 649 660 637
f 637 660 638
f 661 660 646
f 646 660 649
f 662 661 645
f 645 661 646
f 651 659 656
f 656 659 644
f 644 659 635
f 635 659 636
f 663 662 658
f 658 662 645
f 664 661 665
f 665 661 662
f 663 666 662
f 662 666 665
f 667 664 668
f 668 664 665
f 664 667 670
f 670 667 669
f 666 671 665
f 665 671 668
f 661 664 660
f 660 664 670
f 660 670 638
f 638 670 639
f 658 672 663
f 663 672 673
f 658 657 672
f 672 657 674
f 653 656 675
f 675 656 644
f 653 675 654
f 654 675 676
f 675 644 677
f 677 644 643
f 676 675 678
f 678 675 677
f 679 680 676
f 676 680 654
f 674 680 672
f 672 680 679
f 627 639 625
f 625 639 681
f 626 682 632
f 632 682 642
f 681 682 625
f 625 682 626
f 669 683 681
f 681 683 682
f 667 684 669
f 669 684 683
f 682 683 642
f 642 683 685
f 681 639 669
f 669 639 670
f 686 641 685
f 685 641 642
f 641 686 640
f 640 686 643
f 686 687 643
f 643 687 677
f 687 686 688
f 688 686 685
f 689 687 690
f 690 687 688
f 683 684 685
f 685 684 688
f 684 691 688
f 688 691 690
f 687 689 677
f 677 689 678
f 693 678 692
f 692 678 689
f 692 695 694
f 694 695 696
f 692 689 695
f 695 689 690
f 692 694 693
f 693 694 673
f 693 673 679
f 679 673 672
f 679 676 693
f 693 676 678
f 684 667 691
f 691 667 668
f 696 691 671
f 671 691 668
f 696 695 691
f 691 695 690
f 694 696 666
f 666 696 671
f 666 663 694
f 694 663 673
f 648 655 657
f 657 655 674
f 674 655 680
f 680 655 654
f 593 162 594
f 594 162 290
f 598 597 601
f 601 597 602
f 615 608 616
f 616 608 607
f 607 609 616
f 616 609 614
f 697 595 613
f 613 595 598
f 597 608 602
f 602 608 615
f 594 290 628
f 628 290 203
f 628 612 617
f 617 612 611
f 593 609 162
f 162 609 200
f 105 29 698
f 698 29 699
f 268 126 701
f 701 126 700
f 126 125 700
f 700 125 702
f 252 703 250
f 250 703 704
f 32 268 705
f 705 268 701
f 288 105 706
f 706 105 698
f 29 32 699
f 699 32 705
f 707 251 706
f 706 251 288
f 250 704 125
f 125 704 702
f 703 252 707
f 707 252 251
f 706 708 707
f 707 708 709
f 707 709 703
f 703 709 710
f 703 710 704
f 704 710 711
f 704 711 702
f 702 711 712
f 706 698 708
f 708 698 713
f 698 699 713
f 713 699 714
f 699 705 714
f 714 705 715
f 717 708 716
f 716 708 713
f 719 720 718
f 718 720 721
f 722 723 719
f 719 723 720
f 724 725 723
f 723 725 720
f 724 726 725
f 725 726 727
f 728 721 725
f 725 721 720
f 721 728 729
f 729 728 730
f 729 731 721
f 721 731 718
f 724 723 732
f 732 723 722
f 722 710 732
f 732 710 709
f 722 733 710
f 710 733 711
f 719 734 722
f 722 734 733
f 734 719 735
f 735 719 718
f 724 732 726
f 726 732 717
f 717 732 708
f 708 732 709
f 731 736 718
f 718 736 735
f 737 734 738
f 738 734 735
f 736 739 735
f 735 739 738
f 740 737 741
f 741 737 738
f 737 740 743
f 743 740 742
f 739 744 738
f 738 744 741
f 734 737 733
f 733 737 743
f 733 743 711
f 711 743 712
f 736 731 746
f 746 731 745
f 731 729 745
f 745 729 730
f 727 726 747
f 747 726 717
f 748 727 749
f 749 727 747
f 747 717 750
f 750 717 716
f 749 747 751
f 751 747 750
f 749 752 748
f 748 752 753
f 730 753 745
f 745 753 752
f 728 725 748
f 748 725 727
f 730 728 753
f 753 728 748
f 700 702 754
f 754 702 712
f 705 701 715
f 715 701 755
f 754 755 700
f 700 755 701
f 742 756 754
f 754 756 755
f 740 757 742
f 742 757 756
f 755 756 715
f 715 756 758
f 754 712 742
f 742 712 743
f 759 714 758
f 758 714 715
f 714 759 713
f 713 759 716
f 759 760 716
f 716 760 750
f 760 759 761
f 761 759 758
f 762 760 763
f 763 760 761
f 756 757 758
f 758 757 761
f 757 764 761
f 761 764 763
f 760 762 750
f 750 762 751
f 766 751 765
f 765 751 762
f 767 765 769
f 769 765 768
f 765 762 768
f 768 762 763
f 765 767 766
f 766 767 746
f 766 746 752
f 752 746 745
f 752 749 766
f 766 749 751
f 757 740 764
f 764 740 741
f 769 764 744
f 744 764 741
f 769 768 764
f 764 768 763
f 767 769 739
f 739 769 744
f 739 736 767
f 767 736 746
f 219 217 208
f 208 217 209
f 209 217 210
f 210 217 193
f 198 580 199
f 199 580 511
f 76 75 289
f 289 75 272
f 277 207 291
f 291 207 184
f 290 183 203
f 203 183 84
f 490 580 142
f 142 580 198
f 142 198 143
f 143 198 197
f 149 276 72
f 72 276 73
f 104 103 279
f 279 103 770
f 770 596 279
f 279 596 595
f 605 596 771
f 771 596 770
f 771 770 772
f 772 770 103
f 772 103 773
f 773 103 102
f 155 774 101
f 101 774 102
f 773 102 97
f 97 102 774
f 775 773 100
f 100 773 97
f 773 775 772
f 772 775 776
f 772 776 771
f 771 776 777
f 200 606 197
f 197 606 777
f 189 71 778
f 778 71 74
f 97 774 98
f 98 774 155
f 183 161 184
f 184 161 291
f 777 276 197
f 197 276 143
f 777 606 771
f 771 606 605
f 613 612 697
f 697 612 202
f 595 697 279
f 279 697 202
f 73 276 776
f 776 276 777
f 776 775 73
f 73 775 74
f 100 778 775
f 775 778 74
f 778 100 189
f 189 100 99
f 245 242 99
f 99 242 189
f 131 33 256
f 28 1 95
f 95 1 62
f 27 2 28
f 28 2 1
f 265 115 266
f 266 115 114
f 95 62 69
f 69 62 64
f 62 61 64
f 64 61 65
f 61 13 65
f 65 13 130
f 13 12 130
f 130 12 14
f 31 11 32
f 32 11 268
f 15 12 31
f 31 12 11
f 31 30 15
f 15 30 231
f 30 106 231
f 231 106 232
f 287 237 106
f 106 237 232
f 254 90 287
f 287 90 237
f 253 44 254
f 254 44 90
f 253 249 44
f 44 249 7
f 267 127 268
f 268 127 126
f 10 3 241
f 241 3 116
f 3 2 116
f 116 2 114
f 2 27 114
f 114 27 266
f 27 26 266
f 266 26 113
f 26 286 113
f 113 286 110
f 286 243 110
f 110 243 255
f 243 242 255
f 255 242 256
f 242 245 256
f 256 245 131
f 245 244 131
f 131 244 132
f 265 37 115
f 115 37 41
f 41 37 42
f 42 37 40
f 92 91 40
f 40 91 42
f 236 233 92
f 92 233 91
f 191 194 236
f 236 194 233
f 258 285 244
f 244 285 132
f 257 55 258
f 258 55 285
f 257 154 201
f 201 154 185
f 56 201 204
f 204 201 180
f 55 257 56
f 56 257 201
f 204 85 56
f 56 85 52
f 86 122 53
f 53 122 79
f 212 215 86
f 86 215 122
f 211 216 212
f 212 216 215
f 192 280 211
f 211 280 216
f 191 240 192
f 192 240 280
f 249 124 7
f 7 124 8
f 124 127 8
f 8 127 241
f 127 267 241
f 241 267 10
f 10 267 9
f 9 267 11
o hand_right
v 0.101714 0.340279 0.843991
v 0.105209 0.347334 0.836152
v 0.094522 0.347073 0.837121
v 0.091874 0.338703 0.844524
v 0.098769 0.359868 0.817986
v 0.096746 0.356932 0.806161
v 0.082849 0.354892 0.812978
v 0.086881 0.358933 0.821876
v 0.084172 0.336023 0.844620
v 0.086239 0.346415 0.838191
v 0.080875 0.332949 0.842284
v 0.084537 0.318271 0.847358
v 0.084722 0.324771 0.849545
v 0.086054 0.311083 0.853328
v 0.091784 0.312465 0.841066
v 0.093946 0.305263 0.854174
v 0.122230 0.312517 0.847225
v 0.133316 0.318896 0.851778
v 0.127199 0.313039 0.866970
v 0.116001 0.308045 0.860651
v 0.141734 0.328004 0.869053
v 0.133533 0.319419 0.868729
v 0.140383 0.324228 0.853464
v 0.147241 0.331784 0.854505
v 0.117111 0.346238 0.844409
v 0.121463 0.351853 0.836613
v 0.116336 0.348988 0.836254
v 0.112182 0.343705 0.843429
v 0.071988 0.334206 0.832127
v 0.082879 0.324406 0.828955
v 0.081630 0.326264 0.836814
v 0.072334 0.338525 0.835837
v 0.134643 0.372401 0.820586
v 0.141644 0.371384 0.809066
v 0.137691 0.368074 0.806191
v 0.132461 0.369259 0.817493
v 0.117742 0.359345 0.800572
v 0.126312 0.358116 0.795942
v 0.126669 0.348792 0.785998
v 0.118438 0.346494 0.790930
v 0.106882 0.358760 0.803632
v 0.107081 0.348324 0.794969
v 0.095915 0.347324 0.799532
v 0.080740 0.347424 0.807598
v 0.152059 0.375904 0.815080
v 0.148175 0.377789 0.824301
v 0.065165 0.309665 0.898421
v 0.068561 0.313955 0.900650
v 0.070454 0.313920 0.896482
v 0.066991 0.309560 0.894888
v 0.166224 0.367117 0.826520
v 0.170748 0.358100 0.826200
v 0.173333 0.361985 0.820606
v 0.167923 0.369623 0.819608
v 0.163837 0.363792 0.835622
v 0.166434 0.352966 0.833778
v 0.068699 0.298473 0.903352
v 0.065053 0.301060 0.900786
v 0.067989 0.299390 0.896924
v 0.072281 0.296915 0.899293
v 0.089411 0.330532 0.850576
v 0.097645 0.335388 0.851228
v 0.084846 0.321802 0.866112
v 0.091456 0.327062 0.860514
v 0.086796 0.323389 0.856282
v 0.082819 0.318036 0.861320
v 0.111787 0.338705 0.865067
v 0.116004 0.342806 0.854976
v 0.110516 0.339178 0.854062
v 0.104243 0.334498 0.864338
v 0.125389 0.352447 0.859386
v 0.120792 0.347223 0.868897
v 0.126666 0.353295 0.870220
v 0.128291 0.356742 0.863319
v 0.111272 0.336020 0.883089
v 0.108858 0.332828 0.887838
v 0.110515 0.335012 0.889421
v 0.114054 0.338238 0.883801
v 0.176213 0.364726 0.814740
v 0.169147 0.371212 0.812614
v 0.153844 0.345848 0.871983
v 0.155225 0.356663 0.869758
v 0.151752 0.355086 0.882110
v 0.151525 0.343348 0.881614
v 0.169464 0.347967 0.824333
v 0.174236 0.352013 0.819602
v 0.073924 0.299065 0.906693
v 0.077324 0.297946 0.902788
v 0.100427 0.335156 0.798801
v 0.081611 0.337412 0.807246
v 0.114596 0.335811 0.793118
v 0.124605 0.336450 0.789626
v 0.131302 0.337912 0.784284
v 0.094199 0.328552 0.866496
v 0.106325 0.338934 0.849734
v 0.121006 0.349234 0.845704
v 0.138909 0.370080 0.859512
v 0.141923 0.373973 0.850248
v 0.133140 0.367967 0.849522
v 0.132710 0.365284 0.857784
v 0.150438 0.365421 0.870306
v 0.142705 0.367424 0.870177
v 0.140397 0.364419 0.877819
v 0.147466 0.362674 0.879840
v 0.069529 0.332229 0.824982
v 0.083687 0.324126 0.821137
v 0.158663 0.374424 0.825225
v 0.159420 0.374748 0.817492
v 0.162809 0.374649 0.809715
v 0.126909 0.362037 0.827998
v 0.130877 0.367155 0.815324
v 0.127351 0.364985 0.813991
v 0.125179 0.359411 0.827389
v 0.108917 0.356005 0.827636
v 0.111829 0.361503 0.815760
v 0.097550 0.356347 0.829807
v 0.133157 0.363980 0.800764
v 0.141811 0.369505 0.796864
v 0.136612 0.364127 0.791973
v 0.149338 0.373498 0.801751
v 0.156675 0.375652 0.806371
v 0.180403 0.353564 0.813941
v 0.132410 0.357742 0.788352
v 0.078110 0.357398 0.824821
v 0.069849 0.356846 0.826130
v 0.071881 0.353519 0.833099
v 0.080536 0.354139 0.832801
v 0.085614 0.305094 0.861260
v 0.081931 0.311918 0.860698
v 0.084065 0.317748 0.852791
v 0.134258 0.372122 0.832141
v 0.145647 0.376901 0.834779
v 0.087546 0.322952 0.872167
v 0.075775 0.296708 0.894701
v 0.071075 0.299062 0.892007
v 0.079868 0.301353 0.875432
v 0.084788 0.298220 0.878965
v 0.090189 0.318053 0.881756
v 0.086031 0.320302 0.876831
v 0.085875 0.318795 0.879673
v 0.089241 0.318114 0.885191
v 0.117109 0.341651 0.889012
v 0.120159 0.344362 0.884039
v 0.108582 0.306880 0.874508
v 0.101798 0.299729 0.865433
v 0.105506 0.304152 0.855681
v 0.117378 0.343449 0.866512
v 0.114179 0.340196 0.875830
v 0.117291 0.342664 0.876981
v 0.095566 0.328169 0.871138
v 0.091627 0.323848 0.876600
v 0.096937 0.326274 0.876349
v 0.100589 0.330705 0.871707
v 0.159564 0.358816 0.857530
v 0.154184 0.369143 0.858553
v 0.063872 0.305085 0.898762
v 0.066135 0.304173 0.894996
v 0.121360 0.347397 0.856588
v 0.111025 0.310061 0.843954
v 0.124840 0.352850 0.847246
v 0.136261 0.334793 0.889342
v 0.132977 0.342336 0.891358
v 0.128661 0.341773 0.894933
v 0.130477 0.336013 0.896055
v 0.082723 0.314996 0.898668
v 0.077799 0.316860 0.896289
v 0.075469 0.315906 0.899679
v 0.080121 0.314090 0.902601
v 0.082489 0.318599 0.872455
v 0.079999 0.314655 0.868008
v 0.077989 0.313293 0.874345
v 0.081644 0.316874 0.877409
v 0.080032 0.308056 0.867739
v 0.077583 0.306969 0.873563
v 0.085882 0.309464 0.900251
v 0.085325 0.301896 0.900032
v 0.094204 0.304304 0.886612
v 0.092213 0.311873 0.888635
v 0.153465 0.334261 0.840843
v 0.159580 0.343063 0.843857
v 0.153679 0.340728 0.857599
v 0.148972 0.337933 0.871549
v 0.143139 0.335549 0.883991
v 0.138158 0.324508 0.881683
v 0.157943 0.347706 0.858227
v 0.098527 0.314251 0.881766
v 0.100034 0.305761 0.877969
v 0.103062 0.309728 0.880181
v 0.128577 0.358625 0.850123
v 0.068838 0.303810 0.890208
v 0.142702 0.326598 0.798830
v 0.153818 0.329018 0.805769
v 0.147863 0.326500 0.811790
v 0.134977 0.324337 0.804278
v 0.072344 0.315014 0.892651
v 0.068734 0.310254 0.890189
v 0.123932 0.348713 0.887040
v 0.120909 0.345464 0.891274
v 0.123468 0.345901 0.893793
v 0.126100 0.351235 0.891160
v 0.162454 0.348297 0.843943
v 0.147456 0.356527 0.889214
v 0.147873 0.345269 0.888905
v 0.164480 0.344755 0.831791
v 0.159690 0.336669 0.829111
v 0.164580 0.338771 0.820931
v 0.124956 0.316850 0.883257
v 0.147465 0.328009 0.840293
v 0.154139 0.331535 0.827860
v 0.159727 0.333812 0.818025
v 0.164573 0.335349 0.811390
v 0.169293 0.340773 0.815235
v 0.081027 0.298202 0.898172
v 0.081875 0.302134 0.905426
v 0.175878 0.342005 0.809089
v 0.169843 0.336350 0.804891
v 0.147027 0.326243 0.825302
v 0.137484 0.320988 0.822022
v 0.140729 0.323226 0.837445
v 0.130873 0.317651 0.835160
v 0.121795 0.307718 0.877929
v 0.073421 0.310139 0.918063
v 0.079619 0.308988 0.909574
v 0.077752 0.313899 0.907000
v 0.073017 0.314189 0.916876
v 0.082764 0.309128 0.904749
v 0.078523 0.303322 0.909251
v 0.116913 0.314986 0.830343
v 0.094623 0.322324 0.881130
v 0.121241 0.320100 0.814723
v 0.098216 0.314062 0.829306
v 0.100814 0.319582 0.817485
v 0.123844 0.326127 0.797918
v 0.107440 0.324878 0.803263
v 0.138532 0.330985 0.787860
v 0.132386 0.328322 0.793817
v 0.090636 0.326884 0.809305
v 0.061678 0.313440 0.908007
v 0.065862 0.316880 0.909795
v 0.148271 0.328345 0.792754
v 0.088389 0.354940 0.831784
v 0.129588 0.362900 0.840176
v 0.126799 0.358240 0.838552
v 0.143479 0.375487 0.844258
v 0.133578 0.369664 0.841795
v 0.059676 0.308474 0.907912
v 0.109813 0.330074 0.891743
v 0.111099 0.330366 0.890926
v 0.074798 0.355547 0.816474
v 0.068506 0.355446 0.818636
v 0.064867 0.342993 0.815573
v 0.065844 0.350068 0.815051
v 0.072684 0.348937 0.811299
v 0.072228 0.341105 0.811422
v 0.128150 0.364238 0.828986
v 0.130292 0.367054 0.830780
v 0.162024 0.361775 0.846027
v 0.156107 0.371602 0.847608
v 0.083686 0.302713 0.868811
v 0.092551 0.300376 0.863861
v 0.089380 0.299595 0.871746
v 0.091217 0.299335 0.881616
v 0.094936 0.318351 0.883604
v 0.094724 0.313472 0.882692
v 0.120172 0.363219 0.815440
v 0.119116 0.356731 0.827369
v 0.080617 0.346358 0.837860
v 0.072978 0.346569 0.837453
v 0.107461 0.335131 0.872179
v 0.116166 0.317574 0.890664
v 0.113400 0.310172 0.886173
v 0.104129 0.330720 0.879219
v 0.062841 0.302107 0.912520
v 0.060009 0.305011 0.909569
v 0.095817 0.299925 0.874208
v 0.122580 0.349013 0.878501
v 0.121388 0.321747 0.889401
v 0.114029 0.324250 0.893316
v 0.144408 0.362303 0.884543
v 0.159027 0.331086 0.798836
v 0.073486 0.316229 0.904200
v 0.070077 0.317831 0.912341
v 0.072435 0.305961 0.917485
v 0.068522 0.302003 0.915016
v 0.156261 0.373238 0.836807
v 0.124683 0.355107 0.837899
v 0.077252 0.331277 0.814273
v 0.066803 0.336418 0.819339
v 0.102388 0.327983 0.882909
v 0.140191 0.341367 0.889791
v 0.132597 0.326074 0.889925
v 0.126888 0.327947 0.897772
v 0.119730 0.325144 0.897485
v 0.112978 0.327145 0.895770
v 0.069446 0.307893 0.921596
v 0.065730 0.303801 0.919095
v 0.060067 0.303648 0.916374
v 0.057595 0.306148 0.913393
v 0.058052 0.309812 0.910930
v 0.070278 0.312279 0.922317
v 0.069585 0.315926 0.920924
v 0.068148 0.318673 0.915471
v 0.066914 0.315057 0.925183
v 0.063629 0.311315 0.927343
v 0.050109 0.311127 0.923317
v 0.054577 0.307382 0.921991
v 0.054285 0.308614 0.924518
v 0.050828 0.311722 0.926502
v 0.048144 0.314804 0.929793
v 0.046749 0.314514 0.926511
v 0.058877 0.308440 0.925612
v 0.054690 0.312772 0.928898
v 0.057909 0.315228 0.930214
v 0.054150 0.318076 0.933315
v 0.051216 0.315846 0.932418
v 0.060565 0.311881 0.928174
v 0.060580 0.306791 0.924506
v 0.045817 0.317618 0.929928
v 0.047072 0.316602 0.931909
v 0.049411 0.317998 0.933882
v 0.047742 0.320596 0.933607
v 0.054555 0.308291 0.916107
v 0.049405 0.312469 0.921118
v 0.047052 0.317010 0.924500
v 0.046169 0.319835 0.928133
v 0.049992 0.316452 0.920016
v 0.048367 0.319466 0.923442
v 0.048027 0.322128 0.926546
v 0.051989 0.320318 0.920028
v 0.050309 0.322049 0.923439
v 0.058406 0.314812 0.912491
v 0.056341 0.311014 0.912476
v 0.049302 0.323467 0.925433
v 0.048103 0.322532 0.932480
v 0.061176 0.316902 0.929448
v 0.055827 0.320690 0.932409
v 0.062023 0.318977 0.928398
v 0.056977 0.322667 0.931688
v 0.052246 0.322132 0.934815
v 0.051862 0.319598 0.934472
v 0.060915 0.314076 0.910223
v 0.065180 0.317720 0.912288
v 0.063070 0.318669 0.914284
v 0.055637 0.323277 0.921332
v 0.065739 0.319957 0.917597
v 0.066285 0.318534 0.923353
v 0.061268 0.321681 0.927124
v 0.059657 0.323568 0.924633
v 0.056953 0.324142 0.929517
v 0.055863 0.324706 0.927250
v 0.052888 0.324396 0.924706
v 0.053061 0.325073 0.930656
v 0.052765 0.323777 0.933336
v 0.049476 0.324074 0.929735
v 0.053414 0.325343 0.928730
v 0.050856 0.324299 0.927433
v 0.081726 0.333034 0.910485
v 0.086317 0.337178 0.911964
v 0.088551 0.334207 0.908566
v 0.084410 0.330866 0.907556
v 0.082593 0.321965 0.918802
v 0.079817 0.325267 0.914402
v 0.082415 0.322019 0.911594
v 0.086551 0.319038 0.916116
v 0.088503 0.322807 0.922438
v 0.092557 0.320236 0.918993
v 0.089727 0.316346 0.911911
v 0.085611 0.319759 0.907159
v 0.096214 0.315209 0.889165
v 0.100468 0.311378 0.892926
v 0.104510 0.331026 0.890763
v 0.106873 0.330070 0.893650
v 0.080017 0.329508 0.911603
v 0.082481 0.326594 0.908803
v 0.098263 0.335213 0.909544
v 0.094002 0.335835 0.906118
v 0.092253 0.336700 0.910604
v 0.096065 0.335725 0.914481
v 0.095925 0.323167 0.886273
v 0.100476 0.327265 0.888024
v 0.095085 0.319488 0.887269
v 0.101145 0.330946 0.913741
v 0.101187 0.324624 0.916414
v 0.111215 0.318407 0.899888
v 0.110865 0.324843 0.899192
v 0.084414 0.324411 0.904366
v 0.089254 0.333482 0.904041
v 0.085755 0.329729 0.903018
v 0.096255 0.318385 0.914683
v 0.097241 0.326551 0.920897
v 0.086521 0.340025 0.929967
v 0.094474 0.334512 0.922380
v 0.093081 0.337972 0.918742
v 0.085911 0.344251 0.927269
v 0.097959 0.332295 0.918601
v 0.093216 0.328885 0.923988
v 0.074490 0.342795 0.919656
v 0.079271 0.346623 0.921284
v 0.072081 0.338972 0.920466
v 0.106784 0.312463 0.896763
v 0.074973 0.330609 0.925731
v 0.071989 0.335004 0.921943
v 0.090329 0.339213 0.914613
v 0.083270 0.347044 0.924273
v 0.085089 0.335792 0.930946
v 0.080893 0.330242 0.928927
v 0.080722 0.338688 0.933972
v 0.076694 0.334266 0.932103
v 0.071218 0.334274 0.928495
v 0.069562 0.337862 0.924303
v 0.070528 0.341170 0.922281
v 0.082204 0.342742 0.933356
v 0.082366 0.346758 0.930711
v 0.081017 0.348390 0.926085
v 0.077570 0.348618 0.935094
v 0.074736 0.345363 0.936999
v 0.057911 0.350520 0.930922
v 0.061496 0.345678 0.930214
v 0.062158 0.346032 0.932745
v 0.058979 0.350521 0.933535
v 0.065200 0.340684 0.931441
v 0.065188 0.342502 0.933196
v 0.069140 0.343062 0.935700
v 0.065461 0.348116 0.935610
v 0.069557 0.350368 0.936961
v 0.065908 0.354688 0.938264
v 0.061708 0.352529 0.937252
v 0.071163 0.346149 0.936982
v 0.057587 0.353709 0.934663
v 0.056633 0.355603 0.933162
v 0.070732 0.340233 0.935698
v 0.066776 0.339951 0.925819
v 0.061406 0.346931 0.927340
v 0.058251 0.352699 0.928453
v 0.057777 0.358038 0.931680
v 0.062874 0.350224 0.925083
v 0.059938 0.355162 0.927129
v 0.059864 0.359151 0.930287
v 0.065820 0.353859 0.924141
v 0.062928 0.358162 0.926841
v 0.072333 0.345896 0.921588
v 0.068800 0.342670 0.922379
v 0.061837 0.359471 0.928904
v 0.058669 0.357937 0.936873
v 0.059527 0.360364 0.934683
v 0.059287 0.356200 0.937239
v 0.071306 0.351646 0.936911
v 0.066993 0.356529 0.937539
v 0.072792 0.353860 0.935767
v 0.067613 0.358687 0.936538
v 0.063062 0.359194 0.938101
v 0.062331 0.357685 0.938467
v 0.073653 0.344265 0.921717
v 0.078086 0.347468 0.923214
v 0.076892 0.348904 0.923200
v 0.069982 0.356488 0.926249
v 0.079695 0.350136 0.926858
v 0.078945 0.350423 0.932033
v 0.073819 0.355464 0.933589
v 0.072805 0.357066 0.930022
v 0.068771 0.360103 0.935314
v 0.069361 0.359979 0.932095
v 0.066395 0.359869 0.928271
v 0.064474 0.362064 0.935556
v 0.063477 0.360703 0.937240
v 0.060921 0.361017 0.933038
v 0.065970 0.361807 0.932962
v 0.063161 0.361072 0.930700
v 0.097517 0.345935 0.910149
v 0.101461 0.350210 0.909971
v 0.103772 0.348114 0.907184
v 0.099880 0.343835 0.907512
v 0.100688 0.337547 0.919460
v 0.097225 0.339085 0.916200
v 0.099582 0.336504 0.913497
v 0.103789 0.334174 0.916203
v 0.104411 0.340141 0.922871
v 0.109087 0.335972 0.918771
v 0.107138 0.331091 0.913109
v 0.102251 0.334007 0.910699
v 0.110760 0.328971 0.899156
v 0.115656 0.326546 0.902959
v 0.096569 0.342218 0.912756
v 0.098584 0.340102 0.910263
v 0.112747 0.349931 0.909021
v 0.108872 0.349673 0.906045
v 0.108007 0.350657 0.909451
v 0.111096 0.350552 0.912483
v 0.110431 0.336877 0.892235
v 0.115198 0.340773 0.892402
v 0.108900 0.333207 0.895444
v 0.116022 0.346364 0.913416
v 0.116973 0.339630 0.916011
v 0.125277 0.336881 0.904467
v 0.124243 0.341955 0.901070
v 0.100438 0.337920 0.907709
v 0.104793 0.346874 0.903984
v 0.101039 0.342563 0.904711
v 0.112697 0.333544 0.914997
v 0.113022 0.341867 0.919605
v 0.099323 0.356984 0.929625
v 0.110704 0.349585 0.920059
v 0.108513 0.352673 0.915459
v 0.098772 0.360075 0.926460
v 0.113421 0.347918 0.917114
v 0.109392 0.344545 0.922980
v 0.088946 0.354806 0.918587
v 0.092704 0.358695 0.919269
v 0.088672 0.350388 0.919854
v 0.121919 0.329253 0.905268
v 0.120894 0.344493 0.896123
v 0.090604 0.346164 0.925947
v 0.088948 0.347882 0.922213
v 0.105659 0.352555 0.912200
v 0.096686 0.360926 0.922552
v 0.098812 0.352160 0.931073
v 0.095438 0.346855 0.929541
v 0.094449 0.355058 0.932784
v 0.091473 0.349524 0.931076
v 0.087391 0.348070 0.927050
v 0.086423 0.349761 0.922671
v 0.086510 0.352310 0.920210
v 0.094932 0.359935 0.930761
v 0.094705 0.362504 0.927586
v 0.094863 0.361468 0.922661
v 0.091486 0.362833 0.931121
v 0.088404 0.359159 0.933832
v 0.072422 0.360627 0.926964
v 0.077228 0.356873 0.926808
v 0.077582 0.357297 0.927899
v 0.072706 0.360929 0.928678
v 0.082332 0.352640 0.928471
v 0.081537 0.354158 0.929315
v 0.084037 0.355561 0.932010
v 0.079013 0.359883 0.932326
v 0.083238 0.364255 0.932950
v 0.078326 0.367046 0.933037
v 0.074146 0.363263 0.932690
v 0.086217 0.359314 0.933344
v 0.070544 0.363455 0.929455
v 0.069107 0.363143 0.928234
v 0.085931 0.353924 0.932407
v 0.082764 0.352197 0.923606
v 0.077026 0.356968 0.923784
v 0.072208 0.360775 0.923795
v 0.069943 0.364553 0.924925
v 0.078285 0.359183 0.920893
v 0.073945 0.362528 0.921811
v 0.071913 0.365897 0.923002
v 0.079951 0.361907 0.919760
v 0.076155 0.364769 0.920989
v 0.087157 0.356638 0.918827
v 0.084627 0.353798 0.920304
v 0.074020 0.366746 0.922349
v 0.070196 0.366866 0.931028
v 0.071082 0.369385 0.927717
v 0.071427 0.365736 0.931528
v 0.084788 0.365281 0.932800
v 0.078927 0.369305 0.932675
v 0.086053 0.367091 0.930955
v 0.080174 0.370879 0.930865
v 0.074298 0.369779 0.932478
v 0.074408 0.368574 0.932724
v 0.088252 0.355635 0.918951
v 0.091864 0.359215 0.919738
v 0.090604 0.360017 0.919540
v 0.082727 0.365880 0.920504
v 0.093198 0.362628 0.922483
v 0.091409 0.364945 0.927850
v 0.086078 0.368117 0.927736
v 0.084910 0.368271 0.923952
v 0.080760 0.371200 0.928115
v 0.081123 0.370188 0.925421
v 0.078598 0.368184 0.921631
v 0.076489 0.371415 0.927666
v 0.075259 0.371380 0.930460
v 0.073012 0.369726 0.925134
v 0.077565 0.370889 0.925379
v 0.075019 0.369438 0.923500
v 0.118489 0.343614 0.893685
v 0.117392 0.361210 0.908691
v 0.119239 0.364914 0.907920
v 0.121211 0.364155 0.906443
v 0.119405 0.360251 0.906196
v 0.123028 0.354931 0.916234
v 0.119171 0.355742 0.913681
v 0.121786 0.353389 0.911084
v 0.125673 0.352641 0.913469
v 0.127241 0.357517 0.917668
v 0.129860 0.355909 0.914873
v 0.127724 0.351114 0.910797
v 0.123781 0.351823 0.908205
v 0.130853 0.346152 0.895694
v 0.136371 0.345320 0.896662
v 0.140576 0.362902 0.889311
v 0.135933 0.362677 0.885714
v 0.132714 0.363923 0.893888
v 0.137538 0.363842 0.895602
v 0.117506 0.358036 0.910914
v 0.119304 0.356292 0.908008
v 0.130706 0.367747 0.906957
v 0.126370 0.367089 0.904829
v 0.124016 0.367292 0.906855
v 0.127694 0.369124 0.909219
v 0.131110 0.359654 0.885905
v 0.128655 0.355392 0.887327
v 0.126399 0.356773 0.890935
v 0.128310 0.361335 0.893455
v 0.125823 0.351466 0.893432
v 0.133515 0.365708 0.909527
v 0.134853 0.360394 0.912180
v 0.144446 0.356749 0.898232
v 0.142127 0.360893 0.896506
v 0.120892 0.354917 0.906362
v 0.122875 0.364017 0.904029
v 0.120678 0.360030 0.904746
v 0.132446 0.354140 0.912379
v 0.131901 0.362043 0.914682
v 0.122614 0.372449 0.919427
v 0.128674 0.368748 0.914343
v 0.125590 0.370241 0.910908
v 0.121142 0.373632 0.916729
v 0.130708 0.367214 0.912095
v 0.129093 0.363915 0.917478
v 0.112784 0.365124 0.912628
v 0.115758 0.369685 0.912231
v 0.112466 0.362234 0.914514
v 0.142037 0.348827 0.897982
v 0.116287 0.359788 0.920674
v 0.113148 0.360508 0.917511
v 0.121909 0.368114 0.908776
v 0.118725 0.372773 0.913854
v 0.122768 0.368526 0.922302
v 0.121017 0.362342 0.922776
v 0.118260 0.370633 0.924043
v 0.116933 0.364275 0.924260
v 0.112611 0.361582 0.920816
v 0.111458 0.362070 0.916963
v 0.111358 0.363749 0.914135
v 0.118613 0.374443 0.920867
v 0.118048 0.375319 0.918057
v 0.116977 0.373830 0.914723
v 0.114702 0.376060 0.921669
v 0.112027 0.372823 0.924144
v 0.100327 0.370776 0.917763
v 0.103705 0.368092 0.917966
v 0.103877 0.368589 0.919100
v 0.100193 0.370730 0.918882
v 0.108041 0.365126 0.920007
v 0.107277 0.366622 0.920744
v 0.109824 0.367993 0.923002
v 0.105146 0.370939 0.922531
v 0.107254 0.375876 0.923242
v 0.103272 0.377612 0.922876
v 0.101719 0.373048 0.922634
v 0.110141 0.372253 0.924102
v 0.098096 0.372523 0.919797
v 0.097088 0.372947 0.918877
v 0.111599 0.366693 0.923755
v 0.108559 0.364343 0.915964
v 0.103037 0.368370 0.915433
v 0.098961 0.371648 0.915868
v 0.096887 0.374729 0.917275
v 0.104251 0.369204 0.913273
v 0.099490 0.372815 0.913870
v 0.097704 0.375839 0.915334
v 0.106013 0.371589 0.911586
v 0.101213 0.374512 0.912819
v 0.111520 0.368540 0.911512
v 0.109539 0.365903 0.913064
v 0.099205 0.376332 0.914487
v 0.097513 0.376015 0.921422
v 0.097518 0.377674 0.918833
v 0.098574 0.375188 0.922458
v 0.108090 0.377081 0.922913
v 0.103335 0.379269 0.922302
v 0.109155 0.378743 0.921349
v 0.103631 0.380498 0.920466
v 0.099719 0.378935 0.921921
v 0.100428 0.377316 0.922811
v 0.112226 0.367243 0.912238
v 0.114483 0.370560 0.912610
v 0.113694 0.372309 0.912379
v 0.108215 0.375176 0.912145
v 0.115572 0.375432 0.915095
v 0.115650 0.376731 0.918739
v 0.109618 0.379327 0.918649
v 0.109398 0.378529 0.915265
v 0.103597 0.380740 0.918236
v 0.103957 0.379790 0.915309
v 0.103031 0.377423 0.913021
v 0.099841 0.379764 0.917809
v 0.099408 0.379823 0.919697
v 0.098312 0.378236 0.916914
v 0.100584 0.379413 0.915995
v 0.099897 0.378137 0.915121
v 0.142720 0.360785 0.892326
v 0.056273 0.338515 0.830559
v 0.058544 0.340361 0.835527
v 0.058820 0.356573 0.833624
v 0.059350 0.351255 0.838210
v 0.056558 0.358205 0.827462
v 0.053908 0.351363 0.819461
v 0.055870 0.355831 0.822199
v 0.059330 0.345328 0.838841
v 0.054657 0.339325 0.824675
v 0.053679 0.344397 0.819540
v 0.046895 0.338605 0.828156
v 0.045750 0.344447 0.822814
v 0.045623 0.351348 0.822224
v 0.049250 0.356627 0.825376
v 0.051369 0.359037 0.829323
v 0.050987 0.339038 0.834299
v 0.053622 0.341486 0.838683
v 0.055699 0.347445 0.840917
v 0.046047 0.340801 0.840114
v 0.036886 0.344574 0.840416
v 0.027409 0.361448 0.840708
v 0.032745 0.360212 0.836623
v 0.031422 0.357680 0.837131
v 0.026376 0.358995 0.840332
v 0.035380 0.356523 0.833216
v 0.034217 0.355288 0.834966
v 0.035063 0.350145 0.836275
v 0.030555 0.351608 0.839322
v 0.035366 0.346929 0.840330
v 0.032972 0.347738 0.843586
v 0.026169 0.352855 0.842458
v 0.023181 0.357845 0.842432
v 0.022653 0.354158 0.845244
v 0.023636 0.360357 0.844381
v 0.034303 0.348429 0.834140
v 0.041319 0.359138 0.830423
v 0.035803 0.362373 0.836648
v 0.030128 0.363524 0.842282
v 0.025708 0.361775 0.846479
v 0.039283 0.363558 0.839118
v 0.033982 0.363530 0.844478
v 0.030263 0.361360 0.848512
v 0.042308 0.362224 0.842717
v 0.036584 0.361651 0.846849
v 0.052045 0.358841 0.836077
v 0.047514 0.360720 0.831922
v 0.032957 0.360402 0.848877
v 0.021988 0.355366 0.847731
v 0.024415 0.356833 0.850096
v 0.035171 0.345883 0.845506
v 0.028510 0.348428 0.846377
v 0.030414 0.348057 0.848774
v 0.038834 0.345446 0.847225
v 0.032551 0.348550 0.850723
v 0.025493 0.350695 0.849769
v 0.024980 0.350503 0.846940
v 0.054769 0.358028 0.834395
v 0.056523 0.353315 0.838576
v 0.053967 0.353812 0.840157
v 0.044857 0.357264 0.846447
v 0.053007 0.348425 0.843288
v 0.049613 0.343228 0.842744
v 0.041749 0.347280 0.848902
v 0.044354 0.351445 0.848791
v 0.035174 0.350967 0.851613
v 0.036887 0.353520 0.851143
v 0.037440 0.358230 0.849606
v 0.030802 0.353826 0.852139
v 0.027855 0.351744 0.851783
v 0.028951 0.357669 0.851101
v 0.033322 0.355001 0.851481
v 0.032638 0.357896 0.850592
v 0.138082 0.363029 0.881658
v 0.132261 0.359836 0.880812
v 0.135064 0.362381 0.876250
v 0.136877 0.366262 0.868536
v 0.144362 0.370361 0.862375
v 0.131970 0.361918 0.866259
v 0.130369 0.358156 0.874656
v 0.127012 0.353931 0.881747
v 0.129844 0.359796 0.856560
f 780 781 779
f 779 781 782
f 783 784 786
f 786 784 785
f 787 782 788
f 788 782 781
f 790 791 789
f 789 791 787
f 792 790 794
f 794 790 793
f 796 797 795
f 795 797 798
f 800 801 799
f 799 801 802
f 804 805 803
f 803 805 806
f 808 809 807
f 807 809 810
f 811 812 814
f 814 812 813
f 815 816 818
f 818 816 817
f 819 820 784
f 784 820 821
f 784 821 785
f 785 821 822
f 823 812 824
f 824 812 811
f 826 827 825
f 825 827 828
f 830 831 829
f 829 831 832
f 834 830 833
f 833 830 829
f 836 837 835
f 835 837 838
f 839 840 782
f 782 840 779
f 842 843 841
f 841 843 844
f 846 847 845
f 845 847 848
f 850 851 849
f 849 851 852
f 854 855 853
f 853 855 856
f 831 857 832
f 832 857 858
f 860 861 859
f 859 861 862
f 863 864 830
f 830 864 831
f 835 838 865
f 865 838 866
f 867 868 821
f 821 868 822
f 821 820 867
f 867 820 869
f 818 817 870
f 870 817 871
f 872 848 842
f 842 848 847
f 791 839 787
f 787 839 782
f 803 806 847
f 847 806 873
f 874 803 846
f 846 803 847
f 876 877 875
f 875 877 878
f 879 880 882
f 882 880 881
f 884 808 883
f 883 808 807
f 829 832 885
f 885 832 886
f 832 858 886
f 886 858 887
f 889 890 888
f 888 890 891
f 893 783 892
f 892 783 894
f 893 819 783
f 783 819 784
f 814 813 889
f 889 813 895
f 813 896 895
f 895 896 897
f 812 898 813
f 813 898 896
f 812 823 898
f 898 823 899
f 903 904 902
f 902 904 905
f 906 907 792
f 792 907 908
f 811 909 824
f 824 909 910
f 911 872 841
f 841 872 842
f 912 913 915
f 915 913 914
f 917 918 916
f 916 918 919
f 855 920 856
f 856 920 921
f 922 923 798
f 798 923 924
f 926 927 925
f 925 927 850
f 929 930 928
f 928 930 931
f 860 879 861
f 861 879 882
f 879 860 933
f 933 860 932
f 934 935 836
f 836 935 837
f 936 846 925
f 925 846 845
f 937 924 793
f 793 924 794
f 846 936 874
f 874 936 938
f 907 844 908
f 908 844 843
f 940 941 939
f 939 941 942
f 944 945 943
f 943 945 946
f 948 949 947
f 947 949 950
f 952 949 951
f 951 949 948
f 954 955 953
f 953 955 956
f 958 959 957
f 957 959 802
f 960 961 799
f 799 961 962
f 859 963 860
f 860 963 932
f 964 965 966
f 966 965 922
f 936 849 938
f 938 849 967
f 968 913 935
f 935 913 837
f 947 950 917
f 917 950 918
f 925 850 936
f 936 850 849
f 970 971 969
f 969 971 972
f 945 944 827
f 827 944 973
f 974 968 828
f 828 968 935
f 975 976 978
f 978 976 977
f 799 802 960
f 960 802 959
f 924 937 798
f 798 937 795
f 960 959 859
f 859 959 963
f 979 963 958
f 958 963 959
f 980 981 861
f 861 981 862
f 983 984 982
f 982 984 863
f 985 800 962
f 962 800 799
f 957 802 986
f 986 802 801
f 986 987 957
f 957 987 983
f 987 988 983
f 983 988 984
f 990 984 989
f 989 984 988
f 957 983 958
f 958 983 982
f 991 954 866
f 866 954 992
f 864 863 990
f 990 863 984
f 971 995 996
f 995 997 996
f 996 997 998
f 997 796 998
f 998 796 795
f 797 999 798
f 798 999 922
f 1000 1001 1003
f 1003 1001 1002
f 953 1004 954
f 954 1004 992
f 1005 865 992
f 992 865 866
f 998 795 1006
f 1006 795 937
f 912 991 838
f 838 991 866
f 916 1007 929
f 929 1007 930
f 971 970 988
f 988 970 989
f 1008 972 996
f 996 972 971
f 1009 1010 1006
f 1006 1010 1008
f 1011 1012 869
f 869 1012 867
f 1013 1014 871
f 871 1014 870
f 1008 1010 1012
f 1012 1010 1015
f 825 1016 826
f 826 1016 1017
f 1018 969 1013
f 1013 969 1014
f 783 786 894
f 894 786 1019
f 1020 1021 967
f 967 1021 938
f 1022 1023 876
f 876 1023 877
f 934 1024 825
f 825 1024 1016
f 854 1025 855
f 855 1025 1026
f 1028 903 1027
f 1027 903 902
f 1030 1031 1029
f 1029 1031 1032
f 889 888 814
f 814 888 1033
f 1034 811 1033
f 1033 811 814
f 1035 1036 932
f 932 1036 933
f 841 947 911
f 911 947 917
f 844 948 841
f 841 948 947
f 951 948 907
f 907 948 844
f 907 906 951
f 951 906 1037
f 906 1038 1037
f 1037 1038 1039
f 991 912 1040
f 1040 912 915
f 1041 1042 964
f 964 1042 965
f 890 1043 891
f 891 1043 1044
f 789 1045 1046
f 1012 1011 1008
f 1008 1011 972
f 931 1047 848
f 848 1047 845
f 953 956 943
f 943 956 919
f 928 931 872
f 872 931 848
f 1049 999 1048
f 1048 999 985
f 1047 931 1050
f 1050 931 930
f 899 823 887
f 887 823 886
f 825 828 934
f 934 828 935
f 835 1051 836
f 836 1051 1052
f 923 1053 1038
f 1038 1053 1039
f 1054 927 921
f 921 927 856
f 926 1047 853
f 853 1047 1050
f 985 1055 1048
f 1048 1055 1056
f 973 974 827
f 827 974 828
f 837 913 838
f 838 913 912
f 861 882 980
f 980 882 1057
f 927 926 856
f 856 926 853
f 1025 1056 1026
f 1026 1056 1055
f 961 960 862
f 862 960 859
f 826 1017 1059
f 1059 1017 1060
f 1005 1001 1061
f 1061 1001 1000
f 1001 1004 1002
f 1002 1004 946
f 1059 1060 1002
f 1002 1060 1003
f 943 946 953
f 953 946 1004
f 1042 1041 916
f 916 1041 1007
f 792 794 906
f 906 794 1038
f 998 1006 996
f 996 1006 1008
f 865 1005 1062
f 1062 1005 1061
f 1038 794 923
f 923 794 924
f 1022 876 1036
f 1036 876 933
f 836 1052 934
f 934 1052 1024
f 885 1063 829
f 829 1063 833
f 1021 1064 938
f 938 1064 874
f 1012 1015 867
f 867 1015 868
f 824 910 885
f 885 910 1063
f 1031 1030 1027
f 1027 1030 1028
f 1064 804 874
f 874 804 803
f 884 883 1065
f 1065 883 1066
f 1050 930 1067
f 1067 930 1007
f 916 929 917
f 917 929 911
f 961 1068 939
f 939 1068 940
f 1069 1070 1055
f 1055 1070 1071
f 929 928 911
f 911 928 872
f 1040 1053 955
f 955 1053 965
f 922 965 923
f 923 965 1053
f 1051 835 1062
f 1062 835 865
f 952 914 968
f 968 914 913
f 889 895 890
f 890 895 816
f 895 897 816
f 816 897 901
f 890 816 1043
f 1043 816 815
f 1065 1066 1032
f 1032 1066 1029
f 1006 937 1009
f 1009 937 793
f 1001 1005 1004
f 1004 1005 992
f 925 845 926
f 926 845 1047
f 1002 946 1059
f 1059 946 945
f 977 941 978
f 978 941 940
f 823 824 886
f 886 824 885
f 1059 945 826
f 826 945 827
f 939 942 1069
f 1069 942 1070
f 816 901 817
f 1071 1072 1055
f 1055 1072 1026
f 1062 1061 1074
f 1074 1061 1073
f 1062 1074 1051
f 1051 1074 1075
f 1052 1051 1076
f 1076 1051 1075
f 1024 1052 1077
f 1077 1052 1076
f 1061 1000 1073
f 1073 1000 1078
f 1000 1003 1078
f 1078 1003 1079
f 1079 1003 1080
f 1080 1003 1060
f 1081 1082 1078
f 1078 1082 1073
f 1084 1085 1083
f 1083 1085 1086
f 1087 1088 1086
f 1086 1088 1083
f 1086 1085 1090
f 1090 1085 1089
f 1091 1092 1090
f 1090 1092 1093
f 1089 1094 1090
f 1090 1094 1091
f 1095 1082 1089
f 1089 1082 1094
f 1093 1087 1090
f 1090 1087 1086
f 1096 1097 1099
f 1099 1097 1098
f 1097 1096 1087
f 1087 1096 1088
f 1089 1085 1095
f 1095 1085 1084
f 1084 1075 1095
f 1095 1075 1074
f 1084 1100 1075
f 1075 1100 1076
f 1083 1101 1084
f 1084 1101 1100
f 1101 1083 1102
f 1102 1083 1088
f 1082 1095 1073
f 1073 1095 1074
f 1096 1103 1088
f 1088 1103 1102
f 1101 1102 1104
f 1104 1102 1105
f 1102 1103 1105
f 1105 1103 1106
f 1104 1105 1107
f 1107 1105 1108
f 1107 1109 1104
f 1104 1109 1110
f 1111 1108 1106
f 1106 1108 1105
f 1101 1104 1100
f 1100 1104 1110
f 1100 1110 1076
f 1076 1110 1077
f 1103 1096 1112
f 1112 1096 1099
f 1091 1094 1113
f 1113 1094 1082
f 1113 1114 1091
f 1091 1114 1092
f 1082 1081 1113
f 1113 1081 1115
f 1114 1113 1116
f 1116 1113 1115
f 1114 1117 1092
f 1092 1117 1118
f 1024 1077 1016
f 1016 1077 1119
f 1017 1120 1060
f 1060 1120 1080
f 1120 1017 1119
f 1119 1017 1016
f 1119 1109 1120
f 1120 1109 1121
f 1109 1107 1121
f 1121 1107 1122
f 1120 1121 1080
f 1080 1121 1123
f 1119 1077 1109
f 1109 1077 1110
f 1124 1079 1123
f 1123 1079 1080
f 1124 1081 1079
f 1079 1081 1078
f 1125 1115 1124
f 1124 1115 1081
f 1125 1124 1126
f 1126 1124 1123
f 1127 1125 1128
f 1128 1125 1126
f 1121 1122 1123
f 1123 1122 1126
f 1122 1129 1126
f 1126 1129 1128
f 1115 1125 1116
f 1116 1125 1127
f 1131 1116 1130
f 1130 1116 1127
f 1130 1133 1132
f 1132 1133 1134
f 1130 1127 1133
f 1133 1127 1128
f 1130 1132 1131
f 1131 1132 1112
f 1131 1112 1117
f 1117 1112 1099
f 1117 1114 1131
f 1131 1114 1116
f 1107 1108 1122
f 1122 1108 1129
f 1134 1129 1111
f 1111 1129 1108
f 1134 1133 1129
f 1129 1133 1128
f 1132 1134 1106
f 1106 1134 1111
f 1106 1103 1132
f 1132 1103 1112
f 1087 1093 1097
f 1097 1093 1098
f 1098 1118 1099
f 1099 1118 1117
f 1098 1093 1118
f 1118 1093 1092
f 915 914 1039
f 1039 914 1037
f 918 944 919
f 919 944 943
f 950 949 973
f 973 949 974
f 949 952 974
f 974 952 968
f 956 955 1042
f 1042 955 965
f 950 973 918
f 918 973 944
f 915 1039 1040
f 1040 1039 1053
f 956 1042 919
f 919 1042 916
f 1040 955 991
f 991 955 954
f 914 952 1037
f 1037 952 951
f 1136 1137 1135
f 1135 1137 1138
f 1140 1141 1139
f 1139 1141 1142
f 1139 1142 1143
f 1143 1142 1144
f 1145 1146 1148
f 1148 1146 1147
f 854 1149 1025
f 1025 1149 1150
f 1151 1152 1140
f 1140 1152 1141
f 1154 1155 1153
f 1153 1155 1156
f 1067 1007 1158
f 1158 1007 1157
f 1159 1157 1041
f 1041 1157 1007
f 1161 1162 1160
f 1160 1162 1163
f 1164 1146 1152
f 1152 1146 1141
f 854 1067 1149
f 1149 1067 1158
f 1155 1154 1137
f 1137 1154 1165
f 1166 1164 1138
f 1138 1164 1152
f 1167 1161 1144
f 1144 1161 1168
f 1170 1171 1169
f 1169 1171 1172
f 1161 1160 1168
f 1168 1160 1173
f 1174 1143 1168
f 1168 1143 1144
f 1167 1144 1145
f 1145 1144 1142
f 1135 1175 1136
f 1136 1175 1176
f 1151 1177 1135
f 1135 1177 1175
f 1167 1145 1178
f 1178 1145 1148
f 1160 1163 1153
f 1153 1163 1150
f 1135 1138 1151
f 1151 1138 1152
f 1139 1179 1140
f 1140 1179 1180
f 1165 1166 1137
f 1137 1166 1138
f 1141 1146 1142
f 1142 1146 1145
f 1136 1176 1181
f 1181 1176 1182
f 1174 1170 1183
f 1183 1170 1169
f 1170 1173 1171
f 1171 1173 1156
f 1171 1181 1172
f 1172 1181 1182
f 1153 1156 1160
f 1160 1156 1173
f 1143 1174 1184
f 1184 1174 1183
f 1140 1180 1151
f 1151 1180 1177
f 1049 1048 1178
f 1178 1048 1162
f 1179 1139 1184
f 1184 1139 1143
f 1159 1147 1164
f 1164 1147 1146
f 1170 1174 1173
f 1173 1174 1168
f 1171 1156 1181
f 1181 1156 1155
f 1181 1155 1136
f 1136 1155 1137
f 1184 1183 1186
f 1186 1183 1185
f 1184 1186 1179
f 1179 1186 1187
f 1179 1187 1180
f 1180 1187 1188
f 1180 1188 1177
f 1177 1188 1189
f 1183 1169 1185
f 1185 1169 1190
f 1169 1172 1190
f 1190 1172 1191
f 1172 1182 1191
f 1191 1182 1192
f 1193 1194 1190
f 1190 1194 1185
f 1196 1197 1195
f 1195 1197 1198
f 1199 1200 1196
f 1196 1200 1197
f 1197 1200 1202
f 1202 1200 1201
f 1203 1204 1202
f 1202 1204 1205
f 1201 1206 1202
f 1202 1206 1203
f 1205 1198 1202
f 1202 1198 1197
f 1198 1207 1195
f 1195 1207 1208
f 1201 1200 1209
f 1209 1200 1199
f 1199 1187 1209
f 1209 1187 1186
f 1199 1210 1187
f 1187 1210 1188
f 1196 1211 1199
f 1199 1211 1210
f 1212 1211 1195
f 1195 1211 1196
f 1209 1194 1201
f 1201 1194 1206
f 1194 1209 1185
f 1185 1209 1186
f 1213 1212 1208
f 1208 1212 1195
f 1211 1212 1214
f 1214 1212 1215
f 1212 1213 1215
f 1215 1213 1216
f 1214 1215 1217
f 1217 1215 1218
f 1217 1219 1214
f 1214 1219 1220
f 1216 1221 1215
f 1215 1221 1218
f 1214 1220 1211
f 1211 1220 1210
f 1210 1220 1188
f 1188 1220 1189
f 1213 1208 1223
f 1223 1208 1222
f 1208 1207 1222
f 1222 1207 1224
f 1203 1206 1225
f 1225 1206 1194
f 1204 1203 1226
f 1226 1203 1225
f 1194 1193 1225
f 1225 1193 1227
f 1225 1227 1226
f 1226 1227 1228
f 1229 1230 1226
f 1226 1230 1204
f 1224 1230 1222
f 1222 1230 1229
f 1177 1189 1175
f 1175 1189 1231
f 1176 1232 1182
f 1182 1232 1192
f 1232 1176 1231
f 1231 1176 1175
f 1231 1219 1232
f 1232 1219 1233
f 1219 1217 1233
f 1233 1217 1234
f 1232 1233 1192
f 1192 1233 1235
f 1219 1231 1220
f 1220 1231 1189
f 1236 1191 1235
f 1235 1191 1192
f 1236 1193 1191
f 1191 1193 1190
f 1236 1237 1193
f 1193 1237 1227
f 1237 1236 1238
f 1238 1236 1235
f 1239 1237 1240
f 1240 1237 1238
f 1233 1234 1235
f 1235 1234 1238
f 1234 1241 1238
f 1238 1241 1240
f 1237 1239 1227
f 1227 1239 1228
f 1243 1228 1242
f 1242 1228 1239
f 1242 1245 1244
f 1244 1245 1246
f 1242 1239 1245
f 1245 1239 1240
f 1242 1244 1243
f 1243 1244 1223
f 1243 1223 1229
f 1229 1223 1222
f 1229 1226 1243
f 1243 1226 1228
f 1217 1218 1234
f 1234 1218 1241
f 1246 1241 1221
f 1221 1241 1218
f 1246 1245 1241
f 1241 1245 1240
f 1244 1246 1216
f 1216 1246 1221
f 1216 1213 1244
f 1244 1213 1223
f 1198 1205 1207
f 1207 1205 1224
f 1224 1205 1230
f 1230 1205 1204
f 1148 1147 966
f 966 1147 964
f 1149 1154 1150
f 1150 1154 1153
f 1158 1157 1165
f 1165 1157 1166
f 1157 1159 1166
f 1166 1159 1164
f 1163 1162 1056
f 1056 1162 1048
f 1158 1165 1149
f 1149 1165 1154
f 1178 1148 1049
f 1049 1148 966
f 1163 1056 1150
f 1150 1056 1025
f 1178 1162 1167
f 1167 1162 1161
f 1147 1159 964
f 964 1159 1041
f 999 1049 922
f 922 1049 966
f 999 797 985
f 985 797 800
f 797 796 800
f 800 796 801
f 796 997 801
f 801 997 986
f 1247 1248 1250
f 1250 1248 1249
f 1252 1253 1251
f 1251 1253 1254
f 1251 1254 1255
f 1255 1254 1256
f 1258 1259 1257
f 1257 1259 1260
f 1261 1262 1252
f 1252 1262 1253
f 1264 1265 1263
f 1263 1265 1266
f 1267 1268 855
f 855 1268 920
f 1269 1267 1026
f 1026 1267 855
f 1271 1272 1270
f 1270 1272 1273
f 1274 1258 1262
f 1262 1258 1253
f 1264 1275 1265
f 1265 1275 1249
f 1276 1274 1250
f 1250 1274 1262
f 1277 1271 1256
f 1256 1271 1278
f 1279 1280 1282
f 1282 1280 1281
f 1271 1270 1278
f 1278 1270 1283
f 1284 1255 1278
f 1278 1255 1256
f 1277 1256 1257
f 1257 1256 1254
f 1247 1285 1248
f 1248 1285 1286
f 1261 1287 1247
f 1247 1287 1285
f 1257 1260 1277
f 1277 1260 1288
f 1270 1273 1263
f 1263 1273 1289
f 1261 1247 1262
f 1262 1247 1250
f 1251 1290 1252
f 1252 1290 1291
f 1275 1276 1249
f 1249 1276 1250
f 1253 1258 1254
f 1254 1258 1257
f 1248 1286 1292
f 1292 1286 1293
f 1284 1280 1294
f 1294 1280 1279
f 1281 1280 1266
f 1266 1280 1283
f 1292 1293 1281
f 1281 1293 1282
f 1263 1266 1270
f 1270 1266 1283
f 1255 1284 1295
f 1295 1284 1294
f 1252 1291 1261
f 1261 1291 1287
f 1288 1070 1272
f 1272 1070 942
f 1290 1251 1295
f 1295 1251 1255
f 1269 1259 1274
f 1274 1259 1258
f 1280 1284 1283
f 1283 1284 1278
f 1281 1266 1292
f 1292 1266 1265
f 1292 1265 1248
f 1248 1265 1249
f 1295 1294 1297
f 1297 1294 1296
f 1295 1297 1290
f 1290 1297 1298
f 1290 1298 1291
f 1291 1298 1299
f 1291 1299 1287
f 1287 1299 1300
f 1294 1279 1296
f 1296 1279 1301
f 1279 1282 1301
f 1301 1282 1302
f 1302 1282 1303
f 1303 1282 1293
f 1304 1305 1301
f 1301 1305 1296
f 1307 1308 1306
f 1306 1308 1309
f 1310 1311 1307
f 1307 1311 1308
f 1308 1311 1313
f 1313 1311 1312
f 1314 1315 1313
f 1313 1315 1316
f 1312 1317 1313
f 1313 1317 1314
f 1316 1309 1313
f 1313 1309 1308
f 1318 1319 1309
f 1309 1319 1306
f 1311 1310 1312
f 1312 1310 1320
f 1310 1298 1320
f 1320 1298 1297
f 1310 1321 1298
f 1298 1321 1299
f 1307 1322 1310
f 1310 1322 1321
f 1322 1307 1323
f 1323 1307 1306
f 1312 1320 1317
f 1317 1320 1305
f 1305 1320 1296
f 1296 1320 1297
f 1319 1324 1306
f 1306 1324 1323
f 1325 1322 1326
f 1326 1322 1323
f 1324 1327 1323
f 1323 1327 1326
f 1328 1325 1329
f 1329 1325 1326
f 1325 1328 1331
f 1331 1328 1330
f 1327 1332 1326
f 1326 1332 1329
f 1322 1325 1321
f 1321 1325 1331
f 1321 1331 1299
f 1299 1331 1300
f 1324 1319 1334
f 1334 1319 1333
f 1319 1318 1333
f 1333 1318 1335
f 1314 1317 1336
f 1336 1317 1305
f 1315 1314 1337
f 1337 1314 1336
f 1305 1304 1336
f 1336 1304 1338
f 1337 1336 1339
f 1339 1336 1338
f 1337 1340 1315
f 1315 1340 1341
f 1335 1341 1333
f 1333 1341 1340
f 1287 1300 1285
f 1285 1300 1342
f 1286 1343 1293
f 1293 1343 1303
f 1343 1286 1342
f 1342 1286 1285
f 1342 1330 1343
f 1343 1330 1344
f 1330 1328 1344
f 1344 1328 1345
f 1343 1344 1303
f 1303 1344 1346
f 1342 1300 1330
f 1330 1300 1331
f 1347 1302 1346
f 1346 1302 1303
f 1347 1304 1302
f 1302 1304 1301
f 1348 1338 1347
f 1347 1338 1304
f 1348 1347 1349
f 1349 1347 1346
f 1350 1348 1351
f 1351 1348 1349
f 1344 1345 1346
f 1346 1345 1349
f 1345 1352 1349
f 1349 1352 1351
f 1348 1350 1338
f 1338 1350 1339
f 1354 1339 1353
f 1353 1339 1350
f 1353 1356 1355
f 1355 1356 1357
f 1353 1350 1356
f 1356 1350 1351
f 1353 1355 1354
f 1354 1355 1334
f 1354 1334 1340
f 1340 1334 1333
f 1340 1337 1354
f 1354 1337 1339
f 1328 1329 1345
f 1345 1329 1352
f 1357 1352 1332
f 1332 1352 1329
f 1357 1356 1352
f 1352 1356 1351
f 1357 1332 1355
f 1355 1332 1327
f 1327 1324 1355
f 1355 1324 1334
f 1309 1316 1318
f 1318 1316 1335
f 1335 1316 1341
f 1341 1316 1315
f 1259 1072 1260
f 1260 1072 1071
f 1358 1264 1289
f 1289 1264 1263
f 1268 1267 1275
f 1275 1267 1276
f 1267 1269 1276
f 1276 1269 1274
f 941 1273 942
f 942 1273 1272
f 1358 1268 1264
f 1264 1268 1275
f 1260 1071 1288
f 1288 1071 1070
f 1273 941 1289
f 1289 941 977
f 1272 1271 1288
f 1288 1271 1277
f 1259 1269 1072
f 1072 1269 1026
f 1360 1361 1359
f 1359 1361 1362
f 1364 1365 1363
f 1363 1365 1366
f 1363 1366 1367
f 1367 1366 1368
f 1370 1371 1369
f 1369 1371 1372
f 1373 1374 1376
f 1376 1374 1375
f 1377 1378 1364
f 1364 1378 1365
f 1379 1380 1382
f 1382 1380 1381
f 1383 1384 1386
f 1386 1384 1385
f 1387 1385 978
f 978 1385 1384
f 1388 1389 1391
f 1391 1389 1390
f 1378 1392 1365
f 1365 1392 1370
f 1374 1383 1375
f 1375 1383 1386
f 1380 1393 1381
f 1381 1393 1361
f 1394 1392 1362
f 1362 1392 1378
f 1389 1396 1395
f 1395 1396 1368
f 1398 1399 1397
f 1397 1399 1400
f 1388 1401 1389
f 1389 1401 1396
f 1402 1367 1396
f 1396 1367 1368
f 1395 1368 1369
f 1369 1368 1366
f 1359 1403 1360
f 1360 1403 1404
f 1377 1405 1359
f 1359 1405 1403
f 1369 1372 1395
f 1395 1372 1406
f 1379 1388 1376
f 1376 1388 1391
f 1359 1362 1377
f 1377 1362 1378
f 1363 1407 1364
f 1364 1407 1408
f 1393 1394 1361
f 1361 1394 1362
f 1365 1370 1366
f 1366 1370 1369
f 1360 1404 1409
f 1409 1404 1410
f 1402 1398 1411
f 1411 1398 1397
f 1399 1398 1382
f 1382 1398 1401
f 1409 1410 1399
f 1399 1410 1400
f 1388 1379 1401
f 1401 1379 1382
f 1367 1402 1412
f 1412 1402 1411
f 1364 1408 1377
f 1377 1408 1405
f 981 980 1406
f 1406 980 1390
f 1407 1363 1412
f 1412 1363 1367
f 1387 1371 1392
f 1392 1371 1370
f 1398 1402 1401
f 1401 1402 1396
f 1409 1399 1381
f 1381 1399 1382
f 1360 1409 1361
f 1361 1409 1381
f 1412 1411 1414
f 1414 1411 1413
f 1412 1414 1407
f 1407 1414 1415
f 1407 1415 1408
f 1408 1415 1416
f 1408 1416 1405
f 1405 1416 1417
f 1411 1397 1413
f 1413 1397 1418
f 1397 1400 1418
f 1418 1400 1419
f 1419 1400 1420
f 1420 1400 1410
f 1422 1413 1421
f 1421 1413 1418
f 1423 1424 1426
f 1426 1424 1425
f 1427 1428 1424
f 1424 1428 1425
f 1425 1428 1430
f 1430 1428 1429
f 1430 1431 1433
f 1433 1431 1432
f 1429 1434 1430
f 1430 1434 1431
f 1433 1426 1430
f 1430 1426 1425
f 1426 1435 1423
f 1423 1435 1436
f 1428 1427 1429
f 1429 1427 1437
f 1427 1415 1437
f 1437 1415 1414
f 1427 1438 1415
f 1415 1438 1416
f 1439 1438 1424
f 1424 1438 1427
f 1440 1439 1423
f 1423 1439 1424
f 1429 1437 1434
f 1434 1437 1422
f 1422 1437 1413
f 1413 1437 1414
f 1441 1440 1436
f 1436 1440 1423
f 1442 1439 1443
f 1443 1439 1440
f 1441 1444 1440
f 1440 1444 1443
f 1445 1442 1446
f 1446 1442 1443
f 1442 1445 1448
f 1448 1445 1447
f 1444 1449 1443
f 1443 1449 1446
f 1439 1442 1438
f 1438 1442 1448
f 1438 1448 1416
f 1416 1448 1417
f 1436 1450 1441
f 1441 1450 1451
f 1436 1435 1450
f 1450 1435 1452
f 1431 1434 1453
f 1453 1434 1422
f 1431 1453 1432
f 1432 1453 1454
f 1453 1422 1455
f 1455 1422 1421
f 1454 1453 1456
f 1456 1453 1455
f 1457 1458 1454
f 1454 1458 1432
f 1452 1458 1450
f 1450 1458 1457
f 1405 1417 1403
f 1403 1417 1459
f 1404 1460 1410
f 1410 1460 1420
f 1459 1460 1403
f 1403 1460 1404
f 1447 1461 1459
f 1459 1461 1460
f 1445 1462 1447
f 1447 1462 1461
f 1460 1461 1420
f 1420 1461 1463
f 1459 1417 1447
f 1447 1417 1448
f 1464 1419 1463
f 1463 1419 1420
f 1419 1464 1418
f 1418 1464 1421
f 1464 1465 1421
f 1421 1465 1455
f 1465 1464 1466
f 1466 1464 1463
f 1467 1465 1468
f 1468 1465 1466
f 1461 1462 1463
f 1463 1462 1466
f 1462 1469 1466
f 1466 1469 1468
f 1465 1467 1455
f 1455 1467 1456
f 1471 1456 1470
f 1470 1456 1467
f 1470 1473 1472
f 1472 1473 1474
f 1470 1467 1473
f 1473 1467 1468
f 1470 1472 1471
f 1471 1472 1451
f 1471 1451 1457
f 1457 1451 1450
f 1457 1454 1471
f 1471 1454 1456
f 1462 1445 1469
f 1469 1445 1446
f 1474 1469 1449
f 1449 1469 1446
f 1474 1473 1469
f 1469 1473 1468
f 1472 1474 1444
f 1444 1474 1449
f 1444 1441 1472
f 1472 1441 1451
f 1426 1433 1435
f 1435 1433 1452
f 1452 1433 1458
f 1458 1433 1432
f 1371 940 1372
f 1372 940 1068
f 1376 1375 1379
f 1379 1375 1380
f 1393 1386 1394
f 1394 1386 1385
f 1385 1387 1394
f 1394 1387 1392
f 1475 1373 1391
f 1391 1373 1376
f 1375 1386 1380
f 1380 1386 1393
f 1372 1068 1406
f 1406 1068 981
f 1406 1390 1395
f 1395 1390 1389
f 1371 1387 940
f 940 1387 978
f 883 807 1476
f 1476 807 1477
f 1046 904 1479
f 1479 904 1478
f 904 903 1478
f 1478 903 1480
f 1030 1481 1028
f 1028 1481 1482
f 810 1046 1483
f 1483 1046 1479
f 1066 883 1484
f 1484 883 1476
f 807 810 1477
f 1477 810 1483
f 1485 1029 1484
f 1484 1029 1066
f 1028 1482 903
f 903 1482 1480
f 1481 1030 1485
f 1485 1030 1029
f 1484 1486 1485
f 1485 1486 1487
f 1485 1487 1481
f 1481 1487 1488
f 1481 1488 1482
f 1482 1488 1489
f 1482 1489 1480
f 1480 1489 1490
f 1484 1476 1486
f 1486 1476 1491
f 1476 1477 1491
f 1491 1477 1492
f 1477 1483 1492
f 1492 1483 1493
f 1495 1486 1494
f 1494 1486 1491
f 1497 1498 1496
f 1496 1498 1499
f 1500 1501 1497
f 1497 1501 1498
f 1502 1503 1501
f 1501 1503 1498
f 1502 1504 1503
f 1503 1504 1505
f 1506 1499 1503
f 1503 1499 1498
f 1499 1506 1507
f 1507 1506 1508
f 1507 1509 1499
f 1499 1509 1496
f 1502 1501 1510
f 1510 1501 1500
f 1500 1488 1510
f 1510 1488 1487
f 1500 1511 1488
f 1488 1511 1489
f 1497 1512 1500
f 1500 1512 1511
f 1512 1497 1513
f 1513 1497 1496
f 1502 1510 1504
f 1504 1510 1495
f 1495 1510 1486
f 1486 1510 1487
f 1509 1514 1496
f 1496 1514 1513
f 1515 1512 1516
f 1516 1512 1513
f 1514 1517 1513
f 1513 1517 1516
f 1518 1515 1519
f 1519 1515 1516
f 1515 1518 1521
f 1521 1518 1520
f 1517 1522 1516
f 1516 1522 1519
f 1512 1515 1511
f 1511 1515 1521
f 1511 1521 1489
f 1489 1521 1490
f 1514 1509 1524
f 1524 1509 1523
f 1509 1507 1523
f 1523 1507 1508
f 1505 1504 1525
f 1525 1504 1495
f 1526 1505 1527
f 1527 1505 1525
f 1525 1495 1528
f 1528 1495 1494
f 1527 1525 1529
f 1529 1525 1528
f 1527 1530 1526
f 1526 1530 1531
f 1508 1531 1523
f 1523 1531 1530
f 1506 1503 1526
f 1526 1503 1505
f 1508 1506 1531
f 1531 1506 1526
f 1478 1480 1532
f 1532 1480 1490
f 1483 1479 1493
f 1493 1479 1533
f 1532 1533 1478
f 1478 1533 1479
f 1520 1534 1532
f 1532 1534 1533
f 1518 1535 1520
f 1520 1535 1534
f 1533 1534 1493
f 1493 1534 1536
f 1532 1490 1520
f 1520 1490 1521
f 1537 1492 1536
f 1536 1492 1493
f 1492 1537 1491
f 1491 1537 1494
f 1537 1538 1494
f 1494 1538 1528
f 1538 1537 1539
f 1539 1537 1536
f 1540 1538 1541
f 1541 1538 1539
f 1534 1535 1536
f 1536 1535 1539
f 1535 1542 1539
f 1539 1542 1541
f 1538 1540 1528
f 1528 1540 1529
f 1544 1529 1543
f 1543 1529 1540
f 1545 1543 1547
f 1547 1543 1546
f 1543 1540 1546
f 1546 1540 1541
f 1543 1545 1544
f 1544 1545 1524
f 1544 1524 1530
f 1530 1524 1523
f 1530 1527 1544
f 1544 1527 1529
f 1535 1518 1542
f 1542 1518 1519
f 1547 1542 1522
f 1522 1542 1519
f 1547 1546 1542
f 1542 1546 1541
f 1545 1547 1517
f 1517 1547 1522
f 1517 1514 1545
f 1545 1514 1524
f 997 995 986
f 986 995 987
f 987 995 988
f 988 995 971
f 976 1358 977
f 977 1358 1289
f 854 853 1067
f 1067 853 1050
f 1055 985 1069
f 1069 985 962
f 1068 961 981
f 981 961 862
f 1268 1358 920
f 920 1358 976
f 920 976 921
f 921 976 975
f 927 1054 850
f 850 1054 851
f 882 881 1057
f 1057 881 1548
f 1548 1374 1057
f 1057 1374 1373
f 1383 1374 1549
f 1549 1374 1548
f 1549 1548 1550
f 1550 1548 881
f 1550 881 1551
f 1551 881 880
f 933 1552 879
f 879 1552 880
f 1551 880 875
f 875 880 1552
f 1553 1551 878
f 878 1551 875
f 1551 1553 1550
f 1550 1553 1554
f 1550 1554 1549
f 1549 1554 1555
f 978 1384 975
f 975 1384 1555
f 967 849 1556
f 1556 849 852
f 875 1552 876
f 876 1552 933
f 961 939 962
f 962 939 1069
f 1555 1054 975
f 975 1054 921
f 1555 1384 1549
f 1549 1384 1383
f 1391 1390 1475
f 1475 1390 980
f 1373 1475 1057
f 1057 1475 980
f 851 1054 1554
f 1554 1054 1555
f 1554 1553 851
f 851 1553 852
f 878 1556 1553
f 1553 1556 852
f 1556 878 967
f 967 878 877
f 1023 1020 877
f 877 1020 967
f 909 811 1034
f 806 779 873
f 873 779 840
f 805 780 806
f 806 780 779
f 1043 893 1044
f 1044 893 892
f 873 840 847
f 847 840 842
f 840 839 842
f 842 839 843
f 839 791 843
f 843 791 908
f 791 790 908
f 908 790 792
f 809 789 810
f 810 789 1046
f 793 790 809
f 809 790 789
f 809 808 793
f 793 808 1009
f 808 884 1009
f 1009 884 1010
f 1065 1015 884
f 884 1015 1010
f 1032 868 1065
f 1065 868 1015
f 1031 822 1032
f 1032 822 868
f 1031 1027 822
f 822 1027 785
f 1045 905 1046
f 1046 905 904
f 788 781 1019
f 1019 781 894
f 781 780 894
f 894 780 892
f 780 805 892
f 892 805 1044
f 805 804 1044
f 1044 804 891
f 804 1064 891
f 891 1064 888
f 1064 1021 888
f 888 1021 1033
f 1021 1020 1033
f 1033 1020 1034
f 1020 1023 1034
f 1034 1023 909
f 1023 1022 909
f 909 1022 910
f 1043 815 893
f 893 815 819
f 819 815 820
f 820 815 818
f 870 869 818
f 818 869 820
f 1014 1011 870
f 870 1011 869
f 969 972 1014
f 1014 972 1011
f 1036 1063 1022
f 1022 1063 910
f 1035 833 1036
f 1036 833 1063
f 1035 932 979
f 979 932 963
f 834 979 982
f 982 979 958
f 833 1035 834
f 834 1035 979
f 982 863 834
f 834 863 830
f 864 900 831
f 831 900 857
f 990 993 864
f 864 993 900
f 989 994 990
f 990 994 993
f 970 1058 989
f 989 1058 994
f 969 1018 970
f 970 1018 1058
f 1027 902 785
f 785 902 786
f 902 905 786
f 786 905 1019
f 905 1045 1019
f 1019 1045 788
f 788 1045 787
f 787 1045 789
o hand_right
v 0.133897 0.201060 0.928662
v 0.134710 0.203633 0.938425
v 0.129062 0.195808 0.932909
v 0.128084 0.194029 0.924722
v 0.132024 0.191395 0.952868
v 0.123588 0.189895 0.962355
v 0.118093 0.180336 0.949574
v 0.126663 0.183154 0.943819
v 0.121614 0.190509 0.920314
v 0.124667 0.190051 0.928453
v 0.114993 0.192958 0.918930
v 0.111690 0.196147 0.909823
v 0.118815 0.191931 0.912101
v 0.112167 0.196623 0.901765
v 0.106635 0.205567 0.913407
v 0.111379 0.205504 0.898423
v 0.124552 0.228243 0.911904
v 0.136154 0.235098 0.913198
v 0.138879 0.229234 0.896930
v 0.127155 0.221909 0.897464
v 0.156219 0.237026 0.906202
v 0.146816 0.232604 0.900225
v 0.143659 0.239494 0.915921
v 0.152220 0.243015 0.920497
v 0.145289 0.211290 0.934210
v 0.146152 0.214610 0.944615
v 0.141521 0.211763 0.942627
v 0.140749 0.208366 0.932959
v 0.105143 0.189613 0.923602
v 0.102376 0.198062 0.927541
v 0.107294 0.196774 0.921207
v 0.110340 0.188513 0.921769
v 0.156182 0.221577 0.970648
v 0.151014 0.230144 0.979879
v 0.145569 0.227947 0.979719
v 0.151436 0.220892 0.971079
v 0.129771 0.209864 0.976390
v 0.128883 0.220822 0.980826
v 0.116037 0.226611 0.983001
v 0.114639 0.218032 0.976926
v 0.127642 0.198481 0.969714
v 0.114722 0.204492 0.972692
v 0.112630 0.193303 0.965015
v 0.108867 0.181606 0.951704
v 0.161621 0.237376 0.978918
v 0.167198 0.231817 0.972432
v 0.137737 0.165787 0.877430
v 0.143068 0.168418 0.878321
v 0.141467 0.170779 0.879425
v 0.136415 0.167855 0.878174
v 0.167534 0.252065 0.966115
v 0.162493 0.259498 0.961297
v 0.162831 0.261301 0.968316
v 0.165733 0.253761 0.973220
v 0.169839 0.249714 0.956720
v 0.161850 0.256233 0.951762
v 0.135738 0.164358 0.864867
v 0.134403 0.162945 0.869646
v 0.131715 0.166654 0.868910
v 0.133050 0.169074 0.864243
v 0.126429 0.192189 0.915970
v 0.133968 0.196996 0.919758
v 0.129837 0.188229 0.899715
v 0.131671 0.192568 0.906798
v 0.124633 0.190799 0.907356
v 0.123373 0.188028 0.900869
v 0.150442 0.205930 0.912578
v 0.148909 0.209729 0.923522
v 0.143635 0.206325 0.921438
v 0.144222 0.200635 0.909762
v 0.161909 0.214346 0.926928
v 0.162180 0.210643 0.915740
v 0.169525 0.213723 0.919024
v 0.168436 0.215023 0.926741
v 0.159457 0.204116 0.896371
v 0.159749 0.202944 0.890011
v 0.162722 0.202696 0.890893
v 0.162388 0.205566 0.897661
v 0.162314 0.263874 0.974849
v 0.163035 0.255368 0.979741
v 0.175103 0.241490 0.916171
v 0.182173 0.239247 0.924623
v 0.187109 0.235346 0.913293
v 0.178196 0.239046 0.906745
v 0.153648 0.262221 0.956339
v 0.155406 0.265844 0.963015
v 0.140030 0.167442 0.861630
v 0.137632 0.172058 0.861021
v 0.104685 0.203921 0.962654
v 0.101466 0.187961 0.950013
v 0.107489 0.217678 0.969555
v 0.109021 0.228182 0.973270
v 0.108755 0.235424 0.978373
v 0.137471 0.193785 0.903350
v 0.139101 0.203512 0.924262
v 0.149763 0.213452 0.935334
v 0.179651 0.220758 0.939049
v 0.177975 0.223593 0.949113
v 0.169958 0.217603 0.945034
v 0.172885 0.216928 0.936795
v 0.187047 0.231683 0.928859
v 0.185540 0.223769 0.929264
v 0.187231 0.221790 0.920900
v 0.189707 0.228951 0.919075
v 0.099271 0.186937 0.927591
v 0.098520 0.198139 0.934210
v 0.169167 0.242648 0.970756
v 0.164949 0.244331 0.977076
v 0.161374 0.248747 0.983431
v 0.150571 0.216828 0.958107
v 0.148260 0.220168 0.971509
v 0.144896 0.217144 0.971029
v 0.147723 0.216072 0.957121
v 0.138112 0.203074 0.948655
v 0.137882 0.202108 0.962261
v 0.133233 0.194226 0.940810
v 0.138038 0.225478 0.981221
v 0.142368 0.232798 0.988298
v 0.133796 0.230415 0.988355
v 0.150866 0.237709 0.987697
v 0.157775 0.243155 0.986013
v 0.155426 0.271793 0.968948
v 0.125579 0.229154 0.986914
v 0.122272 0.178350 0.937222
v 0.118946 0.174274 0.931165
v 0.120451 0.180183 0.926327
v 0.123933 0.184349 0.931129
v 0.114059 0.194175 0.892891
v 0.118078 0.189075 0.897620
v 0.116687 0.191858 0.906013
v 0.162797 0.219744 0.961330
v 0.172058 0.228344 0.963421
v 0.135301 0.189790 0.896012
v 0.130166 0.173930 0.865999
v 0.128862 0.170763 0.870988
v 0.120718 0.183462 0.882860
v 0.121508 0.187394 0.876997
v 0.139014 0.192049 0.886333
v 0.136767 0.188860 0.891986
v 0.137663 0.188703 0.889637
v 0.141360 0.190845 0.884495
v 0.169439 0.206660 0.896026
v 0.169134 0.209080 0.901827
v 0.132158 0.212781 0.884817
v 0.118257 0.210104 0.885869
v 0.116460 0.215624 0.897997
v 0.156792 0.209139 0.914962
v 0.158887 0.206053 0.905221
v 0.162500 0.207904 0.906142
v 0.140538 0.194488 0.899649
v 0.139780 0.192356 0.892878
v 0.143147 0.195403 0.894691
v 0.144615 0.197666 0.901240
v 0.177892 0.244273 0.936050
v 0.183954 0.235480 0.940890
v 0.134883 0.163644 0.874227
v 0.132838 0.166317 0.874249
v 0.155123 0.212823 0.925626
v 0.115839 0.220526 0.912388
v 0.154704 0.215444 0.936704
v 0.171294 0.226589 0.893271
v 0.177220 0.220600 0.895603
v 0.177394 0.216553 0.892188
v 0.174167 0.219925 0.888097
v 0.147072 0.180954 0.874946
v 0.145851 0.177155 0.879204
v 0.146257 0.174402 0.877348
v 0.148408 0.177187 0.872483
v 0.132160 0.186359 0.894812
v 0.125785 0.184896 0.895648
v 0.128999 0.182067 0.891791
v 0.134218 0.185048 0.891032
v 0.120732 0.185587 0.892085
v 0.123492 0.181798 0.888455
v 0.145205 0.182876 0.868884
v 0.139891 0.181312 0.863587
v 0.133057 0.194891 0.873578
v 0.139717 0.192923 0.877264
v 0.147991 0.249848 0.933347
v 0.158337 0.251944 0.937028
v 0.162788 0.245391 0.924202
v 0.167437 0.239944 0.911117
v 0.171075 0.233485 0.899058
v 0.159961 0.232948 0.893672
v 0.169725 0.246632 0.928496
v 0.139005 0.199792 0.884233
v 0.130202 0.203453 0.880681
v 0.135895 0.205545 0.882826
v 0.161955 0.216463 0.938348
v 0.130529 0.169437 0.876324
v 0.113345 0.248522 0.960845
v 0.123159 0.257145 0.957549
v 0.122908 0.251553 0.950885
v 0.112356 0.241321 0.955085
v 0.141039 0.172704 0.881636
v 0.135115 0.169825 0.880990
v 0.175581 0.210782 0.902257
v 0.174901 0.208671 0.896763
v 0.177778 0.210731 0.895153
v 0.181161 0.211521 0.900428
v 0.163199 0.252693 0.940525
v 0.190601 0.230703 0.907367
v 0.182521 0.234323 0.901187
v 0.154047 0.257641 0.948025
v 0.144911 0.256419 0.944658
v 0.143249 0.261487 0.952767
v 0.150568 0.223148 0.885972
v 0.141028 0.246527 0.929365
v 0.138476 0.253221 0.941930
v 0.136176 0.259122 0.951519
v 0.134971 0.264124 0.958047
v 0.142942 0.265967 0.958890
v 0.134896 0.177603 0.863245
v 0.143590 0.175712 0.861067
v 0.142542 0.272449 0.965014
v 0.133707 0.269539 0.964125
v 0.130538 0.248842 0.939934
v 0.121389 0.242570 0.938916
v 0.133357 0.242422 0.927890
v 0.124327 0.235879 0.925486
v 0.139739 0.224010 0.884365
v 0.155177 0.163010 0.865678
v 0.150172 0.172854 0.865471
v 0.150453 0.173346 0.871302
v 0.156505 0.164537 0.869555
v 0.147659 0.177883 0.866605
v 0.146069 0.171024 0.861771
v 0.113709 0.225777 0.927359
v 0.143175 0.194417 0.889115
v 0.110134 0.229498 0.944271
v 0.103617 0.211892 0.925727
v 0.102153 0.212444 0.939315
v 0.106228 0.230657 0.961372
v 0.101957 0.215723 0.955324
v 0.108285 0.244542 0.971766
v 0.108044 0.238600 0.965631
v 0.098458 0.201156 0.948092
v 0.145551 0.159756 0.878585
v 0.150351 0.163255 0.878415
v 0.112824 0.254012 0.966873
v 0.127997 0.188432 0.935132
v 0.159368 0.217416 0.948918
v 0.154023 0.216700 0.947156
v 0.176055 0.225498 0.954927
v 0.166623 0.218582 0.952170
v 0.142002 0.156855 0.875640
v 0.160455 0.204064 0.885037
v 0.160537 0.204473 0.886879
v 0.115784 0.174789 0.941976
v 0.113771 0.171441 0.936029
v 0.101197 0.175238 0.934362
v 0.106814 0.171257 0.936422
v 0.107386 0.175615 0.943787
v 0.101250 0.180073 0.942032
v 0.153108 0.217178 0.958513
v 0.156932 0.217964 0.958926
v 0.173988 0.247206 0.947142
v 0.179783 0.238011 0.951246
v 0.117946 0.189267 0.887392
v 0.114637 0.200388 0.887757
v 0.118660 0.194204 0.882451
v 0.125256 0.193120 0.874562
v 0.141905 0.195398 0.885271
v 0.137526 0.196728 0.882329
v 0.141859 0.210038 0.967211
v 0.143256 0.211502 0.954204
v 0.120765 0.188096 0.925902
v 0.117310 0.185660 0.922451
v 0.150558 0.202306 0.904263
v 0.152333 0.213122 0.879340
v 0.143383 0.213409 0.879008
v 0.150593 0.199956 0.895646
v 0.142887 0.155091 0.867421
v 0.141478 0.155292 0.872176
v 0.121925 0.200282 0.879960
v 0.169979 0.210292 0.909329
v 0.156573 0.216927 0.883527
v 0.158296 0.209147 0.880362
v 0.191111 0.226062 0.914423
v 0.122339 0.262247 0.964644
v 0.148574 0.171520 0.876462
v 0.154240 0.165646 0.875842
v 0.151915 0.161396 0.863302
v 0.146419 0.158433 0.863365
v 0.174559 0.239143 0.960762
v 0.150568 0.216024 0.945681
v 0.097371 0.190063 0.940090
v 0.098510 0.181712 0.931566
v 0.150961 0.199373 0.890966
v 0.177807 0.228053 0.897141
v 0.163891 0.225904 0.887320
v 0.167902 0.218668 0.881664
v 0.163201 0.212749 0.879649
v 0.161471 0.206028 0.881730
v 0.155380 0.156794 0.865087
v 0.150095 0.153921 0.865215
v 0.146305 0.151197 0.869349
v 0.144593 0.151888 0.873522
v 0.144929 0.154695 0.876824
v 0.158795 0.158469 0.867554
v 0.159636 0.160093 0.871067
v 0.156637 0.162951 0.875973
v 0.161623 0.155528 0.870479
v 0.160131 0.150571 0.869089
v 0.153419 0.142747 0.878492
v 0.151404 0.145397 0.873573
v 0.153879 0.144244 0.873751
v 0.156300 0.141781 0.877395
v 0.159881 0.139139 0.880065
v 0.156911 0.139749 0.881826
v 0.155797 0.147001 0.870463
v 0.159675 0.143717 0.874946
v 0.163010 0.146224 0.874248
v 0.166001 0.142810 0.877443
v 0.163200 0.140351 0.878009
v 0.160217 0.148089 0.870997
v 0.154582 0.148215 0.868698
v 0.161047 0.138395 0.883371
v 0.162236 0.137865 0.881247
v 0.165065 0.139070 0.880127
v 0.166014 0.138931 0.883010
v 0.147426 0.148968 0.876152
v 0.152373 0.143894 0.880617
v 0.156976 0.141977 0.884071
v 0.161119 0.140438 0.885316
v 0.154049 0.146418 0.883438
v 0.157960 0.144450 0.885355
v 0.161751 0.143529 0.886339
v 0.156857 0.149298 0.884942
v 0.159975 0.146870 0.885996
v 0.149485 0.156029 0.879663
v 0.146614 0.153243 0.878184
v 0.162027 0.145614 0.886938
v 0.166420 0.140519 0.884492
v 0.164295 0.149675 0.873749
v 0.167297 0.145514 0.878620
v 0.164992 0.151616 0.875037
v 0.168264 0.147478 0.879555
v 0.169000 0.142136 0.880941
v 0.167112 0.141109 0.879539
v 0.147668 0.158658 0.878692
v 0.152765 0.162101 0.878235
v 0.154454 0.159856 0.878970
v 0.160531 0.152440 0.884377
v 0.158477 0.160517 0.877192
v 0.162118 0.157360 0.873875
v 0.165431 0.152758 0.877807
v 0.164240 0.153613 0.880969
v 0.167511 0.149204 0.881305
v 0.165835 0.149844 0.883131
v 0.162965 0.149020 0.885610
v 0.167850 0.146088 0.883915
v 0.168996 0.143903 0.882270
v 0.165644 0.143608 0.885710
v 0.166690 0.147527 0.884562
v 0.164416 0.145976 0.885822
v 0.161824 0.174593 0.875358
v 0.167576 0.177564 0.875556
v 0.164332 0.180742 0.874926
v 0.159627 0.178004 0.874714
v 0.158035 0.173156 0.861854
v 0.157332 0.172004 0.867944
v 0.154103 0.176082 0.866551
v 0.155715 0.178672 0.860530
v 0.162751 0.176905 0.858153
v 0.160341 0.182787 0.857774
v 0.152323 0.183612 0.861870
v 0.151232 0.180611 0.868327
v 0.142763 0.195804 0.879696
v 0.142997 0.199849 0.874142
v 0.159126 0.199598 0.886149
v 0.160641 0.201373 0.882949
v 0.159086 0.172927 0.872762
v 0.156236 0.176413 0.871663
v 0.169210 0.188487 0.873298
v 0.166599 0.185432 0.877034
v 0.168662 0.183024 0.874396
v 0.171295 0.185085 0.869951
v 0.147595 0.194436 0.886436
v 0.153324 0.197421 0.886649
v 0.144850 0.194167 0.883774
v 0.169041 0.190814 0.867011
v 0.165310 0.191246 0.861253
v 0.155870 0.206529 0.871318
v 0.160572 0.205047 0.875172
v 0.153118 0.179465 0.873378
v 0.162046 0.181993 0.877994
v 0.157174 0.179904 0.877269
v 0.157658 0.188510 0.859843
v 0.167937 0.185147 0.859304
v 0.179634 0.169740 0.865257
v 0.174126 0.180567 0.864077
v 0.174312 0.180551 0.869338
v 0.180909 0.170265 0.870157
v 0.171376 0.185770 0.864272
v 0.170138 0.179460 0.859787
v 0.171125 0.163819 0.877920
v 0.176681 0.167148 0.877905
v 0.167884 0.161461 0.875528
v 0.148011 0.204483 0.871174
v 0.165840 0.161999 0.865317
v 0.165819 0.160856 0.871816
v 0.172001 0.179928 0.873920
v 0.180212 0.169277 0.874959
v 0.176532 0.168258 0.862164
v 0.169529 0.165887 0.861115
v 0.179260 0.162981 0.863835
v 0.173492 0.160207 0.863226
v 0.169442 0.156967 0.867259
v 0.168678 0.157395 0.872999
v 0.170009 0.159226 0.876291
v 0.182204 0.164554 0.866662
v 0.183323 0.165858 0.871131
v 0.181112 0.166679 0.875571
v 0.185764 0.160018 0.871403
v 0.183942 0.156624 0.868769
v 0.178349 0.144433 0.881604
v 0.175648 0.147737 0.877376
v 0.177766 0.147281 0.875891
v 0.180398 0.144272 0.879667
v 0.174151 0.150350 0.871859
v 0.176559 0.149650 0.872081
v 0.179769 0.152129 0.869677
v 0.182071 0.149048 0.874540
v 0.185728 0.152207 0.873994
v 0.188423 0.148573 0.877480
v 0.185020 0.145161 0.877939
v 0.183367 0.153485 0.870476
v 0.182899 0.142671 0.881728
v 0.182937 0.142568 0.884294
v 0.178241 0.153435 0.867144
v 0.170374 0.154151 0.874325
v 0.174561 0.148902 0.880082
v 0.178299 0.145882 0.884561
v 0.183965 0.144346 0.886550
v 0.175768 0.151310 0.883366
v 0.179614 0.148078 0.886587
v 0.184413 0.146850 0.887507
v 0.178520 0.154515 0.885628
v 0.182380 0.151010 0.887942
v 0.173414 0.161064 0.879417
v 0.170598 0.157510 0.877760
v 0.184298 0.149226 0.887932
v 0.187595 0.142853 0.883060
v 0.188044 0.144716 0.885818
v 0.186797 0.143212 0.881398
v 0.187104 0.153843 0.874386
v 0.189523 0.149940 0.878897
v 0.188304 0.155741 0.876193
v 0.190494 0.151010 0.880846
v 0.190508 0.146320 0.881762
v 0.189526 0.145443 0.880709
v 0.172937 0.162173 0.877794
v 0.177697 0.165392 0.877646
v 0.177993 0.164496 0.879108
v 0.182996 0.157416 0.884872
v 0.182083 0.165449 0.876843
v 0.185401 0.162600 0.874130
v 0.188258 0.157648 0.878366
v 0.186711 0.158333 0.882046
v 0.191018 0.152640 0.882230
v 0.188983 0.154565 0.883900
v 0.185521 0.153568 0.887145
v 0.191228 0.148812 0.884873
v 0.191101 0.147125 0.883215
v 0.187809 0.146689 0.886809
v 0.189787 0.151249 0.885770
v 0.186972 0.149698 0.887543
v 0.179062 0.186193 0.884185
v 0.183166 0.189459 0.886620
v 0.180945 0.192054 0.886471
v 0.176909 0.189111 0.883749
v 0.180315 0.187052 0.871272
v 0.178240 0.184592 0.875138
v 0.175312 0.188327 0.874388
v 0.176604 0.191892 0.870346
v 0.185546 0.189324 0.870318
v 0.181139 0.196000 0.869025
v 0.173154 0.196403 0.870393
v 0.172376 0.191838 0.874513
v 0.164135 0.202830 0.880216
v 0.166187 0.207544 0.875939
v 0.177971 0.184756 0.879902
v 0.175526 0.187808 0.879471
v 0.186388 0.198639 0.885828
v 0.183263 0.195451 0.887934
v 0.185516 0.195010 0.886235
v 0.188253 0.197164 0.883520
v 0.166026 0.201349 0.890511
v 0.170560 0.204773 0.892955
v 0.164620 0.200506 0.885689
v 0.187305 0.201750 0.879865
v 0.184390 0.203388 0.873301
v 0.178121 0.213705 0.881420
v 0.179635 0.211876 0.887140
v 0.172977 0.190142 0.879447
v 0.178607 0.192644 0.887913
v 0.174706 0.190138 0.884723
v 0.177866 0.200904 0.870294
v 0.187108 0.198346 0.872297
v 0.200722 0.181901 0.878791
v 0.191836 0.195265 0.877673
v 0.190472 0.194489 0.883491
v 0.200551 0.182339 0.883272
v 0.189799 0.198518 0.878046
v 0.190005 0.193530 0.872506
v 0.189501 0.174788 0.887292
v 0.193302 0.178571 0.888705
v 0.187450 0.173919 0.883418
v 0.171656 0.212407 0.876024
v 0.177437 0.208657 0.892419
v 0.189349 0.173724 0.876061
v 0.187507 0.173249 0.880040
v 0.187497 0.192702 0.886133
v 0.197995 0.181441 0.887171
v 0.198224 0.180556 0.874820
v 0.193117 0.177459 0.873035
v 0.201684 0.176510 0.876686
v 0.196684 0.173193 0.875163
v 0.192874 0.169553 0.877852
v 0.190915 0.169557 0.881828
v 0.190653 0.170577 0.885133
v 0.203943 0.178068 0.880645
v 0.203419 0.178645 0.884514
v 0.199049 0.179585 0.887390
v 0.206528 0.175175 0.882962
v 0.205730 0.171089 0.879466
v 0.204004 0.156758 0.888103
v 0.200528 0.160546 0.885413
v 0.201558 0.160851 0.884763
v 0.205262 0.156921 0.886927
v 0.197898 0.164619 0.880682
v 0.199750 0.163963 0.881209
v 0.202254 0.166467 0.879509
v 0.206161 0.162489 0.882719
v 0.209365 0.167379 0.884157
v 0.211839 0.163482 0.886452
v 0.209325 0.158697 0.885048
v 0.205780 0.169139 0.880396
v 0.207924 0.155527 0.888107
v 0.207129 0.154036 0.889088
v 0.201017 0.168008 0.877965
v 0.194128 0.165293 0.883741
v 0.198703 0.160576 0.887715
v 0.202092 0.156687 0.890705
v 0.206021 0.155419 0.892324
v 0.198461 0.162578 0.890971
v 0.202017 0.158937 0.892974
v 0.205546 0.157670 0.894352
v 0.199477 0.164922 0.893060
v 0.202885 0.161656 0.894571
v 0.193373 0.171458 0.888812
v 0.192907 0.167963 0.886619
v 0.205485 0.159882 0.895060
v 0.211558 0.155898 0.888971
v 0.211208 0.157508 0.892882
v 0.210718 0.156894 0.887796
v 0.209850 0.169127 0.884596
v 0.213305 0.164594 0.887973
v 0.209837 0.170937 0.886774
v 0.213175 0.166284 0.890126
v 0.214030 0.160493 0.888998
v 0.213212 0.160257 0.888122
v 0.191722 0.173465 0.887682
v 0.195023 0.177173 0.888805
v 0.196364 0.175202 0.889835
v 0.202664 0.168111 0.894316
v 0.200298 0.177675 0.888631
v 0.205735 0.175755 0.886561
v 0.208524 0.171374 0.889751
v 0.206368 0.170376 0.892719
v 0.211642 0.167046 0.892341
v 0.209075 0.167161 0.893598
v 0.205528 0.164572 0.895755
v 0.211958 0.163055 0.893371
v 0.213828 0.161840 0.891414
v 0.209604 0.159454 0.894833
v 0.209998 0.164002 0.894626
v 0.208085 0.161338 0.895654
v 0.174510 0.206922 0.893766
v 0.201560 0.198136 0.893592
v 0.204001 0.200232 0.896327
v 0.203091 0.201714 0.896252
v 0.199750 0.199785 0.894160
v 0.201405 0.203260 0.883312
v 0.200325 0.199595 0.886127
v 0.197055 0.202244 0.885898
v 0.198146 0.205856 0.883357
v 0.204499 0.207350 0.883551
v 0.201855 0.209784 0.884133
v 0.195477 0.208478 0.884902
v 0.194003 0.204803 0.887524
v 0.182534 0.216220 0.894567
v 0.183833 0.221862 0.893633
v 0.193222 0.222431 0.910289
v 0.189380 0.217916 0.912499
v 0.195581 0.214188 0.906676
v 0.197829 0.218875 0.905547
v 0.200435 0.198102 0.889885
v 0.197361 0.199908 0.890332
v 0.207558 0.210582 0.897188
v 0.205162 0.206501 0.898681
v 0.205921 0.204524 0.897681
v 0.208968 0.208017 0.896851
v 0.185759 0.214201 0.910080
v 0.182565 0.213070 0.906223
v 0.186017 0.209988 0.904091
v 0.192195 0.210552 0.905084
v 0.183714 0.210455 0.898998
v 0.207503 0.213401 0.893832
v 0.204693 0.214777 0.888672
v 0.195424 0.226981 0.899565
v 0.197112 0.223977 0.903306
v 0.195349 0.201715 0.890710
v 0.201592 0.203465 0.897726
v 0.198697 0.201104 0.894926
v 0.199551 0.212704 0.885097
v 0.206687 0.211812 0.888012
v 0.216587 0.203484 0.891988
v 0.211014 0.209373 0.893119
v 0.210045 0.206527 0.897036
v 0.215932 0.202119 0.894808
v 0.209425 0.210662 0.893145
v 0.209286 0.209456 0.887631
v 0.207156 0.193398 0.893734
v 0.210343 0.196680 0.896481
v 0.206039 0.192963 0.890589
v 0.188753 0.226335 0.895034
v 0.207801 0.196418 0.884065
v 0.206460 0.193445 0.887159
v 0.207065 0.202918 0.897549
v 0.213611 0.199729 0.896700
v 0.215327 0.203383 0.887530
v 0.211110 0.201118 0.883529
v 0.217942 0.199544 0.887483
v 0.213350 0.197295 0.883830
v 0.209658 0.192687 0.885082
v 0.207810 0.191414 0.888213
v 0.207416 0.191217 0.891408
v 0.219072 0.200017 0.891908
v 0.218038 0.199238 0.894688
v 0.215047 0.197842 0.896685
v 0.221307 0.196425 0.892092
v 0.220805 0.194044 0.887947
v 0.217856 0.181042 0.890423
v 0.215225 0.184088 0.889320
v 0.216142 0.184574 0.888647
v 0.218390 0.181108 0.889425
v 0.213138 0.188422 0.886732
v 0.214814 0.188104 0.886733
v 0.216734 0.191087 0.886043
v 0.219631 0.186753 0.887304
v 0.223650 0.189370 0.889741
v 0.225508 0.185590 0.890410
v 0.221935 0.183644 0.887890
v 0.220669 0.192099 0.887408
v 0.220672 0.179475 0.889368
v 0.220717 0.178335 0.890176
v 0.215881 0.192543 0.885120
v 0.210014 0.188183 0.889495
v 0.214180 0.182968 0.891337
v 0.217795 0.179430 0.892171
v 0.221353 0.178036 0.892398
v 0.213373 0.183903 0.893662
v 0.217552 0.179633 0.894521
v 0.221069 0.178484 0.894743
v 0.213880 0.185549 0.896588
v 0.217958 0.181350 0.896534
v 0.209949 0.190956 0.895683
v 0.209296 0.188982 0.892693
v 0.220704 0.179894 0.895843
v 0.224402 0.179637 0.889880
v 0.224436 0.179202 0.892857
v 0.224103 0.180753 0.888814
v 0.224211 0.190227 0.890767
v 0.226475 0.185686 0.891769
v 0.224376 0.191098 0.893172
v 0.226389 0.185662 0.893979
v 0.226656 0.182111 0.891375
v 0.225670 0.182801 0.889918
v 0.208852 0.192229 0.894942
v 0.211439 0.195132 0.896635
v 0.212933 0.193741 0.897330
v 0.216469 0.188115 0.898387
v 0.216673 0.196159 0.897069
v 0.219794 0.196909 0.894853
v 0.223094 0.191048 0.895662
v 0.220570 0.190109 0.897851
v 0.225354 0.185190 0.895911
v 0.222889 0.184845 0.897748
v 0.219964 0.183385 0.898174
v 0.225116 0.181432 0.895156
v 0.226268 0.181423 0.893613
v 0.223692 0.179673 0.894815
v 0.223681 0.181738 0.896514
v 0.222323 0.180830 0.896427
v 0.194253 0.224850 0.906888
v 0.100898 0.177867 0.916613
v 0.105667 0.180427 0.914596
v 0.118084 0.170382 0.918796
v 0.116149 0.175911 0.914685
v 0.115444 0.165172 0.922434
v 0.105019 0.163767 0.925661
v 0.110718 0.163746 0.925592
v 0.111570 0.179579 0.913304
v 0.098192 0.173788 0.920156
v 0.099448 0.167872 0.924314
v 0.096357 0.170190 0.911946
v 0.097907 0.163238 0.916303
v 0.103115 0.158642 0.917911
v 0.110451 0.159806 0.919199
v 0.115093 0.161777 0.918103
v 0.101475 0.175691 0.910516
v 0.106508 0.178091 0.909526
v 0.113103 0.176992 0.910165
v 0.104464 0.173922 0.903173
v 0.104899 0.165793 0.897524
v 0.115796 0.149946 0.894252
v 0.114072 0.152282 0.900487
v 0.112014 0.153109 0.898721
v 0.113431 0.150505 0.893273
v 0.110019 0.154473 0.903914
v 0.109706 0.155337 0.901705
v 0.106598 0.159423 0.900347
v 0.108276 0.157041 0.895325
v 0.106440 0.163414 0.897082
v 0.108281 0.162872 0.893251
v 0.109804 0.154904 0.890316
v 0.112831 0.150008 0.889294
v 0.111392 0.153131 0.886157
v 0.115949 0.149765 0.888863
v 0.103510 0.158798 0.901023
v 0.112405 0.155365 0.910388
v 0.116698 0.152916 0.902962
v 0.119097 0.151188 0.895491
v 0.118799 0.151305 0.889220
v 0.120063 0.155649 0.903822
v 0.121449 0.154726 0.896577
v 0.120918 0.155486 0.890815
v 0.121886 0.160142 0.903048
v 0.122040 0.158681 0.896259
v 0.118677 0.165355 0.913367
v 0.116509 0.159266 0.913801
v 0.121142 0.157985 0.892160
v 0.113500 0.153180 0.884291
v 0.116610 0.155069 0.884777
v 0.108444 0.166320 0.893062
v 0.109200 0.160863 0.888326
v 0.110717 0.163462 0.887953
v 0.110059 0.169827 0.894261
v 0.112731 0.165507 0.888156
v 0.111980 0.159170 0.884372
v 0.110145 0.157613 0.885885
v 0.118110 0.166998 0.916174
v 0.117002 0.172915 0.913319
v 0.117392 0.171513 0.910886
v 0.120691 0.166457 0.901094
v 0.114404 0.175480 0.907100
v 0.108951 0.176041 0.904293
v 0.113261 0.171443 0.895435
v 0.117246 0.170633 0.898045
v 0.115846 0.166277 0.889843
v 0.118090 0.165694 0.891869
v 0.121094 0.162554 0.894232
v 0.117181 0.161971 0.887090
v 0.114548 0.161060 0.884865
v 0.119094 0.158032 0.887382
v 0.118435 0.162627 0.889479
v 0.120042 0.160068 0.890245
v 0.187780 0.219841 0.916553
v 0.182902 0.215508 0.914651
v 0.182896 0.217598 0.920375
v 0.181585 0.218998 0.929237
v 0.183598 0.225354 0.937533
v 0.175284 0.216261 0.927914
v 0.177122 0.214858 0.918706
v 0.177223 0.212482 0.909936
v 0.167130 0.216343 0.934106
f 1558 1559 1557
f 1557 1559 1560
f 1561 1562 1564
f 1564 1562 1563
f 1565 1560 1566
f 1566 1560 1559
f 1568 1569 1567
f 1567 1569 1565
f 1570 1568 1572
f 1572 1568 1571
f 1574 1575 1573
f 1573 1575 1576
f 1578 1579 1577
f 1577 1579 1580
f 1582 1583 1581
f 1581 1583 1584
f 1586 1587 1585
f 1585 1587 1588
f 1589 1590 1592
f 1592 1590 1591
f 1593 1594 1596
f 1596 1594 1595
f 1597 1598 1562
f 1562 1598 1599
f 1562 1599 1563
f 1563 1599 1600
f 1601 1590 1602
f 1602 1590 1589
f 1604 1605 1603
f 1603 1605 1606
f 1608 1609 1607
f 1607 1609 1610
f 1612 1608 1611
f 1611 1608 1607
f 1614 1615 1613
f 1613 1615 1616
f 1617 1618 1560
f 1560 1618 1557
f 1620 1621 1619
f 1619 1621 1622
f 1624 1625 1623
f 1623 1625 1626
f 1628 1629 1627
f 1627 1629 1630
f 1632 1633 1631
f 1631 1633 1634
f 1609 1635 1610
f 1610 1635 1636
f 1638 1639 1637
f 1637 1639 1640
f 1641 1642 1608
f 1608 1642 1609
f 1613 1616 1643
f 1643 1616 1644
f 1645 1646 1599
f 1599 1646 1600
f 1599 1598 1645
f 1645 1598 1647
f 1596 1595 1648
f 1648 1595 1649
f 1650 1626 1620
f 1620 1626 1625
f 1569 1617 1565
f 1565 1617 1560
f 1581 1584 1625
f 1625 1584 1651
f 1652 1581 1624
f 1624 1581 1625
f 1654 1655 1653
f 1653 1655 1656
f 1657 1658 1660
f 1660 1658 1659
f 1662 1586 1661
f 1661 1586 1585
f 1607 1610 1663
f 1663 1610 1664
f 1610 1636 1664
f 1664 1636 1665
f 1667 1668 1666
f 1666 1668 1669
f 1671 1561 1670
f 1670 1561 1672
f 1671 1597 1561
f 1561 1597 1562
f 1592 1591 1667
f 1667 1591 1673
f 1591 1674 1673
f 1673 1674 1675
f 1590 1676 1591
f 1591 1676 1674
f 1590 1601 1676
f 1676 1601 1677
f 1681 1682 1680
f 1680 1682 1683
f 1684 1685 1570
f 1570 1685 1686
f 1589 1687 1602
f 1602 1687 1688
f 1689 1650 1619
f 1619 1650 1620
f 1690 1691 1693
f 1693 1691 1692
f 1695 1696 1694
f 1694 1696 1697
f 1633 1698 1634
f 1634 1698 1699
f 1700 1701 1576
f 1576 1701 1702
f 1704 1705 1703
f 1703 1705 1628
f 1707 1708 1706
f 1706 1708 1709
f 1638 1657 1639
f 1639 1657 1660
f 1657 1638 1711
f 1711 1638 1710
f 1712 1713 1614
f 1614 1713 1615
f 1714 1624 1703
f 1703 1624 1623
f 1715 1702 1571
f 1571 1702 1572
f 1624 1714 1652
f 1652 1714 1716
f 1685 1622 1686
f 1686 1622 1621
f 1718 1719 1717
f 1717 1719 1720
f 1722 1723 1721
f 1721 1723 1724
f 1726 1727 1725
f 1725 1727 1728
f 1730 1727 1729
f 1729 1727 1726
f 1732 1733 1731
f 1731 1733 1734
f 1736 1737 1735
f 1735 1737 1580
f 1738 1739 1577
f 1577 1739 1740
f 1637 1741 1638
f 1638 1741 1710
f 1742 1743 1744
f 1744 1743 1700
f 1714 1627 1716
f 1716 1627 1745
f 1746 1691 1713
f 1713 1691 1615
f 1725 1728 1695
f 1695 1728 1696
f 1703 1628 1714
f 1714 1628 1627
f 1748 1749 1747
f 1747 1749 1750
f 1723 1722 1605
f 1605 1722 1751
f 1752 1746 1606
f 1606 1746 1713
f 1753 1754 1756
f 1756 1754 1755
f 1577 1580 1738
f 1738 1580 1737
f 1702 1715 1576
f 1576 1715 1573
f 1738 1737 1637
f 1637 1737 1741
f 1757 1741 1736
f 1736 1741 1737
f 1758 1759 1639
f 1639 1759 1640
f 1761 1762 1760
f 1760 1762 1641
f 1763 1578 1740
f 1740 1578 1577
f 1735 1580 1764
f 1764 1580 1579
f 1764 1765 1735
f 1735 1765 1761
f 1765 1766 1761
f 1761 1766 1762
f 1768 1762 1767
f 1767 1762 1766
f 1735 1761 1736
f 1736 1761 1760
f 1769 1732 1644
f 1644 1732 1770
f 1642 1641 1768
f 1768 1641 1762
f 1749 1773 1774
f 1773 1775 1774
f 1774 1775 1776
f 1775 1574 1776
f 1776 1574 1573
f 1575 1777 1576
f 1576 1777 1700
f 1778 1779 1781
f 1781 1779 1780
f 1731 1782 1732
f 1732 1782 1770
f 1783 1643 1770
f 1770 1643 1644
f 1776 1573 1784
f 1784 1573 1715
f 1690 1769 1616
f 1616 1769 1644
f 1694 1785 1707
f 1707 1785 1708
f 1749 1748 1766
f 1766 1748 1767
f 1786 1750 1774
f 1774 1750 1749
f 1787 1788 1784
f 1784 1788 1786
f 1789 1790 1647
f 1647 1790 1645
f 1791 1792 1649
f 1649 1792 1648
f 1786 1788 1790
f 1790 1788 1793
f 1603 1794 1604
f 1604 1794 1795
f 1796 1747 1791
f 1791 1747 1792
f 1561 1564 1672
f 1672 1564 1797
f 1798 1799 1745
f 1745 1799 1716
f 1800 1801 1654
f 1654 1801 1655
f 1712 1802 1603
f 1603 1802 1794
f 1632 1803 1633
f 1633 1803 1804
f 1806 1681 1805
f 1805 1681 1680
f 1808 1809 1807
f 1807 1809 1810
f 1667 1666 1592
f 1592 1666 1811
f 1812 1589 1811
f 1811 1589 1592
f 1813 1814 1710
f 1710 1814 1711
f 1619 1725 1689
f 1689 1725 1695
f 1622 1726 1619
f 1619 1726 1725
f 1729 1726 1685
f 1685 1726 1622
f 1685 1684 1729
f 1729 1684 1815
f 1684 1816 1815
f 1815 1816 1817
f 1769 1690 1818
f 1818 1690 1693
f 1819 1820 1742
f 1742 1820 1743
f 1668 1821 1669
f 1669 1821 1822
f 1567 1823 1824
f 1790 1789 1786
f 1786 1789 1750
f 1709 1825 1626
f 1626 1825 1623
f 1731 1734 1721
f 1721 1734 1697
f 1706 1709 1650
f 1650 1709 1626
f 1827 1777 1826
f 1826 1777 1763
f 1825 1709 1828
f 1828 1709 1708
f 1677 1601 1665
f 1665 1601 1664
f 1603 1606 1712
f 1712 1606 1713
f 1613 1829 1614
f 1614 1829 1830
f 1701 1831 1816
f 1816 1831 1817
f 1832 1705 1699
f 1699 1705 1634
f 1704 1825 1631
f 1631 1825 1828
f 1763 1833 1826
f 1826 1833 1834
f 1751 1752 1605
f 1605 1752 1606
f 1615 1691 1616
f 1616 1691 1690
f 1639 1660 1758
f 1758 1660 1835
f 1705 1704 1634
f 1634 1704 1631
f 1803 1834 1804
f 1804 1834 1833
f 1739 1738 1640
f 1640 1738 1637
f 1604 1795 1837
f 1837 1795 1838
f 1783 1779 1839
f 1839 1779 1778
f 1779 1782 1780
f 1780 1782 1724
f 1837 1838 1780
f 1780 1838 1781
f 1721 1724 1731
f 1731 1724 1782
f 1820 1819 1694
f 1694 1819 1785
f 1570 1572 1684
f 1684 1572 1816
f 1776 1784 1774
f 1774 1784 1786
f 1643 1783 1840
f 1840 1783 1839
f 1816 1572 1701
f 1701 1572 1702
f 1800 1654 1814
f 1814 1654 1711
f 1614 1830 1712
f 1712 1830 1802
f 1663 1841 1607
f 1607 1841 1611
f 1799 1842 1716
f 1716 1842 1652
f 1790 1793 1645
f 1645 1793 1646
f 1602 1688 1663
f 1663 1688 1841
f 1809 1808 1805
f 1805 1808 1806
f 1842 1582 1652
f 1652 1582 1581
f 1662 1661 1843
f 1843 1661 1844
f 1828 1708 1845
f 1845 1708 1785
f 1694 1707 1695
f 1695 1707 1689
f 1739 1846 1717
f 1717 1846 1718
f 1847 1848 1833
f 1833 1848 1849
f 1707 1706 1689
f 1689 1706 1650
f 1818 1831 1733
f 1733 1831 1743
f 1700 1743 1701
f 1701 1743 1831
f 1829 1613 1840
f 1840 1613 1643
f 1730 1692 1746
f 1746 1692 1691
f 1667 1673 1668
f 1668 1673 1594
f 1673 1675 1594
f 1594 1675 1679
f 1668 1594 1821
f 1821 1594 1593
f 1843 1844 1810
f 1810 1844 1807
f 1784 1715 1787
f 1787 1715 1571
f 1779 1783 1782
f 1782 1783 1770
f 1703 1623 1704
f 1704 1623 1825
f 1780 1724 1837
f 1837 1724 1723
f 1755 1719 1756
f 1756 1719 1718
f 1601 1602 1664
f 1664 1602 1663
f 1837 1723 1604
f 1604 1723 1605
f 1717 1720 1847
f 1847 1720 1848
f 1594 1679 1595
f 1849 1850 1833
f 1833 1850 1804
f 1840 1839 1852
f 1852 1839 1851
f 1840 1852 1829
f 1829 1852 1853
f 1830 1829 1854
f 1854 1829 1853
f 1802 1830 1855
f 1855 1830 1854
f 1839 1778 1851
f 1851 1778 1856
f 1778 1781 1856
f 1856 1781 1857
f 1857 1781 1858
f 1858 1781 1838
f 1859 1860 1856
f 1856 1860 1851
f 1862 1863 1861
f 1861 1863 1864
f 1865 1866 1864
f 1864 1866 1861
f 1864 1863 1868
f 1868 1863 1867
f 1869 1870 1868
f 1868 1870 1871
f 1867 1872 1868
f 1868 1872 1869
f 1873 1860 1867
f 1867 1860 1872
f 1871 1865 1868
f 1868 1865 1864
f 1874 1875 1877
f 1877 1875 1876
f 1875 1874 1865
f 1865 1874 1866
f 1867 1863 1873
f 1873 1863 1862
f 1862 1853 1873
f 1873 1853 1852
f 1862 1878 1853
f 1853 1878 1854
f 1861 1879 1862
f 1862 1879 1878
f 1879 1861 1880
f 1880 1861 1866
f 1860 1873 1851
f 1851 1873 1852
f 1874 1881 1866
f 1866 1881 1880
f 1879 1880 1882
f 1882 1880 1883
f 1880 1881 1883
f 1883 1881 1884
f 1882 1883 1885
f 1885 1883 1886
f 1885 1887 1882
f 1882 1887 1888
f 1889 1886 1884
f 1884 1886 1883
f 1879 1882 1878
f 1878 1882 1888
f 1878 1888 1854
f 1854 1888 1855
f 1881 1874 1890
f 1890 1874 1877
f 1869 1872 1891
f 1891 1872 1860
f 1891 1892 1869
f 1869 1892 1870
f 1860 1859 1891
f 1891 1859 1893
f 1892 1891 1894
f 1894 1891 1893
f 1892 1895 1870
f 1870 1895 1896
f 1802 1855 1794
f 1794 1855 1897
f 1795 1898 1838
f 1838 1898 1858
f 1898 1795 1897
f 1897 1795 1794
f 1897 1887 1898
f 1898 1887 1899
f 1887 1885 1899
f 1899 1885 1900
f 1898 1899 1858
f 1858 1899 1901
f 1897 1855 1887
f 1887 1855 1888
f 1902 1857 1901
f 1901 1857 1858
f 1902 1859 1857
f 1857 1859 1856
f 1903 1893 1902
f 1902 1893 1859
f 1903 1902 1904
f 1904 1902 1901
f 1905 1903 1906
f 1906 1903 1904
f 1899 1900 1901
f 1901 1900 1904
f 1900 1907 1904
f 1904 1907 1906
f 1893 1903 1894
f 1894 1903 1905
f 1909 1894 1908
f 1908 1894 1905
f 1908 1911 1910
f 1910 1911 1912
f 1908 1905 1911
f 1911 1905 1906
f 1908 1910 1909
f 1909 1910 1890
f 1909 1890 1895
f 1895 1890 1877
f 1895 1892 1909
f 1909 1892 1894
f 1885 1886 1900
f 1900 1886 1907
f 1912 1907 1889
f 1889 1907 1886
f 1912 1911 1907
f 1907 1911 1906
f 1910 1912 1884
f 1884 1912 1889
f 1884 1881 1910
f 1910 1881 1890
f 1865 1871 1875
f 1875 1871 1876
f 1876 1896 1877
f 1877 1896 1895
f 1876 1871 1896
f 1896 1871 1870
f 1693 1692 1817
f 1817 1692 1815
f 1696 1722 1697
f 1697 1722 1721
f 1728 1727 1751
f 1751 1727 1752
f 1727 1730 1752
f 1752 1730 1746
f 1734 1733 1820
f 1820 1733 1743
f 1728 1751 1696
f 1696 1751 1722
f 1693 1817 1818
f 1818 1817 1831
f 1734 1820 1697
f 1697 1820 1694
f 1818 1733 1769
f 1769 1733 1732
f 1692 1730 1815
f 1815 1730 1729
f 1914 1915 1913
f 1913 1915 1916
f 1918 1919 1917
f 1917 1919 1920
f 1917 1920 1921
f 1921 1920 1922
f 1923 1924 1926
f 1926 1924 1925
f 1632 1927 1803
f 1803 1927 1928
f 1929 1930 1918
f 1918 1930 1919
f 1932 1933 1931
f 1931 1933 1934
f 1845 1785 1936
f 1936 1785 1935
f 1937 1935 1819
f 1819 1935 1785
f 1939 1940 1938
f 1938 1940 1941
f 1942 1924 1930
f 1930 1924 1919
f 1632 1845 1927
f 1927 1845 1936
f 1933 1932 1915
f 1915 1932 1943
f 1944 1942 1916
f 1916 1942 1930
f 1945 1939 1922
f 1922 1939 1946
f 1948 1949 1947
f 1947 1949 1950
f 1939 1938 1946
f 1946 1938 1951
f 1952 1921 1946
f 1946 1921 1922
f 1945 1922 1923
f 1923 1922 1920
f 1913 1953 1914
f 1914 1953 1954
f 1929 1955 1913
f 1913 1955 1953
f 1945 1923 1956
f 1956 1923 1926
f 1938 1941 1931
f 1931 1941 1928
f 1913 1916 1929
f 1929 1916 1930
f 1917 1957 1918
f 1918 1957 1958
f 1943 1944 1915
f 1915 1944 1916
f 1919 1924 1920
f 1920 1924 1923
f 1914 1954 1959
f 1959 1954 1960
f 1952 1948 1961
f 1961 1948 1947
f 1948 1951 1949
f 1949 1951 1934
f 1949 1959 1950
f 1950 1959 1960
f 1931 1934 1938
f 1938 1934 1951
f 1921 1952 1962
f 1962 1952 1961
f 1918 1958 1929
f 1929 1958 1955
f 1827 1826 1956
f 1956 1826 1940
f 1957 1917 1962
f 1962 1917 1921
f 1937 1925 1942
f 1942 1925 1924
f 1948 1952 1951
f 1951 1952 1946
f 1949 1934 1959
f 1959 1934 1933
f 1959 1933 1914
f 1914 1933 1915
f 1962 1961 1964
f 1964 1961 1963
f 1962 1964 1957
f 1957 1964 1965
f 1957 1965 1958
f 1958 1965 1966
f 1958 1966 1955
f 1955 1966 1967
f 1961 1947 1963
f 1963 1947 1968
f 1947 1950 1968
f 1968 1950 1969
f 1950 1960 1969
f 1969 1960 1970
f 1971 1972 1968
f 1968 1972 1963
f 1974 1975 1973
f 1973 1975 1976
f 1977 1978 1974
f 1974 1978 1975
f 1975 1978 1980
f 1980 1978 1979
f 1981 1982 1980
f 1980 1982 1983
f 1979 1984 1980
f 1980 1984 1981
f 1983 1976 1980
f 1980 1976 1975
f 1976 1985 1973
f 1973 1985 1986
f 1979 1978 1987
f 1987 1978 1977
f 1977 1965 1987
f 1987 1965 1964
f 1977 1988 1965
f 1965 1988 1966
f 1974 1989 1977
f 1977 1989 1988
f 1990 1989 1973
f 1973 1989 1974
f 1987 1972 1979
f 1979 1972 1984
f 1972 1987 1963
f 1963 1987 1964
f 1991 1990 1986
f 1986 1990 1973
f 1989 1990 1992
f 1992 1990 1993
f 1990 1991 1993
f 1993 1991 1994
f 1992 1993 1995
f 1995 1993 1996
f 1995 1997 1992
f 1992 1997 1998
f 1994 1999 1993
f 1993 1999 1996
f 1992 1998 1989
f 1989 1998 1988
f 1988 1998 1966
f 1966 1998 1967
f 1991 1986 2001
f 2001 1986 2000
f 1986 1985 2000
f 2000 1985 2002
f 1981 1984 2003
f 2003 1984 1972
f 1982 1981 2004
f 2004 1981 2003
f 1972 1971 2003
f 2003 1971 2005
f 2003 2005 2004
f 2004 2005 2006
f 2007 2008 2004
f 2004 2008 1982
f 2002 2008 2000
f 2000 2008 2007
f 1955 1967 1953
f 1953 1967 2009
f 1954 2010 1960
f 1960 2010 1970
f 2010 1954 2009
f 2009 1954 1953
f 2009 1997 2010
f 2010 1997 2011
f 1997 1995 2011
f 2011 1995 2012
f 2010 2011 1970
f 1970 2011 2013
f 1997 2009 1998
f 1998 2009 1967
f 2014 1969 2013
f 2013 1969 1970
f 2014 1971 1969
f 1969 1971 1968
f 2014 2015 1971
f 1971 2015 2005
f 2015 2014 2016
f 2016 2014 2013
f 2017 2015 2018
f 2018 2015 2016
f 2011 2012 2013
f 2013 2012 2016
f 2012 2019 2016
f 2016 2019 2018
f 2015 2017 2005
f 2005 2017 2006
f 2021 2006 2020
f 2020 2006 2017
f 2020 2023 2022
f 2022 2023 2024
f 2020 2017 2023
f 2023 2017 2018
f 2020 2022 2021
f 2021 2022 2001
f 2021 2001 2007
f 2007 2001 2000
f 2007 2004 2021
f 2021 2004 2006
f 1995 1996 2012
f 2012 1996 2019
f 2024 2019 1999
f 1999 2019 1996
f 2024 2023 2019
f 2019 2023 2018
f 2022 2024 1994
f 1994 2024 1999
f 1994 1991 2022
f 2022 1991 2001
f 1976 1983 1985
f 1985 1983 2002
f 2002 1983 2008
f 2008 1983 1982
f 1926 1925 1744
f 1744 1925 1742
f 1927 1932 1928
f 1928 1932 1931
f 1936 1935 1943
f 1943 1935 1944
f 1935 1937 1944
f 1944 1937 1942
f 1941 1940 1834
f 1834 1940 1826
f 1936 1943 1927
f 1927 1943 1932
f 1956 1926 1827
f 1827 1926 1744
f 1941 1834 1928
f 1928 1834 1803
f 1956 1940 1945
f 1945 1940 1939
f 1925 1937 1742
f 1742 1937 1819
f 1777 1827 1700
f 1700 1827 1744
f 1777 1575 1763
f 1763 1575 1578
f 1575 1574 1578
f 1578 1574 1579
f 1574 1775 1579
f 1579 1775 1764
f 2025 2026 2028
f 2028 2026 2027
f 2030 2031 2029
f 2029 2031 2032
f 2029 2032 2033
f 2033 2032 2034
f 2036 2037 2035
f 2035 2037 2038
f 2039 2040 2030
f 2030 2040 2031
f 2042 2043 2041
f 2041 2043 2044
f 2045 2046 1633
f 1633 2046 1698
f 2047 2045 1804
f 1804 2045 1633
f 2049 2050 2048
f 2048 2050 2051
f 2052 2036 2040
f 2040 2036 2031
f 2042 2053 2043
f 2043 2053 2027
f 2054 2052 2028
f 2028 2052 2040
f 2055 2049 2034
f 2034 2049 2056
f 2057 2058 2060
f 2060 2058 2059
f 2049 2048 2056
f 2056 2048 2061
f 2062 2033 2056
f 2056 2033 2034
f 2055 2034 2035
f 2035 2034 2032
f 2025 2063 2026
f 2026 2063 2064
f 2039 2065 2025
f 2025 2065 2063
f 2035 2038 2055
f 2055 2038 2066
f 2048 2051 2041
f 2041 2051 2067
f 2039 2025 2040
f 2040 2025 2028
f 2029 2068 2030
f 2030 2068 2069
f 2053 2054 2027
f 2027 2054 2028
f 2031 2036 2032
f 2032 2036 2035
f 2026 2064 2070
f 2070 2064 2071
f 2062 2058 2072
f 2072 2058 2057
f 2059 2058 2044
f 2044 2058 2061
f 2070 2071 2059
f 2059 2071 2060
f 2041 2044 2048
f 2048 2044 2061
f 2033 2062 2073
f 2073 2062 2072
f 2030 2069 2039
f 2039 2069 2065
f 2066 1848 2050
f 2050 1848 1720
f 2068 2029 2073
f 2073 2029 2033
f 2047 2037 2052
f 2052 2037 2036
f 2058 2062 2061
f 2061 2062 2056
f 2059 2044 2070
f 2070 2044 2043
f 2070 2043 2026
f 2026 2043 2027
f 2073 2072 2075
f 2075 2072 2074
f 2073 2075 2068
f 2068 2075 2076
f 2068 2076 2069
f 2069 2076 2077
f 2069 2077 2065
f 2065 2077 2078
f 2072 2057 2074
f 2074 2057 2079
f 2057 2060 2079
f 2079 2060 2080
f 2080 2060 2081
f 2081 2060 2071
f 2082 2083 2079
f 2079 2083 2074
f 2085 2086 2084
f 2084 2086 2087
f 2088 2089 2085
f 2085 2089 2086
f 2086 2089 2091
f 2091 2089 2090
f 2092 2093 2091
f 2091 2093 2094
f 2090 2095 2091
f 2091 2095 2092
f 2094 2087 2091
f 2091 2087 2086
f 2096 2097 2087
f 2087 2097 2084
f 2089 2088 2090
f 2090 2088 2098
f 2088 2076 2098
f 2098 2076 2075
f 2088 2099 2076
f 2076 2099 2077
f 2085 2100 2088
f 2088 2100 2099
f 2100 2085 2101
f 2101 2085 2084
f 2090 2098 2095
f 2095 2098 2083
f 2083 2098 2074
f 2074 2098 2075
f 2097 2102 2084
f 2084 2102 2101
f 2103 2100 2104
f 2104 2100 2101
f 2102 2105 2101
f 2101 2105 2104
f 2106 2103 2107
f 2107 2103 2104
f 2103 2106 2109
f 2109 2106 2108
f 2105 2110 2104
f 2104 2110 2107
f 2100 2103 2099
f 2099 2103 2109
f 2099 2109 2077
f 2077 2109 2078
f 2102 2097 2112
f 2112 2097 2111
f 2097 2096 2111
f 2111 2096 2113
f 2092 2095 2114
f 2114 2095 2083
f 2093 2092 2115
f 2115 2092 2114
f 2083 2082 2114
f 2114 2082 2116
f 2115 2114 2117
f 2117 2114 2116
f 2115 2118 2093
f 2093 2118 2119
f 2113 2119 2111
f 2111 2119 2118
f 2065 2078 2063
f 2063 2078 2120
f 2064 2121 2071
f 2071 2121 2081
f 2121 2064 2120
f 2120 2064 2063
f 2120 2108 2121
f 2121 2108 2122
f 2108 2106 2122
f 2122 2106 2123
f 2121 2122 2081
f 2081 2122 2124
f 2120 2078 2108
f 2108 2078 2109
f 2125 2080 2124
f 2124 2080 2081
f 2125 2082 2080
f 2080 2082 2079
f 2126 2116 2125
f 2125 2116 2082
f 2126 2125 2127
f 2127 2125 2124
f 2128 2126 2129
f 2129 2126 2127
f 2122 2123 2124
f 2124 2123 2127
f 2123 2130 2127
f 2127 2130 2129
f 2126 2128 2116
f 2116 2128 2117
f 2132 2117 2131
f 2131 2117 2128
f 2131 2134 2133
f 2133 2134 2135
f 2131 2128 2134
f 2134 2128 2129
f 2131 2133 2132
f 2132 2133 2112
f 2132 2112 2118
f 2118 2112 2111
f 2118 2115 2132
f 2132 2115 2117
f 2106 2107 2123
f 2123 2107 2130
f 2135 2130 2110
f 2110 2130 2107
f 2135 2134 2130
f 2130 2134 2129
f 2135 2110 2133
f 2133 2110 2105
f 2105 2102 2133
f 2133 2102 2112
f 2087 2094 2096
f 2096 2094 2113
f 2113 2094 2119
f 2119 2094 2093
f 2037 1850 2038
f 2038 1850 1849
f 2136 2042 2067
f 2067 2042 2041
f 2046 2045 2053
f 2053 2045 2054
f 2045 2047 2054
f 2054 2047 2052
f 1719 2051 1720
f 1720 2051 2050
f 2136 2046 2042
f 2042 2046 2053
f 2038 1849 2066
f 2066 1849 1848
f 2051 1719 2067
f 2067 1719 1755
f 2050 2049 2066
f 2066 2049 2055
f 2037 2047 1850
f 1850 2047 1804
f 2138 2139 2137
f 2137 2139 2140
f 2142 2143 2141
f 2141 2143 2144
f 2141 2144 2145
f 2145 2144 2146
f 2148 2149 2147
f 2147 2149 2150
f 2151 2152 2154
f 2154 2152 2153
f 2155 2156 2142
f 2142 2156 2143
f 2157 2158 2160
f 2160 2158 2159
f 2161 2162 2164
f 2164 2162 2163
f 2165 2163 1756
f 1756 2163 2162
f 2166 2167 2169
f 2169 2167 2168
f 2156 2170 2143
f 2143 2170 2148
f 2152 2161 2153
f 2153 2161 2164
f 2158 2171 2159
f 2159 2171 2139
f 2172 2170 2140
f 2140 2170 2156
f 2167 2174 2173
f 2173 2174 2146
f 2176 2177 2175
f 2175 2177 2178
f 2166 2179 2167
f 2167 2179 2174
f 2180 2145 2174
f 2174 2145 2146
f 2173 2146 2147
f 2147 2146 2144
f 2137 2181 2138
f 2138 2181 2182
f 2155 2183 2137
f 2137 2183 2181
f 2147 2150 2173
f 2173 2150 2184
f 2157 2166 2154
f 2154 2166 2169
f 2137 2140 2155
f 2155 2140 2156
f 2141 2185 2142
f 2142 2185 2186
f 2171 2172 2139
f 2139 2172 2140
f 2143 2148 2144
f 2144 2148 2147
f 2138 2182 2187
f 2187 2182 2188
f 2180 2176 2189
f 2189 2176 2175
f 2177 2176 2160
f 2160 2176 2179
f 2187 2188 2177
f 2177 2188 2178
f 2166 2157 2179
f 2179 2157 2160
f 2145 2180 2190
f 2190 2180 2189
f 2142 2186 2155
f 2155 2186 2183
f 1759 1758 2184
f 2184 1758 2168
f 2185 2141 2190
f 2190 2141 2145
f 2165 2149 2170
f 2170 2149 2148
f 2176 2180 2179
f 2179 2180 2174
f 2187 2177 2159
f 2159 2177 2160
f 2138 2187 2139
f 2139 2187 2159
f 2190 2189 2192
f 2192 2189 2191
f 2190 2192 2185
f 2185 2192 2193
f 2185 2193 2186
f 2186 2193 2194
f 2186 2194 2183
f 2183 2194 2195
f 2189 2175 2191
f 2191 2175 2196
f 2175 2178 2196
f 2196 2178 2197
f 2197 2178 2198
f 2198 2178 2188
f 2200 2191 2199
f 2199 2191 2196
f 2201 2202 2204
f 2204 2202 2203
f 2205 2206 2202
f 2202 2206 2203
f 2203 2206 2208
f 2208 2206 2207
f 2208 2209 2211
f 2211 2209 2210
f 2207 2212 2208
f 2208 2212 2209
f 2211 2204 2208
f 2208 2204 2203
f 2204 2213 2201
f 2201 2213 2214
f 2206 2205 2207
f 2207 2205 2215
f 2205 2193 2215
f 2215 2193 2192
f 2205 2216 2193
f 2193 2216 2194
f 2217 2216 2202
f 2202 2216 2205
f 2218 2217 2201
f 2201 2217 2202
f 2207 2215 2212
f 2212 2215 2200
f 2200 2215 2191
f 2191 2215 2192
f 2219 2218 2214
f 2214 2218 2201
f 2220 2217 2221
f 2221 2217 2218
f 2219 2222 2218
f 2218 2222 2221
f 2223 2220 2224
f 2224 2220 2221
f 2220 2223 2226
f 2226 2223 2225
f 2222 2227 2221
f 2221 2227 2224
f 2217 2220 2216
f 2216 2220 2226
f 2216 2226 2194
f 2194 2226 2195
f 2214 2228 2219
f 2219 2228 2229
f 2214 2213 2228
f 2228 2213 2230
f 2209 2212 2231
f 2231 2212 2200
f 2209 2231 2210
f 2210 2231 2232
f 2231 2200 2233
f 2233 2200 2199
f 2232 2231 2234
f 2234 2231 2233
f 2235 2236 2232
f 2232 2236 2210
f 2230 2236 2228
f 2228 2236 2235
f 2183 2195 2181
f 2181 2195 2237
f 2182 2238 2188
f 2188 2238 2198
f 2237 2238 2181
f 2181 2238 2182
f 2225 2239 2237
f 2237 2239 2238
f 2223 2240 2225
f 2225 2240 2239
f 2238 2239 2198
f 2198 2239 2241
f 2237 2195 2225
f 2225 2195 2226
f 2242 2197 2241
f 2241 2197 2198
f 2197 2242 2196
f 2196 2242 2199
f 2242 2243 2199
f 2199 2243 2233
f 2243 2242 2244
f 2244 2242 2241
f 2245 2243 2246
f 2246 2243 2244
f 2239 2240 2241
f 2241 2240 2244
f 2240 2247 2244
f 2244 2247 2246
f 2243 2245 2233
f 2233 2245 2234
f 2249 2234 2248
f 2248 2234 2245
f 2248 2251 2250
f 2250 2251 2252
f 2248 2245 2251
f 2251 2245 2246
f 2248 2250 2249
f 2249 2250 2229
f 2249 2229 2235
f 2235 2229 2228
f 2235 2232 2249
f 2249 2232 2234
f 2240 2223 2247
f 2247 2223 2224
f 2252 2247 2227
f 2227 2247 2224
f 2252 2251 2247
f 2247 2251 2246
f 2250 2252 2222
f 2222 2252 2227
f 2222 2219 2250
f 2250 2219 2229
f 2204 2211 2213
f 2213 2211 2230
f 2230 2211 2236
f 2236 2211 2210
f 2149 1718 2150
f 2150 1718 1846
f 2154 2153 2157
f 2157 2153 2158
f 2171 2164 2172
f 2172 2164 2163
f 2163 2165 2172
f 2172 2165 2170
f 2253 2151 2169
f 2169 2151 2154
f 2153 2164 2158
f 2158 2164 2171
f 2150 1846 2184
f 2184 1846 1759
f 2184 2168 2173
f 2173 2168 2167
f 2149 2165 1718
f 1718 2165 1756
f 1661 1585 2254
f 2254 1585 2255
f 1824 1682 2257
f 2257 1682 2256
f 1682 1681 2256
f 2256 1681 2258
f 1808 2259 1806
f 1806 2259 2260
f 1588 1824 2261
f 2261 1824 2257
f 1844 1661 2262
f 2262 1661 2254
f 1585 1588 2255
f 2255 1588 2261
f 2263 1807 2262
f 2262 1807 1844
f 1806 2260 1681
f 1681 2260 2258
f 2259 1808 2263
f 2263 1808 1807
f 2262 2264 2263
f 2263 2264 2265
f 2263 2265 2259
f 2259 2265 2266
f 2259 2266 2260
f 2260 2266 2267
f 2260 2267 2258
f 2258 2267 2268
f 2262 2254 2264
f 2264 2254 2269
f 2254 2255 2269
f 2269 2255 2270
f 2255 2261 2270
f 2270 2261 2271
f 2273 2264 2272
f 2272 2264 2269
f 2275 2276 2274
f 2274 2276 2277
f 2278 2279 2275
f 2275 2279 2276
f 2280 2281 2279
f 2279 2281 2276
f 2280 2282 2281
f 2281 2282 2283
f 2284 2277 2281
f 2281 2277 2276
f 2277 2284 2285
f 2285 2284 2286
f 2285 2287 2277
f 2277 2287 2274
f 2280 2279 2288
f 2288 2279 2278
f 2278 2266 2288
f 2288 2266 2265
f 2278 2289 2266
f 2266 2289 2267
f 2275 2290 2278
f 2278 2290 2289
f 2290 2275 2291
f 2291 2275 2274
f 2280 2288 2282
f 2282 2288 2273
f 2273 2288 2264
f 2264 2288 2265
f 2287 2292 2274
f 2274 2292 2291
f 2293 2290 2294
f 2294 2290 2291
f 2292 2295 2291
f 2291 2295 2294
f 2296 2293 2297
f 2297 2293 2294
f 2293 2296 2299
f 2299 2296 2298
f 2295 2300 2294
f 2294 2300 2297
f 2290 2293 2289
f 2289 2293 2299
f 2289 2299 2267
f 2267 2299 2268
f 2292 2287 2302
f 2302 2287 2301
f 2287 2285 2301
f 2301 2285 2286
f 2283 2282 2303
f 2303 2282 2273
f 2304 2283 2305
f 2305 2283 2303
f 2303 2273 2306
f 2306 2273 2272
f 2305 2303 2307
f 2307 2303 2306
f 2305 2308 2304
f 2304 2308 2309
f 2286 2309 2301
f 2301 2309 2308
f 2284 2281 2304
f 2304 2281 2283
f 2286 2284 2309
f 2309 2284 2304
f 2256 2258 2310
f 2310 2258 2268
f 2261 2257 2271
f 2271 2257 2311
f 2310 2311 2256
f 2256 2311 2257
f 2298 2312 2310
f 2310 2312 2311
f 2296 2313 2298
f 2298 2313 2312
f 2311 2312 2271
f 2271 2312 2314
f 2310 2268 2298
f 2298 2268 2299
f 2315 2270 2314
f 2314 2270 2271
f 2270 2315 2269
f 2269 2315 2272
f 2315 2316 2272
f 2272 2316 2306
f 2316 2315 2317
f 2317 2315 2314
f 2318 2316 2319
f 2319 2316 2317
f 2312 2313 2314
f 2314 2313 2317
f 2313 2320 2317
f 2317 2320 2319
f 2316 2318 2306
f 2306 2318 2307
f 2322 2307 2321
f 2321 2307 2318
f 2323 2321 2325
f 2325 2321 2324
f 2321 2318 2324
f 2324 2318 2319
f 2321 2323 2322
f 2322 2323 2302
f 2322 2302 2308
f 2308 2302 2301
f 2308 2305 2322
f 2322 2305 2307
f 2313 2296 2320
f 2320 2296 2297
f 2325 2320 2300
f 2300 2320 2297
f 2325 2324 2320
f 2320 2324 2319
f 2323 2325 2295
f 2295 2325 2300
f 2295 2292 2323
f 2323 2292 2302
f 1775 1773 1764
f 1764 1773 1765
f 1765 1773 1766
f 1766 1773 1749
f 1754 2136 1755
f 1755 2136 2067
f 1632 1631 1845
f 1845 1631 1828
f 1833 1763 1847
f 1847 1763 1740
f 1846 1739 1759
f 1759 1739 1640
f 2046 2136 1698
f 1698 2136 1754
f 1698 1754 1699
f 1699 1754 1753
f 1705 1832 1628
f 1628 1832 1629
f 1660 1659 1835
f 1835 1659 2326
f 2326 2152 1835
f 1835 2152 2151
f 2161 2152 2327
f 2327 2152 2326
f 2327 2326 2328
f 2328 2326 1659
f 2328 1659 2329
f 2329 1659 1658
f 1711 2330 1657
f 1657 2330 1658
f 2329 1658 1653
f 1653 1658 2330
f 2331 2329 1656
f 1656 2329 1653
f 2329 2331 2328
f 2328 2331 2332
f 2328 2332 2327
f 2327 2332 2333
f 1756 2162 1753
f 1753 2162 2333
f 1745 1627 2334
f 2334 1627 1630
f 1653 2330 1654
f 1654 2330 1711
f 1739 1717 1740
f 1740 1717 1847
f 2333 1832 1753
f 1753 1832 1699
f 2333 2162 2327
f 2327 2162 2161
f 2169 2168 2253
f 2253 2168 1758
f 2151 2253 1835
f 1835 2253 1758
f 1629 1832 2332
f 2332 1832 2333
f 2332 2331 1629
f 1629 2331 1630
f 1656 2334 2331
f 2331 2334 1630
f 2334 1656 1745
f 1745 1656 1655
f 1801 1798 1655
f 1655 1798 1745
f 1687 1589 1812
f 1584 1557 1651
f 1651 1557 1618
f 1583 1558 1584
f 1584 1558 1557
f 1821 1671 1822
f 1822 1671 1670
f 1651 1618 1625
f 1625 1618 1620
f 1618 1617 1620
f 1620 1617 1621
f 1617 1569 1621
f 1621 1569 1686
f 1569 1568 1686
f 1686 1568 1570
f 1587 1567 1588
f 1588 1567 1824
f 1571 1568 1587
f 1587 1568 1567
f 1587 1586 1571
f 1571 1586 1787
f 1586 1662 1787
f 1787 1662 1788
f 1843 1793 1662
f 1662 1793 1788
f 1810 1646 1843
f 1843 1646 1793
f 1809 1600 1810
f 1810 1600 1646
f 1809 1805 1600
f 1600 1805 1563
f 1823 1683 1824
f 1824 1683 1682
f 1566 1559 1797
f 1797 1559 1672
f 1559 1558 1672
f 1672 1558 1670
f 1558 1583 1670
f 1670 1583 1822
f 1583 1582 1822
f 1822 1582 1669
f 1582 1842 1669
f 1669 1842 1666
f 1842 1799 1666
f 1666 1799 1811
f 1799 1798 1811
f 1811 1798 1812
f 1798 1801 1812
f 1812 1801 1687
f 1801 1800 1687
f 1687 1800 1688
f 1821 1593 1671
f 1671 1593 1597
f 1597 1593 1598
f 1598 1593 1596
f 1648 1647 1596
f 1596 1647 1598
f 1792 1789 1648
f 1648 1789 1647
f 1747 1750 1792
f 1792 1750 1789
f 1814 1841 1800
f 1800 1841 1688
f 1813 1611 1814
f 1814 1611 1841
f 1813 1710 1757
f 1757 1710 1741
f 1612 1757 1760
f 1760 1757 1736
f 1611 1813 1612
f 1612 1813 1757
f 1760 1641 1612
f 1612 1641 1608
f 1642 1678 1609
f 1609 1678 1635
f 1768 1771 1642
f 1642 1771 1678
f 1767 1772 1768
f 1768 1772 1771
f 1748 1836 1767
f 1767 1836 1772
f 1747 1796 1748
f 1748 1796 1836
f 1805 1680 1563
f 1563 1680 1564
f 1680 1683 1564
f 1564 1683 1797
f 1683 1823 1797
f 1797 1823 1566
f 1566 1823 1565
f 1565 1823 1567
